ISO-10303-21;
HEADER;
FILE_DESCRIPTION (( 'STEP AP214' ),
    '1' );
FILE_NAME ('336-PA-Screw Housing.stp',
    '2026-09-09T19:00:05',
    ( '' ),
    ( '' ),
    'SwSTEP 2.0',
    'SolidWorks 2026',
    '' );
FILE_SCHEMA (( 'AUTOMOTIVE_DESIGN' ));
ENDSEC;

DATA;
#1 = EDGE_CURVE ( 'NONE', #2417, #4012, #101, .T. ) ;
#2 = EDGE_CURVE ( 'NONE', #1824, #3034, #3256, .T. ) ;
#3 = DIRECTION ( 'NONE',  ( 1.000000000000000000, 0.000000000000000000, 0.000000000000000000 ) ) ;
#4 = LINE ( 'NONE', #250, #2905 ) ;
#5 = ORIENTED_EDGE ( 'NONE', *, *, #3778, .F. ) ;
#6 = CARTESIAN_POINT ( 'NONE',  ( 0.3273460073377721380, -0.2177252691236862825, -0.2347452952126482251 ) ) ;
#7 = CARTESIAN_POINT ( 'NONE',  ( 0.3108733490433355229, -0.6212692896158454881, -0.6605470418681376188 ) ) ;
#8 = VERTEX_POINT ( 'NONE', #1469 ) ;
#9 = CARTESIAN_POINT ( 'NONE',  ( -1.599999999999954792, 0.8124959624358208954, 0.2570000000000551288 ) ) ;
#10 = FACE_OUTER_BOUND ( 'NONE', #227, .T. ) ;
#11 = AXIS2_PLACEMENT_3D ( 'NONE', #3758, #2472, #29 ) ;
#12 = ORIENTED_EDGE ( 'NONE', *, *, #519, .T. ) ;
#13 = CARTESIAN_POINT ( 'NONE',  ( -2.202499999999956604, -0.2500040375641783275, 0.2100000000000000200 ) ) ;
#14 = ORIENTED_EDGE ( 'NONE', *, *, #2138, .T. ) ;
#15 = CARTESIAN_POINT ( 'NONE',  ( 0.5250814723880004031, -0.1351030461141571881, -0.8287541052438051059 ) ) ;
#16 = CARTESIAN_POINT ( 'NONE',  ( 0.3409490613059051323, -0.8187457817649409497, 0.4419345037484448957 ) ) ;
#17 = CARTESIAN_POINT ( 'NONE',  ( -1.724999999999951239, -0.4575040375641727941, -0.2350000000000000144 ) ) ;
#18 = EDGE_LOOP ( 'NONE', ( #843, #41, #1584, #1345, #835 ) ) ;
#19 = EDGE_CURVE ( 'NONE', #60, #1043, #2712, .T. ) ;
#20 = CONICAL_SURFACE ( 'NONE', #212, 0.2670000000000000151, 0.7853981625000032718 ) ;
#21 = AXIS2_PLACEMENT_3D ( 'NONE', #1218, #1172, #3332 ) ;
#22 = CARTESIAN_POINT ( 'NONE',  ( 0.3972652231907509157, -0.2508148755351830017, -0.3494982170536497512 ) ) ;
#23 = DIRECTION ( 'NONE',  ( 1.000000000000000000, 0.000000000000000000, 0.000000000000000000 ) ) ;
#24 = EDGE_LOOP ( 'NONE', ( #2598, #3707 ) ) ;
#25 = CIRCLE ( 'NONE', #945, 0.08267716535433063119 ) ;
#26 = EDGE_CURVE ( 'NONE', #1737, #645, #2129, .T. ) ;
#27 = CARTESIAN_POINT ( 'NONE',  ( 0.5189968828959009572, -0.8962270828202594242, -0.3870984396342742051 ) ) ;
#28 = ORIENTED_EDGE ( 'NONE', *, *, #2354, .T. ) ;
#29 = DIRECTION ( 'NONE',  ( 0.7283192600865611155, -0.4388088937843745985, -0.5263058142588751265 ) ) ;
#30 = CARTESIAN_POINT ( 'NONE',  ( 0.09999999999999410749, -0.1875000000000122125, 0.06250000000000000000 ) ) ;
#31 = SHAPE_DEFINITION_REPRESENTATION ( #2639, #1714 ) ;
#32 = ORIENTED_EDGE ( 'NONE', *, *, #3803, .T. ) ;
#33 = CONICAL_SURFACE ( 'NONE', #2761, 0.03375000000000000222, 1.029744257500000204 ) ;
#34 = LINE ( 'NONE', #4014, #3476 ) ;
#35 = ORIENTED_EDGE ( 'NONE', *, *, #3059, .T. ) ;
#36 = DIRECTION ( 'NONE',  ( -1.000000000000000000, 0.000000000000000000, 0.000000000000000000 ) ) ;
#37 = CIRCLE ( 'NONE', #162, 0.09842519685039359534 ) ;
#38 = CARTESIAN_POINT ( 'NONE',  ( -1.019999999999956719, -0.2500040375641700563, 0.2100000000000000200 ) ) ;
#39 = FACE_OUTER_BOUND ( 'NONE', #141, .T. ) ;
#40 = VECTOR ( 'NONE', #3247, 39.37007874015748143 ) ;
#41 = ORIENTED_EDGE ( 'NONE', *, *, #2402, .T. ) ;
#42 = AXIS2_PLACEMENT_3D ( 'NONE', #3323, #1472, #2781 ) ;
#43 = CARTESIAN_POINT ( 'NONE',  ( -0.7499999999999586997, 0.1249959624358379928, -0.4000000000000000222 ) ) ;
#44 = CARTESIAN_POINT ( 'NONE',  ( 1.060903652961476373, 0.4365643982480748031, -0.3221859804670019756 ) ) ;
#45 = EDGE_LOOP ( 'NONE', ( #3716, #2790 ) ) ;
#46 = EDGE_CURVE ( 'NONE', #1737, #1336, #3369, .T. ) ;
#47 = DIRECTION ( 'NONE',  ( 0.7283192600865608934, -0.4388088937843739323, -0.5263058142588757926 ) ) ;
#48 = EDGE_LOOP ( 'NONE', ( #3852, #308, #1135, #3996 ) ) ;
#49 = EDGE_CURVE ( 'NONE', #810, #1912, #580, .T. ) ;
#50 = DIRECTION ( 'NONE',  ( 1.000000000000000000, 0.000000000000000000, 0.000000000000000000 ) ) ;
#51 = CIRCLE ( 'NONE', #3037, 0.1570000000000000007 ) ;
#52 = DIRECTION ( 'NONE',  ( 0.000000000000000000, 0.000000000000000000, 1.000000000000000000 ) ) ;
#53 = CIRCLE ( 'NONE', #3494, 0.09842519685039359534 ) ;
#54 = APPLICATION_PROTOCOL_DEFINITION ( 'draft international standard', 'automotive_design', 1998, #3832 ) ;
#55 = ORIENTED_EDGE ( 'NONE', *, *, #282, .F. ) ;
#56 = CARTESIAN_POINT ( 'NONE',  ( -0.1484497657725278030, -0.6394149359912421060, -1.097186167226939180 ) ) ;
#57 = CARTESIAN_POINT ( 'NONE',  ( -1.414999999999962066, 0.1134993011559453091, 0.008348486100845342942 ) ) ;
#58 = DIRECTION ( 'NONE',  ( 0.000000000000000000, 0.000000000000000000, 1.000000000000000000 ) ) ;
#59 = CARTESIAN_POINT ( 'NONE',  ( -1.622109081261465358, 0.1717406875667644717, 0.1272313252142032169 ) ) ;
#60 = VERTEX_POINT ( 'NONE', #558 ) ;
#61 = DIRECTION ( 'NONE',  ( 0.000000000000000000, 0.000000000000000000, 1.000000000000000000 ) ) ;
#62 = CARTESIAN_POINT ( 'NONE',  ( -0.9374999999999567013, -0.1100040375641662960, 0.3749999999999978351 ) ) ;
#63 = VERTEX_POINT ( 'NONE', #1825 ) ;
#64 = CARTESIAN_POINT ( 'NONE',  ( -1.249999999999962252, 0.7499959624358200072, 0.2570000000000550178 ) ) ;
#65 = EDGE_CURVE ( 'NONE', #2801, #2619, #3977, .T. ) ;
#66 = EDGE_LOOP ( 'NONE', ( #3569, #2915 ) ) ;
#67 = FACE_OUTER_BOUND ( 'NONE', #3552, .T. ) ;
#68 = EDGE_CURVE ( 'NONE', #2570, #2226, #3672, .T. ) ;
#69 = FACE_OUTER_BOUND ( 'NONE', #1580, .T. ) ;
#70 = VERTEX_POINT ( 'NONE', #2105 ) ;
#71 = ADVANCED_FACE ( 'NONE', ( #1513, #2754, #2731, #4006, #880 ), #903, .F. ) ;
#72 = LINE ( 'NONE', #1080, #3348 ) ;
#73 = DIRECTION ( 'NONE',  ( 0.000000000000000000, -1.000000000000000000, 0.000000000000000000 ) ) ;
#74 = CARTESIAN_POINT ( 'NONE',  ( 0.3070428290689106166, -0.6397146174919073891, -0.6540382227194481146 ) ) ;
#75 = CARTESIAN_POINT ( 'NONE',  ( -1.608443860315760476, 0.1954017575757929781, 0.1623090609643495497 ) ) ;
#76 = EDGE_LOOP ( 'NONE', ( #2611, #3793 ) ) ;
#77 = CARTESIAN_POINT ( 'NONE',  ( -1.249999999999962697, 0.7499959624358228938, 0.06950000000005492062 ) ) ;
#78 = CYLINDRICAL_SURFACE ( 'NONE', #1475, 0.06249999999999926448 ) ;
#79 = VERTEX_POINT ( 'NONE', #2451 ) ;
#80 = CIRCLE ( 'NONE', #3200, 0.1400000000000000133 ) ;
#81 = LINE ( 'NONE', #749, #672 ) ;
#82 = ORIENTED_EDGE ( 'NONE', *, *, #829, .T. ) ;
#83 = CARTESIAN_POINT ( 'NONE',  ( -1.724999999999954792, -0.3750040375641728319, -0.2350000000000000144 ) ) ;
#84 = AXIS2_PLACEMENT_3D ( 'NONE', #808, #3976, #1749 ) ;
#85 =( LENGTH_UNIT ( ) NAMED_UNIT ( * ) SI_UNIT ( $, .METRE. ) );
#86 = ORIENTED_EDGE ( 'NONE', *, *, #1916, .F. ) ;
#87 = ADVANCED_FACE ( 'NONE', ( #3388, #3041 ), #258, .F. ) ;
#88 = DIRECTION ( 'NONE',  ( 0.000000000000000000, 1.000000000000000000, 0.000000000000000000 ) ) ;
#89 = DIRECTION ( 'NONE',  ( 1.000000000000000000, 0.000000000000000000, 0.000000000000000000 ) ) ;
#90 = LINE ( 'NONE', #1933, #1333 ) ;
#91 = AXIS2_PLACEMENT_3D ( 'NONE', #512, #2951, #2914 ) ;
#92 = CARTESIAN_POINT ( 'NONE',  ( -1.622070426381392538, 0.1718010639653263227, 0.07260202702957835319 ) ) ;
#93 = EDGE_LOOP ( 'NONE', ( #3558, #1374, #2689, #952 ) ) ;
#94 = EDGE_CURVE ( 'NONE', #2015, #2113, #2390, .T. ) ;
#95 = CIRCLE ( 'NONE', #2044, 0.1400000000000000133 ) ;
#96 = CIRCLE ( 'NONE', #751, 0.06249999999999995143 ) ;
#97 = DIRECTION ( 'NONE',  ( 1.000000000000000000, 0.000000000000000000, 0.000000000000000000 ) ) ;
#98 = ADVANCED_FACE ( 'NONE', ( #2019 ), #470, .F. ) ;
#99 = DIRECTION ( 'NONE',  ( -0.6114276612130502553, -0.06940012241049296760, -0.7882511262998285195 ) ) ;
#100 = ORIENTED_EDGE ( 'NONE', *, *, #1304, .T. ) ;
#101 = CIRCLE ( 'NONE', #2374, 0.06496062992125957447 ) ;
#102 = DIRECTION ( 'NONE',  ( -7.805279981897798669E-15, -7.805279981897793936E-15, -1.000000000000000000 ) ) ;
#103 = AXIS2_PLACEMENT_3D ( 'NONE', #1418, #1437, #3593 ) ;
#104 = ORIENTED_EDGE ( 'NONE', *, *, #1613, .T. ) ;
#105 = AXIS2_PLACEMENT_3D ( 'NONE', #1913, #269, #1502 ) ;
#106 = CARTESIAN_POINT ( 'NONE',  ( -0.3124999999999928946, -0.1250000000000149603, -0.1250000000000000000 ) ) ;
#107 = CYLINDRICAL_SURFACE ( 'NONE', #2624, 0.1399999999999990419 ) ;
#108 = EDGE_LOOP ( 'NONE', ( #530, #2356, #3624, #949 ) ) ;
#109 = LINE ( 'NONE', #3168, #1283 ) ;
#110 = VECTOR ( 'NONE', #591, 39.37007874015748143 ) ;
#111 = CARTESIAN_POINT ( 'NONE',  ( -0.9374999999999567013, -0.2500040375641669477, 0.3750000000000000555 ) ) ;
#112 = CARTESIAN_POINT ( 'NONE',  ( -0.7499999999999528155, -0.6250040375641653378, -0.4000000000000000222 ) ) ;
#113 = ADVANCED_FACE ( 'NONE', ( #560 ), #3966, .F. ) ;
#114 = DIRECTION ( 'NONE',  ( 0.000000000000000000, -1.000000000000000000, 0.000000000000000000 ) ) ;
#115 = CIRCLE ( 'NONE', #2067, 0.06750000000000001832 ) ;
#116 = ORIENTED_EDGE ( 'NONE', *, *, #1687, .F. ) ;
#117 = CARTESIAN_POINT ( 'NONE',  ( 0.1803590331741142250, -0.5170972811940200975, -0.5762148834100868644 ) ) ;
#118 = DIRECTION ( 'NONE',  ( -0.3093659168209941246, -0.8958964101642288291, 0.3188453414499790028 ) ) ;
#119 = ORIENTED_EDGE ( 'NONE', *, *, #668, .T. ) ;
#120 = EDGE_CURVE ( 'NONE', #1202, #2504, #1192, .T. ) ;
#121 = CARTESIAN_POINT ( 'NONE',  ( 0.3125000000000000000, -0.1250000000000210665, 0.06250000000000000000 ) ) ;
#122 = ORIENTED_EDGE ( 'NONE', *, *, #3435, .T. ) ;
#123 = CARTESIAN_POINT ( 'NONE',  ( -1.399999999999957723, 0.06194836137123914399, 0.02500000000000335287 ) ) ;
#124 = UNCERTAINTY_MEASURE_WITH_UNIT (LENGTH_MEASURE( 1.000000000000000082E-05 ), #1388, 'distance_accuracy_value', 'NONE');
#125 = CARTESIAN_POINT ( 'NONE',  ( -0.5761924305136771896, -0.9228459653806595497, -0.7404421857012953856 ) ) ;
#126 = ORIENTED_EDGE ( 'NONE', *, *, #1487, .F. ) ;
#127 = B_SPLINE_CURVE_WITH_KNOTS ( 'NONE', 3,
 ( #1371, #1610, #1034, #2580, #2904, #3478, #3829, #2596, #1937, #117, #1050, #3866, #2851, #155, #502, #2371, #802, #199, #3639, #1416, #3328, #2658, #824, #3617, #2026, #2676, #842, #3264, #2635, #3287 ),
 .UNSPECIFIED., .F., .F.,
 ( 4, 2, 2, 2, 2, 2, 2, 2, 2, 2, 2, 2, 2, 2, 4 ),
 ( 0.000000000000000000, 0.0005038873325620064252, 0.001007774665124012850, 0.001511661997686019167, 0.002015549330248025701, 0.003023323995372044840, 0.003527211327934054626, 0.004031098660496067881, 0.004534985993058082004, 0.005038873325620095260, 0.005542760658182109383, 0.006046647990744121771, 0.007054422655868146548, 0.007558309988430160671, 0.008062197320992175661 ),
 .UNSPECIFIED. ) ;
#128 = DIRECTION ( 'NONE',  ( 0.9922046411871123794, 0.03574370544481535877, -0.1193831542883163621 ) ) ;
#129 = DIRECTION ( 'NONE',  ( 0.000000000000000000, 1.000000000000000000, 4.097771990496443145E-16 ) ) ;
#130 = DIRECTION ( 'NONE',  ( 0.000000000000000000, 0.000000000000000000, 1.000000000000000000 ) ) ;
#131 = CARTESIAN_POINT ( 'NONE',  ( -1.594266960430252400, 0.2611709829963333451, 0.1821025470508758348 ) ) ;
#132 = ORIENTED_EDGE ( 'NONE', *, *, #1337, .T. ) ;
#133 = DIRECTION ( 'NONE',  ( 0.7071067811865769936, -0.7071067811865180408, -6.280369999999999932E-16 ) ) ;
#134 = DIRECTION ( 'NONE',  ( 1.639108796198537815E-15, 1.639108796198587908E-15, -1.000000000000000000 ) ) ;
#135 = EDGE_LOOP ( 'NONE', ( #3235, #3236, #1686, #879 ) ) ;
#136 = VECTOR ( 'NONE', #4030, 39.37007874015748143 ) ;
#137 = EDGE_CURVE ( 'NONE', #317, #3971, #2734, .T. ) ;
#138 = FACE_OUTER_BOUND ( 'NONE', #478, .T. ) ;
#139 = ADVANCED_FACE ( 'NONE', ( #3257, #2954 ), #2649, .F. ) ;
#140 = ORIENTED_EDGE ( 'NONE', *, *, #734, .F. ) ;
#141 = EDGE_LOOP ( 'NONE', ( #3163, #3278, #841, #2952, #1112, #3957, #2156, #1155, #2258, #3177 ) ) ;
#142 = DIRECTION ( 'NONE',  ( -7.805279981897932775E-15, -7.805279981897976951E-15, -1.000000000000000000 ) ) ;
#143 = ADVANCED_FACE ( 'NONE', ( #3279 ), #533, .T. ) ;
#144 = PLANE ( 'NONE',  #941 ) ;
#145 = EDGE_CURVE ( 'NONE', #3000, #1557, #1756, .T. ) ;
#146 = VERTEX_POINT ( 'NONE', #1426 ) ;
#147 = AXIS2_PLACEMENT_3D ( 'NONE', #1944, #2617, #3214 ) ;
#148 = CARTESIAN_POINT ( 'NONE',  ( -0.9374999999999567013, -0.2500040375641662260, 0.3749999999999989453 ) ) ;
#149 = CYLINDRICAL_SURFACE ( 'NONE', #4028, 0.06749999999999997669 ) ;
#150 = CARTESIAN_POINT ( 'NONE',  ( -1.599999999999962785, 0.6249959624358287780, -0.1400000000000000133 ) ) ;
#151 = CARTESIAN_POINT ( 'NONE',  ( 0.8654285912554231519, -0.2553832836756389502, -0.01449201652674299290 ) ) ;
#152 = ORIENTED_EDGE ( 'NONE', *, *, #910, .F. ) ;
#153 = CIRCLE ( 'NONE', #3865, 0.1000000000000000056 ) ;
#154 = CONICAL_SURFACE ( 'NONE', #741, 0.1499999999999999944, 0.7853981625000003852 ) ;
#155 = CARTESIAN_POINT ( 'NONE',  ( 0.2056479469436141017, -0.5000556745766069344, -0.6194297812123602531 ) ) ;
#156 = ORIENTED_EDGE ( 'NONE', *, *, #918, .F. ) ;
#157 = CARTESIAN_POINT ( 'NONE',  ( 0.3485474413673171901, -0.09184692372208773381, -0.7675340161754988788 ) ) ;
#158 = ORIENTED_EDGE ( 'NONE', *, *, #2199, .F. ) ;
#159 = VECTOR ( 'NONE', #603, 39.37007874015748143 ) ;
#160 = CONICAL_SURFACE ( 'NONE', #2184, 0.03375000000000003691, 1.029744257500000204 ) ;
#161 = CARTESIAN_POINT ( 'NONE',  ( -1.124999999999962697, 0.8749959624358326638, 0.2570000000000551288 ) ) ;
#162 = AXIS2_PLACEMENT_3D ( 'NONE', #2308, #3840, #2002 ) ;
#163 = EDGE_CURVE ( 'NONE', #178, #1976, #2827, .T. ) ;
#164 = ORIENTED_EDGE ( 'NONE', *, *, #3904, .T. ) ;
#165 = EDGE_LOOP ( 'NONE', ( #2975, #1706, #2447, #1436 ) ) ;
#166 = CARTESIAN_POINT ( 'NONE',  ( -2.249999999999960920, 0.1249959624358379928, -0.4000000000000000222 ) ) ;
#167 = VECTOR ( 'NONE', #3572, 39.37007874015748143 ) ;
#168 = DIRECTION ( 'NONE',  ( -7.805279981897932775E-15, -7.805279981897976951E-15, -1.000000000000000000 ) ) ;
#169 = ORIENTED_EDGE ( 'NONE', *, *, #995, .T. ) ;
#170 = ADVANCED_FACE ( 'NONE', ( #795 ), #1492, .F. ) ;
#171 = DIRECTION ( 'NONE',  ( -6.556435184794252235E-15, 1.000000000000000000, 6.556435184794297989E-15 ) ) ;
#172 = CARTESIAN_POINT ( 'NONE',  ( -1.399999999999957723, 0.06194836137123914399, 0.02500000000000335287 ) ) ;
#173 = PLANE ( 'NONE',  #3218 ) ;
#174 = DIRECTION ( 'NONE',  ( 0.000000000000000000, 0.000000000000000000, 1.000000000000000000 ) ) ;
#175 = PRODUCT_DEFINITION_SHAPE ( 'NONE', 'NONE',  #3590 ) ;
#176 = PLANE ( 'NONE',  #2764 ) ;
#177 = CIRCLE ( 'NONE', #2644, 0.08250000000000000389 ) ;
#178 = VERTEX_POINT ( 'NONE', #2995 ) ;
#179 = CIRCLE ( 'NONE', #2458, 0.06496062992125957447 ) ;
#180 = CYLINDRICAL_SURFACE ( 'NONE', #3611, 0.06249999999999967387 ) ;
#181 = VERTEX_POINT ( 'NONE', #514 ) ;
#182 = CARTESIAN_POINT ( 'NONE',  ( -1.724999999999954348, -0.3750040375641747192, -0.2350000000000008749 ) ) ;
#183 = FACE_OUTER_BOUND ( 'NONE', #108, .T. ) ;
#184 = VERTEX_POINT ( 'NONE', #3916 ) ;
#185 = ORIENTED_EDGE ( 'NONE', *, *, #1516, .F. ) ;
#186 = DIRECTION ( 'NONE',  ( 0.000000000000000000, 0.000000000000000000, 1.000000000000000000 ) ) ;
#187 = EDGE_CURVE ( 'NONE', #3599, #1478, #2040, .T. ) ;
#188 = CARTESIAN_POINT ( 'NONE',  ( 0.4744562467971347730, -0.02841955973675479308, -0.5383335044685881865 ) ) ;
#189 = CARTESIAN_POINT ( 'NONE',  ( -0.9374999999999565903, -0.2500040375641663926, 0.2099999999999990208 ) ) ;
#190 = ORIENTED_EDGE ( 'NONE', *, *, #2025, .F. ) ;
#191 = CARTESIAN_POINT ( 'NONE',  ( 0.3125000000000000000, 0.1874999999999748257, 0.06250000000000098532 ) ) ;
#192 = EDGE_CURVE ( 'NONE', #2513, #2705, #1164, .T. ) ;
#193 = ADVANCED_BREP_SHAPE_REPRESENTATION ( '', ( #3482, #1072 ), #1988 ) ;
#194 = CARTESIAN_POINT ( 'NONE',  ( 0.09999999999999410749, -0.1875000000000122125, 0.06250000000000000000 ) ) ;
#195 = EDGE_CURVE ( 'NONE', #2769, #2230, #153, .T. ) ;
#196 = FACE_OUTER_BOUND ( 'NONE', #3414, .T. ) ;
#197 = LINE ( 'NONE', #821, #1727 ) ;
#198 = VERTEX_POINT ( 'NONE', #2364 ) ;
#199 = CARTESIAN_POINT ( 'NONE',  ( 0.2307971897214047829, -0.5031060277130218195, -0.6497383971140080483 ) ) ;
#200 = VERTEX_POINT ( 'NONE', #1449 ) ;
#201 = CARTESIAN_POINT ( 'NONE',  ( -1.399999999999954836, 0.8749959624358326638, 0.2570000000000551288 ) ) ;
#202 = PLANE ( 'NONE',  #2101 ) ;
#203 = AXIS2_PLACEMENT_3D ( 'NONE', #3447, #3143, #358 ) ;
#204 = ORIENTED_EDGE ( 'NONE', *, *, #3131, .F. ) ;
#205 = ORIENTED_EDGE ( 'NONE', *, *, #650, .T. ) ;
#206 = FACE_BOUND ( 'NONE', #3926, .T. ) ;
#207 = PRODUCT ( '336-PA-Screw Housing', '336-PA-Screw Housing', '', ( #1869 ) ) ;
#208 = DIRECTION ( 'NONE',  ( -0.7337542253281060800, -0.3232096824278898328, 0.5976121133293849086 ) ) ;
#209 = CARTESIAN_POINT ( 'NONE',  ( -1.399999999999954836, 0.7749959624358307986, -0.1400000000000000133 ) ) ;
#210 =( REPRESENTATION_RELATIONSHIP ('NONE','NONE', #2654, #3492 ) REPRESENTATION_RELATIONSHIP_WITH_TRANSFORMATION ( #2875 )SHAPE_REPRESENTATION_RELATIONSHIP( ) );
#211 = CARTESIAN_POINT ( 'NONE',  ( 0.2499999999999940881, -0.1875000000000098532, -0.1250000000000000000 ) ) ;
#212 = AXIS2_PLACEMENT_3D ( 'NONE', #1288, #1057, #2546 ) ;
#213 = AXIS2_PLACEMENT_3D ( 'NONE', #956, #707, #2202 ) ;
#214 = DIRECTION ( 'NONE',  ( 0.000000000000000000, 0.000000000000000000, -1.000000000000000000 ) ) ;
#215 =( NAMED_UNIT ( * ) PLANE_ANGLE_UNIT ( ) SI_UNIT ( $, .RADIAN. ) );
#216 = AXIS2_PLACEMENT_3D ( 'NONE', #2031, #1817, #871 ) ;
#217 = CARTESIAN_POINT ( 'NONE',  ( 0.1554980379285755276, -0.9827080780690548023, -0.1987066848752987447 ) ) ;
#218 = ADVANCED_FACE ( 'NONE', ( #2107, #3942 ), #2692, .F. ) ;
#219 = DIRECTION ( 'NONE',  ( -1.000000000000000000, 0.000000000000000000, 0.000000000000000000 ) ) ;
#220 = EDGE_LOOP ( 'NONE', ( #1186, #2097, #28, #396 ) ) ;
#221 = CARTESIAN_POINT ( 'NONE',  ( 0.2500000000000000000, 0.2499999999999909517, 0.06250000000000098532 ) ) ;
#222 = ORIENTED_EDGE ( 'NONE', *, *, #2812, .T. ) ;
#223 = CARTESIAN_POINT ( 'NONE',  ( -1.874835192616434387, 0.2499959624358240318, 0.01732283464566921824 ) ) ;
#224 = EDGE_CURVE ( 'NONE', #1557, #476, #3345, .T. ) ;
#225 = EDGE_CURVE ( 'NONE', #2104, #3267, #359, .T. ) ;
#226 = LINE ( 'NONE', #3930, #2553 ) ;
#227 = EDGE_LOOP ( 'NONE', ( #1432, #2078, #293, #1093 ) ) ;
#228 = VECTOR ( 'NONE', #2873, 39.37007874015748143 ) ;
#229 = ORIENTED_EDGE ( 'NONE', *, *, #1183, .F. ) ;
#230 =( LENGTH_UNIT ( ) NAMED_UNIT ( * ) SI_UNIT ( $, .METRE. ) );
#231 = DIRECTION ( 'NONE',  ( -0.7337542253280817661, -0.3232096824279668823, 0.5976121133293731402 ) ) ;
#232 = CARTESIAN_POINT ( 'NONE',  ( -1.357499999999958629, 0.1249959624358322613, 0.02500000000000098671 ) ) ;
#233 = ORIENTED_EDGE ( 'NONE', *, *, #1639, .F. ) ;
#234 = ORIENTED_EDGE ( 'NONE', *, *, #2813, .F. ) ;
#235 =( GEOMETRIC_REPRESENTATION_CONTEXT ( 3 ) GLOBAL_UNCERTAINTY_ASSIGNED_CONTEXT ( ( #1674 ) ) GLOBAL_UNIT_ASSIGNED_CONTEXT ( ( #3339, #1446, #1508 ) ) REPRESENTATION_CONTEXT ( 'NONE', 'WORKASPACE' ) );
#236 = CARTESIAN_POINT ( 'NONE',  ( -2.202499999999956604, -0.1100040375641759965, 0.2100000000000000200 ) ) ;
#237 =( GEOMETRIC_REPRESENTATION_CONTEXT ( 3 ) GLOBAL_UNCERTAINTY_ASSIGNED_CONTEXT ( ( #3545 ) ) GLOBAL_UNIT_ASSIGNED_CONTEXT ( ( #884, #239, #3968 ) ) REPRESENTATION_CONTEXT ( 'NONE', 'WORKASPACE' ) );
#238 = PLANE ( 'NONE',  #2561 ) ;
#239 =( NAMED_UNIT ( * ) PLANE_ANGLE_UNIT ( ) SI_UNIT ( $, .RADIAN. ) );
#240 = DIRECTION ( 'NONE',  ( 1.000000000000000000, 0.000000000000000000, 0.000000000000000000 ) ) ;
#241 = DIRECTION ( 'NONE',  ( 1.000000000000000000, 0.000000000000000000, 0.000000000000000000 ) ) ;
#242 = CIRCLE ( 'NONE', #3937, 0.1399999999999998745 ) ;
#243 = ORIENTED_EDGE ( 'NONE', *, *, #484, .T. ) ;
#244 = EDGE_CURVE ( 'NONE', #2337, #3891, #1384, .T. ) ;
#245 = DIRECTION ( 'NONE',  ( 0.3093659168210008414, 0.8958964101642247213, -0.3188453414499840544 ) ) ;
#246 = ORIENTED_EDGE ( 'NONE', *, *, #3848, .T. ) ;
#247 = CARTESIAN_POINT ( 'NONE',  ( -1.922499999999956799, -0.2500040375641782719, 0.3750000000000000555 ) ) ;
#248 = VECTOR ( 'NONE', #3810, 39.37007874015748143 ) ;
#249 = LINE ( 'NONE', #3664, #2750 ) ;
#250 = CARTESIAN_POINT ( 'NONE',  ( -1.724999999999954348, -0.2925040375641727031, -0.2350000000000000144 ) ) ;
#251 = ORIENTED_EDGE ( 'NONE', *, *, #1870, .F. ) ;
#252 = EDGE_CURVE ( 'NONE', #637, #181, #1515, .T. ) ;
#253 = VERTEX_POINT ( 'NONE', #2817 ) ;
#254 = CARTESIAN_POINT ( 'NONE',  ( -1.413602795463372974, 0.1476582920725288128, 0.009584453411551074192 ) ) ;
#255 = CARTESIAN_POINT ( 'NONE',  ( 0.3980811170785252262, 0.01848023069781769626, -0.5946527723435264257 ) ) ;
#256 = DIRECTION ( 'NONE',  ( -0.6114276612130539190, -0.06940012241047888164, -0.7882511262998268542 ) ) ;
#257 = ORIENTED_EDGE ( 'NONE', *, *, #3053, .T. ) ;
#258 = CYLINDRICAL_SURFACE ( 'NONE', #2538, 0.1249999999999995698 ) ;
#259 = DIRECTION ( 'NONE',  ( 0.7283192600865611155, -0.4388088937843741544, -0.5263058142588754595 ) ) ;
#260 = CARTESIAN_POINT ( 'NONE',  ( 0.8552820965630806294, -0.8580570154944962002, 0.04643967983063102684 ) ) ;
#261 = CARTESIAN_POINT ( 'NONE',  ( 0.4256691073184279972, -0.2769644697056318772, -0.3057965800429101044 ) ) ;
#262 = VERTEX_POINT ( 'NONE', #2798 ) ;
#263 = DIRECTION ( 'NONE',  ( 0.000000000000000000, 1.000000000000000000, 0.000000000000000000 ) ) ;
#264 = EDGE_LOOP ( 'NONE', ( #3252, #298, #1593, #1175 ) ) ;
#265 = CARTESIAN_POINT ( 'NONE',  ( 0.6370441117480735160, -0.1224413830516723617, -0.6835666914365419178 ) ) ;
#266 = CARTESIAN_POINT ( 'NONE',  ( 0.3459361742674472717, -0.2508148755351830017, -0.3096834939427709488 ) ) ;
#267 = ORIENTED_EDGE ( 'NONE', *, *, #2324, .T. ) ;
#268 = CARTESIAN_POINT ( 'NONE',  ( -1.749999999999948930, 0.8124959624358208954, 0.2570000000000551288 ) ) ;
#269 = DIRECTION ( 'NONE',  ( 0.000000000000000000, 0.000000000000000000, -1.000000000000000000 ) ) ;
#270 = DIRECTION ( 'NONE',  ( -0.6114276612130539190, -0.06940012241047888164, -0.7882511262998268542 ) ) ;
#271 = VECTOR ( 'NONE', #3607, 39.37007874015748854 ) ;
#272 = FACE_OUTER_BOUND ( 'NONE', #602, .T. ) ;
#273 = ORIENTED_EDGE ( 'NONE', *, *, #650, .F. ) ;
#274 = EDGE_CURVE ( 'NONE', #848, #2417, #1228, .T. ) ;
#275 = DIRECTION ( 'NONE',  ( 0.9391999799709879193, -0.3403889292284927315, -0.04515279040298763452 ) ) ;
#276 = CARTESIAN_POINT ( 'NONE',  ( -1.499999999999952927, -0.6250040375641712220, -0.02499999999999927280 ) ) ;
#277 = VERTEX_POINT ( 'NONE', #3390 ) ;
#278 = CARTESIAN_POINT ( 'NONE',  ( -1.499999999999960698, 0.4374959624358291110, 0.1000000000000000056 ) ) ;
#279 = EDGE_CURVE ( 'NONE', #3438, #1737, #3063, .T. ) ;
#280 = DIRECTION ( 'NONE',  ( 0.000000000000000000, 1.000000000000000000, 0.000000000000000000 ) ) ;
#281 = DIRECTION ( 'NONE',  ( -0.9452310861224680893, 0.3264018900492754449, 0.000000000000000000 ) ) ;
#282 = EDGE_CURVE ( 'NONE', #2154, #1721, #2170, .T. ) ;
#283 = LINE ( 'NONE', #1520, #1313 ) ;
#284 = ORIENTED_EDGE ( 'NONE', *, *, #3673, .F. ) ;
#285 = CARTESIAN_POINT ( 'NONE',  ( -1.874835192616434387, 0.2499959624358240318, 0.09999999999999986677 ) ) ;
#286 = CIRCLE ( 'NONE', #2352, 0.06496062992125957447 ) ;
#287 = ORIENTED_EDGE ( 'NONE', *, *, #995, .F. ) ;
#288 = LINE ( 'NONE', #329, #2780 ) ;
#289 = LINE ( 'NONE', #3421, #1376 ) ;
#290 = AXIS2_PLACEMENT_3D ( 'NONE', #121, #2941, #1688 ) ;
#291 = DIRECTION ( 'NONE',  ( -0.6114276612130400412, -0.06940012241047199826, -0.7882511262998381785 ) ) ;
#292 = CARTESIAN_POINT ( 'NONE',  ( -2.062499999999956479, -0.2500040375641749413, 0.2099999999999990208 ) ) ;
#293 = ORIENTED_EDGE ( 'NONE', *, *, #489, .F. ) ;
#294 = CARTESIAN_POINT ( 'NONE',  ( -0.3124999999999869549, 0.1874999999999909517, 0.06250000000000000000 ) ) ;
#295 = PRODUCT_DEFINITION ( 'UNKNOWN', '', #4013, #1768 ) ;
#296 = CARTESIAN_POINT ( 'NONE',  ( 0.8552820965630805183, -0.8580570154944960892, 0.04643967983063052724 ) ) ;
#297 = STYLED_ITEM ( 'NONE', ( #3508 ), #3482 ) ;
#298 = ORIENTED_EDGE ( 'NONE', *, *, #1965, .T. ) ;
#299 = DIRECTION ( 'NONE',  ( 7.927237481614998119E-15, -7.927237481614979186E-15, 1.000000000000000000 ) ) ;
#300 = CYLINDRICAL_SURFACE ( 'NONE', #1901, 0.1399999999999994582 ) ;
#301 = DIRECTION ( 'NONE',  ( 0.000000000000000000, 0.000000000000000000, 1.000000000000000000 ) ) ;
#302 = EDGE_CURVE ( 'NONE', #3910, #3216, #525, .T. ) ;
#303 = CARTESIAN_POINT ( 'NONE',  ( -1.874835192616441049, 0.8749959624358266685, 0.2570000000000551288 ) ) ;
#304 = ORIENTED_EDGE ( 'NONE', *, *, #1767, .F. ) ;
#305 = ADVANCED_FACE ( 'NONE', ( #2755 ), #598, .T. ) ;
#306 = PRODUCT_DEFINITION_FORMATION_WITH_SPECIFIED_SOURCE ( 'ANY', '', #2023, .NOT_KNOWN. ) ;
#307 = CARTESIAN_POINT ( 'NONE',  ( -1.874835192616441049, 0.7749959624358268018, -0.1400000000000000133 ) ) ;
#308 = ORIENTED_EDGE ( 'NONE', *, *, #1084, .F. ) ;
#309 = CIRCLE ( 'NONE', #2375, 0.08250000000000000389 ) ;
#310 = CARTESIAN_POINT ( 'NONE',  ( 0.6140931733369963119, -0.1179738682326996330, -0.7756452137896756582 ) ) ;
#311 = ORIENTED_EDGE ( 'NONE', *, *, #2281, .F. ) ;
#312 = VECTOR ( 'NONE', #1102, 39.37007874015748143 ) ;
#313 = CARTESIAN_POINT ( 'NONE',  ( -1.724999999999951239, -0.4575040375641727941, 0.3750000000000000555 ) ) ;
#314 = VECTOR ( 'NONE', #1171, 39.37007874015748854 ) ;
#315 = DIRECTION ( 'NONE',  ( -1.000000000000000000, 0.000000000000000000, 0.000000000000000000 ) ) ;
#316 = CARTESIAN_POINT ( 'NONE',  ( -1.874835192616434387, 0.2499959624358240318, 0.1826771653543305118 ) ) ;
#317 = VERTEX_POINT ( 'NONE', #1267 ) ;
#318 = AXIS2_PLACEMENT_3D ( 'NONE', #292, #2096, #872 ) ;
#319 = FACE_OUTER_BOUND ( 'NONE', #2763, .T. ) ;
#320 = LINE ( 'NONE', #276, #806 ) ;
#321 = AXIS2_PLACEMENT_3D ( 'NONE', #3861, #1387, #1083 ) ;
#322 = ORIENTED_EDGE ( 'NONE', *, *, #412, .T. ) ;
#323 = CARTESIAN_POINT ( 'NONE',  ( 0.8039530476397768188, -0.8580570154944960892, 0.08625440294150930887 ) ) ;
#324 = LINE ( 'NONE', #1542, #3802 ) ;
#325 = ITEM_DEFINED_TRANSFORMATION ( 'NONE', 'NONE', #1797,  #42 ) ;
#326 = ORIENTED_EDGE ( 'NONE', *, *, #3884, .T. ) ;
#327 = DIRECTION ( 'NONE',  ( 1.000000000000000000, 0.000000000000000000, 0.000000000000000000 ) ) ;
#328 = VERTEX_POINT ( 'NONE', #1206 ) ;
#329 = CARTESIAN_POINT ( 'NONE',  ( -1.399999999999954836, 0.7749959624358307986, -0.1400000000000000133 ) ) ;
#330 = ADVANCED_FACE ( 'NONE', ( #1865 ), #300, .F. ) ;
#331 = CARTESIAN_POINT ( 'NONE',  ( -1.724999999999954792, -0.3750040375641728319, -0.4000000000000000222 ) ) ;
#332 = ORIENTED_EDGE ( 'NONE', *, *, #2032, .T. ) ;
#333 = FACE_BOUND ( 'NONE', #1350, .T. ) ;
#334 = CARTESIAN_POINT ( 'NONE',  ( -1.399999999999954836, 0.8124959624358208954, 0.2570000000000551288 ) ) ;
#335 = ORIENTED_EDGE ( 'NONE', *, *, #2484, .F. ) ;
#336 = FACE_OUTER_BOUND ( 'NONE', #1421, .T. ) ;
#337 = VERTEX_POINT ( 'NONE', #2509 ) ;
#338 = CARTESIAN_POINT ( 'NONE',  ( 0.3125000000000000000, 0.1874999999999748257, 0.06250000000000098532 ) ) ;
#339 = SURFACE_SIDE_STYLE ('',( #1621 ) ) ;
#340 = APPLICATION_PROTOCOL_DEFINITION ( 'draft international standard', 'automotive_design', 1998, #418 ) ;
#341 = VERTEX_POINT ( 'NONE', #1181 ) ;
#342 = CARTESIAN_POINT ( 'NONE',  ( -1.724999999999954792, -0.3750040375641728319, -0.2350000000000000144 ) ) ;
#343 = EDGE_LOOP ( 'NONE', ( #3356, #2313, #2267, #688 ) ) ;
#344 = CARTESIAN_POINT ( 'NONE',  ( 0.6301740525789748526, -0.1182510328660374421, -0.7417683253037754554 ) ) ;
#345 = CARTESIAN_POINT ( 'NONE',  ( -1.724999999999951239, -0.2925040375641728141, -0.2350000000000000144 ) ) ;
#346 = CARTESIAN_POINT ( 'NONE',  ( -1.593752260393926479, 0.2499959624357225574, 0.01732283464565636047 ) ) ;
#347 = ORIENTED_EDGE ( 'NONE', *, *, #3429, .F. ) ;
#348 = CIRCLE ( 'NONE', #927, 0.06496062992125957447 ) ;
#349 = CIRCLE ( 'NONE', #213, 0.06249999999999995143 ) ;
#350 = DIRECTION ( 'NONE',  ( 0.3093659168209939581, 0.8958964101642287181, -0.3188453414499794469 ) ) ;
#351 = FACE_OUTER_BOUND ( 'NONE', #711, .T. ) ;
#352 = VERTEX_POINT ( 'NONE', #619 ) ;
#353 = ADVANCED_FACE ( 'NONE', ( #904 ), #2130, .F. ) ;
#354 = AXIS2_PLACEMENT_3D ( 'NONE', #785, #2355, #506 ) ;
#355 = EDGE_CURVE ( 'NONE', #146, #2179, #1247, .T. ) ;
#356 = FACE_BOUND ( 'NONE', #2038, .T. ) ;
#357 = EDGE_LOOP ( 'NONE', ( #890, #3980, #2850, #2299 ) ) ;
#358 = DIRECTION ( 'NONE',  ( -0.7283192600865608934, 0.4388088937843739323, 0.5263058142588757926 ) ) ;
#359 = CIRCLE ( 'NONE', #2620, 0.08250000000000000389 ) ;
#360 = CIRCLE ( 'NONE', #3150, 0.1400000000000000133 ) ;
#361 =( NAMED_UNIT ( * ) PLANE_ANGLE_UNIT ( ) SI_UNIT ( $, .RADIAN. ) );
#362 = ORIENTED_EDGE ( 'NONE', *, *, #2410, .F. ) ;
#363 = CIRCLE ( 'NONE', #2039, 0.06750000000000001832 ) ;
#364 = DIRECTION ( 'NONE',  ( -0.6114276612130538080, -0.06940012241047900654, -0.7882511262998268542 ) ) ;
#365 = CARTESIAN_POINT ( 'NONE',  ( 0.4827654158802919815, -0.03497061531405661755, -0.5360020144342831916 ) ) ;
#366 = AXIS2_PLACEMENT_3D ( 'NONE', #639, #963, #900 ) ;
#367 = DIRECTION ( 'NONE',  ( 1.000000000000000000, 0.000000000000000000, 0.000000000000000000 ) ) ;
#368 = CARTESIAN_POINT ( 'NONE',  ( -1.593752260393902276, 0.2388025430396336357, 0.01732283464568319664 ) ) ;
#369 = MECHANICAL_DESIGN_GEOMETRIC_PRESENTATION_REPRESENTATION (  '', ( #629 ), #235 ) ;
#370 = EDGE_CURVE ( 'NONE', #961, #3981, #3739, .T. ) ;
#371 = ORIENTED_EDGE ( 'NONE', *, *, #837, .T. ) ;
#372 = AXIS2_PLACEMENT_3D ( 'NONE', #112, #2291, #2021 ) ;
#373 = DIRECTION ( 'NONE',  ( 0.7283192600865617816, -0.4388088937843739878, -0.5263058142588747934 ) ) ;
#374 = LINE ( 'NONE', #1035, #3367 ) ;
#375 = EDGE_LOOP ( 'NONE', ( #2963, #542, #1441, #3514, #2272, #3070, #2318, #1231, #3441, #917, #1710, #527, #3757, #932, #1259, #708, #2946, #14, #1994, #3403, #444 ) ) ;
#376 = EDGE_CURVE ( 'NONE', #972, #3271, #2452, .T. ) ;
#377 = CARTESIAN_POINT ( 'NONE',  ( 0.1447171385053840353, 0.03944651664471401920, -1.257494752047586539 ) ) ;
#378 = EDGE_CURVE ( 'NONE', #3499, #1890, #2778, .T. ) ;
#379 = ORIENTED_EDGE ( 'NONE', *, *, #2188, .F. ) ;
#380 = CARTESIAN_POINT ( 'NONE',  ( 1.237051205901690931, 0.2906291838110559023, -0.6679813183768839036 ) ) ;
#381 = CARTESIAN_POINT ( 'NONE',  ( 0.8990942780249311372, 0.3692144398916819559, -0.1336931426410799539 ) ) ;
#382 = AXIS2_PLACEMENT_3D ( 'NONE', #996, #726, #692 ) ;
#383 = ORIENTED_EDGE ( 'NONE', *, *, #1060, .T. ) ;
#384 = CARTESIAN_POINT ( 'NONE',  ( 0.9066111454863842178, -0.8580570154944960892, 0.006624956719751731726 ) ) ;
#385 = DIRECTION ( 'NONE',  ( -1.000000000000000000, 0.000000000000000000, 0.000000000000000000 ) ) ;
#386 = CARTESIAN_POINT ( 'NONE',  ( 0.2643993344758999720, -0.6853674787430554805, -0.6351532705617911612 ) ) ;
#387 = CARTESIAN_POINT ( 'NONE',  ( -1.624611362101297418, 0.1679031374183331260, 0.08871906500284981734 ) ) ;
#388 = ORIENTED_EDGE ( 'NONE', *, *, #3202, .F. ) ;
#389 = DIRECTION ( 'NONE',  ( -1.000000000000000000, 0.000000000000000000, 0.000000000000000000 ) ) ;
#390 = CARTESIAN_POINT ( 'NONE',  ( -1.621221903961263866, 0.4374959624358275567, 0.06950000000005492062 ) ) ;
#391 = VERTEX_POINT ( 'NONE', #1578 ) ;
#392 = DIRECTION ( 'NONE',  ( 0.000000000000000000, 0.000000000000000000, 1.000000000000000000 ) ) ;
#393 = EDGE_CURVE ( 'NONE', #1638, #3396, #2091, .T. ) ;
#394 = EDGE_LOOP ( 'NONE', ( #1143, #830, #158, #3738 ) ) ;
#395 = LINE ( 'NONE', #1040, #2677 ) ;
#396 = ORIENTED_EDGE ( 'NONE', *, *, #2881, .T. ) ;
#397 = EDGE_CURVE ( 'NONE', #328, #3965, #1600, .T. ) ;
#398 = DIRECTION ( 'NONE',  ( 0.3093659168209940136, 0.8958964101642289402, -0.3188453414499790028 ) ) ;
#399 = EDGE_CURVE ( 'NONE', #810, #3135, #1634, .T. ) ;
#400 = CARTESIAN_POINT ( 'NONE',  ( 0.9048047139652363180, 0.4321320455428724339, -0.2007135057518870391 ) ) ;
#401 = CARTESIAN_POINT ( 'NONE',  ( 0.1932703683380750659, -0.6914221770527083644, -0.6049130183942402761 ) ) ;
#402 = CARTESIAN_POINT ( 'NONE',  ( -1.602319696557067408, 0.2079556051937530847, 0.02800412669732686363 ) ) ;
#403 = ORIENTED_EDGE ( 'NONE', *, *, #2465, .F. ) ;
#404 = FACE_OUTER_BOUND ( 'NONE', #3094, .T. ) ;
#405 = FACE_OUTER_BOUND ( 'NONE', #2301, .T. ) ;
#406 = EDGE_LOOP ( 'NONE', ( #2783, #942, #520, #2214 ) ) ;
#407 = AXIS2_PLACEMENT_3D ( 'NONE', #2528, #2913, #1979 ) ;
#408 = VECTOR ( 'NONE', #1390, 39.37007874015748143 ) ;
#409 = PLANE ( 'NONE',  #290 ) ;
#410 = ORIENTED_EDGE ( 'NONE', *, *, #1792, .T. ) ;
#411 = CARTESIAN_POINT ( 'NONE',  ( 0.09999999999999410749, -0.1875000000000122125, 0.06250000000000000000 ) ) ;
#412 = EDGE_CURVE ( 'NONE', #3195, #2829, #2480, .T. ) ;
#413 = CARTESIAN_POINT ( 'NONE',  ( -1.414999999999956959, 0.1249959624358308596, 0.008348486100889755332 ) ) ;
#414 = ORIENTED_EDGE ( 'NONE', *, *, #3854, .F. ) ;
#415 = DIRECTION ( 'NONE',  ( -0.3093659168209992871, -0.8958964101642249434, 0.3188453414499844429 ) ) ;
#416 = EDGE_CURVE ( 'NONE', #2381, #3721, #2857, .T. ) ;
#417 = CARTESIAN_POINT ( 'NONE',  ( 0.1530493947997029480, -0.5963658279679959762, -0.5479062465812761795 ) ) ;
#418 = APPLICATION_CONTEXT ( 'automotive_design' ) ;
#419 = AXIS2_PLACEMENT_3D ( 'NONE', #1845, #301, #3018 ) ;
#420 = EDGE_CURVE ( 'NONE', #1090, #958, #1047, .T. ) ;
#421 = LINE ( 'NONE', #1100, #729 ) ;
#422 = EDGE_LOOP ( 'NONE', ( #234, #2968, #3081, #1887 ) ) ;
#423 = VECTOR ( 'NONE', #2613, 39.37007874015748143 ) ;
#424 = DIRECTION ( 'NONE',  ( -1.000000000000000000, 0.000000000000000000, -1.639108796198552015E-15 ) ) ;
#425 = PLANE ( 'NONE',  #2454 ) ;
#426 = ORIENTED_EDGE ( 'NONE', *, *, #1635, .T. ) ;
#427 = VECTOR ( 'NONE', #2880, 39.37007874015748143 ) ;
#428 = CYLINDRICAL_SURFACE ( 'NONE', #1184, 0.08249999999999960143 ) ;
#429 = EDGE_LOOP ( 'NONE', ( #3061, #3152, #1302, #2730 ) ) ;
#430 = CIRCLE ( 'NONE', #1328, 0.06496062992125958835 ) ;
#431 = PLANE ( 'NONE',  #407 ) ;
#432 = DIRECTION ( 'NONE',  ( -1.000000000000000000, -0.000000000000000000, -0.000000000000000000 ) ) ;
#433 = ORIENTED_EDGE ( 'NONE', *, *, #2978, .T. ) ;
#434 = CARTESIAN_POINT ( 'NONE',  ( 0.1554980379285750003, -1.035349208741937144, -0.3466185213235039586 ) ) ;
#435 = AXIS2_PLACEMENT_3D ( 'NONE', #3065, #2738, #3305 ) ;
#436 = CARTESIAN_POINT ( 'NONE',  ( -1.399999999999954836, 0.8124959624358208954, 0.06950000000005492062 ) ) ;
#437 = DIRECTION ( 'NONE',  ( -0.6114276612130541411, -0.06940012241047899266, -0.7882511262998266321 ) ) ;
#438 = EDGE_CURVE ( 'NONE', #3827, #2698, #1652, .T. ) ;
#439 = AXIS2_PLACEMENT_3D ( 'NONE', #3169, #2593, #385 ) ;
#440 = EDGE_LOOP ( 'NONE', ( #2177, #3958, #1570, #116, #793 ) ) ;
#441 = EDGE_CURVE ( 'NONE', #1336, #3683, #1576, .T. ) ;
#442 = CARTESIAN_POINT ( 'NONE',  ( -0.1176216846038860148, -0.8707958735727991950, -0.1492538409764249951 ) ) ;
#443 = CARTESIAN_POINT ( 'NONE',  ( -0.2499999999999929223, -0.1875000000000110467, 0.06249999999999901468 ) ) ;
#444 = ORIENTED_EDGE ( 'NONE', *, *, #2359, .F. ) ;
#445 = ADVANCED_FACE ( 'NONE', ( #67 ), #431, .F. ) ;
#446 = CYLINDRICAL_SURFACE ( 'NONE', #2033, 0.06496062992125958835 ) ;
#447 = ORIENTED_EDGE ( 'NONE', *, *, #1291, .F. ) ;
#448 = ORIENTED_EDGE ( 'NONE', *, *, #3202, .T. ) ;
#449 = LINE ( 'NONE', #380, #3855 ) ;
#450 = CARTESIAN_POINT ( 'NONE',  ( -1.499999999999962697, 0.4942772909339644971, 0.06950000000005493450 ) ) ;
#451 = ORIENTED_EDGE ( 'NONE', *, *, #2032, .F. ) ;
#452 = FACE_OUTER_BOUND ( 'NONE', #2701, .T. ) ;
#453 = DIRECTION ( 'NONE',  ( -0.6114276612130539190, -0.06940012241047888164, -0.7882511262998268542 ) ) ;
#454 = AXIS2_PLACEMENT_3D ( 'NONE', #278, #3651, #3698 ) ;
#455 = CARTESIAN_POINT ( 'NONE',  ( -1.593752260393901388, 0.2556576441238519459, 0.1826771653543305118 ) ) ;
#456 = ORIENTED_EDGE ( 'NONE', *, *, #2751, .T. ) ;
#457 = ADVANCED_FACE ( 'NONE', ( #2302 ), #20, .F. ) ;
#458 = CARTESIAN_POINT ( 'NONE',  ( -1.687499999999954925, 0.4374959624358199517, -0.08299999999994507605 ) ) ;
#459 = ORIENTED_EDGE ( 'NONE', *, *, #244, .F. ) ;
#460 = DIRECTION ( 'NONE',  ( 0.7901562682738896282, 0.000000000000000000, -0.6129054345553487382 ) ) ;
#461 = ORIENTED_EDGE ( 'NONE', *, *, #1687, .T. ) ;
#462 = CARTESIAN_POINT ( 'NONE',  ( -1.399999999999952838, 0.6249959624358327748, -0.1399999999999939071 ) ) ;
#463 = EDGE_CURVE ( 'NONE', #1646, #2749, #449, .T. ) ;
#464 = ORIENTED_EDGE ( 'NONE', *, *, #543, .F. ) ;
#465 = VERTEX_POINT ( 'NONE', #3542 ) ;
#466 = LINE ( 'NONE', #1402, #2167 ) ;
#467 = LINE ( 'NONE', #3219, #618 ) ;
#468 = VERTEX_POINT ( 'NONE', #123 ) ;
#469 = AXIS2_PLACEMENT_3D ( 'NONE', #3360, #3956, #1110 ) ;
#470 = CYLINDRICAL_SURFACE ( 'NONE', #3340, 0.1000000000000000056 ) ;
#471 = CARTESIAN_POINT ( 'NONE',  ( 0.09999999999999410749, -0.1875000000000122125, -0.1250000000000000000 ) ) ;
#472 = FACE_OUTER_BOUND ( 'NONE', #2930, .T. ) ;
#473 = CARTESIAN_POINT ( 'NONE',  ( -1.622047056372439400, 0.3281542862666518290, 0.1274969174677438033 ) ) ;
#474 = VERTEX_POINT ( 'NONE', #2891 ) ;
#475 = FACE_OUTER_BOUND ( 'NONE', #3491, .T. ) ;
#476 = VERTEX_POINT ( 'NONE', #106 ) ;
#477 = CYLINDRICAL_SURFACE ( 'NONE', #1864, 0.08250000000000198841 ) ;
#478 = EDGE_LOOP ( 'NONE', ( #1461, #999, #1354, #3394, #522 ) ) ;
#479 = EDGE_CURVE ( 'NONE', #3265, #79, #3728, .T. ) ;
#480 = VECTOR ( 'NONE', #1720, 39.37007874015748143 ) ;
#481 = AXIS2_PLACEMENT_3D ( 'NONE', #189, #2064, #3298 ) ;
#482 = CARTESIAN_POINT ( 'NONE',  ( -1.019999999999956941, -0.2500040375641663926, 0.2100000000000000200 ) ) ;
#483 = ORIENTED_EDGE ( 'NONE', *, *, #1524, .T. ) ;
#484 = EDGE_CURVE ( 'NONE', #961, #2776, #3507, .T. ) ;
#485 = CARTESIAN_POINT ( 'NONE',  ( 0.5354399147544521842, -0.1331765888812729004, -0.8265234878897723680 ) ) ;
#486 = ORIENTED_EDGE ( 'NONE', *, *, #26, .F. ) ;
#487 = CARTESIAN_POINT ( 'NONE',  ( 0.4727666293853661772, 0.2038790307979571059, -1.653295226251675132 ) ) ;
#488 = AXIS2_PLACEMENT_3D ( 'NONE', #201, #523, #3868 ) ;
#489 = EDGE_CURVE ( 'NONE', #2698, #391, #3522, .T. ) ;
#490 = CARTESIAN_POINT ( 'NONE',  ( 0.3508514455722795966, 0.001287380611223735332, -0.6622219599694496583 ) ) ;
#491 = DIRECTION ( 'NONE',  ( 0.000000000000000000, 0.000000000000000000, 1.000000000000000000 ) ) ;
#492 = CIRCLE ( 'NONE', #3283, 0.08250000000000000389 ) ;
#493 = ORIENTED_EDGE ( 'NONE', *, *, #2733, .F. ) ;
#494 = DIRECTION ( 'NONE',  ( 0.7071067811866460495, 0.7071067811864489849, 2.826165999999999862E-15 ) ) ;
#495 = CARTESIAN_POINT ( 'NONE',  ( 0.3641083877266122482, -0.2487522376819440995, -0.2862559183925759698 ) ) ;
#496 = EDGE_CURVE ( 'NONE', #3383, #3858, #1947, .T. ) ;
#497 = CARTESIAN_POINT ( 'NONE',  ( -1.599999999999954792, 0.8749959624358287780, 0.2570000000000551288 ) ) ;
#498 = PRODUCT ( 'PART3', 'PART3', '', ( #1601 ) ) ;
#499 = FACE_OUTER_BOUND ( 'NONE', #2323, .T. ) ;
#500 = VECTOR ( 'NONE', #3994, 39.37007874015748854 ) ;
#501 = ORIENTED_EDGE ( 'NONE', *, *, #616, .T. ) ;
#502 = CARTESIAN_POINT ( 'NONE',  ( 0.2095015333592541440, -0.4995453550371863893, -0.6249300168466260796 ) ) ;
#503 = EDGE_LOOP ( 'NONE', ( #3387, #4019, #169, #2883 ) ) ;
#504 = VECTOR ( 'NONE', #1587, 39.37007874015748143 ) ;
#505 = CARTESIAN_POINT ( 'NONE',  ( 0.4400473742057000037, -0.1398458878040433617, -0.8267785023869366201 ) ) ;
#506 = DIRECTION ( 'NONE',  ( 0.000000000000000000, 1.000000000000000000, 1.639108796198595008E-15 ) ) ;
#507 = ORIENTED_EDGE ( 'NONE', *, *, #611, .F. ) ;
#508 = VERTEX_POINT ( 'NONE', #3182 ) ;
#509 = CARTESIAN_POINT ( 'NONE',  ( -0.2500000000000071054, 0.2499999999999948652, 0.06250000000000000000 ) ) ;
#510 = CARTESIAN_POINT ( 'NONE',  ( -0.1499999999999924449, 3.021643970198721324E-14, 0.06250000000000000000 ) ) ;
#511 = ADVANCED_FACE ( 'NONE', ( #752 ), #982, .F. ) ;
#512 = CARTESIAN_POINT ( 'NONE',  ( 0.7024251812598170108, -0.8754070460971160594, -0.1506231017443259712 ) ) ;
#513 = ORIENTED_EDGE ( 'NONE', *, *, #1945, .F. ) ;
#514 = CARTESIAN_POINT ( 'NONE',  ( -0.7499999999999586997, 0.1249959624358360222, 0.3750000000000000555 ) ) ;
#515 = CARTESIAN_POINT ( 'NONE',  ( 0.7431247531725740929, 0.3459195514467311994, 0.02743555986411503472 ) ) ;
#516 = EDGE_CURVE ( 'NONE', #3271, #3692, #715, .T. ) ;
#517 = DIRECTION ( 'NONE',  ( 1.000000000000000000, 0.000000000000000000, 0.000000000000000000 ) ) ;
#518 = FACE_BOUND ( 'NONE', #2483, .T. ) ;
#519 = EDGE_CURVE ( 'NONE', #1638, #3265, #3237, .T. ) ;
#520 = ORIENTED_EDGE ( 'NONE', *, *, #3505, .T. ) ;
#521 = FACE_OUTER_BOUND ( 'NONE', #3874, .T. ) ;
#522 = ORIENTED_EDGE ( 'NONE', *, *, #1221, .F. ) ;
#523 = DIRECTION ( 'NONE',  ( 0.000000000000000000, 0.000000000000000000, -1.000000000000000000 ) ) ;
#524 = CYLINDRICAL_SURFACE ( 'NONE', #216, 0.1400000000000022060 ) ;
#525 = CIRCLE ( 'NONE', #11, 0.2169999999999999707 ) ;
#526 = ORIENTED_EDGE ( 'NONE', *, *, #68, .T. ) ;
#527 = ORIENTED_EDGE ( 'NONE', *, *, #192, .F. ) ;
#528 = DIRECTION ( 'NONE',  ( 0.000000000000000000, 0.000000000000000000, -1.000000000000000000 ) ) ;
#529 = CARTESIAN_POINT ( 'NONE',  ( -1.599999999999954792, 0.8749959624358287780, 0.2570000000000551288 ) ) ;
#530 = ORIENTED_EDGE ( 'NONE', *, *, #2438, .F. ) ;
#531 = VERTEX_POINT ( 'NONE', #1691 ) ;
#532 = EDGE_CURVE ( 'NONE', #3965, #476, #395, .T. ) ;
#533 = PLANE ( 'NONE',  #4002 ) ;
#534 = VECTOR ( 'NONE', #2321, 39.37007874015748854 ) ;
#535 = VECTOR ( 'NONE', #114, 39.37007874015748143 ) ;
#536 = CARTESIAN_POINT ( 'NONE',  ( 7.549517000000000200E-15, 3.019807000000000044E-14, 0.06250000000000000000 ) ) ;
#537 = DIRECTION ( 'NONE',  ( 0.7283192600865513455, -0.4388088937843743209, -0.5263058142588888932 ) ) ;
#538 = ADVANCED_FACE ( 'NONE', ( #3196, #2247 ), #1094, .F. ) ;
#539 = AXIS2_PLACEMENT_3D ( 'NONE', #2013, #3251, #3642 ) ;
#540 = CARTESIAN_POINT ( 'NONE',  ( -1.414999999999958513, 0.1249959624358320948, -0.1400000000000000133 ) ) ;
#541 = CARTESIAN_POINT ( 'NONE',  ( -1.749999999999954259, 0.4374959624358199517, 0.06950000000005489287 ) ) ;
#542 = ORIENTED_EDGE ( 'NONE', *, *, #46, .F. ) ;
#543 = EDGE_CURVE ( 'NONE', #2749, #2381, #2645, .T. ) ;
#544 = PLANE ( 'NONE',  #1726 ) ;
#545 = VERTEX_POINT ( 'NONE', #2358 ) ;
#546 = CARTESIAN_POINT ( 'NONE',  ( -0.3124999999999869549, 0.1874999999999909517, 0.06250000000000000000 ) ) ;
#547 = PRODUCT_DEFINITION_CONTEXT ( 'detailed design', #2842, 'design' ) ;
#548 = DIRECTION ( 'NONE',  ( 0.000000000000000000, 1.000000000000000000, 0.000000000000000000 ) ) ;
#549 = CARTESIAN_POINT ( 'NONE',  ( -1.812499999999956701, 0.7499959624358327748, 0.06950000000005492062 ) ) ;
#550 = ORIENTED_EDGE ( 'NONE', *, *, #2012, .F. ) ;
#551 = AXIS2_PLACEMENT_3D ( 'NONE', #2735, #946, #281 ) ;
#552 = ORIENTED_EDGE ( 'NONE', *, *, #646, .F. ) ;
#553 = FILL_AREA_STYLE_COLOUR ( '', #4020 ) ;
#554 = AXIS2_PLACEMENT_3D ( 'NONE', #148, #1623, #3880 ) ;
#555 = SURFACE_STYLE_FILL_AREA ( #3628 ) ;
#556 = CARTESIAN_POINT ( 'NONE',  ( 0.3395276126986907506, -0.2339424375167214742, -0.2684930971613389561 ) ) ;
#557 = EDGE_LOOP ( 'NONE', ( #3661, #781 ) ) ;
#558 = CARTESIAN_POINT ( 'NONE',  ( -1.192499999999958593, 0.1249959624358309151, 0.02500000000000098671 ) ) ;
#559 = VECTOR ( 'NONE', #2983, 39.37007874015748143 ) ;
#560 = FACE_OUTER_BOUND ( 'NONE', #264, .T. ) ;
#561 = CARTESIAN_POINT ( 'NONE',  ( -0.7499999999999586997, 0.1249959624358360222, 0.3750000000000000555 ) ) ;
#562 = CARTESIAN_POINT ( 'NONE',  ( -2.249999999999960920, 0.1249959624358190913, 0.3750000000000000555 ) ) ;
#563 = CARTESIAN_POINT ( 'NONE',  ( -1.874835192616433277, 0.1249959624358230187, 0.3750000000000000555 ) ) ;
#564 = VERTEX_POINT ( 'NONE', #3562 ) ;
#565 = CARTESIAN_POINT ( 'NONE',  ( 0.5897167863818235656, -0.1095652745214391183, -0.5681773031857380030 ) ) ;
#566 = CARTESIAN_POINT ( 'NONE',  ( -1.274999999999958611, 0.1249959624358309151, 0.02500000000000098671 ) ) ;
#567 = EDGE_CURVE ( 'NONE', #2992, #178, #466, .T. ) ;
#568 = VERTEX_POINT ( 'NONE', #3314 ) ;
#569 = CARTESIAN_POINT ( 'NONE',  ( 0.5486353450897150097, -0.8928629679219779458, -0.3488886027425023295 ) ) ;
#570 = VECTOR ( 'NONE', #846, 39.37007874015748143 ) ;
#571 = FACE_OUTER_BOUND ( 'NONE', #2372, .T. ) ;
#572 = DIRECTION ( 'NONE',  ( 0.000000000000000000, 0.000000000000000000, 1.000000000000000000 ) ) ;
#573 = CARTESIAN_POINT ( 'NONE',  ( 0.4827922095969516825, -0.1401752844194831538, -0.8318533020460593397 ) ) ;
#574 = ORIENTED_EDGE ( 'NONE', *, *, #3848, .F. ) ;
#575 = EDGE_CURVE ( 'NONE', #3858, #2924, #1422, .T. ) ;
#576 = CARTESIAN_POINT ( 'NONE',  ( -1.414999999999956959, 0.1249959624358308596, 0.008348486100889755332 ) ) ;
#577 = CARTESIAN_POINT ( 'NONE',  ( -1.187499999999968470, 0.4374959624358196741, 0.2570000000000551288 ) ) ;
#578 = FACE_OUTER_BOUND ( 'NONE', #440, .T. ) ;
#579 = ORIENTED_EDGE ( 'NONE', *, *, #1812, .T. ) ;
#580 = LINE ( 'NONE', #1491, #2191 ) ;
#581 = DIRECTION ( 'NONE',  ( 0.000000000000000000, 0.000000000000000000, -1.000000000000000000 ) ) ;
#582 = DIRECTION ( 'NONE',  ( 1.000000000000000000, 0.000000000000000000, 0.000000000000000000 ) ) ;
#583 = LINE ( 'NONE', #2474, #1615 ) ;
#584 = VERTEX_POINT ( 'NONE', #3578 ) ;
#585 = CARTESIAN_POINT ( 'NONE',  ( 0.7001903977326522366, -0.01066493373968317553, -0.8593398816468750256 ) ) ;
#586 = ORIENTED_EDGE ( 'NONE', *, *, #532, .F. ) ;
#587 = CARTESIAN_POINT ( 'NONE',  ( 0.5507743143836157929, -0.08611085828411897680, -0.5400869544710058534 ) ) ;
#588 = DIRECTION ( 'NONE',  ( 1.000000000000000000, 0.000000000000000000, 0.000000000000000000 ) ) ;
#589 = ADVANCED_FACE ( 'NONE', ( #1380, #1158, #206, #1114 ), #3272, .T. ) ;
#590 = DIRECTION ( 'NONE',  ( 0.000000000000000000, 0.000000000000000000, 1.000000000000000000 ) ) ;
#591 = DIRECTION ( 'NONE',  ( 4.097771990496335663E-16, 4.097771990496393349E-16, -1.000000000000000000 ) ) ;
#592 = ORIENTED_EDGE ( 'NONE', *, *, #2653, .F. ) ;
#593 = EDGE_CURVE ( 'NONE', #2198, #2417, #348, .T. ) ;
#594 = CYLINDRICAL_SURFACE ( 'NONE', #2953, 0.06250000000000022204 ) ;
#595 = DIRECTION ( 'NONE',  ( 1.000000000000000000, 0.000000000000000000, 0.000000000000000000 ) ) ;
#596 = ORIENTED_EDGE ( 'NONE', *, *, #1571, .T. ) ;
#597 = DIRECTION ( 'NONE',  ( 0.000000000000000000, -1.000000000000000000, 0.000000000000000000 ) ) ;
#598 = PLANE ( 'NONE',  #2994 ) ;
#599 = CARTESIAN_POINT ( 'NONE',  ( -1.499999999999956479, -0.6250040375641712220, -0.02499999999999997363 ) ) ;
#600 = DIRECTION ( 'NONE',  ( 0.7283192600865513455, -0.3093659168209570987, -0.6114276612130882249 ) ) ;
#601 = CARTESIAN_POINT ( 'NONE',  ( -1.399999999999954836, 0.8749959624358306653, -0.1400000000000000133 ) ) ;
#602 = EDGE_LOOP ( 'NONE', ( #3146, #1633, #1227, #2638, #2014 ) ) ;
#603 = DIRECTION ( 'NONE',  ( 0.000000000000000000, -1.000000000000000000, 0.000000000000000000 ) ) ;
#604 = AXIS2_PLACEMENT_3D ( 'NONE', #990, #1953, #1296 ) ;
#605 = ORIENTED_EDGE ( 'NONE', *, *, #3451, .T. ) ;
#606 = CARTESIAN_POINT ( 'NONE',  ( 0.8530457994169605707, 0.3123683684184929144, -0.1500209731455429130 ) ) ;
#607 = VERTEX_POINT ( 'NONE', #3895 ) ;
#608 = CARTESIAN_POINT ( 'NONE',  ( -1.249999999999948708, 0.3749959624358169541, 0.2570000000000551288 ) ) ;
#609 = LINE ( 'NONE', #1220, #1668 ) ;
#610 = DIRECTION ( 'NONE',  ( 0.000000000000000000, 0.000000000000000000, 1.000000000000000000 ) ) ;
#611 = EDGE_CURVE ( 'NONE', #2118, #2082, #3646, .T. ) ;
#612 = EDGE_LOOP ( 'NONE', ( #3702, #1574, #1039, #1052 ) ) ;
#613 = CARTESIAN_POINT ( 'NONE',  ( -0.9374999999999567013, -0.2500040375641669477, 0.2100000000000000200 ) ) ;
#614 = LINE ( 'NONE', #1839, #3807 ) ;
#615 = AXIS2_PLACEMENT_3D ( 'NONE', #2287, #168, #1116 ) ;
#616 = EDGE_CURVE ( 'NONE', #816, #972, #1971, .T. ) ;
#617 = ORIENTED_EDGE ( 'NONE', *, *, #355, .F. ) ;
#618 = VECTOR ( 'NONE', #1382, 39.37007874015748143 ) ;
#619 = CARTESIAN_POINT ( 'NONE',  ( 0.1000000000000029615, 1.384448000000000049E-14, 0.01249999999999500122 ) ) ;
#620 = AXIS2_PLACEMENT_3D ( 'NONE', #1834, #590, #3 ) ;
#621 = ADVANCED_FACE ( 'NONE', ( #2338 ), #1076, .T. ) ;
#622 = DIRECTION ( 'NONE',  ( 0.000000000000000000, 0.000000000000000000, -1.000000000000000000 ) ) ;
#623 = PRODUCT_CONTEXT ( 'NONE', #3616, 'mechanical' ) ;
#624 = DIRECTION ( 'NONE',  ( -0.7071067811864170105, -0.7071067811866780239, -3.061680000000000478E-15 ) ) ;
#625 = ORIENTED_EDGE ( 'NONE', *, *, #1456, .T. ) ;
#626 = AXIS2_PLACEMENT_3D ( 'NONE', #3769, #974, #58 ) ;
#627 = DIRECTION ( 'NONE',  ( 0.7901562682738896282, 0.000000000000000000, -0.6129054345553487382 ) ) ;
#628 = VERTEX_POINT ( 'NONE', #1774 ) ;
#629 = STYLED_ITEM ( 'NONE', ( #2424 ), #1995 ) ;
#630 = CARTESIAN_POINT ( 'NONE',  ( 0.6284394304904962203, -0.1180071705247950492, -0.7469242378921008285 ) ) ;
#631 = AXIS2_PLACEMENT_3D ( 'NONE', #2686, #3254, #3960 ) ;
#632 = CARTESIAN_POINT ( 'NONE',  ( -0.05171290056415700498, -0.3594834672913571616, -1.196868705976482428 ) ) ;
#633 = CIRCLE ( 'NONE', #2511, 0.1249999999999999861 ) ;
#634 = ORIENTED_EDGE ( 'NONE', *, *, #2945, .F. ) ;
#635 = DIRECTION ( 'NONE',  ( 0.000000000000000000, 1.000000000000000000, 0.000000000000000000 ) ) ;
#636 = CARTESIAN_POINT ( 'NONE',  ( -1.499999999999962697, 0.4374959624358266685, 0.1000000000000009770 ) ) ;
#637 = VERTEX_POINT ( 'NONE', #1732 ) ;
#638 = AXIS2_PLACEMENT_3D ( 'NONE', #1530, #2161, #2793 ) ;
#639 = CARTESIAN_POINT ( 'NONE',  ( -1.874835192616441049, 0.8749959624358287780, -0.03999999999999599015 ) ) ;
#640 = VERTEX_POINT ( 'NONE', #509 ) ;
#641 = CARTESIAN_POINT ( 'NONE',  ( -0.7499999999999586997, 0.1249959624358379928, -0.4000000000000000222 ) ) ;
#642 = EDGE_CURVE ( 'NONE', #1036, #848, #3815, .T. ) ;
#643 = ORIENTED_EDGE ( 'NONE', *, *, #3961, .T. ) ;
#644 = DIRECTION ( 'NONE',  ( 0.000000000000000000, 0.000000000000000000, -1.000000000000000000 ) ) ;
#645 = VERTEX_POINT ( 'NONE', #2708 ) ;
#646 = EDGE_CURVE ( 'NONE', #3417, #317, #3487, .T. ) ;
#647 = DIRECTION ( 'NONE',  ( 0.6114276612130408184, 0.06940012241046897290, 0.7882511262998377344 ) ) ;
#648 = CARTESIAN_POINT ( 'NONE',  ( 0.2983153318737110649, -0.6566344028319176518, -0.6479380111615056226 ) ) ;
#649 = CARTESIAN_POINT ( 'NONE',  ( 0.09999999999999704958, -0.1118033988749690816, 0.06250000000000000000 ) ) ;
#650 = EDGE_CURVE ( 'NONE', #3683, #2351, #2947, .T. ) ;
#651 = ORIENTED_EDGE ( 'NONE', *, *, #1381, .T. ) ;
#652 = MANIFOLD_SOLID_BREP ( '275C[1]', #3750 ) ;
#653 = CARTESIAN_POINT ( 'NONE',  ( 0.9383927984719311333, 0.4319327159791945259, -0.1316020922391720471 ) ) ;
#654 = DIRECTION ( 'NONE',  ( 1.000000000000000000, 0.000000000000000000, 0.000000000000000000 ) ) ;
#655 = ORIENTED_EDGE ( 'NONE', *, *, #1548, .F. ) ;
#656 = B_SPLINE_CURVE_WITH_KNOTS ( 'NONE', 3,
 ( #3934, #1799, #3982, #254, #3363, #576 ),
 .UNSPECIFIED., .F., .F.,
 ( 4, 2, 4 ),
 ( 2.735994439956230904E-17, 0.0008632178712119840643, 0.001726435742423940807 ),
 .UNSPECIFIED. ) ;
#657 = PLANE ( 'NONE',  #3466 ) ;
#658 = ORIENTED_EDGE ( 'NONE', *, *, #3090, .T. ) ;
#659 = CARTESIAN_POINT ( 'NONE',  ( -1.274999999999958611, 0.1249959624358319976, -0.1400000000000011235 ) ) ;
#660 = FACE_OUTER_BOUND ( 'NONE', #921, .T. ) ;
#661 = EDGE_CURVE ( 'NONE', #8, #3537, #656, .T. ) ;
#662 = EDGE_LOOP ( 'NONE', ( #2306, #3644, #2833, #766 ) ) ;
#663 = DIRECTION ( 'NONE',  ( 1.000000000000000000, 0.000000000000000000, 0.000000000000000000 ) ) ;
#664 = CARTESIAN_POINT ( 'NONE',  ( -1.249999999999962697, 0.7499959624358228938, 0.06950000000005492062 ) ) ;
#665 = DIRECTION ( 'NONE',  ( 0.000000000000000000, 1.000000000000000000, 0.000000000000000000 ) ) ;
#666 = CARTESIAN_POINT ( 'NONE',  ( -1.614267636712800380, 0.1846249693429300731, 0.04910798236532949029 ) ) ;
#667 = EDGE_LOOP ( 'NONE', ( #2436, #1162, #2907, #1649 ) ) ;
#668 = EDGE_CURVE ( 'NONE', #2113, #3248, #3058, .T. ) ;
#669 = CARTESIAN_POINT ( 'NONE',  ( -1.724999999999954792, -0.3750040375641728319, -0.4000000000000000222 ) ) ;
#670 = FACE_OUTER_BOUND ( 'NONE', #3915, .T. ) ;
#671 = ORIENTED_EDGE ( 'NONE', *, *, #2438, .T. ) ;
#672 = VECTOR ( 'NONE', #102, 39.37007874015748143 ) ;
#673 = CYLINDRICAL_SURFACE ( 'NONE', #1847, 0.1399999999999990419 ) ;
#674 = ORIENTED_EDGE ( 'NONE', *, *, #1063, .T. ) ;
#675 = CARTESIAN_POINT ( 'NONE',  ( -0.07347281567955295245, 0.5329857011362070240, -1.258565865557517593 ) ) ;
#676 = VECTOR ( 'NONE', #1826, 39.37007874015748143 ) ;
#677 = AXIS2_PLACEMENT_3D ( 'NONE', #2194, #2213, #1269 ) ;
#678 = APPLICATION_CONTEXT ( 'automotive_design' ) ;
#679 = AXIS2_PLACEMENT_3D ( 'NONE', #342, #644, #327 ) ;
#680 = VERTEX_POINT ( 'NONE', #1744 ) ;
#681 = VECTOR ( 'NONE', #3406, 39.37007874015748143 ) ;
#682 = FACE_BOUND ( 'NONE', #3488, .T. ) ;
#683 = CARTESIAN_POINT ( 'NONE',  ( -1.404446507316623682, 0.07076413556720401177, 0.01907132357770152317 ) ) ;
#684 = VECTOR ( 'NONE', #1597, 39.37007874015748854 ) ;
#685 = LINE ( 'NONE', #3440, #504 ) ;
#686 = CARTESIAN_POINT ( 'NONE',  ( -1.614327091303469963, 0.1842618902261616842, 0.1512276865365326795 ) ) ;
#687 = VECTOR ( 'NONE', #275, 39.37007874015748854 ) ;
#688 = ORIENTED_EDGE ( 'NONE', *, *, #856, .T. ) ;
#689 = AXIS2_PLACEMENT_3D ( 'NONE', #1004, #1928, #948 ) ;
#690 = EDGE_CURVE ( 'NONE', #1721, #70, #1474, .T. ) ;
#691 = CYLINDRICAL_SURFACE ( 'NONE', #2889, 0.06250000000000022204 ) ;
#692 = DIRECTION ( 'NONE',  ( 0.7901562682738897392, 0.000000000000000000, -0.6129054345553486272 ) ) ;
#693 = ORIENTED_EDGE ( 'NONE', *, *, #661, .T. ) ;
#694 = LINE ( 'NONE', #712, #3528 ) ;
#695 = EDGE_CURVE ( 'NONE', #1523, #3313, #2347, .T. ) ;
#696 = ORIENTED_EDGE ( 'NONE', *, *, #970, .F. ) ;
#697 = ADVANCED_FACE ( 'NONE', ( #518, #2999 ), #889, .F. ) ;
#698 = AXIS2_PLACEMENT_3D ( 'NONE', #44, #99, #3211 ) ;
#699 = CARTESIAN_POINT ( 'NONE',  ( -1.249999999999962697, 0.4374959624358181198, 0.06950000000005492062 ) ) ;
#700 = VECTOR ( 'NONE', #1029, 39.37007874015748143 ) ;
#701 = CARTESIAN_POINT ( 'NONE',  ( -1.599999999999954792, 0.8124959624358208954, 0.06950000000005492062 ) ) ;
#702 = CIRCLE ( 'NONE', #1741, 0.06249999999999995143 ) ;
#703 = ORIENTED_EDGE ( 'NONE', *, *, #3194, .F. ) ;
#704 = LINE ( 'NONE', #1386, #1614 ) ;
#705 = DIRECTION ( 'NONE',  ( 0.7283192600865641131, -0.4388088937843661053, -0.5263058142588781241 ) ) ;
#706 = CARTESIAN_POINT ( 'NONE',  ( -0.3124999999999869549, 0.1874999999999921174, -0.1250000000000000000 ) ) ;
#707 = DIRECTION ( 'NONE',  ( 0.000000000000000000, 0.000000000000000000, 1.000000000000000000 ) ) ;
#708 = ORIENTED_EDGE ( 'NONE', *, *, #2505, .T. ) ;
#709 = DIRECTION ( 'NONE',  ( 0.000000000000000000, 0.000000000000000000, 1.000000000000000000 ) ) ;
#710 = DIRECTION ( 'NONE',  ( 0.6114276612130538080, 0.06940012241047988084, 0.7882511262998268542 ) ) ;
#711 = EDGE_LOOP ( 'NONE', ( #703, #3561, #1698, #1964, #1013, #3009 ) ) ;
#712 = CARTESIAN_POINT ( 'NONE',  ( 0.3488517359416968833, -0.5280550830621760783, -0.6938086961779459383 ) ) ;
#713 = ORIENTED_EDGE ( 'NONE', *, *, #1109, .F. ) ;
#714 = EDGE_CURVE ( 'NONE', #508, #2829, #197, .T. ) ;
#715 = LINE ( 'NONE', #411, #3523 ) ;
#716 = EDGE_CURVE ( 'NONE', #474, #2767, #1452, .T. ) ;
#717 = FACE_OUTER_BOUND ( 'NONE', #18, .T. ) ;
#718 = ORIENTED_EDGE ( 'NONE', *, *, #3029, .F. ) ;
#719 = CARTESIAN_POINT ( 'NONE',  ( 1.237051205901688711, 0.2906291838110565129, -0.6679813183768821272 ) ) ;
#720 = CARTESIAN_POINT ( 'NONE',  ( 0.2946071253441436277, -0.2508148755351830017, -0.2698687708318921463 ) ) ;
#721 = AXIS2_PLACEMENT_3D ( 'NONE', #83, #1673, #1321 ) ;
#722 = CARTESIAN_POINT ( 'NONE',  ( 1.171216464921928990, 0.1506855563609169335, -0.2874359863486208866 ) ) ;
#723 = ADVANCED_BREP_SHAPE_REPRESENTATION ( '', ( #652, #1072 ), #2048 ) ;
#724 = EDGE_LOOP ( 'NONE', ( #3184, #2208, #1149, #3697 ) ) ;
#725 = DIRECTION ( 'NONE',  ( -1.000000000000000000, 0.000000000000000000, 0.000000000000000000 ) ) ;
#726 = DIRECTION ( 'NONE',  ( -0.6114276612130539190, -0.06940012241047888164, -0.7882511262998268542 ) ) ;
#727 = ORIENTED_EDGE ( 'NONE', *, *, #2268, .T. ) ;
#728 = VECTOR ( 'NONE', #3489, 39.37007874015748143 ) ;
#729 = VECTOR ( 'NONE', #1743, 39.37007874015748854 ) ;
#730 = DIRECTION ( 'NONE',  ( -1.000000000000000000, 0.000000000000000000, 0.000000000000000000 ) ) ;
#731 = VECTOR ( 'NONE', #2335, 39.37007874015748143 ) ;
#732 = EDGE_LOOP ( 'NONE', ( #3888, #3446, #2741 ) ) ;
#733 = DIRECTION ( 'NONE',  ( 0.000000000000000000, -1.000000000000000000, 0.000000000000000000 ) ) ;
#734 = EDGE_CURVE ( 'NONE', #2942, #545, #492, .T. ) ;
#735 = CARTESIAN_POINT ( 'NONE',  ( -1.523776643542177345, 0.4942772909339652188, 0.06950000000005500389 ) ) ;
#736 = VERTEX_POINT ( 'NONE', #2674 ) ;
#737 = EDGE_CURVE ( 'NONE', #3267, #2104, #1541, .T. ) ;
#738 = FACE_OUTER_BOUND ( 'NONE', #1440, .T. ) ;
#739 = DIRECTION ( 'NONE',  ( 0.6114276612130549182, 0.06940012241047859021, 0.7882511262998259660 ) ) ;
#740 =( NAMED_UNIT ( * ) SI_UNIT ( $, .STERADIAN. ) SOLID_ANGLE_UNIT ( ) );
#741 = AXIS2_PLACEMENT_3D ( 'NONE', #536, #2453, #2151 ) ;
#742 = CARTESIAN_POINT ( 'NONE',  ( -1.596166172459151822, 0.2720570222829438167, 0.02013014858529869888 ) ) ;
#743 = EDGE_CURVE ( 'NONE', #3526, #2924, #2980, .T. ) ;
#744 = ORIENTED_EDGE ( 'NONE', *, *, #2, .F. ) ;
#745 = FACE_OUTER_BOUND ( 'NONE', #754, .T. ) ;
#746 = CARTESIAN_POINT ( 'NONE',  ( -1.874835192616437052, 0.3749959624358220056, 0.3750000000000000555 ) ) ;
#747 = EDGE_LOOP ( 'NONE', ( #3638, #2911, #1990, #3502 ) ) ;
#748 = VECTOR ( 'NONE', #231, 39.37007874015748143 ) ;
#749 = CARTESIAN_POINT ( 'NONE',  ( -1.922499999999957909, -0.2500040375641776058, 0.3749999999999978351 ) ) ;
#750 = ORIENTED_EDGE ( 'NONE', *, *, #3920, .T. ) ;
#751 = AXIS2_PLACEMENT_3D ( 'NONE', #1298, #1628, #763 ) ;
#752 = FACE_OUTER_BOUND ( 'NONE', #1179, .T. ) ;
#753 = DIRECTION ( 'NONE',  ( 0.6114276612130539190, 0.06940012241047888164, 0.7882511262998268542 ) ) ;
#754 = EDGE_LOOP ( 'NONE', ( #486, #3725, #1111, #2336, #3741, #3588, #104 ) ) ;
#755 = PRODUCT_RELATED_PRODUCT_CATEGORY ( 'part', '', ( #2023 ) ) ;
#756 = VECTOR ( 'NONE', #415, 39.37007874015748854 ) ;
#757 = DIRECTION ( 'NONE',  ( -0.2962447500238379328, 0.9437791713077128275, 0.1466967071513219645 ) ) ;
#758 = VECTOR ( 'NONE', #3773, 39.37007874015748143 ) ;
#759 = DIRECTION ( 'NONE',  ( -1.000000000000000000, 0.000000000000000000, 0.000000000000000000 ) ) ;
#760 = LINE ( 'NONE', #497, #535 ) ;
#761 = ORIENTED_EDGE ( 'NONE', *, *, #3454, .T. ) ;
#762 = ADVANCED_FACE ( 'NONE', ( #499 ), #1414, .F. ) ;
#763 = DIRECTION ( 'NONE',  ( -1.000000000000000000, 0.000000000000000000, 0.000000000000000000 ) ) ;
#764 = ORIENTED_EDGE ( 'NONE', *, *, #646, .T. ) ;
#765 = CARTESIAN_POINT ( 'NONE',  ( 0.3488517359416968833, -0.4227728217164113400, -0.3979850232815360100 ) ) ;
#766 = ORIENTED_EDGE ( 'NONE', *, *, #3935, .T. ) ;
#767 = FACE_OUTER_BOUND ( 'NONE', #667, .T. ) ;
#768 = EDGE_LOOP ( 'NONE', ( #1560, #322 ) ) ;
#769 = EDGE_LOOP ( 'NONE', ( #1915, #1391, #1365, #3564, #823, #1314 ) ) ;
#770 = CARTESIAN_POINT ( 'NONE',  ( -1.874835192616437052, 0.3749959624358220056, 0.3750000000000000555 ) ) ;
#771 = DIRECTION ( 'NONE',  ( 0.7283192600865611155, -0.4388088937843755422, -0.5263058142588742383 ) ) ;
#772 = CARTESIAN_POINT ( 'NONE',  ( 0.5486353450897150097, -0.8928629679219779458, -0.3488886027425023295 ) ) ;
#773 = CARTESIAN_POINT ( 'NONE',  ( 2.386980000000000381E-15, 2.020606000000000238E-14, 0.06250000000000000000 ) ) ;
#774 = DIRECTION ( 'NONE',  ( 1.639108796198537815E-15, 1.639108796198587908E-15, -1.000000000000000000 ) ) ;
#775 = DIRECTION ( 'NONE',  ( 0.000000000000000000, 0.000000000000000000, -1.000000000000000000 ) ) ;
#776 = ADVANCED_FACE ( 'NONE', ( #1187 ), #3326, .F. ) ;
#777 = LINE ( 'NONE', #2633, #1511 ) ;
#778 = VERTEX_POINT ( 'NONE', #3351 ) ;
#779 = EDGE_CURVE ( 'NONE', #2190, #2118, #3047, .T. ) ;
#780 = DIRECTION ( 'NONE',  ( -1.000000000000000000, 0.000000000000000000, -4.097771990496416028E-16 ) ) ;
#781 = ORIENTED_EDGE ( 'NONE', *, *, #3877, .F. ) ;
#782 = CARTESIAN_POINT ( 'NONE',  ( 0.3716840647630800243, -0.1160212098579767176, -0.7940997579972971510 ) ) ;
#783 = ORIENTED_EDGE ( 'NONE', *, *, #1487, .T. ) ;
#784 = EDGE_CURVE ( 'NONE', #3089, #2634, #2413, .T. ) ;
#785 = CARTESIAN_POINT ( 'NONE',  ( -1.749999999999955369, 0.7499959624358223387, 0.2570000000000550178 ) ) ;
#786 = ORIENTED_EDGE ( 'NONE', *, *, #3300, .T. ) ;
#787 = ORIENTED_EDGE ( 'NONE', *, *, #3988, .T. ) ;
#788 = VECTOR ( 'NONE', #3086, 39.37007874015748143 ) ;
#789 = DIRECTION ( 'NONE',  ( -0.6114276612130539190, -0.06940012241047888164, -0.7882511262998268542 ) ) ;
#790 = ADVANCED_FACE ( 'NONE', ( #799, #1431 ), #3922, .F. ) ;
#791 = CARTESIAN_POINT ( 'NONE',  ( -2.249999999999960920, 0.1249959624358259747, -0.4000000000000000222 ) ) ;
#792 = FACE_OUTER_BOUND ( 'NONE', #2098, .T. ) ;
#793 = ORIENTED_EDGE ( 'NONE', *, *, #1, .F. ) ;
#794 = CIRCLE ( 'NONE', #84, 0.1249999999999999861 ) ;
#795 = FACE_OUTER_BOUND ( 'NONE', #2395, .T. ) ;
#796 = DIRECTION ( 'NONE',  ( 0.7283192600865608934, -0.4388088937843739323, -0.5263058142588757926 ) ) ;
#797 = CARTESIAN_POINT ( 'NONE',  ( 0.000000000000000000, 0.000000000000000000, 0.000000000000000000 ) ) ;
#798 = CARTESIAN_POINT ( 'NONE',  ( -1.606466241043346788, 0.3008420761530626875, 0.1660279342132495728 ) ) ;
#799 = FACE_BOUND ( 'NONE', #24, .T. ) ;
#800 = ORIENTED_EDGE ( 'NONE', *, *, #2330, .F. ) ;
#801 = CIRCLE ( 'NONE', #419, 0.1400000000000000133 ) ;
#802 = CARTESIAN_POINT ( 'NONE',  ( 0.2217865434806808034, -0.5004351536572316794, -0.6403332365981683205 ) ) ;
#803 = ORIENTED_EDGE ( 'NONE', *, *, #2733, .T. ) ;
#804 = CARTESIAN_POINT ( 'NONE',  ( 0.4720026138021261586, -0.1408725020723420873, -0.8316051655445556579 ) ) ;
#805 = VECTOR ( 'NONE', #3682, 39.37007874015748143 ) ;
#806 = VECTOR ( 'NONE', #2103, 39.37007874015748143 ) ;
#807 = EDGE_CURVE ( 'NONE', #1478, #465, #2369, .T. ) ;
#808 = CARTESIAN_POINT ( 'NONE',  ( -1.499999999999952927, -0.6250040375641712220, 0.1000000000000000056 ) ) ;
#809 = ORIENTED_EDGE ( 'NONE', *, *, #3759, .T. ) ;
#810 = VERTEX_POINT ( 'NONE', #2135 ) ;
#811 = DIRECTION ( 'NONE',  ( 0.000000000000000000, -0.3352938259419260270, -0.9421136079503499294 ) ) ;
#812 = EDGE_CURVE ( 'NONE', #3034, #3015, #2656, .T. ) ;
#813 = FACE_OUTER_BOUND ( 'NONE', #2982, .T. ) ;
#814 = STYLED_ITEM ( 'NONE', ( #3626 ), #652 ) ;
#815 = ADVANCED_FACE ( 'NONE', ( #2960 ), #176, .T. ) ;
#816 = VERTEX_POINT ( 'NONE', #2534 ) ;
#817 = CARTESIAN_POINT ( 'NONE',  ( -1.499999999999952927, -0.6250040375641728874, 0.2249999999999998668 ) ) ;
#818 = FACE_OUTER_BOUND ( 'NONE', #662, .T. ) ;
#819 =( CONVERSION_BASED_UNIT ( 'INCH', #2997 ) LENGTH_UNIT ( ) NAMED_UNIT ( #3796 ) );
#820 = CARTESIAN_POINT ( 'NONE',  ( -1.124999999999962697, 0.7749959624358327970, -0.1400000000000000133 ) ) ;
#821 = CARTESIAN_POINT ( 'NONE',  ( -1.724999999999954348, -0.5150040375641772306, -0.4000000000000020761 ) ) ;
#822 = AXIS2_PLACEMENT_3D ( 'NONE', #2393, #2716, #1167 ) ;
#823 = ORIENTED_EDGE ( 'NONE', *, *, #690, .T. ) ;
#824 = CARTESIAN_POINT ( 'NONE',  ( 0.2643800855243976788, -0.5248624488360013052, -0.6724396035956602402 ) ) ;
#825 = EDGE_LOOP ( 'NONE', ( #1798, #2894, #3774, #2707, #2162, #2816, #100 ) ) ;
#826 = CIRCLE ( 'NONE', #321, 0.1499999999999999944 ) ;
#827 = CARTESIAN_POINT ( 'NONE',  ( 0.4297157796602336655, -0.1385387206594688447, -0.8240985500094044625 ) ) ;
#828 = DIRECTION ( 'NONE',  ( 0.000000000000000000, 0.000000000000000000, 1.000000000000000000 ) ) ;
#829 = EDGE_CURVE ( 'NONE', #2113, #736, #1251, .T. ) ;
#830 = ORIENTED_EDGE ( 'NONE', *, *, #1309, .T. ) ;
#831 = VERTEX_POINT ( 'NONE', #2476 ) ;
#832 = CARTESIAN_POINT ( 'NONE',  ( -1.749999999999954925, 0.4374959624358181198, -0.08299999999994507605 ) ) ;
#833 = DIRECTION ( 'NONE',  ( -1.000000000000000000, 0.000000000000000000, 0.000000000000000000 ) ) ;
#834 = ORIENTED_EDGE ( 'NONE', *, *, #3851, .T. ) ;
#835 = ORIENTED_EDGE ( 'NONE', *, *, #376, .F. ) ;
#836 = DIRECTION ( 'NONE',  ( -1.000000000000000000, 0.000000000000000000, 1.200357451761564060E-14 ) ) ;
#837 = EDGE_CURVE ( 'NONE', #3923, #2606, #3722, .T. ) ;
#838 = CARTESIAN_POINT ( 'NONE',  ( 0.5902675384047985085, 0.3285686536212790165, -0.1696269130702837413 ) ) ;
#839 = PLANE ( 'NONE',  #435 ) ;
#840 = DIRECTION ( 'NONE',  ( 1.000000000000000000, 0.000000000000000000, 0.000000000000000000 ) ) ;
#841 = ORIENTED_EDGE ( 'NONE', *, *, #2950, .F. ) ;
#842 = CARTESIAN_POINT ( 'NONE',  ( 0.2999375280503226993, -0.5720254591477222927, -0.6747876961623058278 ) ) ;
#843 = ORIENTED_EDGE ( 'NONE', *, *, #2376, .T. ) ;
#844 = DIRECTION ( 'NONE',  ( -1.200357451761578890E-14, -1.200357451761578417E-14, -1.000000000000000000 ) ) ;
#845 = CARTESIAN_POINT ( 'NONE',  ( 2.961172999999999809E-15, 0.03331245857045598419, -0.1250000000000000000 ) ) ;
#846 = DIRECTION ( 'NONE',  ( -0.7283192600865641131, 0.4388088937843661053, 0.5263058142588781241 ) ) ;
#847 = VECTOR ( 'NONE', #280, 39.37007874015748143 ) ;
#848 = VERTEX_POINT ( 'NONE', #2495 ) ;
#849 = ORIENTED_EDGE ( 'NONE', *, *, #399, .F. ) ;
#850 = DIRECTION ( 'NONE',  ( 1.000000000000000000, 0.000000000000000000, 0.000000000000000000 ) ) ;
#851 = CARTESIAN_POINT ( 'NONE',  ( 0.6847549619725529224, 0.3202083786508128083, 0.07497531237190060982 ) ) ;
#852 = CARTESIAN_POINT ( 'NONE',  ( 0.09999999999999410749, -0.1875000000000122125, -0.1250000000000000000 ) ) ;
#853 = ORIENTED_EDGE ( 'NONE', *, *, #2646, .F. ) ;
#854 = DIRECTION ( 'NONE',  ( 1.639108796198580414E-15, 1.639108796198580414E-15, -1.000000000000000000 ) ) ;
#855 = CARTESIAN_POINT ( 'NONE',  ( 2.692290999999999634E-15, 2.070565999999999969E-14, -0.1250000000000000000 ) ) ;
#856 = EDGE_CURVE ( 'NONE', #2619, #341, #3273, .T. ) ;
#857 = AXIS2_PLACEMENT_3D ( 'NONE', #331, #1876, #1278 ) ;
#858 = DIRECTION ( 'NONE',  ( 0.000000000000000000, 1.000000000000000000, 0.000000000000000000 ) ) ;
#859 = CARTESIAN_POINT ( 'NONE',  ( 56.95019614331658175, -33.99275226648953208, 56.58971679585668113 ) ) ;
#860 = VECTOR ( 'NONE', #1344, 39.37007874015748143 ) ;
#861 = EDGE_CURVE ( 'NONE', #848, #1036, #3091, .T. ) ;
#862 = DIRECTION ( 'NONE',  ( -1.200357451761587883E-14, -1.200357451761588357E-14, -1.000000000000000000 ) ) ;
#863 = CARTESIAN_POINT ( 'NONE',  ( -1.864999999999956692, -0.5150040375641732338, -0.2350000000000000144 ) ) ;
#864 = EDGE_LOOP ( 'NONE', ( #2496, #1690, #3521, #2183, #451 ) ) ;
#865 = CARTESIAN_POINT ( 'NONE',  ( 0.5556052244231293180, -0.1290775009373081317, -0.8201304688651867014 ) ) ;
#866 = DIRECTION ( 'NONE',  ( 1.000000000000000000, 0.000000000000000000, 0.000000000000000000 ) ) ;
#867 = EDGE_LOOP ( 'NONE', ( #414, #2263, #3464, #1272, #3867, #251, #586, #1132, #86, #3312, #3680, #2134 ) ) ;
#868 = FACE_OUTER_BOUND ( 'NONE', #3142, .T. ) ;
#869 = EDGE_CURVE ( 'NONE', #2337, #2196, #1273, .T. ) ;
#870 = AXIS2_PLACEMENT_3D ( 'NONE', #3432, #1886, #3760 ) ;
#871 = DIRECTION ( 'NONE',  ( 0.000000000000000000, -1.000000000000000000, -7.317449983029160220E-15 ) ) ;
#872 = DIRECTION ( 'NONE',  ( 0.000000000000000000, 1.000000000000000000, -1.200357451761559327E-14 ) ) ;
#873 = ORIENTED_EDGE ( 'NONE', *, *, #3706, .F. ) ;
#874 = VECTOR ( 'NONE', #3341, 39.37007874015748143 ) ;
#875 = PRODUCT_DEFINITION ( 'UNKNOWN', '', #3687, #3359 ) ;
#876 = VECTOR ( 'NONE', #2186, 39.37007874015748143 ) ;
#877 = LINE ( 'NONE', #577, #3160 ) ;
#878 = LINE ( 'NONE', #2775, #1718 ) ;
#879 = ORIENTED_EDGE ( 'NONE', *, *, #3598, .F. ) ;
#880 = FACE_OUTER_BOUND ( 'NONE', #1448, .T. ) ;
#881 = CIRCLE ( 'NONE', #1270, 0.08250000000000000389 ) ;
#882 = DIRECTION ( 'NONE',  ( 7.927237481614998119E-15, -7.927237481614979186E-15, 1.000000000000000000 ) ) ;
#883 = LINE ( 'NONE', #2715, #2691 ) ;
#884 =( CONVERSION_BASED_UNIT ( 'INCH', #1518 ) LENGTH_UNIT ( ) NAMED_UNIT ( #3485 ) );
#885 = CARTESIAN_POINT ( 'NONE',  ( -1.593752260393884512, 0.2556094919734566151, 0.01732283464566225853 ) ) ;
#886 = EDGE_CURVE ( 'NONE', #3396, #3910, #971, .T. ) ;
#887 = ORIENTED_EDGE ( 'NONE', *, *, #1595, .T. ) ;
#888 = SHAPE_REPRESENTATION ( 'PART3', ( #1072 ), #237 ) ;
#889 = PLANE ( 'NONE',  #1208 ) ;
#890 = ORIENTED_EDGE ( 'NONE', *, *, #393, .F. ) ;
#891 = CARTESIAN_POINT ( 'NONE',  ( 0.6229272430973009644, -0.1225667840398210889, -0.6210849048134368111 ) ) ;
#892 = ORIENTED_EDGE ( 'NONE', *, *, #3181, .F. ) ;
#893 = DIRECTION ( 'NONE',  ( 1.000000000000000000, 0.000000000000000000, -7.927237481615080160E-15 ) ) ;
#894 = ADVANCED_FACE ( 'NONE', ( #951 ), #3436, .F. ) ;
#895 = VECTOR ( 'NONE', #128, 39.37007874015748143 ) ;
#896 = AXIS2_PLACEMENT_3D ( 'NONE', #3612, #1494, #906 ) ;
#897 = DIRECTION ( 'NONE',  ( 1.000000000000000000, -1.637579000000000004E-13, 1.110223000000000055E-14 ) ) ;
#898 = CARTESIAN_POINT ( 'NONE',  ( -0.1000000000000060979, -0.1875000000000098532, -0.1250000000000000000 ) ) ;
#899 = EDGE_LOOP ( 'NONE', ( #1088, #326 ) ) ;
#900 = DIRECTION ( 'NONE',  ( 1.000000000000000000, 0.000000000000000000, -1.087181999737479478E-14 ) ) ;
#901 = DIRECTION ( 'NONE',  ( 0.000000000000000000, 0.000000000000000000, -1.000000000000000000 ) ) ;
#902 = VERTEX_POINT ( 'NONE', #3110 ) ;
#903 = PLANE ( 'NONE',  #2732 ) ;
#904 = FACE_OUTER_BOUND ( 'NONE', #1878, .T. ) ;
#905 = CARTESIAN_POINT ( 'NONE',  ( -1.749999999999954925, 0.3749959624358200627, 0.06950000000005492062 ) ) ;
#906 = DIRECTION ( 'NONE',  ( 0.000000000000000000, -1.000000000000000000, -7.317449983029160220E-15 ) ) ;
#907 = EDGE_LOOP ( 'NONE', ( #2787, #82, #246, #3630, #1071, #3262, #2602 ) ) ;
#908 = DIRECTION ( 'NONE',  ( 0.000000000000000000, 0.000000000000000000, -1.000000000000000000 ) ) ;
#909 = ORIENTED_EDGE ( 'NONE', *, *, #970, .T. ) ;
#910 = EDGE_CURVE ( 'NONE', #3891, #2337, #1197, .T. ) ;
#911 = CARTESIAN_POINT ( 'NONE',  ( 0.5835512148518301467, -0.1230168982546190337, -0.8056009956755438850 ) ) ;
#912 = VERTEX_POINT ( 'NONE', #1889 ) ;
#913 = LINE ( 'NONE', #4035, #3729 ) ;
#914 = EDGE_CURVE ( 'NONE', #2570, #70, #3416, .T. ) ;
#915 = LINE ( 'NONE', #2160, #1341 ) ;
#916 = FACE_OUTER_BOUND ( 'NONE', #2093, .T. ) ;
#917 = ORIENTED_EDGE ( 'NONE', *, *, #3075, .F. ) ;
#918 = EDGE_CURVE ( 'NONE', #831, #2173, #34, .T. ) ;
#919 = CARTESIAN_POINT ( 'NONE',  ( 0.2499999999999929223, -0.1875000000000110467, 0.06250000000000000000 ) ) ;
#920 = DIRECTION ( 'NONE',  ( -0.6114276612130539190, -0.06940012241047888164, -0.7882511262998268542 ) ) ;
#921 = EDGE_LOOP ( 'NONE', ( #1577, #786, #4024, #2024 ) ) ;
#922 = ADVANCED_FACE ( 'NONE', ( #1582 ), #3067, .F. ) ;
#923 = CARTESIAN_POINT ( 'NONE',  ( -1.724999999999954792, -0.3750040375641728319, -0.2350000000000000144 ) ) ;
#924 = CARTESIAN_POINT ( 'NONE',  ( -2.249999999999952927, -0.6250040375641771062, -0.4000000000000000222 ) ) ;
#925 = LINE ( 'NONE', #2172, #1346 ) ;
#926 = ORIENTED_EDGE ( 'NONE', *, *, #1599, .T. ) ;
#927 = AXIS2_PLACEMENT_3D ( 'NONE', #1707, #789, #2989 ) ;
#928 = DIRECTION ( 'NONE',  ( -1.000000000000000000, 0.000000000000000000, 0.000000000000000000 ) ) ;
#929 = CIRCLE ( 'NONE', #1397, 0.08250000000000000389 ) ;
#930 = ORIENTED_EDGE ( 'NONE', *, *, #1159, .F. ) ;
#931 = CARTESIAN_POINT ( 'NONE',  ( 0.6074079537032488485, -0.1187215883761632979, -0.7843243352378064248 ) ) ;
#932 = ORIENTED_EDGE ( 'NONE', *, *, #3059, .F. ) ;
#933 = DIRECTION ( 'NONE',  ( 7.927237481614998119E-15, -7.927237481614979186E-15, 1.000000000000000000 ) ) ;
#934 = ORIENTED_EDGE ( 'NONE', *, *, #3408, .F. ) ;
#935 = CARTESIAN_POINT ( 'NONE',  ( -1.249999999999962697, 0.7499959624358228938, -0.08299999999994507605 ) ) ;
#936 = DIRECTION ( 'NONE',  ( 0.000000000000000000, 0.000000000000000000, -1.000000000000000000 ) ) ;
#937 = ORIENTED_EDGE ( 'NONE', *, *, #2751, .F. ) ;
#938 = EDGE_CURVE ( 'NONE', #628, #637, #3452, .T. ) ;
#939 = DIRECTION ( 'NONE',  ( -0.7071067811865170416, -0.7071067811865779928, -3.035511999999999931E-15 ) ) ;
#940 = DIRECTION ( 'NONE',  ( 0.000000000000000000, 0.000000000000000000, -1.000000000000000000 ) ) ;
#941 = AXIS2_PLACEMENT_3D ( 'NONE', #3605, #1041, #1709 ) ;
#942 = ORIENTED_EDGE ( 'NONE', *, *, #1945, .T. ) ;
#943 = EDGE_CURVE ( 'NONE', #1849, #816, #3171, .T. ) ;
#944 = CARTESIAN_POINT ( 'NONE',  ( -0.7499999999999528155, -0.6250040375641653378, 0.3750000000000000555 ) ) ;
#945 = AXIS2_PLACEMENT_3D ( 'NONE', #3381, #1529, #3772 ) ;
#946 = DIRECTION ( 'NONE',  ( -0.3093659168209799137, -0.8958964101642372668, 0.3188453414499691219 ) ) ;
#947 = EDGE_CURVE ( 'NONE', #1156, #1949, #179, .T. ) ;
#948 = DIRECTION ( 'NONE',  ( 1.000000000000000000, 0.000000000000000000, 0.000000000000000000 ) ) ;
#949 = ORIENTED_EDGE ( 'NONE', *, *, #743, .F. ) ;
#950 = VECTOR ( 'NONE', #3842, 39.37007874015748143 ) ;
#951 = FACE_OUTER_BOUND ( 'NONE', #422, .T. ) ;
#952 = ORIENTED_EDGE ( 'NONE', *, *, #2402, .F. ) ;
#953 = VECTOR ( 'NONE', #1078, 39.37007874015748143 ) ;
#954 = CARTESIAN_POINT ( 'NONE',  ( -0.7499999999999586997, 0.1249959624358379928, -0.4000000000000000222 ) ) ;
#955 = CARTESIAN_POINT ( 'NONE',  ( 0.2855628705091329822, -0.6709930001413159095, -0.6423733021764421736 ) ) ;
#956 = CARTESIAN_POINT ( 'NONE',  ( -1.249999999999962697, 0.4374959624358181198, 0.06950000000005492062 ) ) ;
#957 = AXIS2_PLACEMENT_3D ( 'NONE', #3690, #350, #1555 ) ;
#958 = VERTEX_POINT ( 'NONE', #13 ) ;
#959 = DIRECTION ( 'NONE',  ( 0.000000000000000000, 0.000000000000000000, 1.000000000000000000 ) ) ;
#960 = CARTESIAN_POINT ( 'NONE',  ( 0.5495682659565535033, -0.8927570766997361407, -0.3476858833192830178 ) ) ;
#961 = VERTEX_POINT ( 'NONE', #1906 ) ;
#962 = AXIS2_PLACEMENT_3D ( 'NONE', #2852, #1016, #1939 ) ;
#963 = DIRECTION ( 'NONE',  ( -7.687537643983152680E-15, 0.7071067811865549002, -0.7071067811865402453 ) ) ;
#964 = VECTOR ( 'NONE', #1757, 39.37007874015748854 ) ;
#965 = ORIENTED_EDGE ( 'NONE', *, *, #2673, .F. ) ;
#966 = DIRECTION ( 'NONE',  ( 0.000000000000000000, 0.000000000000000000, 1.000000000000000000 ) ) ;
#967 = DIRECTION ( 'NONE',  ( 0.000000000000000000, -0.7680628461782165184, 0.6403744719463896340 ) ) ;
#968 = ITEM_DEFINED_TRANSFORMATION ( 'NONE', 'NONE', #1207,  #1072 ) ;
#969 = EDGE_LOOP ( 'NONE', ( #2685, #2507, #483, #3640 ) ) ;
#970 = EDGE_CURVE ( 'NONE', #3923, #2050, #1522, .T. ) ;
#971 = LINE ( 'NONE', #585, #2043 ) ;
#972 = VERTEX_POINT ( 'NONE', #2844 ) ;
#973 = CARTESIAN_POINT ( 'NONE',  ( -1.399999999999962608, 0.6249959624358327748, 0.06950000000005492062 ) ) ;
#974 = DIRECTION ( 'NONE',  ( -1.000000000000000000, -0.000000000000000000, -0.000000000000000000 ) ) ;
#975 = DIRECTION ( 'NONE',  ( 0.6114276612130539190, 0.06940012241047829877, 0.7882511262998266321 ) ) ;
#976 = ORIENTED_EDGE ( 'NONE', *, *, #1205, .F. ) ;
#977 = DIRECTION ( 'NONE',  ( -0.6114276612130539190, -0.06940012241047888164, -0.7882511262998268542 ) ) ;
#978 = CARTESIAN_POINT ( 'NONE',  ( -2.062499999999960476, -0.1675040375641760060, -0.4000000000000000222 ) ) ;
#979 = ORIENTED_EDGE ( 'NONE', *, *, #3803, .F. ) ;
#980 = CARTESIAN_POINT ( 'NONE',  ( 1.159716454993210633, 0.2785489327197468445, -0.3849205407408110569 ) ) ;
#981 = ORIENTED_EDGE ( 'NONE', *, *, #1042, .F. ) ;
#982 = PLANE ( 'NONE',  #1250 ) ;
#983 = LENGTH_MEASURE_WITH_UNIT ( LENGTH_MEASURE( 0.02539999999999999897 ), #85 );
#984 = APPLICATION_PROTOCOL_DEFINITION ( 'draft international standard', 'automotive_design', 1998, #2141 ) ;
#985 = ORIENTED_EDGE ( 'NONE', *, *, #3854, .T. ) ;
#986 = EDGE_CURVE ( 'NONE', #4012, #2403, #1292, .T. ) ;
#987 = CARTESIAN_POINT ( 'NONE',  ( 0.5125883213271447136, -0.8793546448017990347, -0.3459080428528428786 ) ) ;
#988 = CARTESIAN_POINT ( 'NONE',  ( -1.187499999999962697, 0.8124959624358227828, -0.08299999999994507605 ) ) ;
#989 = CARTESIAN_POINT ( 'NONE',  ( 0.1508596196986631555, -0.6221736448247521256, -0.5547724037336576597 ) ) ;
#990 = CARTESIAN_POINT ( 'NONE',  ( -1.599999999999954792, 0.8124959624358208954, 0.2570000000000551288 ) ) ;
#991 = VECTOR ( 'NONE', #2609, 39.37007874015748143 ) ;
#992 = VERTEX_POINT ( 'NONE', #1214 ) ;
#993 = ADVANCED_FACE ( 'NONE', ( #3703 ), #2289, .T. ) ;
#994 = CARTESIAN_POINT ( 'NONE',  ( 0.7024251812598170108, -0.8754070460971160594, -0.1506231017443259712 ) ) ;
#995 = EDGE_CURVE ( 'NONE', #531, #3438, #2877, .T. ) ;
#996 = CARTESIAN_POINT ( 'NONE',  ( 0.3755746364612611021, -0.2474507606369002466, -0.2714736570509984070 ) ) ;
#997 = ORIENTED_EDGE ( 'NONE', *, *, #1967, .F. ) ;
#998 = DIRECTION ( 'NONE',  ( 0.000000000000000000, 1.000000000000000000, 0.000000000000000000 ) ) ;
#999 = ORIENTED_EDGE ( 'NONE', *, *, #812, .T. ) ;
#1000 = DIRECTION ( 'NONE',  ( 0.000000000000000000, 0.000000000000000000, -1.000000000000000000 ) ) ;
#1001 = AXIS2_PLACEMENT_3D ( 'NONE', #1144, #2066, #3653 ) ;
#1002 = VECTOR ( 'NONE', #2392, 39.37007874015748854 ) ;
#1003 = PLANE ( 'NONE',  #1193 ) ;
#1004 = CARTESIAN_POINT ( 'NONE',  ( 0.000000000000000000, 0.000000000000000000, 0.000000000000000000 ) ) ;
#1005 = VECTOR ( 'NONE', #2197, 39.37007874015748143 ) ;
#1006 = ORIENTED_EDGE ( 'NONE', *, *, #2736, .F. ) ;
#1007 = AXIS2_PLACEMENT_3D ( 'NONE', #2322, #432, #491 ) ;
#1008 = DIRECTION ( 'NONE',  ( 0.000000000000000000, 0.000000000000000000, 1.000000000000000000 ) ) ;
#1009 = DIRECTION ( 'NONE',  ( 0.000000000000000000, 0.000000000000000000, 1.000000000000000000 ) ) ;
#1010 = CARTESIAN_POINT ( 'NONE',  ( -1.812499999999956701, 0.7499959624358327748, 0.2570000000000551288 ) ) ;
#1011 = CARTESIAN_POINT ( 'NONE',  ( -1.593752260393900944, 0.2499959624358240318, 0.1826771653543305118 ) ) ;
#1012 = CIRCLE ( 'NONE', #103, 0.1000000000000000194 ) ;
#1013 = ORIENTED_EDGE ( 'NONE', *, *, #1063, .F. ) ;
#1014 = VECTOR ( 'NONE', #241, 39.37007874015748143 ) ;
#1015 = LINE ( 'NONE', #1665, #1129 ) ;
#1016 = DIRECTION ( 'NONE',  ( -0.6114276612130539190, -0.06940012241047888164, -0.7882511262998268542 ) ) ;
#1017 = AXIS2_PLACEMENT_3D ( 'NONE', #77, #61, #2884 ) ;
#1018 = EDGE_LOOP ( 'NONE', ( #1400, #1457, #592, #1467 ) ) ;
#1019 = ADVANCED_FACE ( 'NONE', ( #738 ), #1950, .F. ) ;
#1020 = EDGE_CURVE ( 'NONE', #2614, #2340, #704, .T. ) ;
#1021 = DIRECTION ( 'NONE',  ( -0.3093659168209919597, -0.8958964101642258315, 0.3188453414499889393 ) ) ;
#1022 = ORIENTED_EDGE ( 'NONE', *, *, #496, .F. ) ;
#1023 = VECTOR ( 'NONE', #647, 39.37007874015748854 ) ;
#1024 = DIRECTION ( 'NONE',  ( 0.7337542253280812110, 0.3232096824279661051, -0.5976121133293740284 ) ) ;
#1025 = UNCERTAINTY_MEASURE_WITH_UNIT (LENGTH_MEASURE( 1.000000000000000082E-05 ), #3206, 'distance_accuracy_value', 'NONE');
#1026 = CARTESIAN_POINT ( 'NONE',  ( 0.09999999999999410749, -0.1875000000000122125, 0.06250000000000000000 ) ) ;
#1027 = VECTOR ( 'NONE', #2552, 39.37007874015748143 ) ;
#1028 = ORIENTED_EDGE ( 'NONE', *, *, #3954, .F. ) ;
#1029 = DIRECTION ( 'NONE',  ( 0.6114276612130538080, 0.06940012241047900654, 0.7882511262998268542 ) ) ;
#1030 = LINE ( 'NONE', #2274, #3959 ) ;
#1031 = CARTESIAN_POINT ( 'NONE',  ( 0.1831316801976304309, -0.6864074833834614697, -0.5981237929978141521 ) ) ;
#1032 = CARTESIAN_POINT ( 'NONE',  ( -1.624626309066808494, 0.1678805593436530352, 0.1111108549701332049 ) ) ;
#1033 = ORIENTED_EDGE ( 'NONE', *, *, #3178, .F. ) ;
#1034 = CARTESIAN_POINT ( 'NONE',  ( 0.1551886716380592168, -0.5833611544933028359, -0.5461561248291768589 ) ) ;
#1035 = CARTESIAN_POINT ( 'NONE',  ( -1.414999999999958291, 0.1249959624358320254, -0.1400000000000000133 ) ) ;
#1036 = VERTEX_POINT ( 'NONE', #2607 ) ;
#1037 = PLANE ( 'NONE',  #1519 ) ;
#1038 = EDGE_CURVE ( 'NONE', #2230, #3226, #1678, .T. ) ;
#1039 = ORIENTED_EDGE ( 'NONE', *, *, #3221, .T. ) ;
#1040 = CARTESIAN_POINT ( 'NONE',  ( -0.3124999999999869549, 0.1874999999999921174, -0.1250000000000000000 ) ) ;
#1041 = DIRECTION ( 'NONE',  ( 0.000000000000000000, 0.000000000000000000, -1.000000000000000000 ) ) ;
#1042 = EDGE_CURVE ( 'NONE', #2588, #1589, #3886, .T. ) ;
#1043 = VERTEX_POINT ( 'NONE', #3510 ) ;
#1044 = CARTESIAN_POINT ( 'NONE',  ( -0.2500000000000071054, 0.2499999999999948652, 0.06250000000000000000 ) ) ;
#1045 = DIRECTION ( 'NONE',  ( -1.000000000000000000, 0.000000000000000000, 0.000000000000000000 ) ) ;
#1046 =( NAMED_UNIT ( * ) PLANE_ANGLE_UNIT ( ) SI_UNIT ( $, .RADIAN. ) );
#1047 = CIRCLE ( 'NONE', #3319, 0.1399999999999998745 ) ;
#1048 = CARTESIAN_POINT ( 'NONE',  ( -1.608463844161967637, 0.3046297721181912554, 0.03772548416777939118 ) ) ;
#1049 = EDGE_LOOP ( 'NONE', ( #3375, #1863, #2641, #3776 ) ) ;
#1050 = CARTESIAN_POINT ( 'NONE',  ( 0.1858261441067404485, -0.5104682488706718813, -0.5867336140464040062 ) ) ;
#1051 = CARTESIAN_POINT ( 'NONE',  ( 0.3754198236242108355, -0.1185968327892357038, -0.7971103400577673748 ) ) ;
#1052 = ORIENTED_EDGE ( 'NONE', *, *, #519, .F. ) ;
#1053 = VECTOR ( 'NONE', #844, 39.37007874015748143 ) ;
#1054 = PLANE ( 'NONE',  #3144 ) ;
#1055 = CIRCLE ( 'NONE', #3333, 0.1400000000000000133 ) ;
#1056 = VERTEX_POINT ( 'NONE', #2916 ) ;
#1057 = DIRECTION ( 'NONE',  ( -0.6114276612130539190, -0.06940012241047878450, -0.7882511262998268542 ) ) ;
#1058 = DIRECTION ( 'NONE',  ( 1.639108796198580414E-15, 1.639108796198580414E-15, -1.000000000000000000 ) ) ;
#1059 = ORIENTED_EDGE ( 'NONE', *, *, #94, .F. ) ;
#1060 = EDGE_CURVE ( 'NONE', #1824, #1705, #2571, .T. ) ;
#1061 = VECTOR ( 'NONE', #3301, 39.37007874015748143 ) ;
#1062 = LINE ( 'NONE', #384, #700 ) ;
#1063 = EDGE_CURVE ( 'NONE', #1646, #277, #3821, .T. ) ;
#1064 = CARTESIAN_POINT ( 'NONE',  ( 0.5293644726313637694, -0.2299948388120389986, -0.07320815605282204874 ) ) ;
#1065 = CARTESIAN_POINT ( 'NONE',  ( -1.617788068210244790, 0.3213424071140202898, 0.1421090630195657734 ) ) ;
#1066 = VERTEX_POINT ( 'NONE', #1966 ) ;
#1067 = VECTOR ( 'NONE', #2629, 39.37007874015748143 ) ;
#1068 = CARTESIAN_POINT ( 'NONE',  ( -1.724999999999954792, -0.3750040375641728319, -0.2350000000000000144 ) ) ;
#1069 = ORIENTED_EDGE ( 'NONE', *, *, #120, .T. ) ;
#1070 = CARTESIAN_POINT ( 'NONE',  ( -1.749999999999955369, 0.8124959624358208954, 0.2570000000000551288 ) ) ;
#1071 = ORIENTED_EDGE ( 'NONE', *, *, #611, .T. ) ;
#1072 = AXIS2_PLACEMENT_3D ( 'NONE', #797, #130, #2918 ) ;
#1073 = LINE ( 'NONE', #2317, #2935 ) ;
#1074 = ORIENTED_EDGE ( 'NONE', *, *, #3783, .F. ) ;
#1075 = ORIENTED_EDGE ( 'NONE', *, *, #516, .T. ) ;
#1076 = PLANE ( 'NONE',  #1866 ) ;
#1077 = EDGE_CURVE ( 'NONE', #1036, #3763, #1062, .T. ) ;
#1078 = DIRECTION ( 'NONE',  ( 2.069581813381986640E-16, -2.069581813381981463E-16, 1.000000000000000000 ) ) ;
#1079 = AXIS2_PLACEMENT_3D ( 'NONE', #3204, #1931, #1366 ) ;
#1080 = CARTESIAN_POINT ( 'NONE',  ( -1.124999999999954703, 0.1249959624358320948, 0.3750000000000000555 ) ) ;
#1081 = EDGE_CURVE ( 'NONE', #2237, #1899, #2518, .T. ) ;
#1082 = AXIS2_PLACEMENT_3D ( 'NONE', #636, #3501, #2867 ) ;
#1083 = DIRECTION ( 'NONE',  ( 1.000000000000000000, 0.000000000000000000, 0.000000000000000000 ) ) ;
#1084 = EDGE_CURVE ( 'NONE', #1589, #2588, #51, .T. ) ;
#1085 = CARTESIAN_POINT ( 'NONE',  ( -1.614283674619352515, 0.3153950789437658386, 0.1508570930803691812 ) ) ;
#1086 = ORIENTED_EDGE ( 'NONE', *, *, #938, .T. ) ;
#1087 = DIRECTION ( 'NONE',  ( 0.6114276612130579158, 0.06940012241048779118, 0.7882511262998228574 ) ) ;
#1088 = ORIENTED_EDGE ( 'NONE', *, *, #1872, .T. ) ;
#1089 = FACE_OUTER_BOUND ( 'NONE', #1274, .T. ) ;
#1090 = VERTEX_POINT ( 'NONE', #1657 ) ;
#1091 = CARTESIAN_POINT ( 'NONE',  ( -2.249999999999960920, 0.1249959624358190913, 0.3750000000000000555 ) ) ;
#1092 = ORIENTED_EDGE ( 'NONE', *, *, #3389, .F. ) ;
#1093 = ORIENTED_EDGE ( 'NONE', *, *, #2266, .F. ) ;
#1094 = CYLINDRICAL_SURFACE ( 'NONE', #2099, 0.1570000000000000007 ) ;
#1095 = LINE ( 'NONE', #3878, #1198 ) ;
#1096 = ORIENTED_EDGE ( 'NONE', *, *, #68, .F. ) ;
#1097 = DIRECTION ( 'NONE',  ( 0.000000000000000000, 4.292862239146825332E-15, -1.000000000000000000 ) ) ;
#1098 = DIRECTION ( 'NONE',  ( 0.7283192600865616706, -0.4388088937843739323, -0.5263058142588749044 ) ) ;
#1099 =( NAMED_UNIT ( * ) PLANE_ANGLE_UNIT ( ) SI_UNIT ( $, .RADIAN. ) );
#1100 = CARTESIAN_POINT ( 'NONE',  ( -1.124999999999962697, 0.7749959624358327970, -0.1400000000000000133 ) ) ;
#1101 = EDGE_CURVE ( 'NONE', #200, #1521, #109, .T. ) ;
#1102 = DIRECTION ( 'NONE',  ( 1.000000000000000000, 0.000000000000000000, 0.000000000000000000 ) ) ;
#1103 = ORIENTED_EDGE ( 'NONE', *, *, #2618, .T. ) ;
#1104 = CARTESIAN_POINT ( 'NONE',  ( 0.1141457554447309064, 0.03597651052419000017, -1.296907308362578837 ) ) ;
#1105 = ORIENTED_EDGE ( 'NONE', *, *, #3116, .F. ) ;
#1106 = DIRECTION ( 'NONE',  ( -1.000000000000000000, 0.000000000000000000, 0.000000000000000000 ) ) ;
#1107 = EDGE_CURVE ( 'NONE', #1557, #3732, #3222, .T. ) ;
#1108 = PRODUCT_DEFINITION_SHAPE ( 'NONE', 'NONE',  #4037 ) ;
#1109 = EDGE_CURVE ( 'NONE', #2634, #1215, #37, .T. ) ;
#1110 = DIRECTION ( 'NONE',  ( 0.7283192600865612265, -0.4388088937843742654, -0.5263058142588751265 ) ) ;
#1111 = ORIENTED_EDGE ( 'NONE', *, *, #3706, .T. ) ;
#1112 = ORIENTED_EDGE ( 'NONE', *, *, #1980, .T. ) ;
#1113 = AXIS2_PLACEMENT_3D ( 'NONE', #2418, #1833, #588 ) ;
#1114 = FACE_OUTER_BOUND ( 'NONE', #1401, .T. ) ;
#1115 = CARTESIAN_POINT ( 'NONE',  ( 0.3358053355152357811, -0.03771952686120075282, -0.7107400037951187022 ) ) ;
#1116 = DIRECTION ( 'NONE',  ( 0.000000000000000000, 1.000000000000000000, -7.805279981897896488E-15 ) ) ;
#1117 = ORIENTED_EDGE ( 'NONE', *, *, #2457, .F. ) ;
#1118 = DIRECTION ( 'NONE',  ( 1.000000000000000000, 0.000000000000000000, 0.000000000000000000 ) ) ;
#1119 = DIRECTION ( 'NONE',  ( -0.6114276612130543631, -0.06940012241047993635, -0.7882511262998264101 ) ) ;
#1120 = DIRECTION ( 'NONE',  ( 0.000000000000000000, -2.664534999999999820E-15, 1.000000000000000000 ) ) ;
#1121 = DIRECTION ( 'NONE',  ( 1.000000000000000000, 0.000000000000000000, 0.000000000000000000 ) ) ;
#1122 = ORIENTED_EDGE ( 'NONE', *, *, #2805, .F. ) ;
#1123 = ADVANCED_FACE ( 'NONE', ( #452 ), #2931, .F. ) ;
#1124 = VECTOR ( 'NONE', #2840, 39.37007874015748143 ) ;
#1125 = CARTESIAN_POINT ( 'NONE',  ( -2.062499999999956923, -0.2500040375641759960, -0.4000000000000000222 ) ) ;
#1126 = ORIENTED_EDGE ( 'NONE', *, *, #2646, .T. ) ;
#1127 = FACE_OUTER_BOUND ( 'NONE', #4015, .T. ) ;
#1128 = VECTOR ( 'NONE', #4027, 39.37007874015748854 ) ;
#1129 = VECTOR ( 'NONE', #3228, 39.37007874015748143 ) ;
#1130 = DIRECTION ( 'NONE',  ( 0.000000000000000000, 0.000000000000000000, 1.000000000000000000 ) ) ;
#1131 = EDGE_CURVE ( 'NONE', #184, #992, #72, .T. ) ;
#1132 = ORIENTED_EDGE ( 'NONE', *, *, #397, .F. ) ;
#1133 = ADVANCED_FACE ( 'NONE', ( #682, #1308 ), #2551, .F. ) ;
#1134 = CIRCLE ( 'NONE', #2187, 0.08250000000000000389 ) ;
#1135 = ORIENTED_EDGE ( 'NONE', *, *, #1291, .T. ) ;
#1136 = SURFACE_STYLE_USAGE ( .BOTH. , #2382 ) ;
#1137 = CLOSED_SHELL ( 'NONE', ( #2429, #3411, #2650, #1433, #2878, #2993, #1241, #1265, #993, #621, #143, #1343, #3324, #3520, #98, #3503, #2706 ) ) ;
#1138 = LINE ( 'NONE', #3315, #687 ) ;
#1139 = LINE ( 'NONE', #556, #1128 ) ;
#1140 = MECHANICAL_DESIGN_GEOMETRIC_PRESENTATION_REPRESENTATION (  '', ( #814 ), #2959 ) ;
#1141 = VERTEX_POINT ( 'NONE', #209 ) ;
#1142 = AXIS2_PLACEMENT_3D ( 'NONE', #3190, #2540, #1974 ) ;
#1143 = ORIENTED_EDGE ( 'NONE', *, *, #2166, .T. ) ;
#1144 = CARTESIAN_POINT ( 'NONE',  ( -1.499999999999962697, 0.6249959624358282229, 0.06950000000005489287 ) ) ;
#1145 = CARTESIAN_POINT ( 'NONE',  ( -1.724999999999953904, -0.2350040375641727908, -0.2350000000000000144 ) ) ;
#1146 = PLANE ( 'NONE',  #3621 ) ;
#1147 = DIRECTION ( 'NONE',  ( 1.000000000000000000, 0.000000000000000000, -2.069581813382027563E-16 ) ) ;
#1148 = VECTOR ( 'NONE', #23, 39.37007874015748143 ) ;
#1149 = ORIENTED_EDGE ( 'NONE', *, *, #1948, .T. ) ;
#1150 = DIRECTION ( 'NONE',  ( -1.000000000000000000, 0.000000000000000000, 0.000000000000000000 ) ) ;
#1151 = ORIENTED_EDGE ( 'NONE', *, *, #695, .T. ) ;
#1152 = AXIS2_PLACEMENT_3D ( 'NONE', #1658, #2862, #36 ) ;
#1153 = DIRECTION ( 'NONE',  ( 0.000000000000000000, 0.000000000000000000, 1.000000000000000000 ) ) ;
#1154 = DIRECTION ( 'NONE',  ( 0.6114276612130539190, 0.06940012241047888164, 0.7882511262998268542 ) ) ;
#1155 = ORIENTED_EDGE ( 'NONE', *, *, #2661, .F. ) ;
#1156 = VERTEX_POINT ( 'NONE', #3159 ) ;
#1157 = ADVANCED_FACE ( 'NONE', ( #3121 ), #594, .F. ) ;
#1158 = FACE_BOUND ( 'NONE', #45, .T. ) ;
#1159 = EDGE_CURVE ( 'NONE', #2198, #3122, #3693, .T. ) ;
#1160 = DIRECTION ( 'NONE',  ( 0.000000000000000000, 0.000000000000000000, -1.000000000000000000 ) ) ;
#1161 = LINE ( 'NONE', #3715, #3477 ) ;
#1162 = ORIENTED_EDGE ( 'NONE', *, *, #2813, .T. ) ;
#1163 = VERTEX_POINT ( 'NONE', #2795 ) ;
#1164 = LINE ( 'NONE', #3565, #3668 ) ;
#1165 = CARTESIAN_POINT ( 'NONE',  ( -1.187499999999962697, 0.7499959624358267796, 0.2570000000000551288 ) ) ;
#1166 = EDGE_CURVE ( 'NONE', #2583, #3952, #1301, .T. ) ;
#1167 = DIRECTION ( 'NONE',  ( 0.000000000000000000, 0.1535910949307124629, -0.9881344926466157919 ) ) ;
#1168 = CARTESIAN_POINT ( 'NONE',  ( -1.124999999999962697, 0.8749959624358326638, -0.03999999999999897388 ) ) ;
#1169 = ORIENTED_EDGE ( 'NONE', *, *, #869, .T. ) ;
#1170 = CARTESIAN_POINT ( 'NONE',  ( 0.5922323476209131465, -0.1212353625062220080, -0.7991903537741816832 ) ) ;
#1171 = DIRECTION ( 'NONE',  ( 6.280369999999995199E-15, -0.7071067811865474617, -0.7071067811865474617 ) ) ;
#1172 = DIRECTION ( 'NONE',  ( -1.000000000000000000, -1.056314557550180910E-14, -0.000000000000000000 ) ) ;
#1173 = CARTESIAN_POINT ( 'NONE',  ( -1.399999999999954836, 0.8749959624358326638, -0.03999999999999599015 ) ) ;
#1174 = DIRECTION ( 'NONE',  ( 0.000000000000000000, 1.000000000000000000, 1.639108796198595008E-15 ) ) ;
#1175 = ORIENTED_EDGE ( 'NONE', *, *, #2784, .T. ) ;
#1176 = CARTESIAN_POINT ( 'NONE',  ( 0.3655939309384341196, 0.01444115709460109913, -0.6367176376274140681 ) ) ;
#1177 = EDGE_CURVE ( 'NONE', #352, #816, #1575, .T. ) ;
#1178 = DIRECTION ( 'NONE',  ( 0.7901562682738892951, 0.000000000000000000, -0.6129054345553492933 ) ) ;
#1179 = EDGE_LOOP ( 'NONE', ( #2475, #3771, #2811, #617, #362, #3128, #3894, #2143 ) ) ;
#1180 = DIRECTION ( 'NONE',  ( -6.556435184794252235E-15, 1.000000000000000000, 6.556435184794297989E-15 ) ) ;
#1181 = CARTESIAN_POINT ( 'NONE',  ( -1.378778096038659529, 0.4374959624358299437, 0.06950000000005492062 ) ) ;
#1182 = LINE ( 'NONE', #561, #4004 ) ;
#1183 = EDGE_CURVE ( 'NONE', #3396, #1638, #2628, .T. ) ;
#1184 = AXIS2_PLACEMENT_3D ( 'NONE', #1670, #3234, #3813 ) ;
#1185 = LINE ( 'NONE', #2153, #1284 ) ;
#1186 = ORIENTED_EDGE ( 'NONE', *, *, #3053, .F. ) ;
#1187 = FACE_OUTER_BOUND ( 'NONE', #2010, .T. ) ;
#1188 = VERTEX_POINT ( 'NONE', #2814 ) ;
#1189 = DIRECTION ( 'NONE',  ( 0.000000000000000000, 0.000000000000000000, -1.000000000000000000 ) ) ;
#1190 = DIRECTION ( 'NONE',  ( 0.3093659168209969557, 0.8958964101642267197, -0.3188453414499819449 ) ) ;
#1191 = CARTESIAN_POINT ( 'NONE',  ( -2.062499999999956923, -0.2500040375641759960, 0.2100000000000000200 ) ) ;
#1192 = CIRCLE ( 'NONE', #1711, 0.06749999999999997669 ) ;
#1193 = AXIS2_PLACEMENT_3D ( 'NONE', #381, #3199, #967 ) ;
#1194 = LINE ( 'NONE', #3073, #1868 ) ;
#1195 = CARTESIAN_POINT ( 'NONE',  ( 0.4727666293853661772, 0.2038790307979571059, -1.653295226251675132 ) ) ;
#1196 = ORIENTED_EDGE ( 'NONE', *, *, #2410, .T. ) ;
#1197 = CIRCLE ( 'NONE', #679, 0.08250000000000000389 ) ;
#1198 = VECTOR ( 'NONE', #3580, 39.37007874015748143 ) ;
#1199 = VECTOR ( 'NONE', #3735, 39.37007874015748143 ) ;
#1200 = DIRECTION ( 'NONE',  ( -1.000000000000000000, 0.000000000000000000, 0.000000000000000000 ) ) ;
#1201 = DIRECTION ( 'NONE',  ( 0.6114276612130538080, 0.06940012241047900654, 0.7882511262998268542 ) ) ;
#1202 = VERTEX_POINT ( 'NONE', #6 ) ;
#1203 = DIRECTION ( 'NONE',  ( 1.000000000000000000, 0.000000000000000000, 0.000000000000000000 ) ) ;
#1204 = AXIS2_PLACEMENT_3D ( 'NONE', #566, #2440, #1499 ) ;
#1205 = EDGE_CURVE ( 'NONE', #3692, #3599, #3140, .T. ) ;
#1206 = CARTESIAN_POINT ( 'NONE',  ( -0.2500000000000058842, 0.2499999999999948652, -0.1250000000000000000 ) ) ;
#1207 = AXIS2_PLACEMENT_3D ( 'NONE', #2366, #3610, #1210 ) ;
#1208 = AXIS2_PLACEMENT_3D ( 'NONE', #863, #1785, #840 ) ;
#1209 = CARTESIAN_POINT ( 'NONE',  ( -1.749999999999948930, 0.8124959624358208954, 0.2570000000000551288 ) ) ;
#1210 = DIRECTION ( 'NONE',  ( -0.7283192600865550093, 0.4388088937843740434, 0.5263058142588838972 ) ) ;
#1211 = LINE ( 'NONE', #1473, #3583 ) ;
#1212 = ORIENTED_EDGE ( 'NONE', *, *, #3904, .F. ) ;
#1213 = ADVANCED_FACE ( 'NONE', ( #319 ), #2835, .T. ) ;
#1214 = CARTESIAN_POINT ( 'NONE',  ( -1.124999999999954703, 0.1249959624358330662, -0.1400000000000000133 ) ) ;
#1215 = VERTEX_POINT ( 'NONE', #2146 ) ;
#1216 = LINE ( 'NONE', #3705, #500 ) ;
#1217 = ADVANCED_FACE ( 'NONE', ( #356, #1617 ), #1558, .F. ) ;
#1218 = CARTESIAN_POINT ( 'NONE',  ( -1.124999999999962697, 0.8749959624358326638, 0.3750000000000000555 ) ) ;
#1219 = CIRCLE ( 'NONE', #1152, 0.06249999999999995143 ) ;
#1220 = CARTESIAN_POINT ( 'NONE',  ( -1.874835192616437052, 0.3749959624358220056, 0.2570000000000551288 ) ) ;
#1221 = EDGE_CURVE ( 'NONE', #1705, #1949, #1285, .T. ) ;
#1222 = DIRECTION ( 'NONE',  ( 4.097771990496344538E-16, 4.097771990496340593E-16, -1.000000000000000000 ) ) ;
#1223 = EDGE_LOOP ( 'NONE', ( #1033, #257, #2224, #1957 ) ) ;
#1224 = CARTESIAN_POINT ( 'NONE',  ( -2.249999999999952927, -0.6250040375641771062, -0.4000000000000000222 ) ) ;
#1225 = B_SPLINE_CURVE_WITH_KNOTS ( 'NONE', 3,
 ( #3659, #2462, #2137, #15, #485, #865, #2804, #911, #1170, #931, #310, #3069, #3418, #630, #344, #3685, #2719, #2478, #265, #2114, #2157, #3724, #891, #1852, #3354, #3049, #565, #2742, #1498, #3377, #3092, #587, #2788, #2176, #1875, #3148, #1585, #365 ),
 .UNSPECIFIED., .F., .F.,
 ( 4, 2, 2, 2, 2, 2, 2, 2, 2, 2, 2, 2, 2, 2, 2, 2, 2, 2, 4 ),
 ( 0.009337669098305209289, 0.01014721175191559896, 0.01095675440552598863, 0.01176629705913637830, 0.01257583971274676624, 0.01338538236635715591, 0.01379015369316235681, 0.01419492501996755945, 0.01500446767357797515, 0.01581401032718839084, 0.01662355298079881000, 0.01743309563440922222, 0.01824263828801964485, 0.01905218094163006401, 0.01945695226843527359, 0.01986172359524048317, 0.02067126624885089886, 0.02148080890246131108, 0.02229035155607172330 ),
 .UNSPECIFIED. ) ;
#1226 = DIRECTION ( 'NONE',  ( 0.6114276612130538080, 0.06940012241047900654, 0.7882511262998268542 ) ) ;
#1227 = ORIENTED_EDGE ( 'NONE', *, *, #593, .F. ) ;
#1228 = LINE ( 'NONE', #323, #3652 ) ;
#1229 = FACE_OUTER_BOUND ( 'NONE', #2128, .T. ) ;
#1230 = FACE_OUTER_BOUND ( 'NONE', #2241, .T. ) ;
#1231 = ORIENTED_EDGE ( 'NONE', *, *, #49, .T. ) ;
#1232 = DIRECTION ( 'NONE',  ( -1.000000000000000000, -0.000000000000000000, -0.000000000000000000 ) ) ;
#1233 = ORIENTED_EDGE ( 'NONE', *, *, #3928, .T. ) ;
#1234 = PLANE ( 'NONE',  #2581 ) ;
#1235 = EDGE_CURVE ( 'NONE', #3692, #3294, #3385, .T. ) ;
#1236 = ORIENTED_EDGE ( 'NONE', *, *, #1540, .F. ) ;
#1237 = CARTESIAN_POINT ( 'NONE',  ( 0.8530457994169605707, 0.3123683684184929144, -0.1500209731455429130 ) ) ;
#1238 = CARTESIAN_POINT ( 'NONE',  ( -1.134999999999958709, 0.1249959624358350369, -0.1400000000000000133 ) ) ;
#1239 = FACE_OUTER_BOUND ( 'NONE', #1609, .T. ) ;
#1240 = ORIENTED_EDGE ( 'NONE', *, *, #2344, .F. ) ;
#1241 = ADVANCED_FACE ( 'NONE', ( #1243 ), #2164, .T. ) ;
#1242 = ADVANCED_FACE ( 'NONE', ( #336 ), #2834, .F. ) ;
#1243 = FACE_OUTER_BOUND ( 'NONE', #3974, .T. ) ;
#1244 = AXIS2_PLACEMENT_3D ( 'NONE', #2211, #3123, #4008 ) ;
#1245 = DIRECTION ( 'NONE',  ( -7.454962283914195615E-15, 1.000000000000000000, 0.000000000000000000 ) ) ;
#1246 = ORIENTED_EDGE ( 'NONE', *, *, #1166, .F. ) ;
#1247 = LINE ( 'NONE', #9, #1962 ) ;
#1248 = DIRECTION ( 'NONE',  ( 1.000000000000000000, 0.000000000000000000, 0.000000000000000000 ) ) ;
#1249 = ORIENTED_EDGE ( 'NONE', *, *, #616, .F. ) ;
#1250 = AXIS2_PLACEMENT_3D ( 'NONE', #3165, #1347, #50 ) ;
#1251 = LINE ( 'NONE', #307, #159 ) ;
#1252 = AXIS2_PLACEMENT_3D ( 'NONE', #3953, #933, #893 ) ;
#1253 = ORIENTED_EDGE ( 'NONE', *, *, #370, .F. ) ;
#1254 = CARTESIAN_POINT ( 'NONE',  ( -1.249999999999968692, 0.4374959624358188970, 0.2570000000000551288 ) ) ;
#1255 = VECTOR ( 'NONE', #1728, 39.37007874015748143 ) ;
#1256 = CARTESIAN_POINT ( 'NONE',  ( 0.1605741094245228817, -0.6618747626743982648, -0.5764663563616706510 ) ) ;
#1257 = CARTESIAN_POINT ( 'NONE',  ( -1.812499999999956701, 0.7499959624358327748, 0.2570000000000551288 ) ) ;
#1258 = ADVANCED_FACE ( 'NONE', ( #1838 ), #673, .F. ) ;
#1259 = ORIENTED_EDGE ( 'NONE', *, *, #695, .F. ) ;
#1260 = DIRECTION ( 'NONE',  ( 0.000000000000000000, 0.000000000000000000, -1.000000000000000000 ) ) ;
#1261 = LINE ( 'NONE', #62, #1810 ) ;
#1262 = ORIENTED_EDGE ( 'NONE', *, *, #3550, .F. ) ;
#1263 = CARTESIAN_POINT ( 'NONE',  ( 0.5421451182938685776, 0.08455659621152597505, -0.7451315199526988842 ) ) ;
#1264 = CIRCLE ( 'NONE', #3344, 0.08250000000000000389 ) ;
#1265 = ADVANCED_FACE ( 'NONE', ( #3445 ), #657, .T. ) ;
#1266 = VERTEX_POINT ( 'NONE', #1224 ) ;
#1267 = CARTESIAN_POINT ( 'NONE',  ( -1.499999999999952927, -0.6250040375641712220, 0.2249999999999999778 ) ) ;
#1268 = AXIS2_PLACEMENT_3D ( 'NONE', #1263, #2854, #47 ) ;
#1269 = DIRECTION ( 'NONE',  ( 1.000000000000000000, 0.000000000000000000, 0.000000000000000000 ) ) ;
#1270 = AXIS2_PLACEMENT_3D ( 'NONE', #2331, #3570, #866 ) ;
#1271 = ORIENTED_EDGE ( 'NONE', *, *, #1792, .F. ) ;
#1272 = ORIENTED_EDGE ( 'NONE', *, *, #1459, .F. ) ;
#1273 = LINE ( 'NONE', #1850, #3806 ) ;
#1274 = EDGE_LOOP ( 'NONE', ( #1500, #1372, #3407, #1612, #311, #3787, #873, #287 ) ) ;
#1275 = DIRECTION ( 'NONE',  ( 0.000000000000000000, 0.000000000000000000, 1.000000000000000000 ) ) ;
#1276 = DIRECTION ( 'NONE',  ( 0.000000000000000000, 0.000000000000000000, -1.000000000000000000 ) ) ;
#1277 = B_SPLINE_CURVE_WITH_KNOTS ( 'NONE', 3,
 ( #3224, #57, #2535, #3469, #683, #172 ),
 .UNSPECIFIED., .F., .F.,
 ( 4, 2, 4 ),
 ( 0.001726435742423940807, 0.002589762082022883504, 0.003453088421621826418 ),
 .UNSPECIFIED. ) ;
#1278 = DIRECTION ( 'NONE',  ( 1.000000000000000000, 0.000000000000000000, 0.000000000000000000 ) ) ;
#1279 = ORIENTED_EDGE ( 'NONE', *, *, #4009, .T. ) ;
#1280 = CARTESIAN_POINT ( 'NONE',  ( 0.6908117608367709828, 0.6197358541493067641, -0.2732519576827255881 ) ) ;
#1281 = LINE ( 'NONE', #2523, #758 ) ;
#1282 = ORIENTED_EDGE ( 'NONE', *, *, #1183, .T. ) ;
#1283 = VECTOR ( 'NONE', #1351, 39.37007874015748143 ) ;
#1284 = VECTOR ( 'NONE', #3393, 39.37007874015748854 ) ;
#1285 = LINE ( 'NONE', #2525, #3540 ) ;
#1286 = EDGE_CURVE ( 'NONE', #3909, #564, #2423, .T. ) ;
#1287 = VERTEX_POINT ( 'NONE', #2587 ) ;
#1288 = CARTESIAN_POINT ( 'NONE',  ( 0.1141457554447309064, 0.03597651052419000017, -1.296907308362578837 ) ) ;
#1289 = SHAPE_DEFINITION_REPRESENTATION ( #2063, #3492 ) ;
#1290 = ORIENTED_EDGE ( 'NONE', *, *, #1, .T. ) ;
#1291 = EDGE_CURVE ( 'NONE', #1589, #2772, #694, .T. ) ;
#1292 = LINE ( 'NONE', #987, #2319 ) ;
#1293 = EDGE_CURVE ( 'NONE', #3952, #337, #3792, .T. ) ;
#1294 = DIRECTION ( 'NONE',  ( -1.000000000000000000, 0.000000000000000000, 0.000000000000000000 ) ) ;
#1295 = LINE ( 'NONE', #3455, #2957 ) ;
#1296 = DIRECTION ( 'NONE',  ( 0.000000000000000000, 0.000000000000000000, -1.000000000000000000 ) ) ;
#1297 = ORIENTED_EDGE ( 'NONE', *, *, #3429, .T. ) ;
#1298 = CARTESIAN_POINT ( 'NONE',  ( -1.749999999999954925, 0.4374959624358181198, -0.08299999999994507605 ) ) ;
#1299 = DIRECTION ( 'NONE',  ( -0.6114276612130539190, -0.06940012241047888164, -0.7882511262998268542 ) ) ;
#1300 = ORIENTED_EDGE ( 'NONE', *, *, #516, .F. ) ;
#1301 = LINE ( 'NONE', #980, #3872 ) ;
#1302 = ORIENTED_EDGE ( 'NONE', *, *, #145, .F. ) ;
#1303 = DIRECTION ( 'NONE',  ( -0.6114276612130539190, -0.06940012241047918695, -0.7882511262998268542 ) ) ;
#1304 = EDGE_CURVE ( 'NONE', #1163, #3139, #3504, .T. ) ;
#1305 = PLANE ( 'NONE',  #1918 ) ;
#1306 = SHAPE_DEFINITION_REPRESENTATION ( #175, #888 ) ;
#1307 = ORIENTED_EDGE ( 'NONE', *, *, #2235, .T. ) ;
#1308 = FACE_OUTER_BOUND ( 'NONE', #2711, .T. ) ;
#1309 = EDGE_CURVE ( 'NONE', #2221, #1090, #81, .T. ) ;
#1310 = LINE ( 'NONE', #2845, #1027 ) ;
#1311 = CYLINDRICAL_SURFACE ( 'NONE', #626, 0.08267716535433063119 ) ;
#1312 = PLANE ( 'NONE',  #2294 ) ;
#1313 = VECTOR ( 'NONE', #1848, 39.37007874015748143 ) ;
#1314 = ORIENTED_EDGE ( 'NONE', *, *, #914, .F. ) ;
#1315 = DIRECTION ( 'NONE',  ( -0.6114276612130539190, -0.06940012241047888164, -0.7882511262998268542 ) ) ;
#1316 = DIRECTION ( 'NONE',  ( 4.097771990496335663E-16, 4.097771990496393842E-16, -1.000000000000000000 ) ) ;
#1317 = ORIENTED_EDGE ( 'NONE', *, *, #479, .T. ) ;
#1318 = VECTOR ( 'NONE', #2662, 39.37007874015748143 ) ;
#1319 = CARTESIAN_POINT ( 'NONE',  ( -1.187499999999962697, 0.4999959624358181198, -0.08299999999994507605 ) ) ;
#1320 = EDGE_LOOP ( 'NONE', ( #493, #1485, #3112, #3330, #3189, #205, #2664 ) ) ;
#1321 = DIRECTION ( 'NONE',  ( 1.000000000000000000, 0.000000000000000000, 0.000000000000000000 ) ) ;
#1322 = PRESENTATION_LAYER_ASSIGNMENT (  '', '', ( #297 ) ) ;
#1323 = CARTESIAN_POINT ( 'NONE',  ( -1.124999999999962697, 0.8749959624358326638, -0.03999999999999897388 ) ) ;
#1324 = EDGE_CURVE ( 'NONE', #3499, #465, #3193, .T. ) ;
#1325 = AXIS2_PLACEMENT_3D ( 'NONE', #3743, #2785, #627 ) ;
#1326 = ORIENTED_EDGE ( 'NONE', *, *, #2061, .F. ) ;
#1327 = AXIS2_PLACEMENT_3D ( 'NONE', #2991, #208, #2305 ) ;
#1328 = AXIS2_PLACEMENT_3D ( 'NONE', #2831, #977, #3137 ) ;
#1329 = CARTESIAN_POINT ( 'NONE',  ( 0.6822213879346268328, -0.2126448082094195557, 0.1238546255221338183 ) ) ;
#1330 = FACE_OUTER_BOUND ( 'NONE', #3057, .T. ) ;
#1331 = CARTESIAN_POINT ( 'NONE',  ( 0.3046114077013431509, -0.6456622662762894205, -0.6519174537487985033 ) ) ;
#1332 = ADVANCED_FACE ( 'NONE', ( #1996 ), #1037, .T. ) ;
#1333 = VECTOR ( 'NONE', #572, 39.37007874015748143 ) ;
#1334 = FACE_OUTER_BOUND ( 'NONE', #1796, .T. ) ;
#1335 = AXIS2_PLACEMENT_3D ( 'NONE', #1104, #2073, #2416 ) ;
#1336 = VERTEX_POINT ( 'NONE', #1704 ) ;
#1337 = EDGE_CURVE ( 'NONE', #992, #2560, #3519, .T. ) ;
#1338 = VECTOR ( 'NONE', #3011, 39.37007874015748143 ) ;
#1339 = DIRECTION ( 'NONE',  ( 1.639108796198580611E-15, 1.639108796198580611E-15, -1.000000000000000000 ) ) ;
#1340 = FACE_OUTER_BOUND ( 'NONE', #2362, .T. ) ;
#1341 = VECTOR ( 'NONE', #2792, 39.37007874015748143 ) ;
#1342 = ORIENTED_EDGE ( 'NONE', *, *, #397, .T. ) ;
#1343 = ADVANCED_FACE ( 'NONE', ( #2243 ), #409, .T. ) ;
#1344 = DIRECTION ( 'NONE',  ( 0.000000000000000000, 0.000000000000000000, -1.000000000000000000 ) ) ;
#1345 = ORIENTED_EDGE ( 'NONE', *, *, #3471, .F. ) ;
#1346 = VECTOR ( 'NONE', #624, 39.37007874015748143 ) ;
#1347 = DIRECTION ( 'NONE',  ( 0.000000000000000000, 0.000000000000000000, -1.000000000000000000 ) ) ;
#1348 = CARTESIAN_POINT ( 'NONE',  ( -2.062499999999956923, -0.2500040375641776613, 0.3749999999999989453 ) ) ;
#1349 = VECTOR ( 'NONE', #1119, 39.37007874015748854 ) ;
#1350 = EDGE_LOOP ( 'NONE', ( #2316, #3192 ) ) ;
#1351 = DIRECTION ( 'NONE',  ( -1.000000000000000000, 0.000000000000000000, 0.000000000000000000 ) ) ;
#1352 = CARTESIAN_POINT ( 'NONE',  ( -1.124999999999956701, 0.3749959624358279453, 0.06950000000005492062 ) ) ;
#1353 = CARTESIAN_POINT ( 'NONE',  ( -1.602315448081307103, 0.2920204576748401393, 0.1720010316411679507 ) ) ;
#1354 = ORIENTED_EDGE ( 'NONE', *, *, #2855, .F. ) ;
#1355 = EDGE_CURVE ( 'NONE', #3337, #2843, #3589, .T. ) ;
#1356 = DIRECTION ( 'NONE',  ( -0.7283192600865622257, 0.4388088937843718784, 0.5263058142588761257 ) ) ;
#1357 = DIRECTION ( 'NONE',  ( -0.9452310861224624272, 0.3264018900492915987, 0.000000000000000000 ) ) ;
#1358 = ORIENTED_EDGE ( 'NONE', *, *, #910, .T. ) ;
#1359 = FACE_OUTER_BOUND ( 'NONE', #2334, .T. ) ;
#1360 = ADVANCED_FACE ( 'NONE', ( #1359 ), #3850, .T. ) ;
#1361 = VERTEX_POINT ( 'NONE', #2600 ) ;
#1362 = ADVANCED_FACE ( 'NONE', ( #2562 ), #1054, .T. ) ;
#1363 = CARTESIAN_POINT ( 'NONE',  ( 0.7978048732529625653, 0.4199870241210401645, -0.3386574528543441209 ) ) ;
#1364 = LINE ( 'NONE', #1675, #2363 ) ;
#1365 = ORIENTED_EDGE ( 'NONE', *, *, #2585, .T. ) ;
#1366 = DIRECTION ( 'NONE',  ( 0.7283192600865611155, -0.4388088937843745985, -0.5263058142588751265 ) ) ;
#1367 = CYLINDRICAL_SURFACE ( 'NONE', #3765, 0.06249999999999926448 ) ;
#1368 = VECTOR ( 'NONE', #3675, 39.37007874015748143 ) ;
#1369 = PLANE ( 'NONE',  #1840 ) ;
#1370 = VERTEX_POINT ( 'NONE', #3871 ) ;
#1371 = CARTESIAN_POINT ( 'NONE',  ( 0.1530493947997029480, -0.5963658279679959762, -0.5479062465812761795 ) ) ;
#1372 = ORIENTED_EDGE ( 'NONE', *, *, #3712, .F. ) ;
#1373 = FACE_OUTER_BOUND ( 'NONE', #969, .T. ) ;
#1374 = ORIENTED_EDGE ( 'NONE', *, *, #3026, .T. ) ;
#1375 = ADVANCED_FACE ( 'NONE', ( #1958 ), #428, .F. ) ;
#1376 = VECTOR ( 'NONE', #1790, 39.37007874015748143 ) ;
#1377 = CARTESIAN_POINT ( 'NONE',  ( -1.124999999999954703, 0.1249959624358330662, -0.1400000000000000133 ) ) ;
#1378 = ORIENTED_EDGE ( 'NONE', *, *, #3106, .T. ) ;
#1379 = ORIENTED_EDGE ( 'NONE', *, *, #2627, .T. ) ;
#1380 = FACE_BOUND ( 'NONE', #2579, .T. ) ;
#1381 = EDGE_CURVE ( 'NONE', #63, #1417, #1073, .T. ) ;
#1382 = DIRECTION ( 'NONE',  ( 0.7337542253280761040, 0.3232096824279630520, -0.5976121133293820220 ) ) ;
#1383 = ORIENTED_EDGE ( 'NONE', *, *, #3029, .T. ) ;
#1384 = CIRCLE ( 'NONE', #2432, 0.08250000000000000389 ) ;
#1385 = CIRCLE ( 'NONE', #2180, 0.06496062992125957447 ) ;
#1386 = CARTESIAN_POINT ( 'NONE',  ( 1.289364198237775483, 0.01681288110929700721, -0.3672938008303318624 ) ) ;
#1387 = DIRECTION ( 'NONE',  ( 0.000000000000000000, 0.000000000000000000, -1.000000000000000000 ) ) ;
#1388 =( CONVERSION_BASED_UNIT ( 'INCH', #3512 ) LENGTH_UNIT ( ) NAMED_UNIT ( #1927 ) );
#1389 = AXIS2_PLACEMENT_3D ( 'NONE', #2425, #3649, #3984 ) ;
#1390 = DIRECTION ( 'NONE',  ( 0.000000000000000000, 1.000000000000000000, 0.000000000000000000 ) ) ;
#1391 = ORIENTED_EDGE ( 'NONE', *, *, #1131, .F. ) ;
#1392 = CARTESIAN_POINT ( 'NONE',  ( -1.399999999999954836, 0.8749959624358306653, -0.03999999999999897388 ) ) ;
#1393 = ORIENTED_EDGE ( 'NONE', *, *, #2286, .T. ) ;
#1394 = CARTESIAN_POINT ( 'NONE',  ( 0.4003321684385697798, -0.1311882523876930218, -0.8128232689339417449 ) ) ;
#1395 = VERTEX_POINT ( 'NONE', #2544 ) ;
#1396 = B_SPLINE_CURVE_WITH_KNOTS ( 'NONE', 3,
 ( #346, #368, #1911, #402, #2578, #2257, #666, #2555, #3456, #92, #2236, #387, #3825, #2848, #1032, #3474, #59, #3151, #686, #75, #1643, #3747, #2276, #3497, #1588, #1011 ),
 .UNSPECIFIED., .F., .F.,
 ( 4, 2, 2, 2, 2, 2, 2, 2, 2, 2, 2, 2, 4 ),
 ( 0.006778450536061696001, 0.007623218065961216705, 0.008467985595860736542, 0.008890369360810494725, 0.009312753125760252909, 0.009735136890710011093, 0.01015752065565976928, 0.01057990442060952919, 0.01100228818555928911, 0.01184705571545880548, 0.01226943948040856540, 0.01269182324535832532, 0.01353659077525783822 ),
 .UNSPECIFIED. ) ;
#1397 = AXIS2_PLACEMENT_3D ( 'NONE', #2782, #3020, #240 ) ;
#1398 = CIRCLE ( 'NONE', #3423, 0.06749999999999997669 ) ;
#1399 = FACE_OUTER_BOUND ( 'NONE', #3104, .T. ) ;
#1400 = ORIENTED_EDGE ( 'NONE', *, *, #3380, .F. ) ;
#1401 = EDGE_LOOP ( 'NONE', ( #126, #3596, #55, #2148, #1618, #696 ) ) ;
#1402 = CARTESIAN_POINT ( 'NONE',  ( -0.9374999999999567013, -0.3900040375641662393, 0.3750000000000000555 ) ) ;
#1403 = ADVANCED_FACE ( 'NONE', ( #138 ), #446, .F. ) ;
#1404 = PRODUCT_DEFINITION_SHAPE ( 'NONE', 'NONE',  #2921 ) ;
#1405 = CARTESIAN_POINT ( 'NONE',  ( -1.124999999999962697, 0.8749959624358326638, 0.2570000000000551288 ) ) ;
#1406 = ORIENTED_EDGE ( 'NONE', *, *, #3759, .F. ) ;
#1407 = AXIS2_PLACEMENT_3D ( 'NONE', #285, #1232, #3764 ) ;
#1408 = CARTESIAN_POINT ( 'NONE',  ( -0.9374999999999567013, -0.2500040375641669477, 0.2100000000000000200 ) ) ;
#1409 = VECTOR ( 'NONE', #3361, 39.37007874015748143 ) ;
#1410 = DIRECTION ( 'NONE',  ( 0.000000000000000000, 0.000000000000000000, -1.000000000000000000 ) ) ;
#1411 = FACE_BOUND ( 'NONE', #2057, .T. ) ;
#1412 = ADVANCED_FACE ( 'NONE', ( #767 ), #1631, .F. ) ;
#1413 = CARTESIAN_POINT ( 'NONE',  ( -1.618099871486788466, 0.3218912019689931236, 0.05775247799289828787 ) ) ;
#1414 = CYLINDRICAL_SURFACE ( 'NONE', #1858, 0.08249999999999960143 ) ;
#1415 = ORIENTED_EDGE ( 'NONE', *, *, #1738, .F. ) ;
#1416 = CARTESIAN_POINT ( 'NONE',  ( 0.2450370337603500481, -0.5101836167173514625, -0.6616575004751321654 ) ) ;
#1417 = VERTEX_POINT ( 'NONE', #2723 ) ;
#1418 = CARTESIAN_POINT ( 'NONE',  ( -1.499999999999962697, 0.6249959624358287780, 0.06950000000005492062 ) ) ;
#1419 = DIRECTION ( 'NONE',  ( 1.000000000000000000, 0.000000000000000000, 0.000000000000000000 ) ) ;
#1420 = EDGE_LOOP ( 'NONE', ( #371, #1484, #1802, #1406, #1096, #3766, #783 ) ) ;
#1421 = EDGE_LOOP ( 'NONE', ( #3940, #761, #2035 ) ) ;
#1422 = LINE ( 'NONE', #3600, #3329 ) ;
#1423 = LENGTH_MEASURE_WITH_UNIT ( LENGTH_MEASURE( 0.02539999999999999897 ), #1488 );
#1424 = DIRECTION ( 'NONE',  ( 0.000000000000000000, -1.000000000000000000, 0.000000000000000000 ) ) ;
#1425 = ORIENTED_EDGE ( 'NONE', *, *, #1816, .T. ) ;
#1426 = CARTESIAN_POINT ( 'NONE',  ( -1.599999999999954792, 0.8124959624358208954, 0.2570000000000551288 ) ) ;
#1427 = SHAPE_REPRESENTATION ( 'SCREW GUIDING_NEW', ( #1072 ), #2048 ) ;
#1428 = CARTESIAN_POINT ( 'NONE',  ( 0.3459361742674472717, -0.2508148755351830017, -0.3096834939427709488 ) ) ;
#1429 = FACE_OUTER_BOUND ( 'NONE', #2468, .T. ) ;
#1430 = CARTESIAN_POINT ( 'NONE',  ( -1.599999999999954792, 0.8749959624358287780, -0.1400000000000000133 ) ) ;
#1431 = FACE_OUTER_BOUND ( 'NONE', #3790, .T. ) ;
#1432 = ORIENTED_EDGE ( 'NONE', *, *, #1729, .T. ) ;
#1433 = ADVANCED_FACE ( 'NONE', ( #3008 ), #1482, .F. ) ;
#1434 = ADVANCED_FACE ( 'NONE', ( #2055 ), #2683, .F. ) ;
#1435 = CARTESIAN_POINT ( 'NONE',  ( 0.9044436466189236246, -0.8876766158249416172, 0.01091403736815697856 ) ) ;
#1436 = ORIENTED_EDGE ( 'NONE', *, *, #2025, .T. ) ;
#1437 = DIRECTION ( 'NONE',  ( 0.000000000000000000, 0.000000000000000000, -1.000000000000000000 ) ) ;
#1438 = UNCERTAINTY_MEASURE_WITH_UNIT (LENGTH_MEASURE( 1.000000000000000082E-05 ), #3946, 'distance_accuracy_value', 'NONE');
#1439 = DIRECTION ( 'NONE',  ( 1.000000000000000000, 0.000000000000000000, -1.086530452025582132E-14 ) ) ;
#1440 = EDGE_LOOP ( 'NONE', ( #2643, #2524, #2987, #2886, #3831 ) ) ;
#1441 = ORIENTED_EDGE ( 'NONE', *, *, #3161, .F. ) ;
#1442 = VECTOR ( 'NONE', #2060, 39.37007874015748143 ) ;
#1443 = VECTOR ( 'NONE', #1501, 39.37007874015748143 ) ;
#1444 = CARTESIAN_POINT ( 'NONE',  ( 7.549517000000000200E-15, 3.019807000000000044E-14, 0.06250000000000000000 ) ) ;
#1445 = CIRCLE ( 'NONE', #2612, 0.1249999999999999861 ) ;
#1446 =( NAMED_UNIT ( * ) PLANE_ANGLE_UNIT ( ) SI_UNIT ( $, .RADIAN. ) );
#1447 = CARTESIAN_POINT ( 'NONE',  ( 0.3755746364612611021, -0.2474507606369002466, -0.2714736570509984070 ) ) ;
#1448 = EDGE_LOOP ( 'NONE', ( #3157, #596, #1086, #2059, #1683, #204, #853, #3816 ) ) ;
#1449 = CARTESIAN_POINT ( 'NONE',  ( -1.249999999999948708, 0.3749959624358169541, 0.06950000000005492062 ) ) ;
#1450 = DIRECTION ( 'NONE',  ( 0.000000000000000000, -1.000000000000000000, 0.000000000000000000 ) ) ;
#1451 = FACE_OUTER_BOUND ( 'NONE', #1747, .T. ) ;
#1452 = LINE ( 'NONE', #2697, #1014 ) ;
#1453 = ORIENTED_EDGE ( 'NONE', *, *, #3686, .F. ) ;
#1454 = VECTOR ( 'NONE', #3546, 39.37007874015748143 ) ;
#1455 = CARTESIAN_POINT ( 'NONE',  ( -0.8549999999999566835, -0.2500040375641700563, -0.4000000000000000222 ) ) ;
#1456 = EDGE_CURVE ( 'NONE', #3869, #60, #1775, .T. ) ;
#1457 = ORIENTED_EDGE ( 'NONE', *, *, #252, .F. ) ;
#1458 = DIRECTION ( 'NONE',  ( 0.6114276612130539190, 0.06940012241047888164, 0.7882511262998268542 ) ) ;
#1459 = EDGE_CURVE ( 'NONE', #2767, #2769, #226, .T. ) ;
#1460 = DIRECTION ( 'NONE',  ( -7.682930505929734399E-15, 0.7071067811865481278, -0.7071067811865470176 ) ) ;
#1461 = ORIENTED_EDGE ( 'NONE', *, *, #1987, .F. ) ;
#1462 = ORIENTED_EDGE ( 'NONE', *, *, #856, .F. ) ;
#1463 = SURFACE_STYLE_FILL_AREA ( #3911 ) ;
#1464 = VECTOR ( 'NONE', #2626, 39.37007874015748143 ) ;
#1465 = CARTESIAN_POINT ( 'NONE',  ( 0.4275586969964276229, 0.005452230033040978557, -0.5661515512958698038 ) ) ;
#1466 = CARTESIAN_POINT ( 'NONE',  ( -0.5761924305136771896, -0.9228459653806595497, -0.7404421857012953856 ) ) ;
#1467 = ORIENTED_EDGE ( 'NONE', *, *, #282, .T. ) ;
#1468 = CIRCLE ( 'NONE', #2897, 0.06249999999999995143 ) ;
#1469 = CARTESIAN_POINT ( 'NONE',  ( -1.399999999999958833, 0.1880435635004213679, 0.02500000000000326614 ) ) ;
#1470 = DIRECTION ( 'NONE',  ( 1.000000000000000000, 0.000000000000000000, 0.000000000000000000 ) ) ;
#1471 = DIRECTION ( 'NONE',  ( 0.7071067811864499841, -0.7071067811866450503, -7.327097999999992749E-16 ) ) ;
#1472 = DIRECTION ( 'NONE',  ( 0.000000000000000000, 0.000000000000000000, 1.000000000000000000 ) ) ;
#1473 = CARTESIAN_POINT ( 'NONE',  ( -1.812499999999956701, 0.7499959624358327748, 0.2570000000000551288 ) ) ;
#1474 = LINE ( 'NONE', #1809, #3100 ) ;
#1475 = AXIS2_PLACEMENT_3D ( 'NONE', #3443, #1316, #3516 ) ;
#1476 = ORIENTED_EDGE ( 'NONE', *, *, #734, .T. ) ;
#1477 = CARTESIAN_POINT ( 'NONE',  ( -1.749999999999954259, 0.4374959624358199517, 0.06950000000005489287 ) ) ;
#1478 = VERTEX_POINT ( 'NONE', #3908 ) ;
#1479 = DIRECTION ( 'NONE',  ( 1.000000000000000000, 0.000000000000000000, 0.000000000000000000 ) ) ;
#1480 = EDGE_CURVE ( 'NONE', #317, #3417, #794, .T. ) ;
#1481 = UNCERTAINTY_MEASURE_WITH_UNIT (LENGTH_MEASURE( 1.000000000000000082E-05 ), #2567, 'distance_accuracy_value', 'NONE');
#1482 = PLANE ( 'NONE',  #2818 ) ;
#1483 = CARTESIAN_POINT ( 'NONE',  ( 0.8552820965630805183, -0.8580570154944960892, 0.04643967983063052724 ) ) ;
#1484 = ORIENTED_EDGE ( 'NONE', *, *, #2805, .T. ) ;
#1485 = ORIENTED_EDGE ( 'NONE', *, *, #2286, .F. ) ;
#1486 =( CONVERSION_BASED_UNIT ( 'INCH', #2422 ) LENGTH_UNIT ( ) NAMED_UNIT ( #1637 ) );
#1487 = EDGE_CURVE ( 'NONE', #70, #3923, #1055, .T. ) ;
#1488 =( LENGTH_UNIT ( ) NAMED_UNIT ( * ) SI_UNIT ( $, .METRE. ) );
#1489 = LINE ( 'NONE', #1466, #874 ) ;
#1490 = ORIENTED_EDGE ( 'NONE', *, *, #2945, .T. ) ;
#1491 = CARTESIAN_POINT ( 'NONE',  ( -1.599999999999962785, 0.6249959624358307764, 0.06950000000005492062 ) ) ;
#1492 = CYLINDRICAL_SURFACE ( 'NONE', #1001, 0.09999999999999961697 ) ;
#1493 = DIRECTION ( 'NONE',  ( 0.7283192600865616706, -0.4388088937843739323, -0.5263058142588749044 ) ) ;
#1494 = DIRECTION ( 'NONE',  ( 7.317449983029300637E-15, -7.317449983029409500E-15, 1.000000000000000000 ) ) ;
#1495 = ORIENTED_EDGE ( 'NONE', *, *, #463, .F. ) ;
#1496 = DIRECTION ( 'NONE',  ( -0.6114276612130538080, -0.06940012241047900654, -0.7882511262998268542 ) ) ;
#1497 = EDGE_LOOP ( 'NONE', ( #233, #1282, #12, #1317 ) ) ;
#1498 = CARTESIAN_POINT ( 'NONE',  ( 0.5748327620647710745, -0.1012624781220911457, -0.5549424414218190327 ) ) ;
#1499 = DIRECTION ( 'NONE',  ( 1.000000000000000000, 0.000000000000000000, 0.000000000000000000 ) ) ;
#1500 = ORIENTED_EDGE ( 'NONE', *, *, #2973, .F. ) ;
#1501 = DIRECTION ( 'NONE',  ( -0.6114276612130539190, -0.06940012241047899266, -0.7882511262998268542 ) ) ;
#1502 = DIRECTION ( 'NONE',  ( 1.000000000000000000, 0.000000000000000000, 0.000000000000000000 ) ) ;
#1503 = LINE ( 'NONE', #2747, #2892 ) ;
#1504 = FACE_OUTER_BOUND ( 'NONE', #3035, .T. ) ;
#1505 = EDGE_CURVE ( 'NONE', #1521, #3971, #1445, .T. ) ;
#1506 = ORIENTED_EDGE ( 'NONE', *, *, #575, .F. ) ;
#1507 =( NAMED_UNIT ( * ) PLANE_ANGLE_UNIT ( ) SI_UNIT ( $, .RADIAN. ) );
#1508 =( NAMED_UNIT ( * ) SI_UNIT ( $, .STERADIAN. ) SOLID_ANGLE_UNIT ( ) );
#1509 = DIRECTION ( 'NONE',  ( 1.000000000000000000, 0.000000000000000000, 0.000000000000000000 ) ) ;
#1510 = ADVANCED_FACE ( 'NONE', ( #183 ), #202, .T. ) ;
#1511 = VECTOR ( 'NONE', #3901, 39.37007874015748143 ) ;
#1512 = ORIENTED_EDGE ( 'NONE', *, *, #1286, .T. ) ;
#1513 = FACE_BOUND ( 'NONE', #2210, .T. ) ;
#1514 = APPLICATION_CONTEXT ( 'automotive_design' ) ;
#1515 = LINE ( 'NONE', #944, #676 ) ;
#1516 = EDGE_CURVE ( 'NONE', #341, #1521, #2095, .T. ) ;
#1517 = CARTESIAN_POINT ( 'NONE',  ( 0.3027624179441664176, -0.05577501330649426575, -1.371703113741761904 ) ) ;
#1518 = LENGTH_MEASURE_WITH_UNIT ( LENGTH_MEASURE( 0.02539999999999999897 ), #3019 );
#1519 = AXIS2_PLACEMENT_3D ( 'NONE', #1319, #2869, #2282 ) ;
#1520 = CARTESIAN_POINT ( 'NONE',  ( -1.724999999999954348, -0.2350040375641727908, -0.4000000000000000222 ) ) ;
#1521 = VERTEX_POINT ( 'NONE', #3892 ) ;
#1522 = LINE ( 'NONE', #3147, #3694 ) ;
#1523 = VERTEX_POINT ( 'NONE', #2378 ) ;
#1524 = EDGE_CURVE ( 'NONE', #1287, #2196, #3998, .T. ) ;
#1525 = DIRECTION ( 'NONE',  ( 1.000000000000000000, 0.000000000000000000, 0.000000000000000000 ) ) ;
#1526 = ORIENTED_EDGE ( 'NONE', *, *, #918, .T. ) ;
#1527 = DIRECTION ( 'NONE',  ( 0.7901562682738896282, 0.000000000000000000, -0.6129054345553487382 ) ) ;
#1528 = AXIS2_PLACEMENT_3D ( 'NONE', #1428, #2917, #3609 ) ;
#1529 = DIRECTION ( 'NONE',  ( -1.000000000000000000, -0.000000000000000000, -0.000000000000000000 ) ) ;
#1530 = CARTESIAN_POINT ( 'NONE',  ( 2.655861999999999768E-15, 0.03331245857045598419, 0.06250000000000000000 ) ) ;
#1531 = ORIENTED_EDGE ( 'NONE', *, *, #2627, .F. ) ;
#1532 = AXIS2_PLACEMENT_3D ( 'NONE', #3129, #1546, #2762 ) ;
#1533 = VECTOR ( 'NONE', #3038, 39.37007874015748143 ) ;
#1534 = DIRECTION ( 'NONE',  ( 0.2962447500238459264, -0.9437791713077117173, -0.1466967071513119725 ) ) ;
#1535 = DIRECTION ( 'NONE',  ( 0.7283192600865616706, -0.4388088937843739323, -0.5263058142588749044 ) ) ;
#1536 = VECTOR ( 'NONE', #2256, 39.37007874015748143 ) ;
#1537 = ORIENTED_EDGE ( 'NONE', *, *, #1740, .F. ) ;
#1538 = VECTOR ( 'NONE', #1190, 39.37007874015748143 ) ;
#1539 = CARTESIAN_POINT ( 'NONE',  ( -1.249999999999962697, 0.8124959624358208954, 0.2570000000000551288 ) ) ;
#1540 = EDGE_CURVE ( 'NONE', #2403, #3122, #2233, .T. ) ;
#1541 = CIRCLE ( 'NONE', #2054, 0.08250000000000000389 ) ;
#1542 = CARTESIAN_POINT ( 'NONE',  ( -0.07347281567955295245, 0.5329857011362070240, -1.258565865557517593 ) ) ;
#1543 = SHAPE_REPRESENTATION_RELATIONSHIP ( 'NONE' , 'NONE' ,  #888, #2189 ) ;
#1544 = CARTESIAN_POINT ( 'NONE',  ( 0.3125000000000000000, 0.1874999999999760192, -0.1250000000000000000 ) ) ;
#1545 = ORIENTED_EDGE ( 'NONE', *, *, #2682, .F. ) ;
#1546 = DIRECTION ( 'NONE',  ( 0.000000000000000000, -1.000000000000000000, 0.000000000000000000 ) ) ;
#1547 = ORIENTED_EDGE ( 'NONE', *, *, #1060, .F. ) ;
#1548 = EDGE_CURVE ( 'NONE', #584, #2504, #249, .T. ) ;
#1549 = CARTESIAN_POINT ( 'NONE',  ( -0.1000000000000029615, -0.1118033988749499996, 0.06250000000000000000 ) ) ;
#1550 = ORIENTED_EDGE ( 'NONE', *, *, #2837, .T. ) ;
#1551 = PLANE ( 'NONE',  #21 ) ;
#1552 = ADVANCED_FACE ( 'NONE', ( #571 ), #524, .F. ) ;
#1553 = CIRCLE ( 'NONE', #382, 0.06496062992125957447 ) ;
#1554 = CIRCLE ( 'NONE', #439, 0.06249999999999995143 ) ;
#1555 = DIRECTION ( 'NONE',  ( 0.000000000000000000, -0.3352938259419260270, -0.9421136079503499294 ) ) ;
#1556 = LINE ( 'NONE', #3691, #1409 ) ;
#1557 = VERTEX_POINT ( 'NONE', #3054 ) ;
#1558 = CYLINDRICAL_SURFACE ( 'NONE', #1268, 0.2170000000000000262 ) ;
#1559 = DIRECTION ( 'NONE',  ( 1.000000000000000000, 0.000000000000000000, 0.000000000000000000 ) ) ;
#1560 = ORIENTED_EDGE ( 'NONE', *, *, #1767, .T. ) ;
#1561 = DIRECTION ( 'NONE',  ( 1.000000000000000000, 7.831297581837520244E-15, -0.000000000000000000 ) ) ;
#1562 = CARTESIAN_POINT ( 'NONE',  ( -1.124999999999962697, 0.8749959624358326638, 0.2570000000000551288 ) ) ;
#1563 = APPLICATION_PROTOCOL_DEFINITION ( 'draft international standard', 'automotive_design', 1998, #3616 ) ;
#1564 = ADVANCED_FACE ( 'NONE', ( #1399 ), #2491, .F. ) ;
#1565 = ORIENTED_EDGE ( 'NONE', *, *, #2653, .T. ) ;
#1566 = DIRECTION ( 'NONE',  ( 0.000000000000000000, 0.000000000000000000, -1.000000000000000000 ) ) ;
#1567 = EDGE_LOOP ( 'NONE', ( #3373, #2969 ) ) ;
#1568 = DIRECTION ( 'NONE',  ( 7.672235436751908056E-15, -1.000000000000000000, 0.000000000000000000 ) ) ;
#1569 = DIRECTION ( 'NONE',  ( 0.6114276612130479238, 0.06940012241049599295, 0.7882511262998298518 ) ) ;
#1570 = ORIENTED_EDGE ( 'NONE', *, *, #1077, .T. ) ;
#1571 = EDGE_CURVE ( 'NONE', #2545, #628, #2640, .T. ) ;
#1572 = CYLINDRICAL_SURFACE ( 'NONE', #957, 0.1570000000000000007 ) ;
#1573 = CARTESIAN_POINT ( 'NONE',  ( -1.749999999999955369, 0.7499959624358223387, 0.2570000000000550178 ) ) ;
#1574 = ORIENTED_EDGE ( 'NONE', *, *, #1639, .T. ) ;
#1575 = LINE ( 'NONE', #3405, #1199 ) ;
#1576 = CIRCLE ( 'NONE', #1772, 0.06249999999999995143 ) ;
#1577 = ORIENTED_EDGE ( 'NONE', *, *, #3002, .F. ) ;
#1578 = CARTESIAN_POINT ( 'NONE',  ( 1.052716614280934992, 0.2664039112979141866, -0.5228644878432699983 ) ) ;
#1579 = LINE ( 'NONE', #701, #1124 ) ;
#1580 = EDGE_LOOP ( 'NONE', ( #985, #976, #1300, #2838 ) ) ;
#1581 = AXIS2_PLACEMENT_3D ( 'NONE', #166, #528, #3875 ) ;
#1582 = FACE_OUTER_BOUND ( 'NONE', #2859, .T. ) ;
#1583 = VECTOR ( 'NONE', #2499, 39.37007874015748143 ) ;
#1584 = ORIENTED_EDGE ( 'NONE', *, *, #1038, .T. ) ;
#1585 = CARTESIAN_POINT ( 'NONE',  ( 0.4910682601090014532, -0.04151668429491399415, -0.5336722991063257426 ) ) ;
#1586 = VECTOR ( 'NONE', #1021, 39.37007874015748854 ) ;
#1587 = DIRECTION ( 'NONE',  ( 0.000000000000000000, 0.000000000000000000, -1.000000000000000000 ) ) ;
#1588 = CARTESIAN_POINT ( 'NONE',  ( -1.593752260393900722, 0.2387065272960902651, 0.1826771653543304841 ) ) ;
#1589 = VERTEX_POINT ( 'NONE', #3575 ) ;
#1590 = EDGE_CURVE ( 'NONE', #3909, #198, #3269, .T. ) ;
#1591 = DIRECTION ( 'NONE',  ( 1.000000000000000000, 0.000000000000000000, 0.000000000000000000 ) ) ;
#1592 = CARTESIAN_POINT ( 'NONE',  ( 1.023543015194588790, 0.3986212634180054670, -0.5118760544016748293 ) ) ;
#1593 = ORIENTED_EDGE ( 'NONE', *, *, #1590, .T. ) ;
#1594 = B_SPLINE_CURVE_WITH_KNOTS ( 'NONE', 3,
 ( #2102, #188, #3938, #2384, #3276, #1465, #2709, #1800, #255, #2972, #3036, #1176, #3667, #490, #1733, #2666, #3912, #1115, #2360, #3604, #2062, #2353, #2029, #3846, #157, #1701, #2660, #782, #1051, #2615, #2637, #1394, #2680, #827, #505, #2938, #804, #3890 ),
 .UNSPECIFIED., .F., .F.,
 ( 4, 2, 2, 2, 2, 2, 2, 2, 2, 2, 2, 2, 2, 2, 2, 2, 2, 2, 4 ),
 ( 0.02229035155607172330, 0.02310051089556490467, 0.02391067023505808603, 0.02472082957455126739, 0.02553098891404444876, 0.02634114825353763012, 0.02715130759303081148, 0.02796146693252399285, 0.02877162627201717421, 0.02958178561151035557, 0.03039194495100353693, 0.03079702462075012415, 0.03120210429049670789, 0.03201226362998988578, 0.03241734329973646606, 0.03282242296948305327, 0.03363258230897622769, 0.03444274164846940212, 0.03525290098796257654 ),
 .UNSPECIFIED. ) ;
#1595 = EDGE_CURVE ( 'NONE', #3342, #2173, #25, .T. ) ;
#1596 = VECTOR ( 'NONE', #1780, 39.37007874015748143 ) ;
#1597 = DIRECTION ( 'NONE',  ( 0.9391999799709879193, -0.3403889292284927315, -0.04515279040298763452 ) ) ;
#1598 = ORIENTED_EDGE ( 'NONE', *, *, #1916, .T. ) ;
#1599 = EDGE_CURVE ( 'NONE', #2047, #2513, #3424, .T. ) ;
#1600 = LINE ( 'NONE', #2839, #2604 ) ;
#1601 = PRODUCT_CONTEXT ( 'NONE', #418, 'mechanical' ) ;
#1602 = CIRCLE ( 'NONE', #2310, 0.06249999999999995143 ) ;
#1603 = EDGE_LOOP ( 'NONE', ( #981, #2532, #718, #447 ) ) ;
#1604 = PRODUCT_DEFINITION_FORMATION_WITH_SPECIFIED_SOURCE ( 'ANY', '', #498, .NOT_KNOWN. ) ;
#1605 = DIRECTION ( 'NONE',  ( -1.000000000000000000, 0.000000000000000000, 0.000000000000000000 ) ) ;
#1606 = CARTESIAN_POINT ( 'NONE',  ( -1.749999999999954925, 0.3749959624358200627, 0.2570000000000551288 ) ) ;
#1607 = CARTESIAN_POINT ( 'NONE',  ( 0.2469854705070541334, -0.6928925265207795947, -0.6293380230651727247 ) ) ;
#1608 = DIRECTION ( 'NONE',  ( -1.000000000000000000, -0.000000000000000000, -0.000000000000000000 ) ) ;
#1609 = EDGE_LOOP ( 'NONE', ( #2280, #3450, #1902, #1326, #934, #3327, #3517 ) ) ;
#1610 = CARTESIAN_POINT ( 'NONE',  ( 0.1539524192050116813, -0.5898402609502528815, -0.5467420696070964814 ) ) ;
#1611 = DIRECTION ( 'NONE',  ( 0.000000000000000000, 1.000000000000000000, 0.000000000000000000 ) ) ;
#1612 = ORIENTED_EDGE ( 'NONE', *, *, #496, .T. ) ;
#1613 = EDGE_CURVE ( 'NONE', #568, #645, #3427, .T. ) ;
#1614 = VECTOR ( 'NONE', #757, 39.37007874015748854 ) ;
#1615 = VECTOR ( 'NONE', #3413, 39.37007874015748143 ) ;
#1616 = DIMENSIONAL_EXPONENTS ( 1.000000000000000000, 0.000000000000000000, 0.000000000000000000, 0.000000000000000000, 0.000000000000000000, 0.000000000000000000, 0.000000000000000000 ) ;
#1617 = FACE_OUTER_BOUND ( 'NONE', #357, .T. ) ;
#1618 = ORIENTED_EDGE ( 'NONE', *, *, #3851, .F. ) ;
#1619 = EDGE_CURVE ( 'NONE', #2082, #2527, #609, .T. ) ;
#1620 = DIRECTION ( 'NONE',  ( -0.6114276612130539190, -0.06940012241047899266, -0.7882511262998268542 ) ) ;
#1621 = SURFACE_STYLE_FILL_AREA ( #3490 ) ;
#1622 = ORIENTED_EDGE ( 'NONE', *, *, #3127, .F. ) ;
#1623 = DIRECTION ( 'NONE',  ( -7.805279981897932775E-15, -7.805279981897976951E-15, -1.000000000000000000 ) ) ;
#1624 = DIRECTION ( 'NONE',  ( 7.320371120747033986E-15, -1.000000000000000000, 0.000000000000000000 ) ) ;
#1625 = CARTESIAN_POINT ( 'NONE',  ( 0.2700712636032058245, -0.6822767510228524568, -0.6370012082017454391 ) ) ;
#1626 = CARTESIAN_POINT ( 'NONE',  ( -1.249999999999967359, 0.4999959624358181198, -0.08299999999994507605 ) ) ;
#1627 = ORIENTED_EDGE ( 'NONE', *, *, #2212, .F. ) ;
#1628 = DIRECTION ( 'NONE',  ( 0.000000000000000000, 0.000000000000000000, -1.000000000000000000 ) ) ;
#1629 = CARTESIAN_POINT ( 'NONE',  ( -1.749999999999955147, 0.8124959624358227828, -0.08299999999994507605 ) ) ;
#1630 = ORIENTED_EDGE ( 'NONE', *, *, #3026, .F. ) ;
#1631 = CYLINDRICAL_SURFACE ( 'NONE', #539, 0.09842519685039358146 ) ;
#1632 = ADVANCED_FACE ( 'NONE', ( #1896 ), #1572, .F. ) ;
#1633 = ORIENTED_EDGE ( 'NONE', *, *, #274, .T. ) ;
#1634 = LINE ( 'NONE', #3818, #3518 ) ;
#1635 = EDGE_CURVE ( 'NONE', #3873, #3981, #1880, .T. ) ;
#1636 = SURFACE_STYLE_USAGE ( .BOTH. , #339 ) ;
#1637 = DIMENSIONAL_EXPONENTS ( 1.000000000000000000, 0.000000000000000000, 0.000000000000000000, 0.000000000000000000, 0.000000000000000000, 0.000000000000000000, 0.000000000000000000 ) ;
#1638 = VERTEX_POINT ( 'NONE', #2466 ) ;
#1639 = EDGE_CURVE ( 'NONE', #3396, #79, #915, .T. ) ;
#1640 = DIRECTION ( 'NONE',  ( 0.6114276612130538080, 0.06940012241047900654, 0.7882511262998268542 ) ) ;
#1641 = DIRECTION ( 'NONE',  ( 0.000000000000000000, 0.000000000000000000, 1.000000000000000000 ) ) ;
#1642 = CARTESIAN_POINT ( 'NONE',  ( -1.414999999999958513, 0.1249959624358320948, -0.4000000000000000222 ) ) ;
#1643 = CARTESIAN_POINT ( 'NONE',  ( -1.606450093074193175, 0.1994245705197172647, 0.1656182573921758661 ) ) ;
#1644 = CONICAL_SURFACE ( 'NONE', #2815, 0.06496062992125967162, 1.029744258676652091 ) ;
#1645 = EDGE_CURVE ( 'NONE', #2570, #992, #3401, .T. ) ;
#1646 = VERTEX_POINT ( 'NONE', #3118 ) ;
#1647 = CARTESIAN_POINT ( 'NONE',  ( -1.749999999999956701, 0.7499959624358228938, 0.06950000000005492062 ) ) ;
#1648 = LINE ( 'NONE', #2240, #3761 ) ;
#1649 = ORIENTED_EDGE ( 'NONE', *, *, #784, .F. ) ;
#1650 = CARTESIAN_POINT ( 'NONE',  ( -1.749999999999956701, 0.7499959624358228938, -0.08299999999994507605 ) ) ;
#1651 = ORIENTED_EDGE ( 'NONE', *, *, #1948, .F. ) ;
#1652 = LINE ( 'NONE', #2566, #3849 ) ;
#1653 = DIRECTION ( 'NONE',  ( -0.6114276612130539190, -0.06940012241047888164, -0.7882511262998268542 ) ) ;
#1654 = ORIENTED_EDGE ( 'NONE', *, *, #1870, .T. ) ;
#1655 = CIRCLE ( 'NONE', #3420, 0.06249999999999995143 ) ;
#1656 = EDGE_CURVE ( 'NONE', #1395, #2500, #2502, .T. ) ;
#1657 = CARTESIAN_POINT ( 'NONE',  ( -1.922499999999956799, -0.2500040375641782719, 0.2100000000000000200 ) ) ;
#1658 = CARTESIAN_POINT ( 'NONE',  ( -1.749999999999956701, 0.7499959624358228938, 0.06950000000005492062 ) ) ;
#1659 = LINE ( 'NONE', #150, #950 ) ;
#1660 = AXIS2_PLACEMENT_3D ( 'NONE', #859, #3347, #4032 ) ;
#1661 = CARTESIAN_POINT ( 'NONE',  ( -1.593752260393900944, 0.2499959624358240318, 0.1826771653543305118 ) ) ;
#1662 = CLOSED_SHELL ( 'NONE', ( #1412, #2229, #1403, #3808, #2727, #1897, #1217, #3568, #3727, #353, #3250, #1632, #2383, #2145, #2909, #1942, #1821, #3681, #3404, #2926, #2159, #2599, #1892, #2860, #3530, #538, #1564, #3197, #2193, #1861, #3227, #457, #3812, #1242, #1019, #3293, #894 ) ) ;
#1663 = EDGE_LOOP ( 'NONE', ( #3744, #2030, #2984, #2659, #1271, #2920 ) ) ;
#1664 = EDGE_CURVE ( 'NONE', #2843, #3337, #1859, .T. ) ;
#1665 = CARTESIAN_POINT ( 'NONE',  ( 0.2500000000000000000, 0.2499999999999909517, 0.06250000000000098532 ) ) ;
#1666 = EDGE_CURVE ( 'NONE', #352, #2616, #2195, .T. ) ;
#1667 = CARTESIAN_POINT ( 'NONE',  ( -0.07067847952509785647, -0.6394149359912421060, -1.157511505273725483 ) ) ;
#1668 = VECTOR ( 'NONE', #635, 39.37007874015748143 ) ;
#1669 = EDGE_LOOP ( 'NONE', ( #1342, #1789, #1531, #164 ) ) ;
#1670 = CARTESIAN_POINT ( 'NONE',  ( -1.274999999999958389, 0.1249959624358322752, 0.02500000000000097283 ) ) ;
#1671 = EDGE_LOOP ( 'NONE', ( #2591, #464, #3991, #1946 ) ) ;
#1672 = VECTOR ( 'NONE', #2445, 39.37007874015748143 ) ;
#1673 = DIRECTION ( 'NONE',  ( 0.000000000000000000, 0.000000000000000000, -1.000000000000000000 ) ) ;
#1674 = UNCERTAINTY_MEASURE_WITH_UNIT (LENGTH_MEASURE( 1.000000000000000082E-05 ), #3339, 'distance_accuracy_value', 'NONE');
#1675 = CARTESIAN_POINT ( 'NONE',  ( -1.312499999999962474, 0.7499959624358200072, 0.2570000000000549067 ) ) ;
#1676 = AXIS2_PLACEMENT_3D ( 'NONE', #1352, #3453, #1275 ) ;
#1677 = VERTEX_POINT ( 'NONE', #2206 ) ;
#1678 = LINE ( 'NONE', #3860, #1941 ) ;
#1679 = CARTESIAN_POINT ( 'NONE',  ( -1.749999999999955369, 0.6874959624358236709, 0.2570000000000549067 ) ) ;
#1680 = SHAPE_REPRESENTATION_RELATIONSHIP ( 'NONE' , 'NONE' ,  #1427, #723 ) ;
#1681 = EDGE_CURVE ( 'NONE', #3847, #2513, #1468, .T. ) ;
#1682 = CARTESIAN_POINT ( 'NONE',  ( -1.124999999999956701, 0.3749959624358279453, 0.2570000000000551288 ) ) ;
#1683 = ORIENTED_EDGE ( 'NONE', *, *, #2585, .F. ) ;
#1684 = CARTESIAN_POINT ( 'NONE',  ( -1.249999999999962252, 0.7499959624358200072, 0.2570000000000550178 ) ) ;
#1685 = FACE_OUTER_BOUND ( 'NONE', #1671, .T. ) ;
#1686 = ORIENTED_EDGE ( 'NONE', *, *, #3242, .T. ) ;
#1687 = EDGE_CURVE ( 'NONE', #4012, #3763, #430, .T. ) ;
#1688 = DIRECTION ( 'NONE',  ( 0.000000000000000000, 1.000000000000000000, 0.000000000000000000 ) ) ;
#1689 = EDGE_LOOP ( 'NONE', ( #2721, #4005, #3457 ) ) ;
#1690 = ORIENTED_EDGE ( 'NONE', *, *, #3574, .T. ) ;
#1691 = CARTESIAN_POINT ( 'NONE',  ( -1.187499999999968470, 0.4374959624358196741, 0.2570000000000551288 ) ) ;
#1692 = CYLINDRICAL_SURFACE ( 'NONE', #615, 0.1399999999999999578 ) ;
#1693 = EDGE_LOOP ( 'NONE', ( #2477, #2937 ) ) ;
#1694 = DIRECTION ( 'NONE',  ( 0.000000000000000000, -0.3352938259419260270, -0.9421136079503499294 ) ) ;
#1695 = LINE ( 'NONE', #2630, #2714 ) ;
#1696 = CARTESIAN_POINT ( 'NONE',  ( 0.5013232671707062993, -0.8643576657666938168, -0.3146994455170243898 ) ) ;
#1697 = DIRECTION ( 'NONE',  ( 1.000000000000000000, 0.000000000000000000, 0.000000000000000000 ) ) ;
#1698 = ORIENTED_EDGE ( 'NONE', *, *, #489, .T. ) ;
#1699 = LINE ( 'NONE', #2936, #559 ) ;
#1700 = ORIENTED_EDGE ( 'NONE', *, *, #145, .T. ) ;
#1701 = CARTESIAN_POINT ( 'NONE',  ( 0.3556161876181426207, -0.1017723504363086950, -0.7781249794166190670 ) ) ;
#1702 = ORIENTED_EDGE ( 'NONE', *, *, #1355, .F. ) ;
#1703 = ADVANCED_FACE ( 'NONE', ( #333, #2140 ), #2222, .F. ) ;
#1704 = CARTESIAN_POINT ( 'NONE',  ( -1.187499999999968470, 0.4374959624358196741, 0.06950000000005492062 ) ) ;
#1705 = VERTEX_POINT ( 'NONE', #22 ) ;
#1706 = ORIENTED_EDGE ( 'NONE', *, *, #1324, .F. ) ;
#1707 = CARTESIAN_POINT ( 'NONE',  ( 0.5486353450897150097, -0.8928629679219779458, -0.3488886027425023295 ) ) ;
#1708 = EDGE_CURVE ( 'NONE', #1973, #508, #2379, .T. ) ;
#1709 = DIRECTION ( 'NONE',  ( 1.000000000000000000, 0.000000000000000000, 0.000000000000000000 ) ) ;
#1710 = ORIENTED_EDGE ( 'NONE', *, *, #1843, .F. ) ;
#1711 = AXIS2_PLACEMENT_3D ( 'NONE', #2669, #2409, #259 ) ;
#1712 = VECTOR ( 'NONE', #858, 39.37007874015748143 ) ;
#1713 = DIRECTION ( 'NONE',  ( 1.000000000000000000, 0.000000000000000000, 0.000000000000000000 ) ) ;
#1714 = SHAPE_REPRESENTATION ( '336-PA-Screw Housing', ( #689, #1797 ), #3024 ) ;
#1715 = FACE_OUTER_BOUND ( 'NONE', #3560, .T. ) ;
#1716 = DIRECTION ( 'NONE',  ( 1.000000000000000000, 0.000000000000000000, 0.000000000000000000 ) ) ;
#1717 = VECTOR ( 'NONE', #1496, 39.37007874015748143 ) ;
#1718 = VECTOR ( 'NONE', #3079, 39.37007874015748143 ) ;
#1719 = CARTESIAN_POINT ( 'NONE',  ( -1.602585174613656793, 0.2918226868893560311, 0.02849077803149139068 ) ) ;
#1720 = DIRECTION ( 'NONE',  ( 0.6114276612130538080, 0.06940012241047900654, 0.7882511262998268542 ) ) ;
#1721 = VERTEX_POINT ( 'NONE', #43 ) ;
#1722 = VECTOR ( 'NONE', #1716, 39.37007874015748143 ) ;
#1723 = CARTESIAN_POINT ( 'NONE',  ( 1.172214000557393776, 0.2046611047225429247, -0.3310578229881559476 ) ) ;
#1724 = VERTEX_POINT ( 'NONE', #1280 ) ;
#1725 = LINE ( 'NONE', #765, #40 ) ;
#1726 = AXIS2_PLACEMENT_3D ( 'NONE', #3591, #245, #3660 ) ;
#1727 = VECTOR ( 'NONE', #3284, 39.37007874015748143 ) ;
#1728 = DIRECTION ( 'NONE',  ( -1.200357451761578890E-14, -1.200357451761578417E-14, -1.000000000000000000 ) ) ;
#1729 = EDGE_CURVE ( 'NONE', #3130, #2583, #1194, .T. ) ;
#1730 = VERTEX_POINT ( 'NONE', #2522 ) ;
#1731 = ORIENTED_EDGE ( 'NONE', *, *, #420, .F. ) ;
#1732 = CARTESIAN_POINT ( 'NONE',  ( -0.7499999999999528155, -0.6250040375641653378, 0.3750000000000000555 ) ) ;
#1733 = CARTESIAN_POINT ( 'NONE',  ( 0.3469878298335299927, -0.004347075962814022677, -0.6704536068857862574 ) ) ;
#1734 = PRODUCT_DEFINITION_SHAPE ( 'NONE', 'NONE',  #4036 ) ;
#1735 = LINE ( 'NONE', #2017, #3275 ) ;
#1736 = CIRCLE ( 'NONE', #3039, 0.2169999999999999707 ) ;
#1737 = VERTEX_POINT ( 'NONE', #3999 ) ;
#1738 = EDGE_CURVE ( 'NONE', #1163, #3135, #1993, .T. ) ;
#1739 = DIRECTION ( 'NONE',  ( 0.000000000000000000, 1.000000000000000000, 0.000000000000000000 ) ) ;
#1740 = EDGE_CURVE ( 'NONE', #1890, #640, #1015, .T. ) ;
#1741 = AXIS2_PLACEMENT_3D ( 'NONE', #3549, #214, #759 ) ;
#1742 = DIRECTION ( 'NONE',  ( 0.7283192600865617816, -0.4388088937843739878, -0.5263058142588747934 ) ) ;
#1743 = DIRECTION ( 'NONE',  ( -7.850461999999998230E-15, 0.7071067811865479058, 0.7071067811865469066 ) ) ;
#1744 = CARTESIAN_POINT ( 'NONE',  ( -0.02995298544876598412, -1.251952635718925233, -1.135171546395444819 ) ) ;
#1745 = ORIENTED_EDGE ( 'NONE', *, *, #3321, .T. ) ;
#1746 = CARTESIAN_POINT ( 'NONE',  ( -1.124999999999956701, 0.3749959624358279453, 0.2570000000000551288 ) ) ;
#1747 = EDGE_LOOP ( 'NONE', ( #2853, #2204, #3246, #1811, #2450, #3212 ) ) ;
#1748 = DIRECTION ( 'NONE',  ( 1.034790906691013668E-14, -1.034790906691038280E-14, 1.000000000000000000 ) ) ;
#1749 = DIRECTION ( 'NONE',  ( 0.000000000000000000, 0.000000000000000000, 1.000000000000000000 ) ) ;
#1750 = ORIENTED_EDGE ( 'NONE', *, *, #3505, .F. ) ;
#1751 = EDGE_LOOP ( 'NONE', ( #2803, #634, #1836, #2001 ) ) ;
#1752 = CARTESIAN_POINT ( 'NONE',  ( -1.499999999999952927, -0.6250040375641712220, 0.1000000000000000056 ) ) ;
#1753 = SURFACE_STYLE_USAGE ( .BOTH. , #3012 ) ;
#1754 = CARTESIAN_POINT ( 'NONE',  ( 0.2499999999999940881, -0.1875000000000098532, -0.1250000000000000000 ) ) ;
#1755 = ORIENTED_EDGE ( 'NONE', *, *, #1505, .T. ) ;
#1756 = LINE ( 'NONE', #3582, #1596 ) ;
#1757 = DIRECTION ( 'NONE',  ( 0.3093659168209992316, 0.8958964101642256095, -0.3188453414499828331 ) ) ;
#1758 = LENGTH_MEASURE_WITH_UNIT ( LENGTH_MEASURE( 0.02539999999999999897 ), #1782 );
#1759 = EDGE_CURVE ( 'NONE', #2351, #3117, #1655, .T. ) ;
#1760 = CARTESIAN_POINT ( 'NONE',  ( 1.052716614280934992, 0.2664039112979141866, -0.5228644878432699983 ) ) ;
#1761 = DIRECTION ( 'NONE',  ( 0.000000000000000000, 0.000000000000000000, 1.000000000000000000 ) ) ;
#1762 = ORIENTED_EDGE ( 'NONE', *, *, #2005, .T. ) ;
#1763 = VECTOR ( 'NONE', #3217, 39.37007874015748854 ) ;
#1764 = DIRECTION ( 'NONE',  ( 1.000000000000000000, 0.000000000000000000, 0.000000000000000000 ) ) ;
#1765 = ORIENTED_EDGE ( 'NONE', *, *, #2484, .T. ) ;
#1766 = CARTESIAN_POINT ( 'NONE',  ( -1.499999999999962697, 0.4942772909339644971, 0.06950000000005493450 ) ) ;
#1767 = EDGE_CURVE ( 'NONE', #2829, #3195, #242, .T. ) ;
#1768 = PRODUCT_DEFINITION_CONTEXT ( 'detailed design', #2912, 'design' ) ;
#1769 = DIRECTION ( 'NONE',  ( 1.000000000000000000, 0.000000000000000000, 0.000000000000000000 ) ) ;
#1770 = ORIENTED_EDGE ( 'NONE', *, *, #3898, .F. ) ;
#1771 = ORIENTED_EDGE ( 'NONE', *, *, #3274, .F. ) ;
#1772 = AXIS2_PLACEMENT_3D ( 'NONE', #699, #3853, #2227 ) ;
#1773 = CONICAL_SURFACE ( 'NONE', #3857, 0.03375000000000003691, 1.029744257500000204 ) ;
#1774 = CARTESIAN_POINT ( 'NONE',  ( -2.249999999999952927, -0.6250040375641771062, 0.3750000000000000555 ) ) ;
#1775 = CIRCLE ( 'NONE', #3859, 0.08250000000000000389 ) ;
#1776 = LINE ( 'NONE', #851, #748 ) ;
#1777 = FACE_OUTER_BOUND ( 'NONE', #732, .T. ) ;
#1778 = EDGE_LOOP ( 'NONE', ( #1765, #2407 ) ) ;
#1779 = ORIENTED_EDGE ( 'NONE', *, *, #3350, .F. ) ;
#1780 = DIRECTION ( 'NONE',  ( 0.000000000000000000, -1.000000000000000000, 0.000000000000000000 ) ) ;
#1781 = DIRECTION ( 'NONE',  ( 0.000000000000000000, 0.000000000000000000, -1.000000000000000000 ) ) ;
#1782 =( LENGTH_UNIT ( ) NAMED_UNIT ( * ) SI_UNIT ( $, .METRE. ) );
#1783 = CARTESIAN_POINT ( 'NONE',  ( -1.593752260393926479, 0.2499959624357225574, 0.01732283464565636047 ) ) ;
#1784 = EDGE_CURVE ( 'NONE', #680, #2314, #1955, .T. ) ;
#1785 = DIRECTION ( 'NONE',  ( 0.000000000000000000, 0.000000000000000000, 1.000000000000000000 ) ) ;
#1786 = ORIENTED_EDGE ( 'NONE', *, *, #1987, .T. ) ;
#1787 = CONICAL_SURFACE ( 'NONE', #1528, 0.06496062992125967162, 1.029744258676652091 ) ;
#1788 = DIRECTION ( 'NONE',  ( 0.000000000000000000, -0.7680628461782165184, 0.6403744719463896340 ) ) ;
#1789 = ORIENTED_EDGE ( 'NONE', *, *, #2259, .F. ) ;
#1790 = DIRECTION ( 'NONE',  ( -1.000000000000000000, 0.000000000000000000, 0.000000000000000000 ) ) ;
#1791 = EDGE_CURVE ( 'NONE', #2616, #3005, #3203, .T. ) ;
#1792 = EDGE_CURVE ( 'NONE', #3971, #1523, #633, .T. ) ;
#1793 = CARTESIAN_POINT ( 'NONE',  ( -1.274999999999958611, 0.1249959624358309151, 0.02500000000000098671 ) ) ;
#1794 = LINE ( 'NONE', #3402, #1148 ) ;
#1795 = AXIS2_PLACEMENT_3D ( 'NONE', #2315, #3619, #460 ) ;
#1796 = EDGE_LOOP ( 'NONE', ( #3645, #2034, #643, #926 ) ) ;
#1797 = AXIS2_PLACEMENT_3D ( 'NONE', #3044, #2737, #600 ) ;
#1798 = ORIENTED_EDGE ( 'NONE', *, *, #3268, .F. ) ;
#1799 = CARTESIAN_POINT ( 'NONE',  ( -1.404445412952717964, 0.1792299590220243488, 0.01907278272965979432 ) ) ;
#1800 = CARTESIAN_POINT ( 'NONE',  ( 0.4053929159596602605, 0.01627591294108287831, -0.5867872441758986701 ) ) ;
#1801 = CARTESIAN_POINT ( 'NONE',  ( 0.5189968828959009572, -0.8962270828202594242, -0.3870984396342742051 ) ) ;
#1802 = ORIENTED_EDGE ( 'NONE', *, *, #3164, .T. ) ;
#1803 = CARTESIAN_POINT ( 'NONE',  ( -1.134999999999959153, 0.1249959624358319976, -0.1400000000000022338 ) ) ;
#1804 =( REPRESENTATION_RELATIONSHIP ('NONE','NONE', #2654, #888 ) REPRESENTATION_RELATIONSHIP_WITH_TRANSFORMATION ( #2493 )SHAPE_REPRESENTATION_RELATIONSHIP( ) );
#1805 = CARTESIAN_POINT ( 'NONE',  ( -1.499999999999952927, -0.6250040375641719992, 0.1000000000000002831 ) ) ;
#1806 = CARTESIAN_POINT ( 'NONE',  ( 0.5703259318192045457, -0.8962270828202594242, -0.4269131627451530631 ) ) ;
#1807 = CYLINDRICAL_SURFACE ( 'NONE', #896, 0.1400000000000022060 ) ;
#1808 = AXIS2_PLACEMENT_3D ( 'NONE', #2174, #1566, #3782 ) ;
#1809 = CARTESIAN_POINT ( 'NONE',  ( -0.7499999999999586997, 0.1249959624358379928, -0.4000000000000000222 ) ) ;
#1810 = VECTOR ( 'NONE', #3191, 39.37007874015748143 ) ;
#1811 = ORIENTED_EDGE ( 'NONE', *, *, #438, .F. ) ;
#1812 = EDGE_CURVE ( 'NONE', #1066, #1884, #96, .T. ) ;
#1813 = LINE ( 'NONE', #606, #1023 ) ;
#1814 = LINE ( 'NONE', #3050, #1538 ) ;
#1815 = LINE ( 'NONE', #546, #3662 ) ;
#1816 = EDGE_CURVE ( 'NONE', #2047, #1677, #3285, .T. ) ;
#1817 = DIRECTION ( 'NONE',  ( 7.317449983029300637E-15, -7.317449983029409500E-15, 1.000000000000000000 ) ) ;
#1818 = CARTESIAN_POINT ( 'NONE',  ( 0.2103226798369080830, -0.6956613852039784662, -0.6142845041313940158 ) ) ;
#1819 = CARTESIAN_POINT ( 'NONE',  ( 0.8871885063708170316, -1.147852452103208742, 0.04720514305429495544 ) ) ;
#1820 = ORIENTED_EDGE ( 'NONE', *, *, #3988, .F. ) ;
#1821 = ADVANCED_FACE ( 'NONE', ( #404 ), #3210, .T. ) ;
#1822 = DIRECTION ( 'NONE',  ( 0.000000000000000000, 0.000000000000000000, -1.000000000000000000 ) ) ;
#1823 = CARTESIAN_POINT ( 'NONE',  ( -1.812499999999954037, 0.4374959624358199517, 0.06950000000005486511 ) ) ;
#1824 = VERTEX_POINT ( 'NONE', #3155 ) ;
#1825 = CARTESIAN_POINT ( 'NONE',  ( -1.599999999999954792, 0.8749959624358287780, -0.03999999999999897388 ) ) ;
#1826 = DIRECTION ( 'NONE',  ( 0.000000000000000000, 1.000000000000000000, 0.000000000000000000 ) ) ;
#1827 = LINE ( 'NONE', #2779, #3742 ) ;
#1828 = LINE ( 'NONE', #1760, #3072 ) ;
#1829 = ORIENTED_EDGE ( 'NONE', *, *, #2508, .F. ) ;
#1830 = DIRECTION ( 'NONE',  ( 0.000000000000000000, 0.000000000000000000, 1.000000000000000000 ) ) ;
#1831 = ORIENTED_EDGE ( 'NONE', *, *, #3778, .T. ) ;
#1832 = DIRECTION ( 'NONE',  ( 0.000000000000000000, 0.000000000000000000, -1.000000000000000000 ) ) ;
#1833 = DIRECTION ( 'NONE',  ( 0.000000000000000000, 0.000000000000000000, 1.000000000000000000 ) ) ;
#1834 = CARTESIAN_POINT ( 'NONE',  ( 2.468395999999999967E-15, 2.033929000000000001E-14, 0.01250000000000000069 ) ) ;
#1835 = CARTESIAN_POINT ( 'NONE',  ( 0.8061205465072377452, -0.8284374151640511164, 0.08196532229310515838 ) ) ;
#1836 = ORIENTED_EDGE ( 'NONE', *, *, #378, .F. ) ;
#1837 = ADVANCED_FACE ( 'NONE', ( #745 ), #691, .F. ) ;
#1838 = FACE_OUTER_BOUND ( 'NONE', #1978, .T. ) ;
#1839 = CARTESIAN_POINT ( 'NONE',  ( -1.874835192616433277, 0.1249959624358240179, -0.1400000000000000133 ) ) ;
#1840 = AXIS2_PLACEMENT_3D ( 'NONE', #1430, #2672, #2933 ) ;
#1841 = ORIENTED_EDGE ( 'NONE', *, *, #49, .F. ) ;
#1842 = DIRECTION ( 'NONE',  ( 0.000000000000000000, 1.000000000000000000, 0.000000000000000000 ) ) ;
#1843 = EDGE_CURVE ( 'NONE', #2705, #1997, #3603, .T. ) ;
#1844 = DIRECTION ( 'NONE',  ( 0.000000000000000000, 0.000000000000000000, 1.000000000000000000 ) ) ;
#1845 = CARTESIAN_POINT ( 'NONE',  ( -0.9374999999999567013, -0.2500040375641669477, 0.2100000000000000200 ) ) ;
#1846 = EDGE_CURVE ( 'NONE', #3981, #607, #2773, .T. ) ;
#1847 = AXIS2_PLACEMENT_3D ( 'NONE', #3755, #3078, #2209 ) ;
#1848 = DIRECTION ( 'NONE',  ( 7.317449983029300637E-15, -7.317449983029409500E-15, 1.000000000000000000 ) ) ;
#1849 = VERTEX_POINT ( 'NONE', #2558 ) ;
#1850 = CARTESIAN_POINT ( 'NONE',  ( -1.724999999999954348, -0.4575040375641766799, -0.2350000000000017353 ) ) ;
#1851 = ORIENTED_EDGE ( 'NONE', *, *, #668, .F. ) ;
#1852 = CARTESIAN_POINT ( 'NONE',  ( 0.6139382642281905333, -0.1200189134937283963, -0.6020209671649242589 ) ) ;
#1853 = CARTESIAN_POINT ( 'NONE',  ( 0.8989028740079409996, 0.3175733775992791164, -0.09090213867305098339 ) ) ;
#1854 = COLOUR_RGB ( '',0.7921568627450980005, 0.8196078431372548767, 0.9333333333333333481 ) ;
#1855 = CARTESIAN_POINT ( 'NONE',  ( -1.749999999999956701, 0.7499959624358228938, -0.08299999999994507605 ) ) ;
#1856 = CYLINDRICAL_SURFACE ( 'NONE', #318, 0.08250000000000075329 ) ;
#1857 = ORIENTED_EDGE ( 'NONE', *, *, #1791, .T. ) ;
#1858 = AXIS2_PLACEMENT_3D ( 'NONE', #3970, #3021, #1147 ) ;
#1859 = CIRCLE ( 'NONE', #3101, 0.06249999999999995143 ) ;
#1860 = DIRECTION ( 'NONE',  ( 0.000000000000000000, 0.000000000000000000, 1.000000000000000000 ) ) ;
#1861 = ADVANCED_FACE ( 'NONE', ( #3788 ), #3845, .F. ) ;
#1862 = DIRECTION ( 'NONE',  ( 0.000000000000000000, 0.000000000000000000, 1.000000000000000000 ) ) ;
#1863 = ORIENTED_EDGE ( 'NONE', *, *, #355, .T. ) ;
#1864 = AXIS2_PLACEMENT_3D ( 'NONE', #182, #1748, #3289 ) ;
#1865 = FACE_OUTER_BOUND ( 'NONE', #1420, .T. ) ;
#1866 = AXIS2_PLACEMENT_3D ( 'NONE', #3338, #2100, #2036 ) ;
#1867 = DIRECTION ( 'NONE',  ( 0.000000000000000000, 0.000000000000000000, -1.000000000000000000 ) ) ;
#1868 = VECTOR ( 'NONE', #3459, 39.37007874015748143 ) ;
#1869 = PRODUCT_CONTEXT ( 'NONE', #3754, 'mechanical' ) ;
#1870 = EDGE_CURVE ( 'NONE', #476, #474, #2922, .T. ) ;
#1871 = ORIENTED_EDGE ( 'NONE', *, *, #3358, .T. ) ;
#1872 = EDGE_CURVE ( 'NONE', #3089, #778, #127, .T. ) ;
#1873 = CARTESIAN_POINT ( 'NONE',  ( -1.414999999999958513, 0.1249959624358320948, -0.4000000000000000222 ) ) ;
#1874 = EDGE_LOOP ( 'NONE', ( #2622, #3022 ) ) ;
#1875 = CARTESIAN_POINT ( 'NONE',  ( 0.5165806246727333573, -0.06138131890065006563, -0.5318130028123713160 ) ) ;
#1876 = DIRECTION ( 'NONE',  ( 0.000000000000000000, 0.000000000000000000, -1.000000000000000000 ) ) ;
#1877 = VECTOR ( 'NONE', #517, 39.37007874015748143 ) ;
#1878 = EDGE_LOOP ( 'NONE', ( #3835, #3985, #1069, #655 ) ) ;
#1879 = VECTOR ( 'NONE', #2290, 39.37007874015748143 ) ;
#1880 = LINE ( 'NONE', #2770, #3215 ) ;
#1881 = DIRECTION ( 'NONE',  ( 0.7901562682738896282, 0.000000000000000000, -0.6129054345553487382 ) ) ;
#1882 = VERTEX_POINT ( 'NONE', #1435 ) ;
#1883 = CARTESIAN_POINT ( 'NONE',  ( -0.3124999999999928946, -0.1250000000000159595, 0.06249999999999901468 ) ) ;
#1884 = VERTEX_POINT ( 'NONE', #458 ) ;
#1885 = DIRECTION ( 'NONE',  ( -1.000000000000000000, 0.000000000000000000, 0.000000000000000000 ) ) ;
#1886 = DIRECTION ( 'NONE',  ( 0.000000000000000000, 0.000000000000000000, 1.000000000000000000 ) ) ;
#1887 = ORIENTED_EDGE ( 'NONE', *, *, #1109, .T. ) ;
#1888 = EDGE_CURVE ( 'NONE', #2924, #1141, #3973, .T. ) ;
#1889 = CARTESIAN_POINT ( 'NONE',  ( 0.4827654158802919815, -0.03497061531405661755, -0.5360020144342831916 ) ) ;
#1890 = VERTEX_POINT ( 'NONE', #221 ) ;
#1891 = PLANE ( 'NONE',  #3291 ) ;
#1892 = ADVANCED_FACE ( 'NONE', ( #475 ), #3925, .F. ) ;
#1893 = CARTESIAN_POINT ( 'NONE',  ( 0.1532210912425652494, -0.6400159037625179348, -0.5632321731148774990 ) ) ;
#1894 = CARTESIAN_POINT ( 'NONE',  ( 0.1000000000000029476, 1.384448000000000049E-14, 0.01249999999999500122 ) ) ;
#1895 = ORIENTED_EDGE ( 'NONE', *, *, #3302, .F. ) ;
#1896 = FACE_OUTER_BOUND ( 'NONE', #1603, .T. ) ;
#1897 = ADVANCED_FACE ( 'NONE', ( #3951 ), #2052, .F. ) ;
#1898 = DIRECTION ( 'NONE',  ( 0.7283192600865617816, -0.4388088937843729331, -0.5263058142588756816 ) ) ;
#1899 = VERTEX_POINT ( 'NONE', #2350 ) ;
#1900 = CARTESIAN_POINT ( 'NONE',  ( 0.2499999999999929223, -0.1875000000000110467, 0.06250000000000000000 ) ) ;
#1901 = AXIS2_PLACEMENT_3D ( 'NONE', #659, #882, #3105 ) ;
#1902 = ORIENTED_EDGE ( 'NONE', *, *, #1355, .T. ) ;
#1903 = DIRECTION ( 'NONE',  ( 1.000000000000000000, 0.000000000000000000, 0.000000000000000000 ) ) ;
#1904 = PRODUCT_CONTEXT ( 'NONE', #2141, 'mechanical' ) ;
#1905 = ORIENTED_EDGE ( 'NONE', *, *, #1812, .F. ) ;
#1906 = CARTESIAN_POINT ( 'NONE',  ( -1.249999999999962697, 0.8124959624358208954, 0.2570000000000551288 ) ) ;
#1907 = FACE_OUTER_BOUND ( 'NONE', #3352, .T. ) ;
#1908 = AXIS2_PLACEMENT_3D ( 'NONE', #613, #1860, #3833 ) ;
#1909 = CARTESIAN_POINT ( 'NONE',  ( -0.2500000000000071054, 0.2499999999999948652, 0.06250000000000000000 ) ) ;
#1910 = EDGE_CURVE ( 'NONE', #3903, #3232, #2396, .T. ) ;
#1911 = CARTESIAN_POINT ( 'NONE',  ( -1.595902385220001163, 0.2277397537650786841, 0.01965413149850360475 ) ) ;
#1912 = VERTEX_POINT ( 'NONE', #2962 ) ;
#1913 = CARTESIAN_POINT ( 'NONE',  ( -1.499999999999962697, 0.6249959624358287780, -0.1400000000000000133 ) ) ;
#1914 = DIRECTION ( 'NONE',  ( 0.6114276612130539190, 0.06940012241047888164, 0.7882511262998268542 ) ) ;
#1915 = ORIENTED_EDGE ( 'NONE', *, *, #1645, .T. ) ;
#1916 = EDGE_CURVE ( 'NONE', #1370, #328, #3245, .T. ) ;
#1917 = AXIS2_PLACEMENT_3D ( 'NONE', #1408, #3320, #2325 ) ;
#1918 = AXIS2_PLACEMENT_3D ( 'NONE', #30, #2531, #3779 ) ;
#1919 = DIRECTION ( 'NONE',  ( 1.639108796198580611E-15, 1.639108796198580611E-15, -1.000000000000000000 ) ) ;
#1920 = AXIS2_PLACEMENT_3D ( 'NONE', #541, #2112, #2394 ) ;
#1921 = AXIS2_PLACEMENT_3D ( 'NONE', #1801, #1226, #1178 ) ;
#1922 = VERTEX_POINT ( 'NONE', #1746 ) ;
#1923 = CARTESIAN_POINT ( 'NONE',  ( -1.124999999999962697, 0.8749959624358326638, 0.2570000000000551288 ) ) ;
#1924 = AXIS2_PLACEMENT_3D ( 'NONE', #3799, #1008, #2253 ) ;
#1925 = PRODUCT_DEFINITION ( 'UNKNOWN', '', #3162, #2529 ) ;
#1926 = CARTESIAN_POINT ( 'NONE',  ( 0.6822213879346279430, -0.2126448082094200831, 0.1238546255221340681 ) ) ;
#1927 = DIMENSIONAL_EXPONENTS ( 1.000000000000000000, 0.000000000000000000, 0.000000000000000000, 0.000000000000000000, 0.000000000000000000, 0.000000000000000000, 0.000000000000000000 ) ;
#1928 = DIRECTION ( 'NONE',  ( 0.000000000000000000, 0.000000000000000000, 1.000000000000000000 ) ) ;
#1929 = AXIS2_PLACEMENT_3D ( 'NONE', #2092, #1087, #2720 ) ;
#1930 = EDGE_LOOP ( 'NONE', ( #2389, #3748, #4029, #1829, #3051, #2726 ) ) ;
#1931 = DIRECTION ( 'NONE',  ( 0.6114276612130539190, 0.06940012241047888164, 0.7882511262998268542 ) ) ;
#1932 = CARTESIAN_POINT ( 'NONE',  ( -1.414999999999958513, 0.1249959624358320948, -0.4000000000000000222 ) ) ;
#1933 = CARTESIAN_POINT ( 'NONE',  ( -1.124999999999962697, 0.8749959624358326638, -0.03999999999999897388 ) ) ;
#1934 = LINE ( 'NONE', #3513, #3331 ) ;
#1935 = ADVANCED_FACE ( 'NONE', ( #3308 ), #180, .F. ) ;
#1936 = ORIENTED_EDGE ( 'NONE', *, *, #137, .T. ) ;
#1937 = CARTESIAN_POINT ( 'NONE',  ( 0.1728786362960933465, -0.5302912289090210285, -0.5631992702655992389 ) ) ;
#1938 = AXIS2_PLACEMENT_3D ( 'NONE', #3636, #862, #3325 ) ;
#1939 = DIRECTION ( 'NONE',  ( 0.7901562682738897392, 1.051347561198069346E-15, -0.6129054345553486272 ) ) ;
#1940 = ORIENTED_EDGE ( 'NONE', *, *, #2682, .T. ) ;
#1941 = VECTOR ( 'NONE', #3185, 39.37007874015748143 ) ;
#1942 = ADVANCED_FACE ( 'NONE', ( #521 ), #544, .T. ) ;
#1943 = AXIS2_PLACEMENT_3D ( 'NONE', #1483, #3665, #1881 ) ;
#1944 = CARTESIAN_POINT ( 'NONE',  ( -1.687499999999956701, 0.8124959624358227828, -0.08299999999994507605 ) ) ;
#1945 = EDGE_CURVE ( 'NONE', #3869, #3048, #1699, .T. ) ;
#1946 = ORIENTED_EDGE ( 'NONE', *, *, #3106, .F. ) ;
#1947 = LINE ( 'NONE', #1923, #3004 ) ;
#1948 = EDGE_CURVE ( 'NONE', #545, #2942, #309, .T. ) ;
#1949 = VERTEX_POINT ( 'NONE', #3003 ) ;
#1950 = CYLINDRICAL_SURFACE ( 'NONE', #3364, 0.06496062992125958835 ) ;
#1951 = DIRECTION ( 'NONE',  ( -0.6114276612130539190, -0.06940012241047888164, -0.7882511262998268542 ) ) ;
#1952 = CARTESIAN_POINT ( 'NONE',  ( 0.2806502975146705769, -0.6750824462937218273, -0.6406108912286465618 ) ) ;
#1953 = DIRECTION ( 'NONE',  ( 0.000000000000000000, 1.000000000000000000, 0.000000000000000000 ) ) ;
#1954 = VERTEX_POINT ( 'NONE', #1455 ) ;
#1955 = LINE ( 'NONE', #1991, #423 ) ;
#1956 = DIRECTION ( 'NONE',  ( 0.1127808668628773742, -0.9936198851017716827, 0.000000000000000000 ) ) ;
#1957 = ORIENTED_EDGE ( 'NONE', *, *, #2354, .F. ) ;
#1958 = FACE_OUTER_BOUND ( 'NONE', #406, .T. ) ;
#1959 = EDGE_CURVE ( 'NONE', #337, #2295, #3023, .T. ) ;
#1960 = ORIENTED_EDGE ( 'NONE', *, *, #737, .T. ) ;
#1961 = DIRECTION ( 'NONE',  ( -0.9473441330505796287, 0.2612114469457678667, -0.1852233072783867340 ) ) ;
#1962 = VECTOR ( 'NONE', #1885, 39.37007874015748143 ) ;
#1963 = DIRECTION ( 'NONE',  ( 0.000000000000000000, 0.000000000000000000, 1.000000000000000000 ) ) ;
#1964 = ORIENTED_EDGE ( 'NONE', *, *, #2508, .T. ) ;
#1965 = EDGE_CURVE ( 'NONE', #564, #3909, #881, .T. ) ;
#1966 = CARTESIAN_POINT ( 'NONE',  ( -1.812499999999954703, 0.4374959624358181198, -0.08299999999994507605 ) ) ;
#1967 = EDGE_CURVE ( 'NONE', #60, #3869, #4016, .T. ) ;
#1968 = CARTESIAN_POINT ( 'NONE',  ( 0.6532636312039740156, -0.8457874457666708645, -0.1150974592818519160 ) ) ;
#1969 = PLANE ( 'NONE',  #372 ) ;
#1970 = CARTESIAN_POINT ( 'NONE',  ( -1.619369082293954154, 0.3239027782417275292, 0.1374511232368897662 ) ) ;
#1971 = CIRCLE ( 'NONE', #2254, 0.1499999999999999944 ) ;
#1972 = CIRCLE ( 'NONE', #857, 0.1399999999999998745 ) ;
#1973 = VERTEX_POINT ( 'NONE', #3995 ) ;
#1974 = DIRECTION ( 'NONE',  ( -1.000000000000000000, 0.000000000000000000, 0.000000000000000000 ) ) ;
#1975 = DIRECTION ( 'NONE',  ( -0.6114276612130538080, -0.06940012241047900654, -0.7882511262998268542 ) ) ;
#1976 = VERTEX_POINT ( 'NONE', #3355 ) ;
#1977 = DIRECTION ( 'NONE',  ( 0.000000000000000000, 0.000000000000000000, 1.000000000000000000 ) ) ;
#1978 = EDGE_LOOP ( 'NONE', ( #2595, #3295, #3576, #1731 ) ) ;
#1979 = DIRECTION ( 'NONE',  ( 0.000000000000000000, 0.000000000000000000, -1.000000000000000000 ) ) ;
#1980 = EDGE_CURVE ( 'NONE', #2237, #1395, #1814, .T. ) ;
#1981 = VECTOR ( 'NONE', #3391, 39.37007874015748143 ) ;
#1982 = CARTESIAN_POINT ( 'NONE',  ( 0.5371690963550661557, -0.8941644449670217432, -0.3636708640840798923 ) ) ;
#1983 = ORIENTED_EDGE ( 'NONE', *, *, #943, .T. ) ;
#1984 = CARTESIAN_POINT ( 'NONE',  ( 0.3972652231907510267, -0.2508148755351830017, -0.3494982170536498067 ) ) ;
#1985 = DIRECTION ( 'NONE',  ( 0.000000000000000000, 0.000000000000000000, 1.000000000000000000 ) ) ;
#1986 = VECTOR ( 'NONE', #2126, 39.37007874015748143 ) ;
#1987 = EDGE_CURVE ( 'NONE', #3034, #1705, #2569, .T. ) ;
#1988 =( GEOMETRIC_REPRESENTATION_CONTEXT ( 3 ) GLOBAL_UNCERTAINTY_ASSIGNED_CONTEXT ( ( #124 ) ) GLOBAL_UNIT_ASSIGNED_CONTEXT ( ( #1388, #1099, #3585 ) ) REPRESENTATION_CONTEXT ( 'NONE', 'WORKASPACE' ) );
#1989 = LINE ( 'NONE', #722, #2548 ) ;
#1990 = ORIENTED_EDGE ( 'NONE', *, *, #2086, .F. ) ;
#1991 = CARTESIAN_POINT ( 'NONE',  ( -0.02995298544876598412, -1.251952635718925233, -1.135171546395444819 ) ) ;
#1992 = CARTESIAN_POINT ( 'NONE',  ( 0.4286177604610251768, -1.199902543911066877, -0.5439832016705747897 ) ) ;
#1993 = CIRCLE ( 'NONE', #105, 0.1000000000000000194 ) ;
#1994 = ORIENTED_EDGE ( 'NONE', *, *, #1516, .T. ) ;
#1995 = MANIFOLD_SOLID_BREP ( '2760[1]', #1137 ) ;
#1996 = FACE_OUTER_BOUND ( 'NONE', #557, .T. ) ;
#1997 = VERTEX_POINT ( 'NONE', #2448 ) ;
#1998 = AXIS2_PLACEMENT_3D ( 'NONE', #2582, #1898, #3138 ) ;
#1999 = CARTESIAN_POINT ( 'NONE',  ( -2.062499999999956923, -0.2500040375641759960, 0.2100000000000000200 ) ) ;
#2000 = CARTESIAN_POINT ( 'NONE',  ( -0.2499999999999929223, -0.1875000000000110467, 0.06249999999999901468 ) ) ;
#2001 = ORIENTED_EDGE ( 'NONE', *, *, #1324, .T. ) ;
#2002 = DIRECTION ( 'NONE',  ( -0.7901562682738895171, 0.000000000000000000, 0.6129054345553489602 ) ) ;
#2003 = DIRECTION ( 'NONE',  ( 0.6114276612130539190, 0.06940012241047888164, 0.7882511262998268542 ) ) ;
#2004 = CARTESIAN_POINT ( 'NONE',  ( -1.612344354446864747, 0.3119774591015343490, 0.1549652905796276292 ) ) ;
#2005 = EDGE_CURVE ( 'NONE', #2616, #1849, #2117, .T. ) ;
#2006 = ORIENTED_EDGE ( 'NONE', *, *, #1084, .T. ) ;
#2007 = CARTESIAN_POINT ( 'NONE',  ( 0.3409490613059051323, -0.8187457817649409497, 0.4419345037484448957 ) ) ;
#2008 = ORIENTED_EDGE ( 'NONE', *, *, #1381, .F. ) ;
#2009 = CARTESIAN_POINT ( 'NONE',  ( -1.476223356457744496, 0.4942772909339653298, 0.06950000000005489287 ) ) ;
#2010 = EDGE_LOOP ( 'NONE', ( #35, #3426, #3658, #979, #2988, #1425, #122 ) ) ;
#2011 = EDGE_CURVE ( 'NONE', #531, #1336, #877, .T. ) ;
#2012 = EDGE_CURVE ( 'NONE', #1884, #1066, #2446, .T. ) ;
#2013 = CARTESIAN_POINT ( 'NONE',  ( -0.1484497657725278030, -0.6394149359912421060, -1.097186167226939180 ) ) ;
#2014 = ORIENTED_EDGE ( 'NONE', *, *, #1077, .F. ) ;
#2015 = VERTEX_POINT ( 'NONE', #2728 ) ;
#2016 = DIRECTION ( 'NONE',  ( 0.000000000000000000, 0.000000000000000000, -1.000000000000000000 ) ) ;
#2017 = CARTESIAN_POINT ( 'NONE',  ( 0.6908117608367716489, 0.6197358541493069861, -0.2732519576827248109 ) ) ;
#2018 = DIRECTION ( 'NONE',  ( 0.7901562682738897392, -6.308085367188415682E-15, -0.6129054345553486272 ) ) ;
#2019 = FACE_OUTER_BOUND ( 'NONE', #93, .T. ) ;
#2020 = CARTESIAN_POINT ( 'NONE',  ( 0.3125000000000000000, -0.1250000000000210665, 0.06250000000000000000 ) ) ;
#2021 = DIRECTION ( 'NONE',  ( 0.000000000000000000, 0.000000000000000000, 1.000000000000000000 ) ) ;
#2022 = CARTESIAN_POINT ( 'NONE',  ( -1.597513733422208482, 0.2772212315844864161, 0.1782494195660582481 ) ) ;
#2023 = PRODUCT ( '~FIXTER_SIMPLIFIED', '~FIXTER_SIMPLIFIED', '', ( #3108 ) ) ;
#2024 = ORIENTED_EDGE ( 'NONE', *, *, #1980, .F. ) ;
#2025 = EDGE_CURVE ( 'NONE', #3294, #1478, #3983, .T. ) ;
#2026 = CARTESIAN_POINT ( 'NONE',  ( 0.2866470552285952933, -0.5491957424438949076, -0.6775167032140567702 ) ) ;
#2027 = ORIENTED_EDGE ( 'NONE', *, *, #2188, .T. ) ;
#2028 = AXIS2_PLACEMENT_3D ( 'NONE', #1191, #2178, #3071 ) ;
#2029 = CARTESIAN_POINT ( 'NONE',  ( 0.3428858811465328449, -0.08143580006467213139, -0.7566005160887981917 ) ) ;
#2030 = ORIENTED_EDGE ( 'NONE', *, *, #3756, .T. ) ;
#2031 = CARTESIAN_POINT ( 'NONE',  ( -1.724999999999954348, -0.3750040375641749968, -0.4000000000000010769 ) ) ;
#2032 = EDGE_CURVE ( 'NONE', #1361, #2504, #1138, .T. ) ;
#2033 = AXIS2_PLACEMENT_3D ( 'NONE', #3539, #2265, #3559 ) ;
#2034 = ORIENTED_EDGE ( 'NONE', *, *, #2526, .F. ) ;
#2035 = ORIENTED_EDGE ( 'NONE', *, *, #642, .T. ) ;
#2036 = DIRECTION ( 'NONE',  ( 1.000000000000000000, 0.000000000000000000, 0.000000000000000000 ) ) ;
#2037 = LINE ( 'NONE', #3563, #1454 ) ;
#2038 = EDGE_LOOP ( 'NONE', ( #1383, #3309 ) ) ;
#2039 = AXIS2_PLACEMENT_3D ( 'NONE', #260, #2131, #1493 ) ;
#2040 = LINE ( 'NONE', #211, #2242 ) ;
#2041 = CARTESIAN_POINT ( 'NONE',  ( 0.8552820965630806294, -0.8580570154944962002, 0.04643967983063102684 ) ) ;
#2042 = CARTESIAN_POINT ( 'NONE',  ( -0.09999999999999704958, 2.359224000000000093E-14, -0.1250000000000000000 ) ) ;
#2043 = VECTOR ( 'NONE', #2514, 39.37007874015748854 ) ;
#2044 = AXIS2_PLACEMENT_3D ( 'NONE', #3366, #901, #1509 ) ;
#2045 = CARTESIAN_POINT ( 'NONE',  ( -1.596139742512925563, 0.2719384177729259333, 0.1799014265864407047 ) ) ;
#2046 = CARTESIAN_POINT ( 'NONE',  ( -1.687499999999954925, 0.4999959624358181198, -0.08299999999994507605 ) ) ;
#2047 = VERTEX_POINT ( 'NONE', #3647 ) ;
#2048 =( GEOMETRIC_REPRESENTATION_CONTEXT ( 3 ) GLOBAL_UNCERTAINTY_ASSIGNED_CONTEXT ( ( #1025 ) ) GLOBAL_UNIT_ASSIGNED_CONTEXT ( ( #3206, #1046, #740 ) ) REPRESENTATION_CONTEXT ( 'NONE', 'WORKASPACE' ) );
#2049 = CARTESIAN_POINT ( 'NONE',  ( 0.2500000000000000000, 0.2499999999999921174, -0.1250000000000000000 ) ) ;
#2050 = VERTEX_POINT ( 'NONE', #791 ) ;
#2051 = VECTOR ( 'NONE', #854, 39.37007874015748143 ) ;
#2052 = CONICAL_SURFACE ( 'NONE', #1335, 0.2670000000000000151, 0.7853981625000032718 ) ;
#2053 = EDGE_CURVE ( 'NONE', #1395, #3232, #1776, .T. ) ;
#2054 = AXIS2_PLACEMENT_3D ( 'NONE', #3306, #1761, #3992 ) ;
#2055 = FACE_OUTER_BOUND ( 'NONE', #3577, .T. ) ;
#2056 = AXIS2_PLACEMENT_3D ( 'NONE', #994, #1315, #373 ) ;
#2057 = EDGE_LOOP ( 'NONE', ( #3167, #552 ) ) ;
#2058 = EDGE_CURVE ( 'NONE', #912, #2772, #1594, .T. ) ;
#2059 = ORIENTED_EDGE ( 'NONE', *, *, #252, .T. ) ;
#2060 = DIRECTION ( 'NONE',  ( 0.000000000000000000, 0.000000000000000000, -1.000000000000000000 ) ) ;
#2061 = EDGE_CURVE ( 'NONE', #1056, #2843, #2964, .T. ) ;
#2062 = CARTESIAN_POINT ( 'NONE',  ( 0.3376745263923036089, -0.06717139350161004108, -0.7417728854514842318 ) ) ;
#2063 = PRODUCT_DEFINITION_SHAPE ( 'NONE', 'NONE',  #875 ) ;
#2064 = DIRECTION ( 'NONE',  ( -1.200357451761578890E-14, -1.200357451761578417E-14, -1.000000000000000000 ) ) ;
#2065 = ORIENTED_EDGE ( 'NONE', *, *, #3080, .F. ) ;
#2066 = DIRECTION ( 'NONE',  ( -2.561107494060235797E-16, -2.561107494060244179E-16, -1.000000000000000000 ) ) ;
#2067 = AXIS2_PLACEMENT_3D ( 'NONE', #2041, #453, #1098 ) ;
#2068 = LINE ( 'NONE', #838, #964 ) ;
#2069 = ADVANCED_FACE ( 'NONE', ( #1089 ), #3536, .F. ) ;
#2070 = FACE_OUTER_BOUND ( 'NONE', #825, .T. ) ;
#2071 = DIRECTION ( 'NONE',  ( 0.000000000000000000, 0.000000000000000000, -1.000000000000000000 ) ) ;
#2072 = ORIENTED_EDGE ( 'NONE', *, *, #187, .T. ) ;
#2073 = DIRECTION ( 'NONE',  ( -0.6114276612130539190, -0.06940012241047878450, -0.7882511262998268542 ) ) ;
#2074 = ORIENTED_EDGE ( 'NONE', *, *, #2080, .T. ) ;
#2075 = CARTESIAN_POINT ( 'NONE',  ( -1.378778096038659529, 0.4374959624358299437, 0.06950000000005492062 ) ) ;
#2076 = DIRECTION ( 'NONE',  ( 1.000000000000000000, 0.000000000000000000, 0.000000000000000000 ) ) ;
#2077 = EDGE_LOOP ( 'NONE', ( #1598, #1212, #1537, #1490 ) ) ;
#2078 = ORIENTED_EDGE ( 'NONE', *, *, #3979, .T. ) ;
#2079 = CARTESIAN_POINT ( 'NONE',  ( 0.3125000000000000000, -0.1250000000000210665, 0.06250000000000000000 ) ) ;
#2080 = EDGE_CURVE ( 'NONE', #1705, #3034, #3353, .T. ) ;
#2081 = FACE_OUTER_BOUND ( 'NONE', #2421, .T. ) ;
#2082 = VERTEX_POINT ( 'NONE', #3557 ) ;
#2083 = ORIENTED_EDGE ( 'NONE', *, *, #1740, .T. ) ;
#2084 = DIRECTION ( 'NONE',  ( 0.000000000000000000, -6.556435184794254601E-15, 1.000000000000000000 ) ) ;
#2085 = CARTESIAN_POINT ( 'NONE',  ( -0.1473028329979977069, 0.1716089236939314089, -1.169480921604739265 ) ) ;
#2086 = EDGE_CURVE ( 'NONE', #3732, #2357, #2333, .T. ) ;
#2087 = CARTESIAN_POINT ( 'NONE',  ( 1.159716454993210633, 0.2785489327197468445, -0.3849205407408110569 ) ) ;
#2088 = CARTESIAN_POINT ( 'NONE',  ( 0.3125000000000000000, -0.1250000000000210665, -0.1250000000000000000 ) ) ;
#2089 = EDGE_CURVE ( 'NONE', #2588, #912, #1725, .T. ) ;
#2090 = EDGE_LOOP ( 'NONE', ( #3467, #1750 ) ) ;
#2091 = CIRCLE ( 'NONE', #203, 0.2170000000000000262 ) ;
#2092 = CARTESIAN_POINT ( 'NONE',  ( 0.9548587896126771168, 0.1314016788385990175, -0.2130620097003200486 ) ) ;
#2093 = EDGE_LOOP ( 'NONE', ( #448, #1983, #501, #2902, #1075, #3430, #605, #3239, #2083, #1379, #1700, #2934, #3893, #3040 ) ) ;
#2094 = DIRECTION ( 'NONE',  ( 0.7901562682738897392, 0.000000000000000000, -0.6129054345553486272 ) ) ;
#2095 = LINE ( 'NONE', #3031, #1318 ) ;
#2096 = DIRECTION ( 'NONE',  ( -1.200357451761587883E-14, -1.200357451761588357E-14, -1.000000000000000000 ) ) ;
#2097 = ORIENTED_EDGE ( 'NONE', *, *, #3458, .F. ) ;
#2098 = EDGE_LOOP ( 'NONE', ( #1512, #1307, #750, #3844 ) ) ;
#2099 = AXIS2_PLACEMENT_3D ( 'NONE', #2405, #2623, #811 ) ;
#2100 = DIRECTION ( 'NONE',  ( -0.000000000000000000, 1.000000000000000000, 0.000000000000000000 ) ) ;
#2101 = AXIS2_PLACEMENT_3D ( 'NONE', #1173, #1460, #1439 ) ;
#2102 = CARTESIAN_POINT ( 'NONE',  ( 0.4827654158802919815, -0.03497061531405661755, -0.5360020144342831916 ) ) ;
#2103 = DIRECTION ( 'NONE',  ( -6.556435184794253024E-15, 1.000000000000000000, 6.556435184794297989E-15 ) ) ;
#2104 = VERTEX_POINT ( 'NONE', #3266 ) ;
#2105 = CARTESIAN_POINT ( 'NONE',  ( -1.134999999999958709, 0.1249959624358309151, -0.4000000000000000222 ) ) ;
#2106 = ADVANCED_FACE ( 'NONE', ( #1373 ), #477, .F. ) ;
#2107 = FACE_BOUND ( 'NONE', #66, .T. ) ;
#2108 = CARTESIAN_POINT ( 'NONE',  ( -1.274999999999958611, 0.1249959624358309151, 0.02500000000000098671 ) ) ;
#2109 = DIRECTION ( 'NONE',  ( 0.000000000000000000, 0.000000000000000000, 1.000000000000000000 ) ) ;
#2110 = CYLINDRICAL_SURFACE ( 'NONE', #1938, 0.08250000000000075329 ) ;
#2111 = VECTOR ( 'NONE', #3409, 39.37007874015748143 ) ;
#2112 = DIRECTION ( 'NONE',  ( 4.097771990496345031E-16, 4.097771990496340593E-16, -1.000000000000000000 ) ) ;
#2113 = VERTEX_POINT ( 'NONE', #2985 ) ;
#2114 = CARTESIAN_POINT ( 'NONE',  ( 0.6346178935137076760, -0.1234517450999750160, -0.6623306688748235027 ) ) ;
#2115 = AXIS2_PLACEMENT_3D ( 'NONE', #3124, #3166, #52 ) ;
#2116 = EDGE_CURVE ( 'NONE', #3139, #810, #1012, .T. ) ;
#2117 = LINE ( 'NONE', #510, #1986 ) ;
#2118 = VERTEX_POINT ( 'NONE', #746 ) ;
#2119 = CARTESIAN_POINT ( 'NONE',  ( 0.3459361742674472717, -0.2508148755351830017, -0.3096834939427709488 ) ) ;
#2120 = VECTOR ( 'NONE', #3428, 39.37007874015748143 ) ;
#2121 = CARTESIAN_POINT ( 'NONE',  ( -1.274999999999958611, 0.1249959624358309151, -0.4000000000000000222 ) ) ;
#2122 = CARTESIAN_POINT ( 'NONE',  ( 0.7978048732529625653, 0.4199870241210401645, -0.3386574528543441209 ) ) ;
#2123 = PRESENTATION_LAYER_ASSIGNMENT (  '', '', ( #629 ) ) ;
#2124 = ORIENTED_EDGE ( 'NONE', *, *, #3384, .T. ) ;
#2125 =( NAMED_UNIT ( * ) SI_UNIT ( $, .STERADIAN. ) SOLID_ANGLE_UNIT ( ) );
#2126 = DIRECTION ( 'NONE',  ( -0.7071067805519560823, -1.797515163353954307E-15, 0.7071067818211390632 ) ) ;
#2127 = LINE ( 'NONE', #1823, #1533 ) ;
#2128 = EDGE_LOOP ( 'NONE', ( #2072, #190, #3541, #3623 ) ) ;
#2129 = LINE ( 'NONE', #3082, #2051 ) ;
#2130 = CYLINDRICAL_SURFACE ( 'NONE', #1244, 0.06749999999999997669 ) ;
#2131 = DIRECTION ( 'NONE',  ( -0.6114276612130539190, -0.06940012241047888164, -0.7882511262998268542 ) ) ;
#2132 = LINE ( 'NONE', #3701, #788 ) ;
#2133 = VECTOR ( 'NONE', #88, 39.37007874015748143 ) ;
#2134 = ORIENTED_EDGE ( 'NONE', *, *, #187, .F. ) ;
#2135 = CARTESIAN_POINT ( 'NONE',  ( -1.599999999999962785, 0.6249959624358307764, 0.06950000000005492062 ) ) ;
#2136 = ORIENTED_EDGE ( 'NONE', *, *, #3928, .F. ) ;
#2137 = CARTESIAN_POINT ( 'NONE',  ( 0.5041771393064223838, -0.1382455940873372480, -0.8315355544025574419 ) ) ;
#2138 = EDGE_CURVE ( 'NONE', #1188, #341, #2397, .T. ) ;
#2139 = CYLINDRICAL_SURFACE ( 'NONE', #1252, 0.1399999999999994582 ) ;
#2140 = FACE_OUTER_BOUND ( 'NONE', #907, .T. ) ;
#2141 = APPLICATION_CONTEXT ( 'automotive_design' ) ;
#2142 = CYLINDRICAL_SURFACE ( 'NONE', #3696, 0.06249999999999858447 ) ;
#2143 = ORIENTED_EDGE ( 'NONE', *, *, #3090, .F. ) ;
#2144 = EDGE_CURVE ( 'NONE', #2179, #2856, #1602, .T. ) ;
#2145 = ADVANCED_FACE ( 'NONE', ( #3927, #1127 ), #2373, .T. ) ;
#2146 = CARTESIAN_POINT ( 'NONE',  ( -0.07067847952509781484, -0.6394149359912421060, -1.157511505273725483 ) ) ;
#2147 = PLANE ( 'NONE',  #2949 ) ;
#2148 = ORIENTED_EDGE ( 'NONE', *, *, #4009, .F. ) ;
#2149 = DIRECTION ( 'NONE',  ( 0.000000000000000000, 0.000000000000000000, -1.000000000000000000 ) ) ;
#2150 = DIRECTION ( 'NONE',  ( 1.000000000000000000, 0.000000000000000000, 0.000000000000000000 ) ) ;
#2151 = DIRECTION ( 'NONE',  ( 1.000000000000000000, 0.000000000000000000, 0.000000000000000000 ) ) ;
#2152 = CARTESIAN_POINT ( 'NONE',  ( 0.000000000000000000, 0.000000000000000000, 0.000000000000000000 ) ) ;
#2153 = CARTESIAN_POINT ( 'NONE',  ( 0.4676678339725973133, -0.8962270828202594242, -0.3472837165233954027 ) ) ;
#2154 = VERTEX_POINT ( 'NONE', #2597 ) ;
#2155 = DIRECTION ( 'NONE',  ( -0.6114276612130539190, -0.06940012241047888164, -0.7882511262998268542 ) ) ;
#2156 = ORIENTED_EDGE ( 'NONE', *, *, #1910, .F. ) ;
#2157 = CARTESIAN_POINT ( 'NONE',  ( 0.6325270338699515715, -0.1236906071408596236, -0.6517742864842935857 ) ) ;
#2158 = DIRECTION ( 'NONE',  ( 0.000000000000000000, 1.000000000000000000, 0.000000000000000000 ) ) ;
#2159 = ADVANCED_FACE ( 'NONE', ( #2298, #3231, #1685 ), #2923, .T. ) ;
#2160 = CARTESIAN_POINT ( 'NONE',  ( 0.3086069978878426823, -0.08118546411623769887, -1.437430960769698673 ) ) ;
#2161 = DIRECTION ( 'NONE',  ( 0.000000000000000000, 0.000000000000000000, 1.000000000000000000 ) ) ;
#2162 = ORIENTED_EDGE ( 'NONE', *, *, #1888, .T. ) ;
#2163 = ADVANCED_FACE ( 'NONE', ( #3997 ), #2139, .F. ) ;
#2164 = PLANE ( 'NONE',  #3158 ) ;
#2165 = CARTESIAN_POINT ( 'NONE',  ( -1.687499999999954925, 0.4374959624358199517, 0.06950000000005492062 ) ) ;
#2166 = EDGE_CURVE ( 'NONE', #3336, #2221, #2874, .T. ) ;
#2167 = VECTOR ( 'NONE', #142, 39.37007874015748143 ) ;
#2168 = VECTOR ( 'NONE', #2463, 39.37007874015748143 ) ;
#2169 = ORIENTED_EDGE ( 'NONE', *, *, #2, .T. ) ;
#2170 = LINE ( 'NONE', #2490, #847 ) ;
#2171 = DIRECTION ( 'NONE',  ( 0.000000000000000000, 0.000000000000000000, -1.000000000000000000 ) ) ;
#2172 = CARTESIAN_POINT ( 'NONE',  ( -0.2500000000000071054, 0.2499999999999948652, 0.06250000000000000000 ) ) ;
#2173 = VERTEX_POINT ( 'NONE', #223 ) ;
#2174 = CARTESIAN_POINT ( 'NONE',  ( 7.549517000000000200E-15, 3.019807000000000044E-14, 0.06250000000000000000 ) ) ;
#2175 = ORIENTED_EDGE ( 'NONE', *, *, #567, .T. ) ;
#2176 = CARTESIAN_POINT ( 'NONE',  ( 0.5251261042824426628, -0.06783484698729405626, -0.5326637375923679585 ) ) ;
#2177 = ORIENTED_EDGE ( 'NONE', *, *, #274, .F. ) ;
#2178 = DIRECTION ( 'NONE',  ( 0.000000000000000000, 0.000000000000000000, 1.000000000000000000 ) ) ;
#2179 = VERTEX_POINT ( 'NONE', #268 ) ;
#2180 = AXIS2_PLACEMENT_3D ( 'NONE', #1447, #2605, #2688 ) ;
#2181 = DIRECTION ( 'NONE',  ( 0.000000000000000000, 0.000000000000000000, 1.000000000000000000 ) ) ;
#2182 = DIRECTION ( 'NONE',  ( 1.639108796198537815E-15, 1.639108796198587908E-15, -1.000000000000000000 ) ) ;
#2183 = ORIENTED_EDGE ( 'NONE', *, *, #3935, .F. ) ;
#2184 = AXIS2_PLACEMENT_3D ( 'NONE', #1982, #753, #771 ) ;
#2185 = AXIS2_PLACEMENT_3D ( 'NONE', #935, #4022, #3709 ) ;
#2186 = DIRECTION ( 'NONE',  ( 0.7071067811866460495, 0.7071067811864489849, 2.983176000000000416E-15 ) ) ;
#2187 = AXIS2_PLACEMENT_3D ( 'NONE', #2219, #1276, #367 ) ;
#2188 = EDGE_CURVE ( 'NONE', #2992, #902, #80, .T. ) ;
#2189 = ADVANCED_BREP_SHAPE_REPRESENTATION ( '', ( #1995, #1072 ), #237 ) ;
#2190 = VERTEX_POINT ( 'NONE', #2479 ) ;
#2191 = VECTOR ( 'NONE', #1842, 39.37007874015748143 ) ;
#2192 = DIRECTION ( 'NONE',  ( 0.000000000000000000, 0.000000000000000000, -1.000000000000000000 ) ) ;
#2193 = ADVANCED_FACE ( 'NONE', ( #2791 ), #1773, .F. ) ;
#2194 = CARTESIAN_POINT ( 'NONE',  ( -1.274999999999958611, 0.1249959624358309151, 0.3750000000000000555 ) ) ;
#2195 = CIRCLE ( 'NONE', #620, 0.1000000000000000056 ) ;
#2196 = VERTEX_POINT ( 'NONE', #313 ) ;
#2197 = DIRECTION ( 'NONE',  ( 0.000000000000000000, 0.000000000000000000, 1.000000000000000000 ) ) ;
#2198 = VERTEX_POINT ( 'NONE', #3663 ) ;
#2199 = EDGE_CURVE ( 'NONE', #958, #1090, #3141, .T. ) ;
#2200 = DIRECTION ( 'NONE',  ( -1.000000000000000000, 0.000000000000000000, 0.000000000000000000 ) ) ;
#2201 = CARTESIAN_POINT ( 'NONE',  ( 0.1545175168295170043, -0.6458344993300056958, -0.5663837211149017614 ) ) ;
#2202 = DIRECTION ( 'NONE',  ( -1.000000000000000000, 0.000000000000000000, 0.000000000000000000 ) ) ;
#2203 = CONICAL_SURFACE ( 'NONE', #1082, 0.1250000000000029143, 1.029744258676648094 ) ;
#2204 = ORIENTED_EDGE ( 'NONE', *, *, #3686, .T. ) ;
#2205 = AXIS2_PLACEMENT_3D ( 'NONE', #988, #2232, #2574 ) ;
#2206 = CARTESIAN_POINT ( 'NONE',  ( -1.749999999999954925, 0.3749959624358200627, 0.2570000000000551288 ) ) ;
#2207 = DIRECTION ( 'NONE',  ( 1.000000000000000000, 0.000000000000000000, 0.000000000000000000 ) ) ;
#2208 = ORIENTED_EDGE ( 'NONE', *, *, #3127, .T. ) ;
#2209 = DIRECTION ( 'NONE',  ( -1.000000000000000000, 0.000000000000000000, 7.805279981897948552E-15 ) ) ;
#2210 = EDGE_LOOP ( 'NONE', ( #2288, #1262 ) ) ;
#2211 = CARTESIAN_POINT ( 'NONE',  ( 0.5293644726313637694, -0.2299948388120389986, -0.07320815605282204874 ) ) ;
#2212 = EDGE_CURVE ( 'NONE', #1417, #2527, #289, .T. ) ;
#2213 = DIRECTION ( 'NONE',  ( 0.000000000000000000, 0.000000000000000000, 1.000000000000000000 ) ) ;
#2214 = ORIENTED_EDGE ( 'NONE', *, *, #19, .F. ) ;
#2215 = CARTESIAN_POINT ( 'NONE',  ( -1.134999999999958709, 0.1249959624358350369, -0.1400000000000000133 ) ) ;
#2216 = ORIENTED_EDGE ( 'NONE', *, *, #2359, .T. ) ;
#2217 = ADVANCED_FACE ( 'NONE', ( #2399 ), #1551, .F. ) ;
#2218 = LINE ( 'NONE', #3205, #3437 ) ;
#2219 = CARTESIAN_POINT ( 'NONE',  ( -0.9374999999999567013, -0.2500040375641669477, -0.4000000000000000222 ) ) ;
#2220 = CARTESIAN_POINT ( 'NONE',  ( 0.09999999999999903411, -0.04472135954997594892, 0.01249999999999899802 ) ) ;
#2221 = VERTEX_POINT ( 'NONE', #247 ) ;
#2222 = PLANE ( 'NONE',  #3614 ) ;
#2223 = CARTESIAN_POINT ( 'NONE',  ( 1.000715864203659322, 0.1366066880193850530, -0.1539431752278289378 ) ) ;
#2224 = ORIENTED_EDGE ( 'NONE', *, *, #1540, .T. ) ;
#2225 = DIRECTION ( 'NONE',  ( -0.7071067811865779928, 0.7071067811865170416, 0.000000000000000000 ) ) ;
#2226 = VERTEX_POINT ( 'NONE', #3975 ) ;
#2227 = DIRECTION ( 'NONE',  ( -1.000000000000000000, 0.000000000000000000, 0.000000000000000000 ) ) ;
#2228 = CARTESIAN_POINT ( 'NONE',  ( -1.724999999999954792, -0.3750040375641728319, 0.3750000000000000555 ) ) ;
#2229 = ADVANCED_FACE ( 'NONE', ( #868 ), #1644, .F. ) ;
#2230 = VERTEX_POINT ( 'NONE', #3357 ) ;
#2231 = DIRECTION ( 'NONE',  ( -0.3093829275817721047, 0.4118763402581155364, 0.8571114772633212642 ) ) ;
#2232 = DIRECTION ( 'NONE',  ( 0.000000000000000000, 0.000000000000000000, 1.000000000000000000 ) ) ;
#2233 = CIRCLE ( 'NONE', #469, 0.06749999999999996281 ) ;
#2234 = DIRECTION ( 'NONE',  ( -0.3093659168209979549, -0.8958964101642267197, 0.3188453414499809457 ) ) ;
#2235 = EDGE_CURVE ( 'NONE', #564, #1954, #2442, .T. ) ;
#2236 = CARTESIAN_POINT ( 'NONE',  ( -1.623138961022671412, 0.1701558467272749620, 0.07781785994526665973 ) ) ;
#2237 = VERTEX_POINT ( 'NONE', #1853 ) ;
#2238 = EDGE_CURVE ( 'NONE', #3763, #2198, #286, .T. ) ;
#2239 = DIRECTION ( 'NONE',  ( 0.000000000000000000, 0.000000000000000000, 1.000000000000000000 ) ) ;
#2240 = CARTESIAN_POINT ( 'NONE',  ( -1.749999999999948930, 0.8124959624358208954, 0.06950000000005492062 ) ) ;
#2241 = EDGE_LOOP ( 'NONE', ( #2744, #3781, #304, #3422 ) ) ;
#2242 = VECTOR ( 'NONE', #494, 39.37007874015748143 ) ;
#2243 = FACE_OUTER_BOUND ( 'NONE', #165, .T. ) ;
#2244 = VECTOR ( 'NONE', #2435, 39.37007874015748143 ) ;
#2245 = AXIS2_PLACEMENT_3D ( 'NONE', #2385, #3629, #833 ) ;
#2246 = ORIENTED_EDGE ( 'NONE', *, *, #2510, .F. ) ;
#2247 = FACE_BOUND ( 'NONE', #899, .T. ) ;
#2248 = PRODUCT_DEFINITION_CONTEXT ( 'detailed design', #678, 'design' ) ;
#2249 = PLANE ( 'NONE',  #2115 ) ;
#2250 = APPLICATION_PROTOCOL_DEFINITION ( 'draft international standard', 'automotive_design', 1998, #2575 ) ;
#2251 = VECTOR ( 'NONE', #2687, 39.37007874015748143 ) ;
#2252 = ORIENTED_EDGE ( 'NONE', *, *, #463, .T. ) ;
#2253 = DIRECTION ( 'NONE',  ( 1.000000000000000000, 0.000000000000000000, 0.000000000000000000 ) ) ;
#2254 = AXIS2_PLACEMENT_3D ( 'NONE', #1444, #3297, #850 ) ;
#2255 = CARTESIAN_POINT ( 'NONE',  ( -1.399999999999954836, 0.7749959624358307986, -0.1400000000000000133 ) ) ;
#2256 = DIRECTION ( 'NONE',  ( 0.000000000000000000, -1.000000000000000000, 0.000000000000000000 ) ) ;
#2257 = CARTESIAN_POINT ( 'NONE',  ( -1.612369558654066504, 0.1879680822000350526, 0.04508452290648051058 ) ) ;
#2258 = ORIENTED_EDGE ( 'NONE', *, *, #2268, .F. ) ;
#2259 = EDGE_CURVE ( 'NONE', #3000, #3965, #1815, .T. ) ;
#2260 = DIRECTION ( 'NONE',  ( 0.000000000000000000, 0.000000000000000000, -1.000000000000000000 ) ) ;
#2261 = AXIS2_PLACEMENT_3D ( 'NONE', #1254, #3114, #2200 ) ;
#2262 = PLANE ( 'NONE',  #2520 ) ;
#2263 = ORIENTED_EDGE ( 'NONE', *, *, #1038, .F. ) ;
#2264 = CIRCLE ( 'NONE', #2586, 0.3169999999999999485 ) ;
#2265 = DIRECTION ( 'NONE',  ( 0.6114276612130538080, 0.06940012241047900654, 0.7882511262998268542 ) ) ;
#2266 = EDGE_CURVE ( 'NONE', #3130, #2698, #3052, .T. ) ;
#2267 = ORIENTED_EDGE ( 'NONE', *, *, #65, .T. ) ;
#2268 = EDGE_CURVE ( 'NONE', #2614, #2314, #2745, .T. ) ;
#2269 = DIRECTION ( 'NONE',  ( -0.7283192600865621147, 0.4388088937843730442, 0.5263058142588752375 ) ) ;
#2270 =( BOUNDED_CURVE ( )  B_SPLINE_CURVE ( 2, ( #3524, #735, #450 ),
 .UNSPECIFIED., .F., .F. ) 
 B_SPLINE_CURVE_WITH_KNOTS ( ( 3, 3 ),
 ( 0.000000000000000000, 0.1338613807863099914 ),
 .UNSPECIFIED. ) 
 CURVE ( )  GEOMETRIC_REPRESENTATION_ITEM ( )  RATIONAL_B_SPLINE_CURVE ( ( 1.000000000000000000, 2.549180327872480056, 2.549180327872484941 ) ) 
 REPRESENTATION_ITEM ( '' )  );
#2271 = FILL_AREA_STYLE_COLOUR ( '', #1854 ) ;
#2272 = ORIENTED_EDGE ( 'NONE', *, *, #1635, .F. ) ;
#2273 = DIRECTION ( 'NONE',  ( 0.000000000000000000, -0.3352938259419260270, -0.9421136079503499294 ) ) ;
#2274 = CARTESIAN_POINT ( 'NONE',  ( 0.3840998388550848075, 0.1797781261627351412, -0.6309231582585228537 ) ) ;
#2275 = CARTESIAN_POINT ( 'NONE',  ( 0.1701548753681306481, -0.6757007802278072184, -0.5873026441218599514 ) ) ;
#2276 = CARTESIAN_POINT ( 'NONE',  ( -1.600733096713205406, 0.2128568686821640243, 0.1740589793044791667 ) ) ;
#2277 = ORIENTED_EDGE ( 'NONE', *, *, #120, .F. ) ;
#2278 = DIRECTION ( 'NONE',  ( 0.000000000000000000, 0.000000000000000000, -1.000000000000000000 ) ) ;
#2279 = DIRECTION ( 'NONE',  ( 7.927237481614998119E-15, -7.927237481614979186E-15, 1.000000000000000000 ) ) ;
#2280 = ORIENTED_EDGE ( 'NONE', *, *, #1843, .T. ) ;
#2281 = EDGE_CURVE ( 'NONE', #2776, #3858, #913, .T. ) ;
#2282 = DIRECTION ( 'NONE',  ( -1.000000000000000000, 0.000000000000000000, 0.000000000000000000 ) ) ;
#2283 = ORIENTED_EDGE ( 'NONE', *, *, #2812, .F. ) ;
#2284 = DIRECTION ( 'NONE',  ( 1.000000000000000000, 0.000000000000000000, 0.000000000000000000 ) ) ;
#2285 = VECTOR ( 'NONE', #581, 39.37007874015748143 ) ;
#2286 = EDGE_CURVE ( 'NONE', #3368, #200, #3400, .T. ) ;
#2287 = CARTESIAN_POINT ( 'NONE',  ( -0.9374999999999567013, -0.2500040375641662260, 0.3749999999999989453 ) ) ;
#2288 = ORIENTED_EDGE ( 'NONE', *, *, #2166, .F. ) ;
#2289 = PLANE ( 'NONE',  #2847 ) ;
#2290 = DIRECTION ( 'NONE',  ( 0.000000000000000000, -1.000000000000000000, 0.000000000000000000 ) ) ;
#2291 = DIRECTION ( 'NONE',  ( 7.831297581837554954E-15, -1.000000000000000000, 0.000000000000000000 ) ) ;
#2292 = LINE ( 'NONE', #3863, #408 ) ;
#2293 = VECTOR ( 'NONE', #1961, 39.37007874015749564 ) ;
#2294 = AXIS2_PLACEMENT_3D ( 'NONE', #1257, #1608, #3172 ) ;
#2295 = VERTEX_POINT ( 'NONE', #1237 ) ;
#2296 = AXIS2_PLACEMENT_3D ( 'NONE', #1650, #3486, #730 ) ;
#2297 = CARTESIAN_POINT ( 'NONE',  ( -0.3124999999999928946, -0.1250000000000149603, -0.1250000000000000000 ) ) ;
#2298 = FACE_BOUND ( 'NONE', #2684, .T. ) ;
#2299 = ORIENTED_EDGE ( 'NONE', *, *, #886, .F. ) ;
#2300 = DIRECTION ( 'NONE',  ( 0.000000000000000000, 0.000000000000000000, -1.000000000000000000 ) ) ;
#2301 = EDGE_LOOP ( 'NONE', ( #1857, #1028, #1871, #3906, #1630 ) ) ;
#2302 = FACE_OUTER_BOUND ( 'NONE', #1497, .T. ) ;
#2303 = VECTOR ( 'NONE', #774, 39.37007874015748143 ) ;
#2304 = ADVANCED_FACE ( 'NONE', ( #3188 ), #3115, .F. ) ;
#2305 = DIRECTION ( 'NONE',  ( -0.4031124773930314098, 0.9151504414958518963, 0.000000000000000000 ) ) ;
#2306 = ORIENTED_EDGE ( 'NONE', *, *, #3836, .F. ) ;
#2307 = EDGE_CURVE ( 'NONE', #831, #253, #1396, .T. ) ;
#2308 = CARTESIAN_POINT ( 'NONE',  ( -0.1484497657725277753, -0.6394149359912421060, -1.097186167226939180 ) ) ;
#2309 = DIRECTION ( 'NONE',  ( 4.097771990496335663E-16, 4.097771990496393842E-16, -1.000000000000000000 ) ) ;
#2310 = AXIS2_PLACEMENT_3D ( 'NONE', #3907, #3310, #1106 ) ;
#2311 = DIRECTION ( 'NONE',  ( 1.034790906691013668E-14, -1.034790906691038280E-14, 1.000000000000000000 ) ) ;
#2312 = CARTESIAN_POINT ( 'NONE',  ( -1.622109012939452866, 0.3282508840057144495, 0.07277414557486085178 ) ) ;
#2313 = ORIENTED_EDGE ( 'NONE', *, *, #3634, .F. ) ;
#2314 = VERTEX_POINT ( 'NONE', #2882 ) ;
#2315 = CARTESIAN_POINT ( 'NONE',  ( 0.3459361742674472717, -0.2508148755351830017, -0.3096834939427709488 ) ) ;
#2316 = ORIENTED_EDGE ( 'NONE', *, *, #1595, .F. ) ;
#2317 = CARTESIAN_POINT ( 'NONE',  ( -1.599999999999954792, 0.8749959624358287780, -0.03999999999999897388 ) ) ;
#2318 = ORIENTED_EDGE ( 'NONE', *, *, #2116, .T. ) ;
#2319 = VECTOR ( 'NONE', #2231, 39.37007874015748854 ) ;
#2320 = ORIENTED_EDGE ( 'NONE', *, *, #947, .T. ) ;
#2321 = DIRECTION ( 'NONE',  ( -0.7283192600865717736, 0.4388088937843427351, 0.5263058142588867838 ) ) ;
#2322 = CARTESIAN_POINT ( 'NONE',  ( -1.874835192616434387, 0.2499959624358240318, 0.09999999999999986677 ) ) ;
#2323 = EDGE_LOOP ( 'NONE', ( #513, #625, #3087, #3534 ) ) ;
#2324 = EDGE_CURVE ( 'NONE', #277, #2614, #2537, .T. ) ;
#2325 = DIRECTION ( 'NONE',  ( 1.000000000000000000, 0.000000000000000000, 0.000000000000000000 ) ) ;
#2326 = LINE ( 'NONE', #3900, #1349 ) ;
#2327 = CARTESIAN_POINT ( 'NONE',  ( 1.159716454993210633, 0.2785489327197468445, -0.3849205407408110569 ) ) ;
#2328 = CARTESIAN_POINT ( 'NONE',  ( -1.624990221011496372, 0.3326583428635893069, 0.1058456766192299170 ) ) ;
#2329 = ORIENTED_EDGE ( 'NONE', *, *, #3321, .F. ) ;
#2330 = EDGE_CURVE ( 'NONE', #508, #1973, #1972, .T. ) ;
#2331 = CARTESIAN_POINT ( 'NONE',  ( -0.9374999999999567013, -0.2500040375641669477, 0.2100000000000000200 ) ) ;
#2332 = ORIENTED_EDGE ( 'NONE', *, *, #1645, .F. ) ;
#2333 = LINE ( 'NONE', #443, #167 ) ;
#2334 = EDGE_LOOP ( 'NONE', ( #2565, #1702 ) ) ;
#2335 = DIRECTION ( 'NONE',  ( 0.000000000000000000, -1.000000000000000000, 0.000000000000000000 ) ) ;
#2336 = ORIENTED_EDGE ( 'NONE', *, *, #370, .T. ) ;
#2337 = VERTEX_POINT ( 'NONE', #17 ) ;
#2338 = FACE_OUTER_BOUND ( 'NONE', #2077, .T. ) ;
#2339 = LINE ( 'NONE', #1405, #3213 ) ;
#2340 = VERTEX_POINT ( 'NONE', #3770 ) ;
#2341 = DIRECTION ( 'NONE',  ( 0.7071067811866370567, 0.7071067811864579777, 3.035512000000002298E-15 ) ) ;
#2342 = FACE_OUTER_BOUND ( 'NONE', #864, .T. ) ;
#2343 = CARTESIAN_POINT ( 'NONE',  ( -1.249999999999962697, 0.8124959624358208954, 0.06950000000005492062 ) ) ;
#2344 = EDGE_CURVE ( 'NONE', #3952, #2340, #1934, .T. ) ;
#2345 = LINE ( 'NONE', #3883, #991 ) ;
#2346 = PRODUCT ( '~SCREW GUIDING', '~SCREW GUIDING', '', ( #623 ) ) ;
#2347 = LINE ( 'NONE', #3657, #2377 ) ;
#2348 = ORIENTED_EDGE ( 'NONE', *, *, #3075, .T. ) ;
#2349 = ADVANCED_FACE ( 'NONE', ( #1334 ), #1312, .F. ) ;
#2350 = CARTESIAN_POINT ( 'NONE',  ( 0.8426705847648759962, 0.2318282179705941082, -0.03973481353365335145 ) ) ;
#2351 = VERTEX_POINT ( 'NONE', #1626 ) ;
#2352 = AXIS2_PLACEMENT_3D ( 'NONE', #569, #2768, #2094 ) ;
#2353 = CARTESIAN_POINT ( 'NONE',  ( 0.3413862835264281914, -0.07790120191059528298, -0.7529212828558978776 ) ) ;
#2354 = EDGE_CURVE ( 'NONE', #1882, #3122, #2864, .T. ) ;
#2355 = DIRECTION ( 'NONE',  ( 1.639108796198537815E-15, 1.639108796198587908E-15, -1.000000000000000000 ) ) ;
#2356 = ORIENTED_EDGE ( 'NONE', *, *, #2981, .F. ) ;
#2357 = VERTEX_POINT ( 'NONE', #3804 ) ;
#2358 = CARTESIAN_POINT ( 'NONE',  ( -2.062499999999960476, -0.3325040375641760693, -0.4000000000000000222 ) ) ;
#2359 = EDGE_CURVE ( 'NONE', #3683, #200, #349, .T. ) ;
#2360 = CARTESIAN_POINT ( 'NONE',  ( 0.3352982498865461070, -0.04506107830902252726, -0.7186155535962639451 ) ) ;
#2361 = CARTESIAN_POINT ( 'NONE',  ( 0.2499999999999929223, -0.1875000000000110467, 0.06250000000000000000 ) ) ;
#2362 = EDGE_LOOP ( 'NONE', ( #2216, #803, #3461, #273 ) ) ;
#2363 = VECTOR ( 'NONE', #1058, 39.37007874015748143 ) ;
#2364 = CARTESIAN_POINT ( 'NONE',  ( -1.019999999999956719, -0.2500040375641700563, -0.4000000000000000222 ) ) ;
#2365 = FACE_OUTER_BOUND ( 'NONE', #2433, .T. ) ;
#2366 = CARTESIAN_POINT ( 'NONE',  ( 56.89442635707791140, -33.73187412325122381, 57.72005988724400538 ) ) ;
#2367 = VECTOR ( 'NONE', #291, 39.37007874015748854 ) ;
#2368 = LINE ( 'NONE', #1682, #3791 ) ;
#2369 = LINE ( 'NONE', #2088, #2244 ) ;
#2370 = ORIENTED_EDGE ( 'NONE', *, *, #3389, .T. ) ;
#2371 = CARTESIAN_POINT ( 'NONE',  ( 0.2175520488341100844, -0.4997440345047639010, -0.6353493660801549092 ) ) ;
#2372 = EDGE_LOOP ( 'NONE', ( #2246, #2489, #2927, #3201 ) ) ;
#2373 = PLANE ( 'NONE',  #3684 ) ;
#2374 = AXIS2_PLACEMENT_3D ( 'NONE', #772, #2690, #2018 ) ;
#2375 = AXIS2_PLACEMENT_3D ( 'NONE', #1125, #3887, #1764 ) ;
#2376 = EDGE_CURVE ( 'NONE', #972, #352, #3620, .T. ) ;
#2377 = VECTOR ( 'NONE', #3613, 39.37007874015748143 ) ;
#2378 = CARTESIAN_POINT ( 'NONE',  ( -1.621221903961263866, 0.3749959624358181198, 0.06950000000005492062 ) ) ;
#2379 = CIRCLE ( 'NONE', #3223, 0.1399999999999998745 ) ;
#2380 = ORIENTED_EDGE ( 'NONE', *, *, #1337, .F. ) ;
#2381 = VERTEX_POINT ( 'NONE', #3134 ) ;
#2382 = SURFACE_SIDE_STYLE ('',( #1463 ) ) ;
#2383 = ADVANCED_FACE ( 'NONE', ( #2519, #2828, #39 ), #2900, .F. ) ;
#2384 = CARTESIAN_POINT ( 'NONE',  ( 0.4506703410636528906, -0.01019222617659008151, -0.5497532048755565670 ) ) ;
#2385 = CARTESIAN_POINT ( 'NONE',  ( -1.249999999999962697, 0.4374959624358181198, -0.08299999999994507605 ) ) ;
#2386 = ADVANCED_FACE ( 'NONE', ( #196 ), #1369, .T. ) ;
#2387 = VECTOR ( 'NONE', #610, 39.37007874015748143 ) ;
#2388 = EDGE_LOOP ( 'NONE', ( #119, #1820, #1415, #1105, #2461, #2380, #2332, #1895, #1092, #2636 ) ) ;
#2389 = ORIENTED_EDGE ( 'NONE', *, *, #2344, .T. ) ;
#2390 = LINE ( 'NONE', #3632, #271 ) ;
#2391 = AXIS2_PLACEMENT_3D ( 'NONE', #1932, #1624, #1641 ) ;
#2392 = DIRECTION ( 'NONE',  ( 0.3093659168209919597, 0.8958964101642258315, -0.3188453414499889393 ) ) ;
#2393 = CARTESIAN_POINT ( 'NONE',  ( 0.8959806640022598412, 0.3632691395911319399, 0.2244991595407850316 ) ) ;
#2394 = DIRECTION ( 'NONE',  ( -1.000000000000000000, 0.000000000000000000, -4.097771990496416028E-16 ) ) ;
#2395 = EDGE_LOOP ( 'NONE', ( #3752, #3288, #3666, #849 ) ) ;
#2396 = LINE ( 'NONE', #2007, #3876 ) ;
#2397 =( BOUNDED_CURVE ( )  B_SPLINE_CURVE ( 2, ( #1766, #2009, #2075 ),
 .UNSPECIFIED., .F., .F. ) 
 B_SPLINE_CURVE_WITH_KNOTS ( ( 3, 3 ),
 ( 0.1338613807863099914, 0.2677227615726219812 ),
 .UNSPECIFIED. ) 
 CURVE ( )  GEOMETRIC_REPRESENTATION_ITEM ( )  RATIONAL_B_SPLINE_CURVE ( ( 2.549180327872484941, 2.549180327872495155, 1.000000000000000000 ) ) 
 REPRESENTATION_ITEM ( '' )  );
#2398 = ORIENTED_EDGE ( 'NONE', *, *, #3963, .F. ) ;
#2399 = FACE_OUTER_BOUND ( 'NONE', #3270, .T. ) ;
#2400 = DIRECTION ( 'NONE',  ( 0.7283192600865617816, -0.4388088937843739878, -0.5263058142588747934 ) ) ;
#2401 = CARTESIAN_POINT ( 'NONE',  ( -0.2262210520199577635, -0.6394149359912421060, -1.036860829180152876 ) ) ;
#2402 = EDGE_CURVE ( 'NONE', #352, #2230, #777, .T. ) ;
#2403 = VERTEX_POINT ( 'NONE', #3921 ) ;
#2404 = ORIENTED_EDGE ( 'NONE', *, *, #886, .T. ) ;
#2405 = CARTESIAN_POINT ( 'NONE',  ( 0.3488517359416968833, -0.4754139523892937369, -0.5458968597297410019 ) ) ;
#2406 = CARTESIAN_POINT ( 'NONE',  ( -1.399999999999954836, 0.8124959624358208954, 0.06950000000005492062 ) ) ;
#2407 = ORIENTED_EDGE ( 'NONE', *, *, #2307, .T. ) ;
#2408 = ORIENTED_EDGE ( 'NONE', *, *, #1666, .F. ) ;
#2409 = DIRECTION ( 'NONE',  ( -0.6114276612130539190, -0.06940012241047888164, -0.7882511262998268542 ) ) ;
#2410 = EDGE_CURVE ( 'NONE', #1417, #146, #760, .T. ) ;
#2411 = LINE ( 'NONE', #3654, #1712 ) ;
#2412 = CARTESIAN_POINT ( 'NONE',  ( 1.289364198237775261, 0.01681288110929757273, -0.3672938008303316404 ) ) ;
#2413 = LINE ( 'NONE', #3587, #1717 ) ;
#2414 = ORIENTED_EDGE ( 'NONE', *, *, #1101, .T. ) ;
#2415 = DIRECTION ( 'NONE',  ( 0.000000000000000000, -1.000000000000000000, 0.000000000000000000 ) ) ;
#2416 = DIRECTION ( 'NONE',  ( -0.7283192600865610045, 0.4388088937843734882, 0.5263058142588761257 ) ) ;
#2417 = VERTEX_POINT ( 'NONE', #3225 ) ;
#2418 = CARTESIAN_POINT ( 'NONE',  ( -2.062499999999956923, -0.2500040375641759960, 0.3750000000000000555 ) ) ;
#2419 = CARTESIAN_POINT ( 'NONE',  ( -1.724999999999954792, -0.3750040375641728319, 0.3750000000000000555 ) ) ;
#2420 = PLANE ( 'NONE',  #638 ) ;
#2421 = EDGE_LOOP ( 'NONE', ( #1940, #1770, #1627, #2008 ) ) ;
#2422 = LENGTH_MEASURE_WITH_UNIT ( LENGTH_MEASURE( 0.02539999999999999897 ), #230 );
#2423 = CIRCLE ( 'NONE', #1908, 0.08250000000000000389 ) ;
#2424 = PRESENTATION_STYLE_ASSIGNMENT (( #1753 ) ) ;
#2425 = CARTESIAN_POINT ( 'NONE',  ( -1.724999999999954348, -0.3750040375641747192, -0.2350000000000008749 ) ) ;
#2426 = EDGE_LOOP ( 'NONE', ( #2006, #3480 ) ) ;
#2427 = DIRECTION ( 'NONE',  ( 0.000000000000000000, -6.556435184794254601E-15, 1.000000000000000000 ) ) ;
#2428 = DIRECTION ( 'NONE',  ( -0.7071067811864170105, -0.7071067811866780239, -2.669156999999999917E-15 ) ) ;
#2429 = ADVANCED_FACE ( 'NONE', ( #3243 ), #2488, .F. ) ;
#2430 = CARTESIAN_POINT ( 'NONE',  ( 0.2499999999999929223, -0.1875000000000110467, 0.06250000000000000000 ) ) ;
#2431 = DIRECTION ( 'NONE',  ( 0.000000000000000000, 0.000000000000000000, 1.000000000000000000 ) ) ;
#2432 = AXIS2_PLACEMENT_3D ( 'NONE', #923, #3370, #1903 ) ;
#2433 = EDGE_LOOP ( 'NONE', ( #744, #383, #2074 ) ) ;
#2434 = VECTOR ( 'NONE', #3043, 39.37007874015748854 ) ;
#2435 = DIRECTION ( 'NONE',  ( 0.000000000000000000, 1.000000000000000000, 0.000000000000000000 ) ) ;
#2436 = ORIENTED_EDGE ( 'NONE', *, *, #3884, .F. ) ;
#2437 = AXIS2_PLACEMENT_3D ( 'NONE', #56, #364, #3395 ) ;
#2438 = EDGE_CURVE ( 'NONE', #2560, #3526, #421, .T. ) ;
#2439 = CARTESIAN_POINT ( 'NONE',  ( 0.3242455875379575136, -0.2474507606369001911, -0.2316589339401197434 ) ) ;
#2440 = DIRECTION ( 'NONE',  ( 0.000000000000000000, 0.000000000000000000, -1.000000000000000000 ) ) ;
#2441 = ORIENTED_EDGE ( 'NONE', *, *, #837, .F. ) ;
#2442 = LINE ( 'NONE', #3641, #1053 ) ;
#2443 = EDGE_CURVE ( 'NONE', #680, #2749, #2345, .T. ) ;
#2444 = CARTESIAN_POINT ( 'NONE',  ( -1.812499999999956701, 0.4374959624358362165, 0.2570000000000551288 ) ) ;
#2445 = DIRECTION ( 'NONE',  ( -1.000000000000000000, -0.000000000000000000, -0.000000000000000000 ) ) ;
#2446 = CIRCLE ( 'NONE', #3814, 0.06249999999999995143 ) ;
#2447 = ORIENTED_EDGE ( 'NONE', *, *, #3451, .F. ) ;
#2448 = CARTESIAN_POINT ( 'NONE',  ( -1.749999999999955147, 0.6874959624358228938, 0.06950000000005492062 ) ) ;
#2449 = DIRECTION ( 'NONE',  ( 0.7901562682738896282, 0.000000000000000000, -0.6129054345553487382 ) ) ;
#2450 = ORIENTED_EDGE ( 'NONE', *, *, #3229, .F. ) ;
#2451 = CARTESIAN_POINT ( 'NONE',  ( 0.3144515777661552325, -0.1065959148865988082, -1.503158807750398562 ) ) ;
#2452 = LINE ( 'NONE', #3699, #1368 ) ;
#2453 = DIRECTION ( 'NONE',  ( 0.000000000000000000, -2.664534999999999820E-15, 1.000000000000000000 ) ) ;
#2454 = AXIS2_PLACEMENT_3D ( 'NONE', #3176, #2207, #1611 ) ;
#2455 = DIRECTION ( 'NONE',  ( -0.6114276612130882249, -0.06940012241053483688, -0.7882511262997952128 ) ) ;
#2456 = FACE_OUTER_BOUND ( 'NONE', #503, .T. ) ;
#2457 = EDGE_CURVE ( 'NONE', #1922, #2928, #2368, .T. ) ;
#2458 = AXIS2_PLACEMENT_3D ( 'NONE', #2460, #2155, #2802 ) ;
#2459 = EDGE_LOOP ( 'NONE', ( #3885, #3820 ) ) ;
#2460 = CARTESIAN_POINT ( 'NONE',  ( 0.3755746364612611021, -0.2474507606369002466, -0.2714736570509984070 ) ) ;
#2461 = ORIENTED_EDGE ( 'NONE', *, *, #2981, .T. ) ;
#2462 = CARTESIAN_POINT ( 'NONE',  ( 0.4935735924381640105, -0.1394785974830986819, -0.8321012496680522119 ) ) ;
#2463 = DIRECTION ( 'NONE',  ( -0.3093659168210000088, -0.8958964101642249434, 0.3188453414499839988 ) ) ;
#2464 = EDGE_CURVE ( 'NONE', #468, #8, #2292, .T. ) ;
#2465 = EDGE_CURVE ( 'NONE', #3216, #337, #1989, .T. ) ;
#2466 = CARTESIAN_POINT ( 'NONE',  ( -0.01332814093340082412, 0.1346680465959240736, -1.143286390353409621 ) ) ;
#2467 = CARTESIAN_POINT ( 'NONE',  ( 7.549517000000000200E-15, 3.019807000000000044E-14, 0.06250000000000000000 ) ) ;
#2468 = EDGE_LOOP ( 'NONE', ( #2657, #1779, #1279, #1565 ) ) ;
#2469 = DIRECTION ( 'NONE',  ( -0.7283192600865608934, 0.4388088937843739323, 0.5263058142588757926 ) ) ;
#2470 = CARTESIAN_POINT ( 'NONE',  ( -1.874835192616441049, 0.7749959624358327970, -0.1400000000000000133 ) ) ;
#2471 = ORIENTED_EDGE ( 'NONE', *, *, #2005, .F. ) ;
#2472 = DIRECTION ( 'NONE',  ( 0.6114276612130539190, 0.06940012241047888164, 0.7882511262998268542 ) ) ;
#2473 = DIRECTION ( 'NONE',  ( 1.000000000000000000, 0.000000000000000000, 0.000000000000000000 ) ) ;
#2474 = CARTESIAN_POINT ( 'NONE',  ( -1.399999999999954836, 0.8124959624358208954, 0.2570000000000551288 ) ) ;
#2475 = ORIENTED_EDGE ( 'NONE', *, *, #1816, .F. ) ;
#2476 = CARTESIAN_POINT ( 'NONE',  ( -1.593752260393926479, 0.2499959624357225574, 0.01732283464565636047 ) ) ;
#2477 = ORIENTED_EDGE ( 'NONE', *, *, #3458, .T. ) ;
#2478 = CARTESIAN_POINT ( 'NONE',  ( 0.6373846968438681149, -0.1216577490489355873, -0.6943859951112290041 ) ) ;
#2479 = CARTESIAN_POINT ( 'NONE',  ( -1.874835192616433277, 0.1249959624358230187, 0.3750000000000000555 ) ) ;
#2480 = CIRCLE ( 'NONE', #721, 0.1399999999999998745 ) ;
#2481 = CARTESIAN_POINT ( 'NONE',  ( -1.749999999999954925, 0.4374959624358181198, 0.06950000000005492062 ) ) ;
#2482 = LINE ( 'NONE', #1819, #570 ) ;
#2483 = EDGE_LOOP ( 'NONE', ( #459, #152 ) ) ;
#2484 = EDGE_CURVE ( 'NONE', #253, #831, #3397, .T. ) ;
#2485 = CARTESIAN_POINT ( 'NONE',  ( 0.5617498713829875978, -0.9089742451322444516, -0.3814336853153169060 ) ) ;
#2486 = CARTESIAN_POINT ( 'NONE',  ( 0.3085233210800362169, -0.5963736196594638939, -0.6686454212158037258 ) ) ;
#2487 = AXIS2_PLACEMENT_3D ( 'NONE', #3777, #1303, #2269 ) ;
#2488 = CONICAL_SURFACE ( 'NONE', #3258, 0.1499999999999999944, 0.7853981625000003852 ) ;
#2489 = ORIENTED_EDGE ( 'NONE', *, *, #1708, .T. ) ;
#2490 = CARTESIAN_POINT ( 'NONE',  ( -0.7499999999999528155, -0.6250040375641653378, -0.4000000000000000222 ) ) ;
#2491 = CONICAL_SURFACE ( 'NONE', #3007, 0.03375000000000000222, 1.029744257500000204 ) ;
#2492 = DIRECTION ( 'NONE',  ( 1.000000000000000000, 0.000000000000000000, 0.000000000000000000 ) ) ;
#2493 = ITEM_DEFINED_TRANSFORMATION ( 'NONE', 'NONE', #3484,  #1072 ) ;
#2494 = EDGE_LOOP ( 'NONE', ( #2521, #1526, #3475, #937 ) ) ;
#2495 = CARTESIAN_POINT ( 'NONE',  ( 0.4676678339725973688, -0.8962270828202594242, -0.3472837165233954027 ) ) ;
#2496 = ORIENTED_EDGE ( 'NONE', *, *, #2855, .T. ) ;
#2497 = FACE_OUTER_BOUND ( 'NONE', #747, .T. ) ;
#2498 = CARTESIAN_POINT ( 'NONE',  ( 0.1530493947997029480, -0.5963658279679959762, -0.5479062465812761795 ) ) ;
#2499 = DIRECTION ( 'NONE',  ( -0.6114276612130539190, -0.06940012241047888164, -0.7882511262998268542 ) ) ;
#2500 = VERTEX_POINT ( 'NONE', #2758 ) ;
#2501 = MECHANICAL_DESIGN_GEOMETRIC_PRESENTATION_REPRESENTATION (  '', ( #297 ), #2621 ) ;
#2502 = LINE ( 'NONE', #653, #2367 ) ;
#2503 = PLANE ( 'NONE',  #698 ) ;
#2504 = VERTEX_POINT ( 'NONE', #261 ) ;
#2505 = EDGE_CURVE ( 'NONE', #1523, #2801, #2132, .T. ) ;
#2506 = DIRECTION ( 'NONE',  ( 0.7901562682738892951, 0.000000000000000000, -0.6129054345553492933 ) ) ;
#2507 = ORIENTED_EDGE ( 'NONE', *, *, #2736, .T. ) ;
#2508 = EDGE_CURVE ( 'NONE', #391, #277, #1828, .T. ) ;
#2509 = CARTESIAN_POINT ( 'NONE',  ( 1.125359390330948894, 0.1454805471801289274, -0.3465548208211090553 ) ) ;
#2510 = EDGE_CURVE ( 'NONE', #1973, #3195, #283, .T. ) ;
#2511 = AXIS2_PLACEMENT_3D ( 'NONE', #3809, #3554, #709 ) ;
#2512 = CONTEXT_DEPENDENT_SHAPE_REPRESENTATION ( #3126, #3913 ) ;
#2513 = VERTEX_POINT ( 'NONE', #4011 ) ;
#2514 = DIRECTION ( 'NONE',  ( 0.6114276612130549182, 0.06940012241047859021, 0.7882511262998259660 ) ) ;
#2515 = EDGE_LOOP ( 'NONE', ( #3581, #1762, #388 ) ) ;
#2516 = PLANE ( 'NONE',  #1676 ) ;
#2517 = FACE_OUTER_BOUND ( 'NONE', #2494, .T. ) ;
#2518 = CIRCLE ( 'NONE', #1079, 0.2169999999999999707 ) ;
#2519 = FACE_BOUND ( 'NONE', #1693, .T. ) ;
#2520 = AXIS2_PLACEMENT_3D ( 'NONE', #1592, #710, #1956 ) ;
#2521 = ORIENTED_EDGE ( 'NONE', *, *, #2307, .F. ) ;
#2522 = CARTESIAN_POINT ( 'NONE',  ( 0.6330598378787843927, -0.1830252078789740278, 0.1593802679846086368 ) ) ;
#2523 = CARTESIAN_POINT ( 'NONE',  ( 0.2500000000000000000, 0.2499999999999909517, 0.06250000000000098532 ) ) ;
#2524 = ORIENTED_EDGE ( 'NONE', *, *, #2080, .F. ) ;
#2525 = CARTESIAN_POINT ( 'NONE',  ( 0.7335504368579305323, -0.2126448082094195557, 0.08403990241125501581 ) ) ;
#2526 = EDGE_CURVE ( 'NONE', #2856, #2705, #1211, .T. ) ;
#2527 = VERTEX_POINT ( 'NONE', #303 ) ;
#2528 = CARTESIAN_POINT ( 'NONE',  ( -1.249999999999962697, 0.8124959624358208954, 0.2570000000000551288 ) ) ;
#2529 = PRODUCT_DEFINITION_CONTEXT ( 'detailed design', #2575, 'design' ) ;
#2530 = EDGE_CURVE ( 'NONE', #465, #1370, #3349, .T. ) ;
#2531 = DIRECTION ( 'NONE',  ( 0.000000000000000000, -1.000000000000000000, 0.000000000000000000 ) ) ;
#2532 = ORIENTED_EDGE ( 'NONE', *, *, #2089, .T. ) ;
#2533 = EDGE_CURVE ( 'NONE', #1043, #3048, #929, .T. ) ;
#2534 = CARTESIAN_POINT ( 'NONE',  ( 0.1500000000000075440, 3.019807000000000044E-14, 0.06250000000000000000 ) ) ;
#2535 = CARTESIAN_POINT ( 'NONE',  ( -1.413590360218572206, 0.1022585608746212210, 0.009595985791792542574 ) ) ;
#2536 = LINE ( 'NONE', #1010, #1536 ) ;
#2537 = LINE ( 'NONE', #3786, #3917 ) ;
#2538 = AXIS2_PLACEMENT_3D ( 'NONE', #3986, #1180, #2427 ) ;
#2539 = ORIENTED_EDGE ( 'NONE', *, *, #3300, .F. ) ;
#2540 = DIRECTION ( 'NONE',  ( 0.000000000000000000, 0.000000000000000000, 1.000000000000000000 ) ) ;
#2541 = CARTESIAN_POINT ( 'NONE',  ( -1.812499999999956701, 0.7499959624358327748, 0.2570000000000551288 ) ) ;
#2542 = EDGE_LOOP ( 'NONE', ( #2870, #2175, #347, #2283 ) ) ;
#2543 = DIMENSIONAL_EXPONENTS ( 1.000000000000000000, 0.000000000000000000, 0.000000000000000000, 0.000000000000000000, 0.000000000000000000, 0.000000000000000000, 0.000000000000000000 ) ;
#2544 = CARTESIAN_POINT ( 'NONE',  ( 0.9383927984719312443, 0.4319327159791949144, -0.1316020922391718251 ) ) ;
#2545 = VERTEX_POINT ( 'NONE', #562 ) ;
#2546 = DIRECTION ( 'NONE',  ( -0.7283192600865610045, 0.4388088937843734882, 0.5263058142588761257 ) ) ;
#2547 = DIRECTION ( 'NONE',  ( 1.000000000000000000, 0.000000000000000000, 0.000000000000000000 ) ) ;
#2548 = VECTOR ( 'NONE', #2979, 39.37007874015748143 ) ;
#2549 = ORIENTED_EDGE ( 'NONE', *, *, #3376, .T. ) ;
#2550 = ADVANCED_FACE ( 'NONE', ( #1230 ), #1807, .F. ) ;
#2551 = PLANE ( 'NONE',  #1924 ) ;
#2552 = DIRECTION ( 'NONE',  ( -1.200357451761587883E-14, -1.200357451761588514E-14, -1.000000000000000000 ) ) ;
#2553 = VECTOR ( 'NONE', #548, 39.37007874015748143 ) ;
#2554 = CARTESIAN_POINT ( 'NONE',  ( 0.1512484195306799117, -0.6093802988352475802, -0.5502280597315496458 ) ) ;
#2555 = CARTESIAN_POINT ( 'NONE',  ( -1.617766694163250474, 0.1786848960284043719, 0.05783252432602371818 ) ) ;
#2556 = ORIENTED_EDGE ( 'NONE', *, *, #1456, .F. ) ;
#2557 = ADVANCED_FACE ( 'NONE', ( #2456 ), #839, .F. ) ;
#2558 = CARTESIAN_POINT ( 'NONE',  ( -0.1499999999999924449, 3.021643970198721324E-14, 0.06250000000000000000 ) ) ;
#2559 = PLANE ( 'NONE',  #1998 ) ;
#2560 = VERTEX_POINT ( 'NONE', #820 ) ;
#2561 = AXIS2_PLACEMENT_3D ( 'NONE', #2430, #1471, #3700 ) ;
#2562 = FACE_OUTER_BOUND ( 'NONE', #3650, .T. ) ;
#2563 = AXIS2_PLACEMENT_3D ( 'NONE', #2740, #3637, #1121 ) ;
#2564 = AXIS2_PLACEMENT_3D ( 'NONE', #296, #1201, #2449 ) ;
#2565 = ORIENTED_EDGE ( 'NONE', *, *, #1664, .F. ) ;
#2566 = CARTESIAN_POINT ( 'NONE',  ( 0.5902668333957323821, 0.3285690783858921105, -0.1696264036091289507 ) ) ;
#2567 =( CONVERSION_BASED_UNIT ( 'INCH', #983 ) LENGTH_UNIT ( ) NAMED_UNIT ( #1616 ) );
#2568 = DIMENSIONAL_EXPONENTS ( 1.000000000000000000, 0.000000000000000000, 0.000000000000000000, 0.000000000000000000, 0.000000000000000000, 0.000000000000000000, 0.000000000000000000 ) ;
#2569 = CIRCLE ( 'NONE', #2836, 0.06496062992125967162 ) ;
#2570 = VERTEX_POINT ( 'NONE', #3969 ) ;
#2571 = LINE ( 'NONE', #1984, #895 ) ;
#2572 = PRESENTATION_LAYER_ASSIGNMENT (  '', '', ( #814 ) ) ;
#2573 = AXIS2_PLACEMENT_3D ( 'NONE', #1723, #3905, #1788 ) ;
#2574 = DIRECTION ( 'NONE',  ( -1.000000000000000000, 0.000000000000000000, 0.000000000000000000 ) ) ;
#2575 = APPLICATION_CONTEXT ( 'automotive_design' ) ;
#2576 = CARTESIAN_POINT ( 'NONE',  ( 0.1581972127642801984, -0.6567465619620971307, -0.5729953657094479791 ) ) ;
#2577 = EDGE_CURVE ( 'NONE', #262, #848, #1185, .T. ) ;
#2578 = CARTESIAN_POINT ( 'NONE',  ( -1.606462420973448380, 0.1991543758736921410, 0.03396014637678711895 ) ) ;
#2579 = EDGE_LOOP ( 'NONE', ( #800, #3010 ) ) ;
#2580 = CARTESIAN_POINT ( 'NONE',  ( 0.1582028619662192992, -0.5704599995218081476, -0.5464013665983685764 ) ) ;
#2581 = AXIS2_PLACEMENT_3D ( 'NONE', #3398, #2415, #1189 ) ;
#2582 = CARTESIAN_POINT ( 'NONE',  ( 0.9313373752951554785, 0.2559291226058161284, -1.062106881526803104 ) ) ;
#2583 = VERTEX_POINT ( 'NONE', #2087 ) ;
#2584 = ADVANCED_FACE ( 'NONE', ( #2070 ), #1146, .F. ) ;
#2585 = EDGE_CURVE ( 'NONE', #184, #181, #3679, .T. ) ;
#2586 = AXIS2_PLACEMENT_3D ( 'NONE', #2670, #3584, #3881 ) ;
#2587 = CARTESIAN_POINT ( 'NONE',  ( -1.724999999999951239, -0.2925040375641728141, 0.3750000000000000555 ) ) ;
#2588 = VERTEX_POINT ( 'NONE', #217 ) ;
#2589 = DIRECTION ( 'NONE',  ( 1.000000000000000000, 0.000000000000000000, 0.000000000000000000 ) ) ;
#2590 = DIRECTION ( 'NONE',  ( -7.805279981897798669E-15, -7.805279981897793936E-15, -1.000000000000000000 ) ) ;
#2591 = ORIENTED_EDGE ( 'NONE', *, *, #416, .F. ) ;
#2592 = CARTESIAN_POINT ( 'NONE',  ( -0.3124999999999928946, -0.1250000000000159595, 0.06249999999999901468 ) ) ;
#2593 = DIRECTION ( 'NONE',  ( 0.000000000000000000, 0.000000000000000000, 1.000000000000000000 ) ) ;
#2594 = CARTESIAN_POINT ( 'NONE',  ( -1.623142445808683165, 0.3298413751614940881, 0.1221493927791662965 ) ) ;
#2595 = ORIENTED_EDGE ( 'NONE', *, *, #1309, .F. ) ;
#2596 = CARTESIAN_POINT ( 'NONE',  ( 0.1705340941451616299, -0.5351663145157122825, -0.5593814719405590941 ) ) ;
#2597 = CARTESIAN_POINT ( 'NONE',  ( -0.7499999999999528155, -0.6250040375641653378, -0.4000000000000000222 ) ) ;
#2598 = ORIENTED_EDGE ( 'NONE', *, *, #1286, .F. ) ;
#2599 = ADVANCED_FACE ( 'NONE', ( #1451 ), #2696, .F. ) ;
#2600 = CARTESIAN_POINT ( 'NONE',  ( 0.4228867143802698125, -0.2759560627921842646, -0.3056628142764763467 ) ) ;
#2601 = ADVANCED_FACE ( 'NONE', ( #3372 ), #2110, .F. ) ;
#2602 = ORIENTED_EDGE ( 'NONE', *, *, #3898, .T. ) ;
#2603 = DIRECTION ( 'NONE',  ( 0.000000000000000000, 0.000000000000000000, 1.000000000000000000 ) ) ;
#2604 = VECTOR ( 'NONE', #2428, 39.37007874015748143 ) ;
#2605 = DIRECTION ( 'NONE',  ( -0.6114276612130539190, -0.06940012241047888164, -0.7882511262998268542 ) ) ;
#2606 = VERTEX_POINT ( 'NONE', #540 ) ;
#2607 = CARTESIAN_POINT ( 'NONE',  ( 0.5703259318192045457, -0.8962270828202594242, -0.4269131627451530075 ) ) ;
#2608 = CARTESIAN_POINT ( 'NONE',  ( 0.5421451182938685776, 0.08455659621152597505, -0.7451315199526988842 ) ) ;
#2609 = DIRECTION ( 'NONE',  ( 0.3093659168210000088, 0.8958964101642249434, -0.3188453414499839988 ) ) ;
#2610 = AXIS2_PLACEMENT_3D ( 'NONE', #151, #437, #3282 ) ;
#2611 = ORIENTED_EDGE ( 'NONE', *, *, #479, .F. ) ;
#2612 = AXIS2_PLACEMENT_3D ( 'NONE', #2986, #3334, #1130 ) ;
#2613 = DIRECTION ( 'NONE',  ( 0.6114276612130539190, 0.06940012241047899266, 0.7882511262998268542 ) ) ;
#2614 = VERTEX_POINT ( 'NONE', #2412 ) ;
#2615 = CARTESIAN_POINT ( 'NONE',  ( 0.3832537272495758485, -0.1232827887679799062, -0.8027436650021169129 ) ) ;
#2616 = VERTEX_POINT ( 'NONE', #3656 ) ;
#2617 = DIRECTION ( 'NONE',  ( 0.000000000000000000, 0.000000000000000000, 1.000000000000000000 ) ) ;
#2618 = EDGE_CURVE ( 'NONE', #2776, #3873, #583, .T. ) ;
#2619 = VERTEX_POINT ( 'NONE', #3720 ) ;
#2620 = AXIS2_PLACEMENT_3D ( 'NONE', #3083, #966, #2150 ) ;
#2621 =( GEOMETRIC_REPRESENTATION_CONTEXT ( 3 ) GLOBAL_UNCERTAINTY_ASSIGNED_CONTEXT ( ( #1481 ) ) GLOBAL_UNIT_ASSIGNED_CONTEXT ( ( #2567, #361, #2820 ) ) REPRESENTATION_CONTEXT ( 'NONE', 'WORKASPACE' ) );
#2622 = ORIENTED_EDGE ( 'NONE', *, *, #2199, .T. ) ;
#2623 = DIRECTION ( 'NONE',  ( 0.3093659168209939581, 0.8958964101642287181, -0.3188453414499794469 ) ) ;
#2624 = AXIS2_PLACEMENT_3D ( 'NONE', #1348, #2590, #3838 ) ;
#2625 = DIRECTION ( 'NONE',  ( -1.000000000000000000, 0.000000000000000000, 0.000000000000000000 ) ) ;
#2626 = DIRECTION ( 'NONE',  ( -0.3623875900312537035, 0.03574370544481546286, 0.9313418395586092746 ) ) ;
#2627 = EDGE_CURVE ( 'NONE', #640, #3000, #925, .T. ) ;
#2628 = CIRCLE ( 'NONE', #3483, 0.2170000000000000262 ) ;
#2629 = DIRECTION ( 'NONE',  ( 0.7071067811865769936, -0.7071067811865180408, -7.850462000000000005E-16 ) ) ;
#2630 = CARTESIAN_POINT ( 'NONE',  ( -0.2499999999999929223, -0.1875000000000110467, 0.06249999999999901468 ) ) ;
#2631 = CARTESIAN_POINT ( 'NONE',  ( -2.249999999999952927, -0.6250040375641771062, -0.4000000000000000222 ) ) ;
#2632 = AXIS2_PLACEMENT_3D ( 'NONE', #632, #2722, #3726 ) ;
#2633 = CARTESIAN_POINT ( 'NONE',  ( 0.1000000000000029615, 1.384448000000000049E-14, 0.01249999999999500122 ) ) ;
#2634 = VERTEX_POINT ( 'NONE', #2401 ) ;
#2635 = CARTESIAN_POINT ( 'NONE',  ( 0.3070977843590831369, -0.5901985284018437250, -0.6704832198584815828 ) ) ;
#2636 = ORIENTED_EDGE ( 'NONE', *, *, #829, .F. ) ;
#2637 = CARTESIAN_POINT ( 'NONE',  ( 0.3873742956900078638, -0.1254136733544152227, -0.8053893164432781582 ) ) ;
#2638 = ORIENTED_EDGE ( 'NONE', *, *, #2238, .F. ) ;
#2639 = PRODUCT_DEFINITION_SHAPE ( 'NONE', 'NONE',  #295 ) ;
#2640 = LINE ( 'NONE', #1091, #731 ) ;
#2641 = ORIENTED_EDGE ( 'NONE', *, *, #3408, .T. ) ;
#2642 = AXIS2_PLACEMENT_3D ( 'NONE', #434, #3529, #1694 ) ;
#2643 = ORIENTED_EDGE ( 'NONE', *, *, #812, .F. ) ;
#2644 = AXIS2_PLACEMENT_3D ( 'NONE', #2810, #936, #3382 ) ;
#2645 = LINE ( 'NONE', #487, #534 ) ;
#2646 = EDGE_CURVE ( 'NONE', #2118, #2928, #1794, .T. ) ;
#2647 = FACE_OUTER_BOUND ( 'NONE', #1930, .T. ) ;
#2648 = EDGE_LOOP ( 'NONE', ( #1122, #3362, #526, #2329, #693 ) ) ;
#2649 = CYLINDRICAL_SURFACE ( 'NONE', #2943, 0.1249999999999995698 ) ;
#2650 = ADVANCED_FACE ( 'NONE', ( #916 ), #2420, .T. ) ;
#2651 = FACE_OUTER_BOUND ( 'NONE', #1320, .T. ) ;
#2652 =( LENGTH_UNIT ( ) NAMED_UNIT ( * ) SI_UNIT ( $, .METRE. ) );
#2653 = EDGE_CURVE ( 'NONE', #2154, #637, #2724, .T. ) ;
#2654 = SHAPE_REPRESENTATION ( '~FIXTER_SIMPLIFIED', ( #42, #1660, #1207, #3484 ), #3943 ) ;
#2655 = CARTESIAN_POINT ( 'NONE',  ( -1.614348402242931302, 0.3157668280411188855, 0.04881869330864403028 ) ) ;
#2656 = LINE ( 'NONE', #3374, #480 ) ;
#2657 = ORIENTED_EDGE ( 'NONE', *, *, #938, .F. ) ;
#2658 = CARTESIAN_POINT ( 'NONE',  ( 0.2596434272052968173, -0.5207266308082009187, -0.6703709316431730736 ) ) ;
#2659 = ORIENTED_EDGE ( 'NONE', *, *, #2505, .F. ) ;
#2660 = CARTESIAN_POINT ( 'NONE',  ( 0.3613710491482172715, -0.1078424458431586075, -0.7847680134162237087 ) ) ;
#2661 = EDGE_CURVE ( 'NONE', #2314, #3903, #2482, .T. ) ;
#2662 = DIRECTION ( 'NONE',  ( 0.000000000000000000, -1.000000000000000000, 0.000000000000000000 ) ) ;
#2663 = ORIENTED_EDGE ( 'NONE', *, *, #2376, .F. ) ;
#2664 = ORIENTED_EDGE ( 'NONE', *, *, #1759, .T. ) ;
#2665 = CARTESIAN_POINT ( 'NONE',  ( -1.249999999999967359, 0.4999959624358183974, 0.06950000000005492062 ) ) ;
#2666 = CARTESIAN_POINT ( 'NONE',  ( 0.3408236355183490440, -0.01682878231111718456, -0.6868127849530631934 ) ) ;
#2667 = CARTESIAN_POINT ( 'NONE',  ( -1.249999999999967359, 0.4999959624358181198, 0.06950000000005492062 ) ) ;
#2668 = VERTEX_POINT ( 'NONE', #1835 ) ;
#2669 = CARTESIAN_POINT ( 'NONE',  ( 0.3765075573280999843, -0.2473448694146590521, -0.2702709376277791509 ) ) ;
#2670 = CARTESIAN_POINT ( 'NONE',  ( 0.08357437238407894320, 0.03250650440366598115, -1.336319864677568914 ) ) ;
#2671 = LENGTH_MEASURE_WITH_UNIT ( LENGTH_MEASURE( 0.02539999999999999897 ), #3532 );
#2672 = DIRECTION ( 'NONE',  ( 1.000000000000000000, 7.649174382259939378E-15, -0.000000000000000000 ) ) ;
#2673 = EDGE_CURVE ( 'NONE', #3847, #1884, #3074, .T. ) ;
#2674 = CARTESIAN_POINT ( 'NONE',  ( -1.874835192616433277, 0.1249959624358240179, -0.1400000000000000133 ) ) ;
#2675 = ORIENTED_EDGE ( 'NONE', *, *, #1131, .T. ) ;
#2676 = CARTESIAN_POINT ( 'NONE',  ( 0.2969277114302171783, -0.5662154246906582200, -0.6757829786421453155 ) ) ;
#2677 = VECTOR ( 'NONE', #733, 39.37007874015748143 ) ;
#2678 = ORIENTED_EDGE ( 'NONE', *, *, #3734, .T. ) ;
#2679 = VECTOR ( 'NONE', #3045, 39.37007874015748143 ) ;
#2680 = CARTESIAN_POINT ( 'NONE',  ( 0.4098930501381273239, -0.1342332574570287707, -0.8171487729868323058 ) ) ;
#2681 = ADVANCED_FACE ( 'NONE', ( #3119 ), #1856, .F. ) ;
#2682 = EDGE_CURVE ( 'NONE', #63, #2015, #3731, .T. ) ;
#2683 = CYLINDRICAL_SURFACE ( 'NONE', #354, 0.06249999999999858447 ) ;
#2684 = EDGE_LOOP ( 'NONE', ( #713, #3509 ) ) ;
#2685 = ORIENTED_EDGE ( 'NONE', *, *, #244, .T. ) ;
#2686 = CARTESIAN_POINT ( 'NONE',  ( 0.5189968828959009572, -0.8962270828202594242, -0.3870984396342742051 ) ) ;
#2687 = DIRECTION ( 'NONE',  ( 0.000000000000000000, 0.000000000000000000, -1.000000000000000000 ) ) ;
#2688 = DIRECTION ( 'NONE',  ( 0.7901562682738897392, -3.679716464193241824E-15, -0.6129054345553486272 ) ) ;
#2689 = ORIENTED_EDGE ( 'NONE', *, *, #195, .T. ) ;
#2690 = DIRECTION ( 'NONE',  ( -0.6114276612130539190, -0.06940012241047888164, -0.7882511262998268542 ) ) ;
#2691 = VECTOR ( 'NONE', #3967, 39.37007874015748143 ) ;
#2692 = PLANE ( 'NONE',  #3472 ) ;
#2693 = CARTESIAN_POINT ( 'NONE',  ( 0.8530457994169605707, 0.3123683684184929144, -0.1500209731455429130 ) ) ;
#2694 =( LENGTH_UNIT ( ) NAMED_UNIT ( * ) SI_UNIT ( $, .METRE. ) );
#2695 = AXIS2_PLACEMENT_3D ( 'NONE', #1647, #2239, #389 ) ;
#2696 = PLANE ( 'NONE',  #822 ) ;
#2697 = CARTESIAN_POINT ( 'NONE',  ( -0.2499999999999929223, -0.1875000000000098532, -0.1250000000000000000 ) ) ;
#2698 = VERTEX_POINT ( 'NONE', #2122 ) ;
#2699 = VECTOR ( 'NONE', #3919, 39.37007874015748854 ) ;
#2700 = DIRECTION ( 'NONE',  ( 0.3093659168209988986, 0.8958964101642256095, -0.3188453414499828886 ) ) ;
#2701 = EDGE_LOOP ( 'NONE', ( #2876, #2027, #222, #3046 ) ) ;
#2702 = DIRECTION ( 'NONE',  ( 0.6114276612130538080, 0.06940012241047900654, 0.7882511262998268542 ) ) ;
#2703 = DIRECTION ( 'NONE',  ( 0.000000000000000000, 0.000000000000000000, -1.000000000000000000 ) ) ;
#2704 =( REPRESENTATION_RELATIONSHIP ('NONE','NONE', #1714, #2654 ) REPRESENTATION_RELATIONSHIP_WITH_TRANSFORMATION ( #325 )SHAPE_REPRESENTATION_RELATIONSHIP( ) );
#2705 = VERTEX_POINT ( 'NONE', #549 ) ;
#2706 = ADVANCED_FACE ( 'NONE', ( #1504 ), #3556, .F. ) ;
#2707 = ORIENTED_EDGE ( 'NONE', *, *, #575, .T. ) ;
#2708 = CARTESIAN_POINT ( 'NONE',  ( -1.187499999999962697, 0.7499959624358202293, -0.08299999999994507605 ) ) ;
#2709 = CARTESIAN_POINT ( 'NONE',  ( 0.4201171483126875938, 0.009741468662674265810, -0.5725632762779888640 ) ) ;
#2710 = CYLINDRICAL_SURFACE ( 'NONE', #2564, 0.06496062992125958835 ) ;
#2711 = EDGE_LOOP ( 'NONE', ( #3615, #1745, #809 ) ) ;
#2712 = LINE ( 'NONE', #3879, #953 ) ;
#2713 = DIRECTION ( 'NONE',  ( 0.000000000000000000, 0.000000000000000000, -1.000000000000000000 ) ) ;
#2714 = VECTOR ( 'NONE', #1410, 39.37007874015748143 ) ;
#2715 = CARTESIAN_POINT ( 'NONE',  ( -1.749999999999954925, 0.3749959624358200627, 0.2570000000000551288 ) ) ;
#2716 = DIRECTION ( 'NONE',  ( 0.2962447500238981624, -0.9437791713076864042, -0.1466967071513698428 ) ) ;
#2717 = CARTESIAN_POINT ( 'NONE',  ( -2.062499999999956923, -0.2500040375641759960, -0.4000000000000000222 ) ) ;
#2718 = ORIENTED_EDGE ( 'NONE', *, *, #3154, .F. ) ;
#2719 = CARTESIAN_POINT ( 'NONE',  ( 0.6360625746943802117, -0.1200190336758003989, -0.7157385814197704255 ) ) ;
#2720 = DIRECTION ( 'NONE',  ( 0.7283192600865608934, -0.4388088937843739323, -0.5263058142588759036 ) ) ;
#2721 = ORIENTED_EDGE ( 'NONE', *, *, #2464, .F. ) ;
#2722 = DIRECTION ( 'NONE',  ( -0.6114276612130541411, -0.06940012241047899266, -0.7882511262998266321 ) ) ;
#2723 = CARTESIAN_POINT ( 'NONE',  ( -1.599999999999954792, 0.8749959624358287780, 0.2570000000000551288 ) ) ;
#2724 = LINE ( 'NONE', #2771, #2387 ) ;
#2725 = ORIENTED_EDGE ( 'NONE', *, *, #986, .T. ) ;
#2726 = ORIENTED_EDGE ( 'NONE', *, *, #1166, .T. ) ;
#2727 = ADVANCED_FACE ( 'NONE', ( #272 ), #2748, .F. ) ;
#2728 = CARTESIAN_POINT ( 'NONE',  ( -1.874835192616441049, 0.8749959624358266685, -0.03999999999999897388 ) ) ;
#2729 = CARTESIAN_POINT ( 'NONE',  ( 0.5999643940130182651, -0.8928629679219767246, -0.3887033258533809099 ) ) ;
#2730 = ORIENTED_EDGE ( 'NONE', *, *, #2259, .T. ) ;
#2731 = FACE_BOUND ( 'NONE', #2090, .T. ) ;
#2732 = AXIS2_PLACEMENT_3D ( 'NONE', #3343, #2149, #1203 ) ;
#2733 = EDGE_CURVE ( 'NONE', #200, #3117, #3978, .T. ) ;
#2734 = LINE ( 'NONE', #817, #1061 ) ;
#2735 = CARTESIAN_POINT ( 'NONE',  ( 1.103518703859490246, 0.4546870853262796053, 0.05546811029557000700 ) ) ;
#2736 = EDGE_CURVE ( 'NONE', #3891, #1287, #4, .T. ) ;
#2737 = DIRECTION ( 'NONE',  ( -0.5263058142588888932, 0.3188453414500392324, -0.7882511262997952128 ) ) ;
#2738 = DIRECTION ( 'NONE',  ( 1.000000000000000000, -1.879511419640970338E-14, 0.000000000000000000 ) ) ;
#2739 = EDGE_LOOP ( 'NONE', ( #965, #2939, #32, #579 ) ) ;
#2740 = CARTESIAN_POINT ( 'NONE',  ( -1.077499999999956826, -0.1100040375641669482, 0.2100000000000000200 ) ) ;
#2741 = ORIENTED_EDGE ( 'NONE', *, *, #861, .T. ) ;
#2742 = CARTESIAN_POINT ( 'NONE',  ( 0.5786917177851583771, -0.1034903332086909850, -0.5580873477455233767 ) ) ;
#2743 = DIRECTION ( 'NONE',  ( 0.7901562682738896282, 0.000000000000000000, -0.6129054345553487382 ) ) ;
#2744 = ORIENTED_EDGE ( 'NONE', *, *, #2330, .T. ) ;
#2745 = LINE ( 'NONE', #3689, #2168 ) ;
#2746 = DIRECTION ( 'NONE',  ( -1.000000000000000000, 0.000000000000000000, 0.000000000000000000 ) ) ;
#2747 = CARTESIAN_POINT ( 'NONE',  ( 1.211093900856352379, 0.2661670937821059013, -0.3285353253039791643 ) ) ;
#2748 = CYLINDRICAL_SURFACE ( 'NONE', #1943, 0.06496062992125958835 ) ;
#2749 = VERTEX_POINT ( 'NONE', #1195 ) ;
#2750 = VECTOR ( 'NONE', #3311, 39.37007874015748143 ) ;
#2751 = EDGE_CURVE ( 'NONE', #253, #3342, #3097, .T. ) ;
#2752 = CARTESIAN_POINT ( 'NONE',  ( 0.6822213879346279430, -0.2126448082094200831, 0.1238546255221340681 ) ) ;
#2753 = ORIENTED_EDGE ( 'NONE', *, *, #1784, .T. ) ;
#2754 = FACE_BOUND ( 'NONE', #3220, .T. ) ;
#2755 = FACE_OUTER_BOUND ( 'NONE', #1018, .T. ) ;
#2756 = LINE ( 'NONE', #1209, #3670 ) ;
#2757 = EDGE_CURVE ( 'NONE', #3336, #958, #1556, .T. ) ;
#2758 = CARTESIAN_POINT ( 'NONE',  ( 0.8925357238809489280, 0.4267277067984094341, -0.1907209267116649620 ) ) ;
#2759 = AXIS2_PLACEMENT_3D ( 'NONE', #3899, #2976, #836 ) ;
#2760 = ORIENTED_EDGE ( 'NONE', *, *, #743, .T. ) ;
#2761 = AXIS2_PLACEMENT_3D ( 'NONE', #495, #2003, #1742 ) ;
#2762 = DIRECTION ( 'NONE',  ( 0.000000000000000000, 0.000000000000000000, 1.000000000000000000 ) ) ;
#2763 = EDGE_LOOP ( 'NONE', ( #1059, #1545, #3109, #1851 ) ) ;
#2764 = AXIS2_PLACEMENT_3D ( 'NONE', #2046, #1830, #928 ) ;
#2765 = CARTESIAN_POINT ( 'NONE',  ( -0.9374999999999573674, -0.3900040375641669055, 0.3750000000000000555 ) ) ;
#2766 = VECTOR ( 'NONE', #1559, 39.37007874015748143 ) ;
#2767 = VERTEX_POINT ( 'NONE', #898 ) ;
#2768 = DIRECTION ( 'NONE',  ( -0.6114276612130539190, -0.06940012241047888164, -0.7882511262998268542 ) ) ;
#2769 = VERTEX_POINT ( 'NONE', #2042 ) ;
#2770 = CARTESIAN_POINT ( 'NONE',  ( -1.399999999999954836, 0.8124959624358208954, 0.06950000000005492062 ) ) ;
#2771 = CARTESIAN_POINT ( 'NONE',  ( -0.7499999999999528155, -0.6250040375641653378, -0.4000000000000000222 ) ) ;
#2772 = VERTEX_POINT ( 'NONE', #573 ) ;
#2773 = CIRCLE ( 'NONE', #1017, 0.06249999999999995143 ) ;
#2774 = DIRECTION ( 'NONE',  ( -1.000000000000000000, 0.000000000000000000, 0.000000000000000000 ) ) ;
#2775 = CARTESIAN_POINT ( 'NONE',  ( -2.249999999999960920, 0.1249959624358259747, -0.4000000000000000222 ) ) ;
#2776 = VERTEX_POINT ( 'NONE', #334 ) ;
#2777 = ADVANCED_FACE ( 'NONE', ( #1239 ), #2142, .F. ) ;
#2778 = LINE ( 'NONE', #338, #136 ) ;
#2779 = CARTESIAN_POINT ( 'NONE',  ( -0.1000000000000060979, -0.1875000000000110467, 0.06249999999999901468 ) ) ;
#2780 = VECTOR ( 'NONE', #1525, 39.37007874015748143 ) ;
#2781 = DIRECTION ( 'NONE',  ( 1.000000000000000000, 0.000000000000000000, 0.000000000000000000 ) ) ;
#2782 = CARTESIAN_POINT ( 'NONE',  ( -1.274999999999958611, 0.1249959624358309151, 0.3750000000000000555 ) ) ;
#2783 = ORIENTED_EDGE ( 'NONE', *, *, #1967, .T. ) ;
#2784 = EDGE_CURVE ( 'NONE', #198, #1954, #177, .T. ) ;
#2785 = DIRECTION ( 'NONE',  ( 0.6114276612130538080, 0.06940012241047900654, 0.7882511262998268542 ) ) ;
#2786 = CIRCLE ( 'NONE', #3826, 0.1400000000000000133 ) ;
#2787 = ORIENTED_EDGE ( 'NONE', *, *, #94, .T. ) ;
#2788 = CARTESIAN_POINT ( 'NONE',  ( 0.5422046585042871181, -0.08019138011061226201, -0.5367748739230736588 ) ) ;
#2789 = ADVANCED_FACE ( 'NONE', ( #3425 ), #2203, .F. ) ;
#2790 = ORIENTED_EDGE ( 'NONE', *, *, #3920, .F. ) ;
#2791 = FACE_OUTER_BOUND ( 'NONE', #3711, .T. ) ;
#2792 = DIRECTION ( 'NONE',  ( 0.08265484137700523926, -0.3593580413771008120, -0.9295321270911274247 ) ) ;
#2793 = DIRECTION ( 'NONE',  ( 1.000000000000000000, 0.000000000000000000, 0.000000000000000000 ) ) ;
#2794 = ORIENTED_EDGE ( 'NONE', *, *, #3828, .T. ) ;
#2795 = CARTESIAN_POINT ( 'NONE',  ( -1.399999999999952838, 0.6249959624358327748, -0.1399999999999939071 ) ) ;
#2796 = CARTESIAN_POINT ( 'NONE',  ( 0.3107540894608260551, -0.6087239905106142102, -0.6647951912980420985 ) ) ;
#2797 = ORIENTED_EDGE ( 'NONE', *, *, #224, .T. ) ;
#2798 = CARTESIAN_POINT ( 'NONE',  ( 0.4951314645903247547, -0.8989359281291195991, -0.4178656817012499358 ) ) ;
#2799 = LINE ( 'NONE', #3085, #3016 ) ;
#2800 = CONTEXT_DEPENDENT_SHAPE_REPRESENTATION ( #210, #1108 ) ;
#2801 = VERTEX_POINT ( 'NONE', #390 ) ;
#2802 = DIRECTION ( 'NONE',  ( 0.7901562682738897392, -1.051347561198069346E-15, -0.6129054345553486272 ) ) ;
#2803 = ORIENTED_EDGE ( 'NONE', *, *, #2530, .T. ) ;
#2804 = CARTESIAN_POINT ( 'NONE',  ( 0.5652464311602537483, -0.1269425628478811907, -0.8160326249041763846 ) ) ;
#2805 = EDGE_CURVE ( 'NONE', #2606, #3537, #374, .T. ) ;
#2806 = CARTESIAN_POINT ( 'NONE',  ( 0.7515867313156598950, -0.9050266464275613654, -0.1861487442068000264 ) ) ;
#2808 = ORIENTED_EDGE ( 'NONE', *, *, #2465, .T. ) ;
#2807 = VECTOR ( 'NONE', #2192, 39.37007874015748143 ) ;
#2809 = CARTESIAN_POINT ( 'NONE',  ( -1.874835192616441049, 0.8749959624358266685, -0.1400000000000000133 ) ) ;
#2810 = CARTESIAN_POINT ( 'NONE',  ( -0.9374999999999567013, -0.2500040375641669477, -0.4000000000000000222 ) ) ;
#2811 = ORIENTED_EDGE ( 'NONE', *, *, #2144, .F. ) ;
#2812 = EDGE_CURVE ( 'NONE', #902, #1976, #1261, .T. ) ;
#2813 = EDGE_CURVE ( 'NONE', #778, #1215, #3479, .T. ) ;
#2814 = CARTESIAN_POINT ( 'NONE',  ( -1.499999999999962697, 0.4942772909339646081, 0.06950000000005492062 ) ) ;
#2815 = AXIS2_PLACEMENT_3D ( 'NONE', #2119, #2702, #1527 ) ;
#2816 = ORIENTED_EDGE ( 'NONE', *, *, #3116, .T. ) ;
#2817 = CARTESIAN_POINT ( 'NONE',  ( -1.593752260393900944, 0.2499959624358240318, 0.1826771653543305118 ) ) ;
#2818 = AXIS2_PLACEMENT_3D ( 'NONE', #845, #3292, #1419 ) ;
#2819 = B_SPLINE_CURVE_WITH_KNOTS ( 'NONE', 3,
 ( #2486, #3736, #2796, #7, #2863, #74, #1331, #648, #3133, #955, #1952, #1625, #386, #1607, #3496, #3785, #1818, #3746, #401, #1031, #3055, #2275, #2846, #1256, #2576, #2201, #1893, #989, #2554, #2498 ),
 .UNSPECIFIED., .F., .F.,
 ( 4, 2, 2, 2, 2, 2, 2, 2, 2, 2, 2, 2, 2, 2, 4 ),
 ( 0.008062197320992175661, 0.008564669136251656240, 0.009067140951511142022, 0.009569612766770627804, 0.01007208458203011359, 0.01057455639728960110, 0.01107702821254908862, 0.01208197184306806192, 0.01258444365832754597, 0.01308691547358702828, 0.01358938728884651406, 0.01409185910410599811, 0.01459433091936548216, 0.01509680273462496447, 0.01610174636514393604 ),
 .UNSPECIFIED. ) ;
#2820 =( NAMED_UNIT ( * ) SI_UNIT ( $, .STERADIAN. ) SOLID_ANGLE_UNIT ( ) );
#2821 =( NAMED_UNIT ( * ) SI_UNIT ( $, .STERADIAN. ) SOLID_ANGLE_UNIT ( ) );
#2822 = ORIENTED_EDGE ( 'NONE', *, *, #1784, .F. ) ;
#2823 = DIRECTION ( 'NONE',  ( -1.000000000000000000, -0.000000000000000000, -0.000000000000000000 ) ) ;
#2824 = EDGE_LOOP ( 'NONE', ( #1622, #1960, #2794, #1476 ) ) ;
#2825 = CARTESIAN_POINT ( 'NONE',  ( -1.124999999999956701, 0.3749959624358279453, 0.3750000000000000555 ) ) ;
#2826 = LINE ( 'NONE', #1909, #427 ) ;
#2827 = CIRCLE ( 'NONE', #1917, 0.1400000000000000133 ) ;
#2828 = FACE_BOUND ( 'NONE', #2459, .T. ) ;
#2829 = VERTEX_POINT ( 'NONE', #2906 ) ;
#2830 = AXIS2_PLACEMENT_3D ( 'NONE', #3944, #3718, #2473 ) ;
#2831 = CARTESIAN_POINT ( 'NONE',  ( 0.5486353450897150097, -0.8928629679219779458, -0.3488886027425023295 ) ) ;
#2832 = DIRECTION ( 'NONE',  ( -0.7901562682738895171, 0.000000000000000000, 0.6129054345553489602 ) ) ;
#2833 = ORIENTED_EDGE ( 'NONE', *, *, #1548, .T. ) ;
#2834 = CONICAL_SURFACE ( 'NONE', #3678, 0.06496062992125961610, 1.029744258676650537 ) ;
#2835 = PLANE ( 'NONE',  #366 ) ;
#2836 = AXIS2_PLACEMENT_3D ( 'NONE', #266, #3688, #2743 ) ;
#2837 = EDGE_CURVE ( 'NONE', #1949, #1361, #1553, .T. ) ;
#2838 = ORIENTED_EDGE ( 'NONE', *, *, #3471, .T. ) ;
#2839 = CARTESIAN_POINT ( 'NONE',  ( -0.2500000000000058842, 0.2499999999999948652, -0.1250000000000000000 ) ) ;
#2840 = DIRECTION ( 'NONE',  ( 0.000000000000000000, 0.000000000000000000, 1.000000000000000000 ) ) ;
#2841 = APPLICATION_PROTOCOL_DEFINITION ( 'draft international standard', 'automotive_design', 1998, #3754 ) ;
#2842 = APPLICATION_CONTEXT ( 'automotive_design' ) ;
#2843 = VERTEX_POINT ( 'NONE', #1629 ) ;
#2844 = CARTESIAN_POINT ( 'NONE',  ( 0.09999999999999704958, -0.1118033988749690816, 0.06250000000000000000 ) ) ;
#2845 = CARTESIAN_POINT ( 'NONE',  ( -2.062499999999956479, -0.3325040375641756252, 0.2100000000000000200 ) ) ;
#2846 = CARTESIAN_POINT ( 'NONE',  ( 0.1666013259096759680, -0.6714314341293716737, -0.5836795164961063875 ) ) ;
#2847 = AXIS2_PLACEMENT_3D ( 'NONE', #1044, #3493, #2861 ) ;
#2848 = CARTESIAN_POINT ( 'NONE',  ( -1.625004333574288973, 0.1673122451272117950, 0.1054646371109210223 ) ) ;
#2849 = VECTOR ( 'NONE', #3335, 39.37007874015748143 ) ;
#2850 = ORIENTED_EDGE ( 'NONE', *, *, #2950, .T. ) ;
#2851 = CARTESIAN_POINT ( 'NONE',  ( 0.1985062835076991938, -0.5022238772367104698, -0.6084619673134978868 ) ) ;
#2852 = CARTESIAN_POINT ( 'NONE',  ( 0.3755746364612611021, -0.2474507606369002466, -0.2714736570509984070 ) ) ;
#2853 = ORIENTED_EDGE ( 'NONE', *, *, #1656, .T. ) ;
#2854 = DIRECTION ( 'NONE',  ( 0.6114276612130550292, 0.06940012241047860408, 0.7882511262998260770 ) ) ;
#2855 = EDGE_CURVE ( 'NONE', #1361, #3015, #3955, .T. ) ;
#2856 = VERTEX_POINT ( 'NONE', #2541 ) ;
#2857 = LINE ( 'NONE', #675, #1763 ) ;
#2858 = DIRECTION ( 'NONE',  ( 0.7283192600865616706, -0.4388088937843739323, -0.5263058142588749044 ) ) ;
#2859 = EDGE_LOOP ( 'NONE', ( #156, #335, #456, #887 ) ) ;
#2860 = ADVANCED_FACE ( 'NONE', ( #3751 ), #2503, .F. ) ;
#2861 = DIRECTION ( 'NONE',  ( 1.036208136443485955E-15, 0.000000000000000000, 1.000000000000000000 ) ) ;
#2862 = DIRECTION ( 'NONE',  ( 0.000000000000000000, 0.000000000000000000, 1.000000000000000000 ) ) ;
#2863 = CARTESIAN_POINT ( 'NONE',  ( 0.3101494386441329132, -0.6276022884522856060, -0.6583241056341220254 ) ) ;
#2864 = LINE ( 'NONE', #2806, #1583 ) ;
#2865 = ORIENTED_EDGE ( 'NONE', *, *, #3131, .T. ) ;
#2866 = DIRECTION ( 'NONE',  ( 0.5160664367554058662, 0.8565485583751678567, 0.000000000000000000 ) ) ;
#2867 = DIRECTION ( 'NONE',  ( 1.000000000000000000, 8.195543980992598357E-15, 0.000000000000000000 ) ) ;
#2868 = ORIENTED_EDGE ( 'NONE', *, *, #1571, .F. ) ;
#2869 = DIRECTION ( 'NONE',  ( 0.000000000000000000, 0.000000000000000000, 1.000000000000000000 ) ) ;
#2870 = ORIENTED_EDGE ( 'NONE', *, *, #3080, .T. ) ;
#2871 = DIRECTION ( 'NONE',  ( -1.000000000000000000, 0.000000000000000000, 0.000000000000000000 ) ) ;
#2872 = PRODUCT_RELATED_PRODUCT_CATEGORY ( 'part', '', ( #498 ) ) ;
#2873 = DIRECTION ( 'NONE',  ( 0.000000000000000000, 0.000000000000000000, -1.000000000000000000 ) ) ;
#2874 = CIRCLE ( 'NONE', #1113, 0.1399999999999998745 ) ;
#2875 = ITEM_DEFINED_TRANSFORMATION ( 'NONE', 'NONE', #1660,  #1072 ) ;
#2876 = ORIENTED_EDGE ( 'NONE', *, *, #567, .F. ) ;
#2877 = LINE ( 'NONE', #3240, #2133 ) ;
#2878 = ADVANCED_FACE ( 'NONE', ( #405 ), #425, .T. ) ;
#2879 = LINE ( 'NONE', #2825, #1879 ) ;
#2880 = DIRECTION ( 'NONE',  ( 0.000000000000000000, 0.000000000000000000, -1.000000000000000000 ) ) ;
#2881 = EDGE_CURVE ( 'NONE', #3122, #2403, #3230, .T. ) ;
#2882 = CARTESIAN_POINT ( 'NONE',  ( 0.8871885063708170316, -1.147852452103208742, 0.04720514305429495544 ) ) ;
#2883 = ORIENTED_EDGE ( 'NONE', *, *, #279, .T. ) ;
#2884 = DIRECTION ( 'NONE',  ( -1.000000000000000000, 0.000000000000000000, 0.000000000000000000 ) ) ;
#2885 = CARTESIAN_POINT ( 'NONE',  ( -1.399999999999954836, 0.8749959624358306653, -0.03999999999999897388 ) ) ;
#2886 = ORIENTED_EDGE ( 'NONE', *, *, #947, .F. ) ;
#2887 = CARTESIAN_POINT ( 'NONE',  ( 1.165236826265372283, 0.2609620846013189222, -0.3876541597764689429 ) ) ;
#2888 = CIRCLE ( 'NONE', #3602, 0.06249999999999995143 ) ;
#2889 = AXIS2_PLACEMENT_3D ( 'NONE', #1684, #1339, #424 ) ;
#2890 = ORIENTED_EDGE ( 'NONE', *, *, #1107, .F. ) ;
#2891 = CARTESIAN_POINT ( 'NONE',  ( -0.2499999999999929223, -0.1875000000000098532, -0.1250000000000000000 ) ) ;
#2892 = VECTOR ( 'NONE', #2234, 39.37007874015748143 ) ;
#2893 = FACE_OUTER_BOUND ( 'NONE', #394, .T. ) ;
#2894 = ORIENTED_EDGE ( 'NONE', *, *, #2618, .F. ) ;
#2895 = CARTESIAN_POINT ( 'NONE',  ( 0.1554980379285750003, -1.035349208741937144, -0.3466185213235039586 ) ) ;
#2896 = AXIS2_PLACEMENT_3D ( 'NONE', #1752, #2971, #186 ) ;
#2897 = AXIS2_PLACEMENT_3D ( 'NONE', #2481, #2181, #2746 ) ;
#2898 = FACE_OUTER_BOUND ( 'NONE', #3993, .T. ) ;
#2899 = SHAPE_REPRESENTATION_RELATIONSHIP ( 'NONE' , 'NONE' ,  #3492, #193 ) ;
#2900 = PLANE ( 'NONE',  #2610 ) ;
#2901 = ADVANCED_FACE ( 'NONE', ( #1340 ), #78, .F. ) ;
#2902 = ORIENTED_EDGE ( 'NONE', *, *, #376, .T. ) ;
#2903 = EDGE_CURVE ( 'NONE', #1056, #1912, #1648, .T. ) ;
#2904 = CARTESIAN_POINT ( 'NONE',  ( 0.1600006231439337345, -0.5639945932561813979, -0.5472681630926462537 ) ) ;
#2905 = VECTOR ( 'NONE', #3710, 39.37007874015748143 ) ;
#2906 = CARTESIAN_POINT ( 'NONE',  ( -1.724999999999953904, -0.5150040375641727897, -0.2350000000000000144 ) ) ;
#2907 = ORIENTED_EDGE ( 'NONE', *, *, #2940, .T. ) ;
#2908 = VECTOR ( 'NONE', #73, 39.37007874015748143 ) ;
#2909 = ADVANCED_FACE ( 'NONE', ( #670 ), #2559, .T. ) ;
#2910 = DIRECTION ( 'NONE',  ( 0.3093659168209939581, 0.8958964101642287181, -0.3188453414499794469 ) ) ;
#2911 = ORIENTED_EDGE ( 'NONE', *, *, #3358, .F. ) ;
#2912 = APPLICATION_CONTEXT ( 'automotive_design' ) ;
#2913 = DIRECTION ( 'NONE',  ( 0.000000000000000000, 1.000000000000000000, 0.000000000000000000 ) ) ;
#2914 = DIRECTION ( 'NONE',  ( 0.7283192600865617816, -0.4388088937843739878, -0.5263058142588747934 ) ) ;
#2915 = ORIENTED_EDGE ( 'NONE', *, *, #737, .F. ) ;
#2916 = CARTESIAN_POINT ( 'NONE',  ( -1.749999999999948930, 0.8124959624358208954, 0.06950000000005492062 ) ) ;
#2917 = DIRECTION ( 'NONE',  ( 0.6114276612130538080, 0.06940012241047900654, 0.7882511262998268542 ) ) ;
#2918 = DIRECTION ( 'NONE',  ( 1.000000000000000000, 0.000000000000000000, 0.000000000000000000 ) ) ;
#2919 = CARTESIAN_POINT ( 'NONE',  ( -1.594277002021486256, 0.2612614294165627182, 0.01790875332722405289 ) ) ;
#2920 = ORIENTED_EDGE ( 'NONE', *, *, #137, .F. ) ;
#2921 = PRODUCT_DEFINITION ( 'UNKNOWN', '', #306, #2248 ) ;
#2922 = LINE ( 'NONE', #2297, #3817 ) ;
#2923 = PLANE ( 'NONE',  #2632 ) ;
#2924 = VERTEX_POINT ( 'NONE', #2885 ) ;
#2925 = DIRECTION ( 'NONE',  ( -7.450494528175476817E-15, 1.000000000000000000, 0.000000000000000000 ) ) ;
#2926 = ADVANCED_FACE ( 'NONE', ( #351 ), #2262, .T. ) ;
#2927 = ORIENTED_EDGE ( 'NONE', *, *, #714, .T. ) ;
#2928 = VERTEX_POINT ( 'NONE', #3460 ) ;
#2929 = FACE_OUTER_BOUND ( 'NONE', #2542, .T. ) ;
#2930 = EDGE_LOOP ( 'NONE', ( #284, #834, #3434, #2868 ) ) ;
#2931 = CYLINDRICAL_SURFACE ( 'NONE', #554, 0.1399999999999999578 ) ;
#2932 = LINE ( 'NONE', #436, #3473 ) ;
#2933 = DIRECTION ( 'NONE',  ( 0.000000000000000000, 0.000000000000000000, 1.000000000000000000 ) ) ;
#2934 = ORIENTED_EDGE ( 'NONE', *, *, #1107, .T. ) ;
#2935 = VECTOR ( 'NONE', #392, 39.37007874015748143 ) ;
#2936 = CARTESIAN_POINT ( 'NONE',  ( -1.357499999999957963, 0.1249959624358322891, 0.02500000000000098671 ) ) ;
#2937 = ORIENTED_EDGE ( 'NONE', *, *, #3178, .T. ) ;
#2938 = CARTESIAN_POINT ( 'NONE',  ( 0.4612953286312592716, -0.1410158720390981835, -0.8305470288043574900 ) ) ;
#2939 = ORIENTED_EDGE ( 'NONE', *, *, #1681, .T. ) ;
#2940 = EDGE_CURVE ( 'NONE', #1215, #2634, #53, .T. ) ;
#2941 = DIRECTION ( 'NONE',  ( 1.000000000000000000, 0.000000000000000000, 0.000000000000000000 ) ) ;
#2942 = VERTEX_POINT ( 'NONE', #978 ) ;
#2943 = AXIS2_PLACEMENT_3D ( 'NONE', #1805, #171, #2084 ) ;
#2944 = CIRCLE ( 'NONE', #677, 0.08250000000000000389 ) ;
#2945 = EDGE_CURVE ( 'NONE', #1890, #1370, #1281, .T. ) ;
#2946 = ORIENTED_EDGE ( 'NONE', *, *, #3634, .T. ) ;
#2947 = LINE ( 'NONE', #2665, #1338 ) ;
#2948 = VECTOR ( 'NONE', #263, 39.37007874015748143 ) ;
#2949 = AXIS2_PLACEMENT_3D ( 'NONE', #2470, #3386, #595 ) ;
#2950 = EDGE_CURVE ( 'NONE', #1899, #3910, #1736, .T. ) ;
#2951 = DIRECTION ( 'NONE',  ( -0.6114276612130539190, -0.06940012241047888164, -0.7882511262998268542 ) ) ;
#2952 = ORIENTED_EDGE ( 'NONE', *, *, #1081, .F. ) ;
#2953 = AXIS2_PLACEMENT_3D ( 'NONE', #64, #1919, #3102 ) ;
#2954 = FACE_BOUND ( 'NONE', #1689, .T. ) ;
#2955 = DIRECTION ( 'NONE',  ( 0.6114276612130550292, 0.06940012241047860408, 0.7882511262998260770 ) ) ;
#2956 = DIRECTION ( 'NONE',  ( -1.000000000000000000, -1.056314557550177439E-14, -0.000000000000000000 ) ) ;
#2957 = VECTOR ( 'NONE', #665, 39.37007874015748143 ) ;
#2958 = CARTESIAN_POINT ( 'NONE',  ( -1.624633444169027996, 0.3321221099515255792, 0.08897812571332880394 ) ) ;
#2959 =( GEOMETRIC_REPRESENTATION_CONTEXT ( 3 ) GLOBAL_UNCERTAINTY_ASSIGNED_CONTEXT ( ( #3030 ) ) GLOBAL_UNIT_ASSIGNED_CONTEXT ( ( #1486, #1507, #2125 ) ) REPRESENTATION_CONTEXT ( 'NONE', 'WORKASPACE' ) );
#2960 = FACE_OUTER_BOUND ( 'NONE', #3573, .T. ) ;
#2961 = ORIENTED_EDGE ( 'NONE', *, *, #1159, .T. ) ;
#2962 = CARTESIAN_POINT ( 'NONE',  ( -1.599999999999954792, 0.8124959624358208954, 0.06950000000005492062 ) ) ;
#2963 = ORIENTED_EDGE ( 'NONE', *, *, #441, .F. ) ;
#2964 = LINE ( 'NONE', #1070, #3098 ) ;
#2965 = PRODUCT_DEFINITION_SHAPE ( 'NONE', 'NONE',  #1925 ) ;
#2966 = AXIS2_PLACEMENT_3D ( 'NONE', #960, #1299, #3789 ) ;
#2967 = DIRECTION ( 'NONE',  ( 1.000000000000000000, 0.000000000000000000, 0.000000000000000000 ) ) ;
#2968 = ORIENTED_EDGE ( 'NONE', *, *, #1872, .F. ) ;
#2969 = ORIENTED_EDGE ( 'NONE', *, *, #1524, .F. ) ;
#2970 = AXIS2_PLACEMENT_3D ( 'NONE', #2608, #2955, #796 ) ;
#2971 = DIRECTION ( 'NONE',  ( 0.000000000000000000, -1.000000000000000000, 0.000000000000000000 ) ) ;
#2972 = CARTESIAN_POINT ( 'NONE',  ( 0.3842231186047621594, 0.01985372670295331918, -0.6110150220748039596 ) ) ;
#2973 = EDGE_CURVE ( 'NONE', #3368, #531, #4025, .T. ) ;
#2974 = CYLINDRICAL_SURFACE ( 'NONE', #481, 0.08250000000000042022 ) ;
#2975 = ORIENTED_EDGE ( 'NONE', *, *, #807, .T. ) ;
#2976 = DIRECTION ( 'NONE',  ( -1.200357451761578890E-14, -1.200357451761578417E-14, -1.000000000000000000 ) ) ;
#2977 = CARTESIAN_POINT ( 'NONE',  ( -2.062499999999960476, -0.3325040375641760693, 0.2100000000000000200 ) ) ;
#2978 = EDGE_CURVE ( 'NONE', #3248, #63, #1216, .T. ) ;
#2979 = DIRECTION ( 'NONE',  ( -0.6114276612130489230, -0.06940012241049899056, -0.7882511262998288526 ) ) ;
#2980 = LINE ( 'NONE', #1168, #805 ) ;
#2981 = EDGE_CURVE ( 'NONE', #1141, #2560, #288, .T. ) ;
#2982 = EDGE_LOOP ( 'NONE', ( #4001, #1290, #2725, #3606, #930 ) ) ;
#2983 = DIRECTION ( 'NONE',  ( 2.069581813381986640E-16, -2.069581813381981463E-16, 1.000000000000000000 ) ) ;
#2984 = ORIENTED_EDGE ( 'NONE', *, *, #65, .F. ) ;
#2985 = CARTESIAN_POINT ( 'NONE',  ( -1.874835192616441049, 0.7749959624358268018, -0.1400000000000000133 ) ) ;
#2986 = CARTESIAN_POINT ( 'NONE',  ( -1.499999999999960698, 0.3749959624358149557, 0.1000000000000000056 ) ) ;
#2987 = ORIENTED_EDGE ( 'NONE', *, *, #1221, .T. ) ;
#2988 = ORIENTED_EDGE ( 'NONE', *, *, #1599, .F. ) ;
#2989 = DIRECTION ( 'NONE',  ( 0.7901562682738897392, 2.102695122396138692E-15, -0.6129054345553486272 ) ) ;
#2990 = FILL_AREA_STYLE_COLOUR ( '', #3543 ) ;
#2991 = CARTESIAN_POINT ( 'NONE',  ( 1.358430444887460675, 0.3011039725031531833, -0.1287389246933570985 ) ) ;
#2992 = VERTEX_POINT ( 'NONE', #2765 ) ;
#2993 = ADVANCED_FACE ( 'NONE', ( #2497 ), #1234, .T. ) ;
#2994 = AXIS2_PLACEMENT_3D ( 'NONE', #641, #1561, #1844 ) ;
#2995 = CARTESIAN_POINT ( 'NONE',  ( -0.9374999999999573674, -0.3900040375641669055, 0.2100000000000000200 ) ) ;
#2996 = DIRECTION ( 'NONE',  ( 0.7283192600865611155, -0.4388088937843741544, -0.5263058142588752375 ) ) ;
#2997 = LENGTH_MEASURE_WITH_UNIT ( LENGTH_MEASURE( 0.02539999999999999897 ), #2694 );
#2998 = CARTESIAN_POINT ( 'NONE',  ( -1.124999999999954703, 0.1249959624358320948, 0.3750000000000000555 ) ) ;
#2999 = FACE_OUTER_BOUND ( 'NONE', #768, .T. ) ;
#3000 = VERTEX_POINT ( 'NONE', #3972 ) ;
#3001 = ADVANCED_FACE ( 'NONE', ( #3745 ), #1891, .F. ) ;
#3002 = EDGE_CURVE ( 'NONE', #2295, #2237, #1813, .T. ) ;
#3003 = CARTESIAN_POINT ( 'NONE',  ( 0.4269036853845648016, -0.2474507606369001911, -0.3112883801618773760 ) ) ;
#3004 = VECTOR ( 'NONE', #2871, 39.37007874015748143 ) ;
#3005 = VERTEX_POINT ( 'NONE', #1549 ) ;
#3006 = DIRECTION ( 'NONE',  ( 0.7283192600865611155, -0.4388088937843755422, -0.5263058142588742383 ) ) ;
#3007 = AXIS2_PLACEMENT_3D ( 'NONE', #3594, #1154, #2400 ) ;
#3008 = FACE_OUTER_BOUND ( 'NONE', #867, .T. ) ;
#3009 = ORIENTED_EDGE ( 'NONE', *, *, #3734, .F. ) ;
#3010 = ORIENTED_EDGE ( 'NONE', *, *, #1708, .F. ) ;
#3011 = DIRECTION ( 'NONE',  ( 4.097771990496335663E-16, 4.097771990496393349E-16, -1.000000000000000000 ) ) ;
#3012 = SURFACE_SIDE_STYLE ('',( #555 ) ) ;
#3013 = LINE ( 'NONE', #3695, #681 ) ;
#3014 = ORIENTED_EDGE ( 'NONE', *, *, #2061, .T. ) ;
#3015 = VERTEX_POINT ( 'NONE', #2439 ) ;
#3016 = VECTOR ( 'NONE', #2492, 39.37007874015748143 ) ;
#3017 = DIRECTION ( 'NONE',  ( 0.000000000000000000, 0.000000000000000000, -1.000000000000000000 ) ) ;
#3018 = DIRECTION ( 'NONE',  ( 1.000000000000000000, 0.000000000000000000, 0.000000000000000000 ) ) ;
#3019 =( LENGTH_UNIT ( ) NAMED_UNIT ( * ) SI_UNIT ( $, .METRE. ) );
#3020 = DIRECTION ( 'NONE',  ( 0.000000000000000000, 0.000000000000000000, 1.000000000000000000 ) ) ;
#3021 = DIRECTION ( 'NONE',  ( 2.069581813381986640E-16, -2.069581813381981463E-16, 1.000000000000000000 ) ) ;
#3022 = ORIENTED_EDGE ( 'NONE', *, *, #420, .T. ) ;
#3023 = CIRCLE ( 'NONE', #1929, 0.2170000000000000262 ) ;
#3024 =( GEOMETRIC_REPRESENTATION_CONTEXT ( 3 ) GLOBAL_UNCERTAINTY_ASSIGNED_CONTEXT ( ( #3929 ) ) GLOBAL_UNIT_ASSIGNED_CONTEXT ( ( #819, #3304, #2821 ) ) REPRESENTATION_CONTEXT ( 'NONE', 'WORKASPACE' ) );
#3025 = DIRECTION ( 'NONE',  ( 4.097771990496345031E-16, 4.097771990496340593E-16, -1.000000000000000000 ) ) ;
#3026 = EDGE_CURVE ( 'NONE', #2616, #2769, #3132, .T. ) ;
#3027 = ORIENTED_EDGE ( 'NONE', *, *, #302, .T. ) ;
#3028 = DIRECTION ( 'NONE',  ( 0.000000000000000000, 0.000000000000000000, -1.000000000000000000 ) ) ;
#3029 = EDGE_CURVE ( 'NONE', #2772, #912, #1225, .T. ) ;
#3030 = UNCERTAINTY_MEASURE_WITH_UNIT (LENGTH_MEASURE( 1.000000000000000082E-05 ), #1486, 'distance_accuracy_value', 'NONE');
#3031 = CARTESIAN_POINT ( 'NONE',  ( -1.378778096038659529, 0.4374959624358299437, 0.06950000000005492062 ) ) ;
#3032 = AXIS2_PLACEMENT_3D ( 'NONE', #442, #1356, #2866 ) ;
#3033 = DIRECTION ( 'NONE',  ( 1.000000000000000000, 0.000000000000000000, 0.000000000000000000 ) ) ;
#3034 = VERTEX_POINT ( 'NONE', #720 ) ;
#3035 = EDGE_LOOP ( 'NONE', ( #3547, #2663, #1249 ) ) ;
#3036 = CARTESIAN_POINT ( 'NONE',  ( 0.3775274907497301324, 0.01899937828662557823, -0.6196925088032623208 ) ) ;
#3037 = AXIS2_PLACEMENT_3D ( 'NONE', #2895, #398, #2273 ) ;
#3038 = DIRECTION ( 'NONE',  ( 4.097771990496344538E-16, 4.097771990496340593E-16, -1.000000000000000000 ) ) ;
#3039 = AXIS2_PLACEMENT_3D ( 'NONE', #2223, #1914, #3156 ) ;
#3040 = ORIENTED_EDGE ( 'NONE', *, *, #3954, .T. ) ;
#3041 = FACE_OUTER_BOUND ( 'NONE', #1663, .T. ) ;
#3042 = CARTESIAN_POINT ( 'NONE',  ( -0.3124999999999928946, -0.1250000000000159595, 0.06249999999999901468 ) ) ;
#3043 = DIRECTION ( 'NONE',  ( 0.9922046411871123794, 0.03574370544481544898, -0.1193831542883147384 ) ) ;
#3044 = CARTESIAN_POINT ( 'NONE',  ( -27.36066735501382041, -30.39784577199795379, 76.16873206648979533 ) ) ;
#3045 = DIRECTION ( 'NONE',  ( -0.7071067811864579777, 0.7071067811866370567, 4.710277000000000039E-16 ) ) ;
#3046 = ORIENTED_EDGE ( 'NONE', *, *, #163, .F. ) ;
#3047 = LINE ( 'NONE', #563, #2948 ) ;
#3048 = VERTEX_POINT ( 'NONE', #3495 ) ;
#3049 = CARTESIAN_POINT ( 'NONE',  ( 0.5964284782596072088, -0.1128664658090335893, -0.5758208329429701511 ) ) ;
#3050 = CARTESIAN_POINT ( 'NONE',  ( 0.8989028740079409996, 0.3175733775992791164, -0.09090213867305098339 ) ) ;
#3051 = ORIENTED_EDGE ( 'NONE', *, *, #3979, .F. ) ;
#3052 = LINE ( 'NONE', #4021, #1443 ) ;
#3053 = EDGE_CURVE ( 'NONE', #2668, #2403, #3511, .T. ) ;
#3054 = CARTESIAN_POINT ( 'NONE',  ( -0.3124999999999928946, -0.1250000000000159595, 0.06249999999999901468 ) ) ;
#3055 = CARTESIAN_POINT ( 'NONE',  ( 0.1783899395381707553, -0.6831832701627351678, -0.5945092246894950749 ) ) ;
#3056 = CARTESIAN_POINT ( 'NONE',  ( -1.599999999999954792, 0.8749959624358287780, -0.03999999999999897388 ) ) ;
#3057 = EDGE_LOOP ( 'NONE', ( #3811, #3839 ) ) ;
#3058 = LINE ( 'NONE', #3902, #312 ) ;
#3059 = EDGE_CURVE ( 'NONE', #3313, #3847, #1554, .T. ) ;
#3060 = FACE_OUTER_BOUND ( 'NONE', #3444, .T. ) ;
#3061 = ORIENTED_EDGE ( 'NONE', *, *, #532, .T. ) ;
#3062 = CARTESIAN_POINT ( 'NONE',  ( -1.187499999999962697, 0.7499959624358267796, 0.06950000000005492062 ) ) ;
#3063 = LINE ( 'NONE', #3717, #2285 ) ;
#3064 = DIRECTION ( 'NONE',  ( 0.6114276612130539190, 0.06940012241047899266, 0.7882511262998268542 ) ) ;
#3065 = CARTESIAN_POINT ( 'NONE',  ( -1.187499999999962697, 0.7499959624358267796, 0.06950000000005492062 ) ) ;
#3066 = ORIENTED_EDGE ( 'NONE', *, *, #2661, .T. ) ;
#3067 = CYLINDRICAL_SURFACE ( 'NONE', #1407, 0.08267716535433063119 ) ;
#3068 = ORIENTED_EDGE ( 'NONE', *, *, #1910, .T. ) ;
#3069 = CARTESIAN_POINT ( 'NONE',  ( 0.6220448614278822896, -0.1176932317935989597, -0.7616929036117624507 ) ) ;
#3070 = ORIENTED_EDGE ( 'NONE', *, *, #3268, .T. ) ;
#3071 = DIRECTION ( 'NONE',  ( 1.000000000000000000, 0.000000000000000000, 0.000000000000000000 ) ) ;
#3072 = VECTOR ( 'NONE', #3947, 39.37007874015748854 ) ;
#3073 = CARTESIAN_POINT ( 'NONE',  ( 0.9048047139652363180, 0.4321320455428724339, -0.2007135057518870391 ) ) ;
#3074 = LINE ( 'NONE', #4023, #3433 ) ;
#3075 = EDGE_CURVE ( 'NONE', #1997, #1056, #1219, .T. ) ;
#3076 = ORIENTED_EDGE ( 'NONE', *, *, #3229, .T. ) ;
#3077 = VECTOR ( 'NONE', #1977, 39.37007874015748143 ) ;
#3078 = DIRECTION ( 'NONE',  ( -7.805279981897798669E-15, -7.805279981897793936E-15, -1.000000000000000000 ) ) ;
#3079 = DIRECTION ( 'NONE',  ( 0.000000000000000000, -1.000000000000000000, 0.000000000000000000 ) ) ;
#3080 = EDGE_CURVE ( 'NONE', #902, #2992, #2786, .T. ) ;
#3081 = ORIENTED_EDGE ( 'NONE', *, *, #784, .T. ) ;
#3082 = CARTESIAN_POINT ( 'NONE',  ( -1.187499999999962030, 0.7499959624358200072, 0.2570000000000551288 ) ) ;
#3083 = CARTESIAN_POINT ( 'NONE',  ( -2.062499999999956923, -0.2500040375641759960, 0.2100000000000000200 ) ) ;
#3084 = ADVANCED_FACE ( 'NONE', ( #1907 ), #3841, .F. ) ;
#3085 = CARTESIAN_POINT ( 'NONE',  ( -1.874835192616433277, 0.1249959624358240179, -0.1400000000000000133 ) ) ;
#3086 = DIRECTION ( 'NONE',  ( 0.000000000000000000, 1.000000000000000000, 0.000000000000000000 ) ) ;
#3087 = ORIENTED_EDGE ( 'NONE', *, *, #19, .T. ) ;
#3088 = CARTESIAN_POINT ( 'NONE',  ( -2.249999999999952927, -0.6250040375641771062, 0.3750000000000000555 ) ) ;
#3089 = VERTEX_POINT ( 'NONE', #417 ) ;
#3090 = EDGE_CURVE ( 'NONE', #1677, #2082, #3784, .T. ) ;
#3091 = CIRCLE ( 'NONE', #1325, 0.06496062992125967162 ) ;
#3092 = CARTESIAN_POINT ( 'NONE',  ( 0.5629990083227122133, -0.09403660458524173982, -0.5467758903177112328 ) ) ;
#3093 = AXIS2_PLACEMENT_3D ( 'NONE', #529, #1245, #940 ) ;
#3094 = EDGE_LOOP ( 'NONE', ( #3076, #3671, #3399, #3618, #1831, #3068 ) ) ;
#3095 = DIRECTION ( 'NONE',  ( 0.000000000000000000, 0.000000000000000000, -1.000000000000000000 ) ) ;
#3096 = DIRECTION ( 'NONE',  ( 0.000000000000000000, 0.000000000000000000, -1.000000000000000000 ) ) ;
#3097 = LINE ( 'NONE', #316, #1672 ) ;
#3098 = VECTOR ( 'NONE', #134, 39.37007874015748143 ) ;
#3099 = ORIENTED_EDGE ( 'NONE', *, *, #943, .F. ) ;
#3100 = VECTOR ( 'NONE', #219, 39.37007874015748143 ) ;
#3101 = AXIS2_PLACEMENT_3D ( 'NONE', #1855, #3096, #315 ) ;
#3102 = DIRECTION ( 'NONE',  ( -1.000000000000000000, 0.000000000000000000, -1.639108796198552015E-15 ) ) ;
#3103 = LINE ( 'NONE', #852, #2766 ) ;
#3104 = EDGE_LOOP ( 'NONE', ( #1074, #2320, #1550, #332, #2277 ) ) ;
#3105 = DIRECTION ( 'NONE',  ( 1.000000000000000000, 0.000000000000000000, -7.927237481615080160E-15 ) ) ;
#3106 = EDGE_CURVE ( 'NONE', #3721, #680, #2218, .T. ) ;
#3107 = CARTESIAN_POINT ( 'NONE',  ( -2.249999999999960920, 0.1249959624358190913, 0.3750000000000000555 ) ) ;
#3108 = PRODUCT_CONTEXT ( 'NONE', #3832, 'mechanical' ) ;
#3109 = ORIENTED_EDGE ( 'NONE', *, *, #2978, .F. ) ;
#3110 = CARTESIAN_POINT ( 'NONE',  ( -0.9374999999999573674, -0.1100040375641669205, 0.3750000000000000555 ) ) ;
#3111 = VECTOR ( 'NONE', #1951, 39.37007874015748143 ) ;
#3112 = ORIENTED_EDGE ( 'NONE', *, *, #2973, .T. ) ;
#3113 = ADVANCED_FACE ( 'NONE', ( #2898 ), #2516, .F. ) ;
#3114 = DIRECTION ( 'NONE',  ( 0.000000000000000000, 0.000000000000000000, 1.000000000000000000 ) ) ;
#3115 = PLANE ( 'NONE',  #604 ) ;
#3116 = EDGE_CURVE ( 'NONE', #1141, #1163, #3186, .T. ) ;
#3117 = VERTEX_POINT ( 'NONE', #3768 ) ;
#3118 = CARTESIAN_POINT ( 'NONE',  ( 1.237051205901690043, 0.2906291838110561798, -0.6679813183768826823 ) ) ;
#3119 = FACE_OUTER_BOUND ( 'NONE', #2824, .T. ) ;
#3120 = ORIENTED_EDGE ( 'NONE', *, *, #1959, .T. ) ;
#3121 = FACE_OUTER_BOUND ( 'NONE', #135, .T. ) ;
#3122 = VERTEX_POINT ( 'NONE', #3800 ) ;
#3123 = DIRECTION ( 'NONE',  ( -0.6114276612130539190, -0.06940012241047888164, -0.7882511262998268542 ) ) ;
#3124 = CARTESIAN_POINT ( 'NONE',  ( 0.1000000000000019762, 1.371125000000000128E-14, 0.06250000000000000000 ) ) ;
#3125 = SHAPE_DEFINITION_REPRESENTATION ( #2965, #1427 ) ;
#3126 =( REPRESENTATION_RELATIONSHIP ('NONE','NONE', #2654, #1427 ) REPRESENTATION_RELATIONSHIP_WITH_TRANSFORMATION ( #968 )SHAPE_REPRESENTATION_RELATIONSHIP( ) );
#3127 = EDGE_CURVE ( 'NONE', #3267, #545, #1310, .T. ) ;
#3128 = ORIENTED_EDGE ( 'NONE', *, *, #2212, .T. ) ;
#3129 = CARTESIAN_POINT ( 'NONE',  ( -1.499999999999960698, 0.4374959624358291110, 0.1000000000000000056 ) ) ;
#3130 = VERTEX_POINT ( 'NONE', #400 ) ;
#3131 = EDGE_CURVE ( 'NONE', #2928, #184, #2879, .T. ) ;
#3132 = LINE ( 'NONE', #4018, #3822 ) ;
#3133 = CARTESIAN_POINT ( 'NONE',  ( 0.2944538005056863139, -0.6617144987014506041, -0.6460575752348473033 ) ) ;
#3134 = CARTESIAN_POINT ( 'NONE',  ( -0.07347281567955295245, 0.5329857011362070240, -1.258565865557517593 ) ) ;
#3135 = VERTEX_POINT ( 'NONE', #3823 ) ;
#3136 = ADVANCED_FACE ( 'NONE', ( #1330 ), #3531, .T. ) ;
#3137 = DIRECTION ( 'NONE',  ( 0.7901562682738906274, -2.312964634635751733E-14, -0.6129054345553475169 ) ) ;
#3138 = DIRECTION ( 'NONE',  ( 0.000000000000000000, -0.7680628461782184058, 0.6403744719463874135 ) ) ;
#3139 = VERTEX_POINT ( 'NONE', #973 ) ;
#3140 = LINE ( 'NONE', #1900, #2120 ) ;
#3141 = CIRCLE ( 'NONE', #2028, 0.1399999999999998745 ) ;
#3142 = EDGE_LOOP ( 'NONE', ( #1547, #2169, #1786 ) ) ;
#3143 = DIRECTION ( 'NONE',  ( 0.6114276612130550292, 0.06940012241047860408, 0.7882511262998260770 ) ) ;
#3144 = AXIS2_PLACEMENT_3D ( 'NONE', #161, #2925, #2300 ) ;
#3145 = APPLICATION_PROTOCOL_DEFINITION ( 'draft international standard', 'automotive_design', 1998, #1514 ) ;
#3146 = ORIENTED_EDGE ( 'NONE', *, *, #861, .F. ) ;
#3147 = CARTESIAN_POINT ( 'NONE',  ( -1.414999999999958513, 0.1249959624358320948, -0.4000000000000000222 ) ) ;
#3148 = CARTESIAN_POINT ( 'NONE',  ( 0.4994543539582109171, -0.04814694959466948171, -0.5323223981680297312 ) ) ;
#3149 = CARTESIAN_POINT ( 'NONE',  ( 1.165236826265372283, 0.2609620846013189222, -0.3876541597764689429 ) ) ;
#3150 = AXIS2_PLACEMENT_3D ( 'NONE', #2108, #2171, #1248 ) ;
#3151 = CARTESIAN_POINT ( 'NONE',  ( -1.618072232345218131, 0.1781450590934048339, 0.1423395695161328023 ) ) ;
#3152 = ORIENTED_EDGE ( 'NONE', *, *, #224, .F. ) ;
#3153 = CIRCLE ( 'NONE', #3936, 0.06750000000000001832 ) ;
#3154 = EDGE_CURVE ( 'NONE', #1638, #1899, #1030, .T. ) ;
#3155 = CARTESIAN_POINT ( 'NONE',  ( 0.3220707559618710691, -0.2535237208440431766, -0.3404507360097466240 ) ) ;
#3156 = DIRECTION ( 'NONE',  ( 0.7283192600865611155, -0.4388088937843745985, -0.5263058142588751265 ) ) ;
#3157 = ORIENTED_EDGE ( 'NONE', *, *, #3376, .F. ) ;
#3158 = AXIS2_PLACEMENT_3D ( 'NONE', #1883, #939, #2225 ) ;
#3159 = CARTESIAN_POINT ( 'NONE',  ( 0.3282625585422523362, -0.2189454584816162563, -0.2372844998255204396 ) ) ;
#3160 = VECTOR ( 'NONE', #1160, 39.37007874015748143 ) ;
#3161 = EDGE_CURVE ( 'NONE', #607, #1737, #3296, .T. ) ;
#3162 = PRODUCT_DEFINITION_FORMATION_WITH_SPECIFIED_SOURCE ( 'ANY', '', #3579, .NOT_KNOWN. ) ;
#3163 = ORIENTED_EDGE ( 'NONE', *, *, #3963, .T. ) ;
#3164 = EDGE_CURVE ( 'NONE', #3537, #468, #1277, .T. ) ;
#3165 = CARTESIAN_POINT ( 'NONE',  ( -1.874835192616441049, 0.8749959624358287780, 0.2570000000000551288 ) ) ;
#3166 = DIRECTION ( 'NONE',  ( -1.000000000000000000, 0.000000000000000000, 0.000000000000000000 ) ) ;
#3167 = ORIENTED_EDGE ( 'NONE', *, *, #1480, .F. ) ;
#3168 = CARTESIAN_POINT ( 'NONE',  ( -1.249999999999948708, 0.3749959624358169541, 0.06950000000005492062 ) ) ;
#3169 = CARTESIAN_POINT ( 'NONE',  ( -1.749999999999954925, 0.4374959624358181198, 0.06950000000005492062 ) ) ;
#3170 = CARTESIAN_POINT ( 'NONE',  ( 1.158761143642443647, 0.04138515806817581050, -0.2681515369220052736 ) ) ;
#3171 = CIRCLE ( 'NONE', #1808, 0.1499999999999999944 ) ;
#3172 = DIRECTION ( 'NONE',  ( 0.000000000000000000, 0.000000000000000000, -1.000000000000000000 ) ) ;
#3173 = DIMENSIONAL_EXPONENTS ( 1.000000000000000000, 0.000000000000000000, 0.000000000000000000, 0.000000000000000000, 0.000000000000000000, 0.000000000000000000, 0.000000000000000000 ) ;
#3174 = ORIENTED_EDGE ( 'NONE', *, *, #1505, .F. ) ;
#3175 = CARTESIAN_POINT ( 'NONE',  ( -0.1000000000000029615, -0.1118033988749499996, 0.06250000000000000000 ) ) ;
#3176 = CARTESIAN_POINT ( 'NONE',  ( -0.1000000000000060979, -0.1875000000000110467, 0.06249999999999901468 ) ) ;
#3177 = ORIENTED_EDGE ( 'NONE', *, *, #1020, .T. ) ;
#3178 = EDGE_CURVE ( 'NONE', #2668, #1882, #115, .T. ) ;
#3179 = CARTESIAN_POINT ( 'NONE',  ( 0.3125000000000000000, 0.1874999999999748257, 0.06250000000000098532 ) ) ;
#3180 = ORIENTED_EDGE ( 'NONE', *, *, #3655, .T. ) ;
#3181 = EDGE_CURVE ( 'NONE', #3732, #474, #1695, .T. ) ;
#3182 = CARTESIAN_POINT ( 'NONE',  ( -1.724999999999953904, -0.5150040375641727897, -0.4000000000000000222 ) ) ;
#3183 = CONTEXT_DEPENDENT_SHAPE_REPRESENTATION ( #1804, #3290 ) ;
#3184 = ORIENTED_EDGE ( 'NONE', *, *, #225, .T. ) ;
#3185 = DIRECTION ( 'NONE',  ( 0.000000000000000000, -1.000000000000000000, 0.000000000000000000 ) ) ;
#3186 = LINE ( 'NONE', #2255, #2908 ) ;
#3187 = LINE ( 'NONE', #2327, #2699 ) ;
#3188 = FACE_OUTER_BOUND ( 'NONE', #1049, .T. ) ;
#3189 = ORIENTED_EDGE ( 'NONE', *, *, #441, .T. ) ;
#3190 = CARTESIAN_POINT ( 'NONE',  ( -1.749999999999954925, 0.4374959624358196741, 0.2570000000000551288 ) ) ;
#3191 = DIRECTION ( 'NONE',  ( -7.805279981897932775E-15, -7.805279981897976951E-15, -1.000000000000000000 ) ) ;
#3192 = ORIENTED_EDGE ( 'NONE', *, *, #3713, .F. ) ;
#3193 = LINE ( 'NONE', #3179, #860 ) ;
#3194 = EDGE_CURVE ( 'NONE', #3827, #1724, #2068, .T. ) ;
#3195 = VERTEX_POINT ( 'NONE', #1145 ) ;
#3196 = FACE_OUTER_BOUND ( 'NONE', #48, .T. ) ;
#3197 = ADVANCED_FACE ( 'NONE', ( #818 ), #149, .F. ) ;
#3198 = VECTOR ( 'NONE', #3794, 39.37007874015748854 ) ;
#3199 = DIRECTION ( 'NONE',  ( 0.7283192600865697752, -0.4388088937843689918, -0.5263058142588679100 ) ) ;
#3200 = AXIS2_PLACEMENT_3D ( 'NONE', #3708, #1153, #1479 ) ;
#3201 = ORIENTED_EDGE ( 'NONE', *, *, #412, .F. ) ;
#3202 = EDGE_CURVE ( 'NONE', #3005, #1849, #826, .T. ) ;
#3203 =( BOUNDED_CURVE ( )  B_SPLINE_CURVE ( 2, ( #3535, #3500, #3175 ),
 .UNSPECIFIED., .F., .F. ) 
 B_SPLINE_CURVE_WITH_KNOTS ( ( 3, 3 ),
 ( 0.1224744871391660050, 0.2449489742783070023 ),
 .UNSPECIFIED. ) 
 CURVE ( )  GEOMETRIC_REPRESENTATION_ITEM ( )  RATIONAL_B_SPLINE_CURVE ( ( 1.249999999999963807, 1.249999999999937828, 1.000000000000000000 ) ) 
 REPRESENTATION_ITEM ( '' )  );
#3204 = CARTESIAN_POINT ( 'NONE',  ( 1.000715864203659322, 0.1366066880193850530, -0.1539431752278289378 ) ) ;
#3205 = CARTESIAN_POINT ( 'NONE',  ( -0.5761924305136771896, -0.9228459653806595497, -0.7404421857012953856 ) ) ;
#3206 =( CONVERSION_BASED_UNIT ( 'INCH', #2671 ) LENGTH_UNIT ( ) NAMED_UNIT ( #3173 ) );
#3207 = CARTESIAN_POINT ( 'NONE',  ( -1.624602171127700112, 0.3320747600837252178, 0.1113559020114327502 ) ) ;
#3208 = ADVANCED_FACE ( 'NONE', ( #2651 ), #1367, .F. ) ;
#3209 = ORIENTED_EDGE ( 'NONE', *, *, #1664, .T. ) ;
#3210 = PLANE ( 'NONE',  #3032 ) ;
#3211 = DIRECTION ( 'NONE',  ( -0.7901562682738919596, 0.000000000000000000, 0.6129054345553458516 ) ) ;
#3212 = ORIENTED_EDGE ( 'NONE', *, *, #2053, .F. ) ;
#3213 = VECTOR ( 'NONE', #1424, 39.37007874015748143 ) ;
#3214 = DIRECTION ( 'NONE',  ( -1.000000000000000000, 0.000000000000000000, 0.000000000000000000 ) ) ;
#3215 = VECTOR ( 'NONE', #1591, 39.37007874015748143 ) ;
#3216 = VERTEX_POINT ( 'NONE', #3241 ) ;
#3217 = DIRECTION ( 'NONE',  ( -0.3093659168209988986, -0.8958964101642256095, 0.3188453414499828886 ) ) ;
#3218 = AXIS2_PLACEMENT_3D ( 'NONE', #3862, #2956, #775 ) ;
#3219 = CARTESIAN_POINT ( 'NONE',  ( 0.8925357238809489280, 0.4267277067984094341, -0.1907209267116649620 ) ) ;
#3220 = EDGE_LOOP ( 'NONE', ( #2065, #379 ) ) ;
#3221 = EDGE_CURVE ( 'NONE', #79, #3265, #2264, .T. ) ;
#3222 = LINE ( 'NONE', #2592, #1067 ) ;
#3223 = AXIS2_PLACEMENT_3D ( 'NONE', #669, #1260, #3442 ) ;
#3224 = CARTESIAN_POINT ( 'NONE',  ( -1.414999999999956959, 0.1249959624358308596, 0.008348486100889755332 ) ) ;
#3225 = CARTESIAN_POINT ( 'NONE',  ( 0.4973062961664109771, -0.8928629679219767246, -0.3090738796316233605 ) ) ;
#3226 = VERTEX_POINT ( 'NONE', #471 ) ;
#3227 = ADVANCED_FACE ( 'NONE', ( #1715 ), #3918, .F. ) ;
#3228 = DIRECTION ( 'NONE',  ( -1.000000000000000000, 0.000000000000000000, 0.000000000000000000 ) ) ;
#3229 = EDGE_CURVE ( 'NONE', #3232, #3827, #2326, .T. ) ;
#3230 = CIRCLE ( 'NONE', #2966, 0.06749999999999996281 ) ;
#3231 = FACE_BOUND ( 'NONE', #76, .T. ) ;
#3232 = VERTEX_POINT ( 'NONE', #515 ) ;
#3233 = AXIS2_PLACEMENT_3D ( 'NONE', #664, #1985, #1294 ) ;
#3234 = DIRECTION ( 'NONE',  ( 2.069581813381986640E-16, -2.069581813381981463E-16, 1.000000000000000000 ) ) ;
#3235 = ORIENTED_EDGE ( 'NONE', *, *, #3161, .T. ) ;
#3236 = ORIENTED_EDGE ( 'NONE', *, *, #26, .T. ) ;
#3237 = LINE ( 'NONE', #3837, #2293 ) ;
#3238 = DIRECTION ( 'NONE',  ( 0.000000000000000000, 0.000000000000000000, 1.000000000000000000 ) ) ;
#3239 = ORIENTED_EDGE ( 'NONE', *, *, #378, .T. ) ;
#3240 = CARTESIAN_POINT ( 'NONE',  ( -1.187499999999968470, 0.4374959624358196741, 0.2570000000000551288 ) ) ;
#3241 = CARTESIAN_POINT ( 'NONE',  ( 1.171216464921928990, 0.1506855563609169335, -0.2874359863486208866 ) ) ;
#3242 = EDGE_CURVE ( 'NONE', #645, #568, #702, .T. ) ;
#3243 = FACE_OUTER_BOUND ( 'NONE', #2515, .T. ) ;
#3244 = EDGE_LOOP ( 'NONE', ( #3933, #3286, #1246, #3317, #1453, #2539 ) ) ;
#3245 = LINE ( 'NONE', #2049, #3281 ) ;
#3246 = ORIENTED_EDGE ( 'NONE', *, *, #2266, .T. ) ;
#3247 = DIRECTION ( 'NONE',  ( 0.3093659168209939581, 0.8958964101642287181, -0.3188453414499794469 ) ) ;
#3248 = VERTEX_POINT ( 'NONE', #3280 ) ;
#3249 = VECTOR ( 'NONE', #299, 39.37007874015748143 ) ;
#3250 = ADVANCED_FACE ( 'NONE', ( #2342 ), #33, .F. ) ;
#3251 = DIRECTION ( 'NONE',  ( -0.6114276612130538080, -0.06940012241047900654, -0.7882511262998268542 ) ) ;
#3252 = ORIENTED_EDGE ( 'NONE', *, *, #2235, .F. ) ;
#3253 = ORIENTED_EDGE ( 'NONE', *, *, #1081, .T. ) ;
#3254 = DIRECTION ( 'NONE',  ( 0.6114276612130538080, 0.06940012241047900654, 0.7882511262998268542 ) ) ;
#3255 = DIRECTION ( 'NONE',  ( 0.7283192600865717736, -0.4388088937843427351, -0.5263058142588867838 ) ) ;
#3256 = LINE ( 'NONE', #3318, #1464 ) ;
#3257 = FACE_OUTER_BOUND ( 'NONE', #3897, .T. ) ;
#3258 = AXIS2_PLACEMENT_3D ( 'NONE', #3261, #1120, #1697 ) ;
#3259 = LINE ( 'NONE', #2693, #1002 ) ;
#3260 = LINE ( 'NONE', #2631, #1722 ) ;
#3261 = CARTESIAN_POINT ( 'NONE',  ( 7.549517000000000200E-15, 3.019807000000000044E-14, 0.06250000000000000000 ) ) ;
#3262 = ORIENTED_EDGE ( 'NONE', *, *, #1619, .T. ) ;
#3263 = VECTOR ( 'NONE', #998, 39.37007874015748143 ) ;
#3264 = CARTESIAN_POINT ( 'NONE',  ( 0.3050240141069188171, -0.5839999887276877688, -0.6721457180482321991 ) ) ;
#3265 = VERTEX_POINT ( 'NONE', #2085 ) ;
#3266 = CARTESIAN_POINT ( 'NONE',  ( -2.062499999999960476, -0.1675040375641760060, 0.2100000000000000200 ) ) ;
#3267 = VERTEX_POINT ( 'NONE', #2977 ) ;
#3268 = EDGE_CURVE ( 'NONE', #3873, #3139, #2932, .T. ) ;
#3269 = LINE ( 'NONE', #482, #1255 ) ;
#3270 = EDGE_LOOP ( 'NONE', ( #671, #1233, #3180, #3931, #2865, #2675, #132 ) ) ;
#3271 = VERTEX_POINT ( 'NONE', #194 ) ;
#3272 = PLANE ( 'NONE',  #1581 ) ;
#3273 = CIRCLE ( 'NONE', #1532, 0.1249999999999999861 ) ;
#3274 = EDGE_CURVE ( 'NONE', #1997, #3337, #3566, .T. ) ;
#3275 = VECTOR ( 'NONE', #3255, 39.37007874015748854 ) ;
#3276 = CARTESIAN_POINT ( 'NONE',  ( 0.4428963942113656183, -0.004552027819811605043, -0.5546946977031416148 ) ) ;
#3277 = CARTESIAN_POINT ( 'NONE',  ( -1.249999999999962697, 0.7499959624358208954, 0.2570000000000551288 ) ) ;
#3278 = ORIENTED_EDGE ( 'NONE', *, *, #302, .F. ) ;
#3279 = FACE_OUTER_BOUND ( 'NONE', #1751, .T. ) ;
#3280 = CARTESIAN_POINT ( 'NONE',  ( -1.599999999999954792, 0.7749959624358289112, -0.1400000000000000133 ) ) ;
#3281 = VECTOR ( 'NONE', #1150, 39.37007874015748143 ) ;
#3282 = DIRECTION ( 'NONE',  ( -0.7901562682738892951, 0.000000000000000000, 0.6129054345553491823 ) ) ;
#3283 = AXIS2_PLACEMENT_3D ( 'NONE', #2717, #2071, #3948 ) ;
#3284 = DIRECTION ( 'NONE',  ( 7.317449983029300637E-15, -7.317449983029409500E-15, 1.000000000000000000 ) ) ;
#3285 = CIRCLE ( 'NONE', #1142, 0.06249999999999995143 ) ;
#3286 = ORIENTED_EDGE ( 'NONE', *, *, #1293, .F. ) ;
#3287 = CARTESIAN_POINT ( 'NONE',  ( 0.3085233210800362169, -0.5963736196594638939, -0.6686454212158037258 ) ) ;
#3288 = ORIENTED_EDGE ( 'NONE', *, *, #1304, .F. ) ;
#3289 = DIRECTION ( 'NONE',  ( 0.000000000000000000, -1.000000000000000000, -1.034790906690983849E-14 ) ) ;
#3290 = PRODUCT_DEFINITION_SHAPE ( 'NONE', 'NONE',  #4039 ) ;
#3291 = AXIS2_PLACEMENT_3D ( 'NONE', #954, #1568, #3439 ) ;
#3292 = DIRECTION ( 'NONE',  ( 0.000000000000000000, 0.000000000000000000, 1.000000000000000000 ) ) ;
#3293 = ADVANCED_FACE ( 'NONE', ( #2365 ), #1787, .F. ) ;
#3294 = VERTEX_POINT ( 'NONE', #2020 ) ;
#3295 = ORIENTED_EDGE ( 'NONE', *, *, #3550, .T. ) ;
#3296 = CIRCLE ( 'NONE', #3233, 0.06249999999999995143 ) ;
#3297 = DIRECTION ( 'NONE',  ( 0.000000000000000000, 0.000000000000000000, -1.000000000000000000 ) ) ;
#3298 = DIRECTION ( 'NONE',  ( -1.000000000000000000, 0.000000000000000000, 1.200357451761564060E-14 ) ) ;
#3299 = ORIENTED_EDGE ( 'NONE', *, *, #543, .T. ) ;
#3300 = EDGE_CURVE ( 'NONE', #2295, #2500, #3259, .T. ) ;
#3301 = DIRECTION ( 'NONE',  ( -6.556435184794253024E-15, 1.000000000000000000, 6.556435184794297989E-15 ) ) ;
#3302 = EDGE_CURVE ( 'NONE', #2606, #2570, #3415, .T. ) ;
#3303 = CARTESIAN_POINT ( 'NONE',  ( -1.249999999999967359, 0.4374959624358191190, 0.06950000000005489287 ) ) ;
#3304 =( NAMED_UNIT ( * ) PLANE_ANGLE_UNIT ( ) SI_UNIT ( $, .RADIAN. ) );
#3305 = DIRECTION ( 'NONE',  ( 0.000000000000000000, 0.000000000000000000, 1.000000000000000000 ) ) ;
#3306 = CARTESIAN_POINT ( 'NONE',  ( -2.062499999999956923, -0.2500040375641759960, 0.2100000000000000200 ) ) ;
#3307 = ORIENTED_EDGE ( 'NONE', *, *, #3527, .T. ) ;
#3308 = FACE_OUTER_BOUND ( 'NONE', #2739, .T. ) ;
#3309 = ORIENTED_EDGE ( 'NONE', *, *, #2058, .T. ) ;
#3310 = DIRECTION ( 'NONE',  ( 0.000000000000000000, 0.000000000000000000, 1.000000000000000000 ) ) ;
#3311 = DIRECTION ( 'NONE',  ( -0.6114276612130539190, -0.06940012241047888164, -0.7882511262998268542 ) ) ;
#3312 = ORIENTED_EDGE ( 'NONE', *, *, #2530, .F. ) ;
#3313 = VERTEX_POINT ( 'NONE', #905 ) ;
#3314 = CARTESIAN_POINT ( 'NONE',  ( -1.312499999999962474, 0.7499959624358228938, -0.08299999999994507605 ) ) ;
#3315 = CARTESIAN_POINT ( 'NONE',  ( 0.3886891627545336902, -0.2635620378471667524, -0.3040187396238130391 ) ) ;
#3316 = PLANE ( 'NONE',  #3093 ) ;
#3317 = ORIENTED_EDGE ( 'NONE', *, *, #1729, .F. ) ;
#3318 = CARTESIAN_POINT ( 'NONE',  ( 0.2946071253441435722, -0.2508148755351830017, -0.2698687708318921463 ) ) ;
#3319 = AXIS2_PLACEMENT_3D ( 'NONE', #1999, #2603, #2284 ) ;
#3320 = DIRECTION ( 'NONE',  ( 0.000000000000000000, 0.000000000000000000, 1.000000000000000000 ) ) ;
#3321 = EDGE_CURVE ( 'NONE', #8, #2226, #360, .T. ) ;
#3322 = FACE_OUTER_BOUND ( 'NONE', #3555, .T. ) ;
#3323 = CARTESIAN_POINT ( 'NONE',  ( 0.000000000000000000, 0.000000000000000000, 0.000000000000000000 ) ) ;
#3324 = ADVANCED_FACE ( 'NONE', ( #1229 ), #238, .T. ) ;
#3325 = DIRECTION ( 'NONE',  ( 0.000000000000000000, 1.000000000000000000, -1.200357451761559327E-14 ) ) ;
#3326 = CYLINDRICAL_SURFACE ( 'NONE', #1920, 0.06249999999999967387 ) ;
#3327 = ORIENTED_EDGE ( 'NONE', *, *, #2144, .T. ) ;
#3328 = CARTESIAN_POINT ( 'NONE',  ( 0.2499331795180552707, -0.5133510272681751641, -0.6649657040766797644 ) ) ;
#3329 = VECTOR ( 'NONE', #2016, 39.37007874015748143 ) ;
#3330 = ORIENTED_EDGE ( 'NONE', *, *, #2011, .T. ) ;
#3331 = VECTOR ( 'NONE', #1569, 39.37007874015748143 ) ;
#3332 = DIRECTION ( 'NONE',  ( 0.000000000000000000, 0.000000000000000000, -1.000000000000000000 ) ) ;
#3333 = AXIS2_PLACEMENT_3D ( 'NONE', #2121, #2703, #2967 ) ;
#3334 = DIRECTION ( 'NONE',  ( 0.000000000000000000, -1.000000000000000000, 0.000000000000000000 ) ) ;
#3335 = DIRECTION ( 'NONE',  ( -1.000000000000000000, 0.000000000000000000, 0.000000000000000000 ) ) ;
#3336 = VERTEX_POINT ( 'NONE', #3989 ) ;
#3337 = VERTEX_POINT ( 'NONE', #4010 ) ;
#3338 = CARTESIAN_POINT ( 'NONE',  ( 0.2500000000000000000, 0.2499999999999909517, 0.06250000000000098532 ) ) ;
#3339 =( CONVERSION_BASED_UNIT ( 'INCH', #1423 ) LENGTH_UNIT ( ) NAMED_UNIT ( #2568 ) );
#3340 = AXIS2_PLACEMENT_3D ( 'NONE', #773, #3987, #1713 ) ;
#3341 = DIRECTION ( 'NONE',  ( 0.6114276612130539190, 0.06940012241047899266, 0.7882511262998268542 ) ) ;
#3342 = VERTEX_POINT ( 'NONE', #3371 ) ;
#3343 = CARTESIAN_POINT ( 'NONE',  ( -2.249999999999960920, 0.3749959624358279453, 0.3750000000000000555 ) ) ;
#3344 = AXIS2_PLACEMENT_3D ( 'NONE', #2228, #1963, #2547 ) ;
#3345 = LINE ( 'NONE', #3042, #2111 ) ;
#3346 = LINE ( 'NONE', #1806, #2434 ) ;
#3347 = DIRECTION ( 'NONE',  ( 0.000000000000000000, 3.469446951953614189E-17, 0.9999999999999998890 ) ) ;
#3348 = VECTOR ( 'NONE', #3468, 39.37007874015748143 ) ;
#3349 = LINE ( 'NONE', #1544, #2679 ) ;
#3350 = EDGE_CURVE ( 'NONE', #1266, #628, #4031, .T. ) ;
#3351 = CARTESIAN_POINT ( 'NONE',  ( 0.3085233210800362169, -0.5963736196594638939, -0.6686454212158037258 ) ) ;
#3352 = EDGE_LOOP ( 'NONE', ( #909, #3571, #2549, #574, #2370, #2441 ) ) ;
#3353 = CIRCLE ( 'NONE', #1795, 0.06496062992125967162 ) ;
#3354 = CARTESIAN_POINT ( 'NONE',  ( 0.6086147786086490985, -0.1181284150686599949, -0.5928345071426490698 ) ) ;
#3355 = CARTESIAN_POINT ( 'NONE',  ( -0.9374999999999573674, -0.1100040375641669205, 0.2100000000000000200 ) ) ;
#3356 = ORIENTED_EDGE ( 'NONE', *, *, #2138, .F. ) ;
#3357 = CARTESIAN_POINT ( 'NONE',  ( 0.1000000000000029615, 1.421085000000000017E-14, -0.1250000000000000000 ) ) ;
#3358 = EDGE_CURVE ( 'NONE', #2357, #2767, #1827, .T. ) ;
#3359 = PRODUCT_DEFINITION_CONTEXT ( 'detailed design', #1514, 'design' ) ;
#3360 = CARTESIAN_POINT ( 'NONE',  ( 0.5495682659565535033, -0.8927570766997361407, -0.3476858833192830178 ) ) ;
#3361 = DIRECTION ( 'NONE',  ( -7.805279981897798669E-15, -7.805279981897793936E-15, -1.000000000000000000 ) ) ;
#3362 = ORIENTED_EDGE ( 'NONE', *, *, #3302, .T. ) ;
#3363 = CARTESIAN_POINT ( 'NONE',  ( -1.414999999999959845, 0.1364911792743415675, 0.008348486100847374303 ) ) ;
#3364 = AXIS2_PLACEMENT_3D ( 'NONE', #1329, #1640, #3548 ) ;
#3365 = PRODUCT_RELATED_PRODUCT_CATEGORY ( 'part', '', ( #2346 ) ) ;
#3366 = CARTESIAN_POINT ( 'NONE',  ( -1.274999999999958611, 0.1249959624358309151, 0.02500000000000098671 ) ) ;
#3367 = VECTOR ( 'NONE', #2279, 39.37007874015748143 ) ;
#3368 = VERTEX_POINT ( 'NONE', #3676 ) ;
#3369 = LINE ( 'NONE', #3062, #3945 ) ;
#3370 = DIRECTION ( 'NONE',  ( 0.000000000000000000, 0.000000000000000000, -1.000000000000000000 ) ) ;
#3371 = CARTESIAN_POINT ( 'NONE',  ( -1.874835192616434387, 0.2499959624358240318, 0.1826771653543305118 ) ) ;
#3372 = FACE_OUTER_BOUND ( 'NONE', #724, .T. ) ;
#3373 = ORIENTED_EDGE ( 'NONE', *, *, #3527, .F. ) ;
#3374 = CARTESIAN_POINT ( 'NONE',  ( 0.6308923390113232443, -0.2126448082094195557, 0.1636693486330126346 ) ) ;
#3375 = ORIENTED_EDGE ( 'NONE', *, *, #3481, .T. ) ;
#3376 = EDGE_CURVE ( 'NONE', #2545, #2190, #3410, .T. ) ;
#3377 = CARTESIAN_POINT ( 'NONE',  ( 0.5669963070735999366, -0.09654052705375687493, -0.5492977858704123362 ) ) ;
#3378 = ORIENTED_EDGE ( 'NONE', *, *, #163, .T. ) ;
#3379 = CARTESIAN_POINT ( 'NONE',  ( 0.5371690963550661557, -0.8941644449670217432, -0.3636708640840798923 ) ) ;
#3380 = EDGE_CURVE ( 'NONE', #181, #1721, #1182, .T. ) ;
#3381 = CARTESIAN_POINT ( 'NONE',  ( -1.874835192616434387, 0.2499959624358240318, 0.09999999999999986677 ) ) ;
#3382 = DIRECTION ( 'NONE',  ( 1.000000000000000000, 0.000000000000000000, 0.000000000000000000 ) ) ;
#3383 = VERTEX_POINT ( 'NONE', #1562 ) ;
#3384 = EDGE_CURVE ( 'NONE', #2381, #1724, #324, .T. ) ;
#3385 = LINE ( 'NONE', #919, #876 ) ;
#3386 = DIRECTION ( 'NONE',  ( 0.000000000000000000, 0.000000000000000000, -1.000000000000000000 ) ) ;
#3387 = ORIENTED_EDGE ( 'NONE', *, *, #46, .T. ) ;
#3388 = FACE_BOUND ( 'NONE', #1778, .T. ) ;
#3389 = EDGE_CURVE ( 'NONE', #736, #2606, #2799, .T. ) ;
#3390 = CARTESIAN_POINT ( 'NONE',  ( 1.136507282934517304, -0.0005371494933203795584, -0.5643565824052798607 ) ) ;
#3391 = DIRECTION ( 'NONE',  ( 0.000000000000000000, 0.000000000000000000, 1.000000000000000000 ) ) ;
#3392 = DIRECTION ( 'NONE',  ( 1.000000000000000000, 0.000000000000000000, 0.000000000000000000 ) ) ;
#3393 = DIRECTION ( 'NONE',  ( -0.3623875900312522047, 0.03574370544481556000, 0.9313418395586098297 ) ) ;
#3394 = ORIENTED_EDGE ( 'NONE', *, *, #2837, .F. ) ;
#3395 = DIRECTION ( 'NONE',  ( -0.7901562682738894061, 0.000000000000000000, 0.6129054345553490712 ) ) ;
#3396 = VERTEX_POINT ( 'NONE', #1517 ) ;
#3397 = B_SPLINE_CURVE_WITH_KNOTS ( 'NONE', 3,
 ( #1661, #455, #131, #2045, #2022, #1353, #798, #2004, #1085, #1065, #1970, #473, #2594, #3207, #2328, #3843, #2958, #3567, #2312, #1413, #2655, #1048, #3551, #1719, #3586, #3533, #742, #2919, #885, #1783 ),
 .UNSPECIFIED., .F., .F.,
 ( 4, 2, 2, 2, 2, 2, 2, 2, 2, 2, 2, 2, 2, 2, 4 ),
 ( 0.000000000000000000, 0.0004236531585038561627, 0.0008473063170077123254, 0.001694612634015427470, 0.002118265792519282657, 0.002541918951023137627, 0.002965572109526992163, 0.003389225268030847567, 0.003812878426534702537, 0.004236531585038556640, 0.005083837902046265712, 0.005507491060550123718, 0.005931144219053980857, 0.006354797377557838862, 0.006778450536061696001 ),
 .UNSPECIFIED. ) ;
#3398 = CARTESIAN_POINT ( 'NONE',  ( -0.2499999999999929223, -0.1875000000000110467, 0.06249999999999901468 ) ) ;
#3399 = ORIENTED_EDGE ( 'NONE', *, *, #3384, .F. ) ;
#3400 = LINE ( 'NONE', #608, #3525 ) ;
#3401 = LINE ( 'NONE', #1238, #3949 ) ;
#3402 = CARTESIAN_POINT ( 'NONE',  ( -1.874835192616437052, 0.3749959624358220056, 0.3750000000000000555 ) ) ;
#3403 = ORIENTED_EDGE ( 'NONE', *, *, #1101, .F. ) ;
#3404 = ADVANCED_FACE ( 'NONE', ( #10 ), #3740, .F. ) ;
#3405 = CARTESIAN_POINT ( 'NONE',  ( 0.1500000000000075440, 3.019807000000000044E-14, 0.06250000000000000000 ) ) ;
#3406 = DIRECTION ( 'NONE',  ( -1.200357451761587883E-14, -1.200357451761588514E-14, -1.000000000000000000 ) ) ;
#3407 = ORIENTED_EDGE ( 'NONE', *, *, #3655, .F. ) ;
#3408 = EDGE_CURVE ( 'NONE', #2179, #1056, #2756, .T. ) ;
#3409 = DIRECTION ( 'NONE',  ( 0.000000000000000000, 0.000000000000000000, -1.000000000000000000 ) ) ;
#3410 = LINE ( 'NONE', #3107, #3597 ) ;
#3411 = ADVANCED_FACE ( 'NONE', ( #3322 ), #154, .F. ) ;
#3412 = APPLICATION_PROTOCOL_DEFINITION ( 'draft international standard', 'automotive_design', 1998, #2912 ) ;
#3413 = DIRECTION ( 'NONE',  ( 0.000000000000000000, 0.000000000000000000, -1.000000000000000000 ) ) ;
#3414 = EDGE_LOOP ( 'NONE', ( #3864, #1841, #3805, #787, #433, #651, #1196 ) ) ;
#3415 = CIRCLE ( 'NONE', #2830, 0.1400000000000000133 ) ;
#3416 = LINE ( 'NONE', #2215, #3601 ) ;
#3417 = VERTEX_POINT ( 'NONE', #599 ) ;
#3418 = CARTESIAN_POINT ( 'NONE',  ( 0.6243762672133135183, -0.1177292324467117957, -0.7568747570998823893 ) ) ;
#3419 = CIRCLE ( 'NONE', #1007, 0.08267716535433063119 ) ;
#3420 = AXIS2_PLACEMENT_3D ( 'NONE', #3515, #2260, #725 ) ;
#3421 = CARTESIAN_POINT ( 'NONE',  ( -1.599999999999954792, 0.8749959624358287780, 0.2570000000000551288 ) ) ;
#3422 = ORIENTED_EDGE ( 'NONE', *, *, #714, .F. ) ;
#3423 = AXIS2_PLACEMENT_3D ( 'NONE', #3824, #270, #3801 ) ;
#3424 = LINE ( 'NONE', #2444, #3753 ) ;
#3425 = FACE_OUTER_BOUND ( 'NONE', #343, .T. ) ;
#3426 = ORIENTED_EDGE ( 'NONE', *, *, #2673, .T. ) ;
#3427 = CIRCLE ( 'NONE', #2185, 0.06249999999999995143 ) ;
#3428 = DIRECTION ( 'NONE',  ( 0.000000000000000000, 0.000000000000000000, -1.000000000000000000 ) ) ;
#3429 = EDGE_CURVE ( 'NONE', #1976, #178, #801, .T. ) ;
#3430 = ORIENTED_EDGE ( 'NONE', *, *, #1235, .T. ) ;
#3431 = DIRECTION ( 'NONE',  ( 0.6114276612130538080, 0.06940012241047900654, 0.7882511262998268542 ) ) ;
#3432 = CARTESIAN_POINT ( 'NONE',  ( -2.062499999999956923, -0.2500040375641759960, 0.3750000000000000555 ) ) ;
#3433 = VECTOR ( 'NONE', #1222, 39.37007874015748143 ) ;
#3434 = ORIENTED_EDGE ( 'NONE', *, *, #3350, .T. ) ;
#3435 = EDGE_CURVE ( 'NONE', #1677, #3313, #883, .T. ) ;
#3436 = CYLINDRICAL_SURFACE ( 'NONE', #2437, 0.09842519685039358146 ) ;
#3437 = VECTOR ( 'NONE', #705, 39.37007874015748143 ) ;
#3438 = VERTEX_POINT ( 'NONE', #1165 ) ;
#3439 = DIRECTION ( 'NONE',  ( 0.000000000000000000, 0.000000000000000000, 1.000000000000000000 ) ) ;
#3440 = CARTESIAN_POINT ( 'NONE',  ( -1.874835192616441049, 0.8749959624358266685, 0.2570000000000551288 ) ) ;
#3441 = ORIENTED_EDGE ( 'NONE', *, *, #2903, .F. ) ;
#3442 = DIRECTION ( 'NONE',  ( 1.000000000000000000, 0.000000000000000000, 0.000000000000000000 ) ) ;
#3443 = CARTESIAN_POINT ( 'NONE',  ( -1.249999999999967359, 0.4374959624358191190, 0.06950000000005489287 ) ) ;
#3444 = EDGE_LOOP ( 'NONE', ( #1006, #1358, #1169, #3307 ) ) ;
#3445 = FACE_OUTER_BOUND ( 'NONE', #429, .T. ) ;
#3446 = ORIENTED_EDGE ( 'NONE', *, *, #2577, .T. ) ;
#3447 = CARTESIAN_POINT ( 'NONE',  ( 0.1447171385053840353, 0.03944651664471401920, -1.257494752047586539 ) ) ;
#3448 = FACE_OUTER_BOUND ( 'NONE', #1223, .T. ) ;
#3449 = SHAPE_DEFINITION_REPRESENTATION ( #1404, #2654 ) ;
#3450 = ORIENTED_EDGE ( 'NONE', *, *, #3274, .T. ) ;
#3451 = EDGE_CURVE ( 'NONE', #3294, #3499, #2411, .T. ) ;
#3452 = LINE ( 'NONE', #3088, #3553 ) ;
#3453 = DIRECTION ( 'NONE',  ( 7.924100448641946998E-15, -1.000000000000000000, 0.000000000000000000 ) ) ;
#3454 = EDGE_CURVE ( 'NONE', #262, #1036, #3346, .T. ) ;
#3455 = CARTESIAN_POINT ( 'NONE',  ( -0.1000000000000060979, -0.1875000000000110467, 0.06249999999999901468 ) ) ;
#3456 = CARTESIAN_POINT ( 'NONE',  ( -1.619384718984872462, 0.1760638024716163763, 0.06259509667535259614 ) ) ;
#3457 = ORIENTED_EDGE ( 'NONE', *, *, #661, .F. ) ;
#3458 = EDGE_CURVE ( 'NONE', #1882, #2668, #363, .T. ) ;
#3459 = DIRECTION ( 'NONE',  ( 0.7283192600865711075, -0.4388088937843641069, -0.5263058142588701305 ) ) ;
#3460 = CARTESIAN_POINT ( 'NONE',  ( -1.124999999999956701, 0.3749959624358279453, 0.3750000000000000555 ) ) ;
#3461 = ORIENTED_EDGE ( 'NONE', *, *, #3877, .T. ) ;
#3462 = DIRECTION ( 'NONE',  ( 0.6114276612130550292, 0.06940012241047860408, 0.7882511262998260770 ) ) ;
#3463 = PRODUCT_RELATED_PRODUCT_CATEGORY ( 'part', '', ( #3579 ) ) ;
#3464 = ORIENTED_EDGE ( 'NONE', *, *, #195, .F. ) ;
#3465 = CARTESIAN_POINT ( 'NONE',  ( -1.249999999999962697, 0.8124959624358208954, 0.2570000000000551288 ) ) ;
#3466 = AXIS2_PLACEMENT_3D ( 'NONE', #294, #2774, #4026 ) ;
#3467 = ORIENTED_EDGE ( 'NONE', *, *, #2533, .F. ) ;
#3468 = DIRECTION ( 'NONE',  ( 0.000000000000000000, 0.000000000000000000, -1.000000000000000000 ) ) ;
#3469 = CARTESIAN_POINT ( 'NONE',  ( -1.408245648513006376, 0.08061269388091243937, 0.01502558846737602448 ) ) ;
#3470 = CARTESIAN_POINT ( 'NONE',  ( -1.499999999999956479, 0.3749959624358149557, 0.2249999999999999778 ) ) ;
#3471 = EDGE_CURVE ( 'NONE', #3271, #3226, #3795, .T. ) ;
#3472 = AXIS2_PLACEMENT_3D ( 'NONE', #236, #2713, #1470 ) ;
#3473 = VECTOR ( 'NONE', #1450, 39.37007874015748143 ) ;
#3474 = CARTESIAN_POINT ( 'NONE',  ( -1.623171443630311517, 0.1701058689363858512, 0.1219991700708933230 ) ) ;
#3475 = ORIENTED_EDGE ( 'NONE', *, *, #3713, .T. ) ;
#3476 = VECTOR ( 'NONE', #2823, 39.37007874015748143 ) ;
#3477 = VECTOR ( 'NONE', #920, 39.37007874015748143 ) ;
#3478 = CARTESIAN_POINT ( 'NONE',  ( 0.1638867116032627080, -0.5518287075388808027, -0.5505663656513148929 ) ) ;
#3479 = LINE ( 'NONE', #1667, #248 ) ;
#3480 = ORIENTED_EDGE ( 'NONE', *, *, #1042, .T. ) ;
#3481 = EDGE_CURVE ( 'NONE', #1912, #146, #1579, .T. ) ;
#3482 = MANIFOLD_SOLID_BREP ( '274E[1]', #1662 ) ;
#3483 = AXIS2_PLACEMENT_3D ( 'NONE', #377, #3462, #2469 ) ;
#3484 = AXIS2_PLACEMENT_3D ( 'NONE', #3635, #2455, #537 ) ;
#3485 = DIMENSIONAL_EXPONENTS ( 1.000000000000000000, 0.000000000000000000, 0.000000000000000000, 0.000000000000000000, 0.000000000000000000, 0.000000000000000000, 0.000000000000000000 ) ;
#3486 = DIRECTION ( 'NONE',  ( 0.000000000000000000, 0.000000000000000000, -1.000000000000000000 ) ) ;
#3487 = CIRCLE ( 'NONE', #2896, 0.1249999999999999861 ) ;
#3488 = EDGE_LOOP ( 'NONE', ( #997, #2556 ) ) ;
#3489 = DIRECTION ( 'NONE',  ( -1.000000000000000000, 0.000000000000000000, 0.000000000000000000 ) ) ;
#3490 = FILL_AREA_STYLE ('',( #2271 ) ) ;
#3491 = EDGE_LOOP ( 'NONE', ( #403, #2398, #1240, #3704 ) ) ;
#3492 = SHAPE_REPRESENTATION ( '~SCREW GUIDING', ( #1072 ), #1988 ) ;
#3493 = DIRECTION ( 'NONE',  ( -0.7071067811866780239, 0.7071067811864170105, 7.327097999999994722E-16 ) ) ;
#3494 = AXIS2_PLACEMENT_3D ( 'NONE', #3830, #1975, #2832 ) ;
#3495 = CARTESIAN_POINT ( 'NONE',  ( -1.357499999999958629, 0.1249959624358322613, 0.3750000000000000555 ) ) ;
#3496 = CARTESIAN_POINT ( 'NONE',  ( 0.2344423361051836685, -0.6957442619395757255, -0.6249360307400678716 ) ) ;
#3497 = CARTESIAN_POINT ( 'NONE',  ( -1.595936739825038364, 0.2276142940262324277, 0.1803037901221283268 ) ) ;
#3498 = EDGE_CURVE ( 'NONE', #584, #1730, #3870, .T. ) ;
#3499 = VERTEX_POINT ( 'NONE', #3819 ) ;
#3500 = CARTESIAN_POINT ( 'NONE',  ( -0.09999999999999897859, -0.04472135954996600549, 0.01250000000000899870 ) ) ;
#3501 = DIRECTION ( 'NONE',  ( 8.344049122186309589E-15, -1.000000000000000000, -1.315665176856268221E-15 ) ) ;
#3502 = ORIENTED_EDGE ( 'NONE', *, *, #3181, .T. ) ;
#3503 = ADVANCED_FACE ( 'NONE', ( #717 ), #2249, .T. ) ;
#3504 = LINE ( 'NONE', #462, #3077 ) ;
#3505 = EDGE_CURVE ( 'NONE', #3048, #1043, #2944, .T. ) ;
#3506 = ORIENTED_EDGE ( 'NONE', *, *, #3435, .F. ) ;
#3507 = LINE ( 'NONE', #3465, #728 ) ;
#3508 = PRESENTATION_STYLE_ASSIGNMENT (( #1636 ) ) ;
#3509 = ORIENTED_EDGE ( 'NONE', *, *, #2940, .F. ) ;
#3510 = CARTESIAN_POINT ( 'NONE',  ( -1.192499999999958593, 0.1249959624358309151, 0.3750000000000000555 ) ) ;
#3511 = LINE ( 'NONE', #1968, #3111 ) ;
#3512 = LENGTH_MEASURE_WITH_UNIT ( LENGTH_MEASURE( 0.02539999999999999897 ), #2652 );
#3513 = CARTESIAN_POINT ( 'NONE',  ( 1.165236826265372283, 0.2609620846013189222, -0.3876541597764689429 ) ) ;
#3514 = ORIENTED_EDGE ( 'NONE', *, *, #1846, .F. ) ;
#3515 = CARTESIAN_POINT ( 'NONE',  ( -1.249999999999962697, 0.4374959624358181198, -0.08299999999994507605 ) ) ;
#3516 = DIRECTION ( 'NONE',  ( 0.000000000000000000, 1.000000000000000000, 4.097771990496443145E-16 ) ) ;
#3517 = ORIENTED_EDGE ( 'NONE', *, *, #2526, .T. ) ;
#3518 = VECTOR ( 'NONE', #1000, 39.37007874015748143 ) ;
#3519 = LINE ( 'NONE', #1377, #3263 ) ;
#3520 = ADVANCED_FACE ( 'NONE', ( #69 ), #1305, .T. ) ;
#3521 = ORIENTED_EDGE ( 'NONE', *, *, #3783, .T. ) ;
#3522 = LINE ( 'NONE', #1363, #3198 ) ;
#3523 = VECTOR ( 'NONE', #2589, 39.37007874015748143 ) ;
#3524 = CARTESIAN_POINT ( 'NONE',  ( -1.621221903961263866, 0.4374959624358275567, 0.06950000000005492062 ) ) ;
#3525 = VECTOR ( 'NONE', #3095, 39.37007874015748143 ) ;
#3526 = VERTEX_POINT ( 'NONE', #1323 ) ;
#3527 = EDGE_CURVE ( 'NONE', #2196, #1287, #1264, .T. ) ;
#3528 = VECTOR ( 'NONE', #2910, 39.37007874015748143 ) ;
#3529 = DIRECTION ( 'NONE',  ( 0.3093659168209940136, 0.8958964101642289402, -0.3188453414499790028 ) ) ;
#3530 = ADVANCED_FACE ( 'NONE', ( #660 ), #1003, .T. ) ;
#3531 = PLANE ( 'NONE',  #2205 ) ;
#3532 =( LENGTH_UNIT ( ) NAMED_UNIT ( * ) SI_UNIT ( $, .METRE. ) );
#3533 = CARTESIAN_POINT ( 'NONE',  ( -1.597548605885970474, 0.2773451936357011482, 0.02179373920419446289 ) ) ;
#3534 = ORIENTED_EDGE ( 'NONE', *, *, #2533, .T. ) ;
#3535 = CARTESIAN_POINT ( 'NONE',  ( -0.09999999999999804878, 2.322586999999999810E-14, 0.01250000000000500190 ) ) ;
#3536 = PLANE ( 'NONE',  #488 ) ;
#3537 = VERTEX_POINT ( 'NONE', #413 ) ;
#3538 = AXIS2_PLACEMENT_3D ( 'NONE', #1926, #1653, #2858 ) ;
#3539 = CARTESIAN_POINT ( 'NONE',  ( 0.6822213879346268328, -0.2126448082094195557, 0.1238546255221338183 ) ) ;
#3540 = VECTOR ( 'NONE', #3714, 39.37007874015748143 ) ;
#3541 = ORIENTED_EDGE ( 'NONE', *, *, #1235, .F. ) ;
#3542 = CARTESIAN_POINT ( 'NONE',  ( 0.3125000000000000000, 0.1874999999999760192, -0.1250000000000000000 ) ) ;
#3543 = COLOUR_RGB ( '',0.7921568627450980005, 0.8196078431372548767, 0.9333333333333333481 ) ;
#3544 = ADVANCED_FACE ( 'NONE', ( #2893 ), #107, .F. ) ;
#3545 = UNCERTAINTY_MEASURE_WITH_UNIT (LENGTH_MEASURE( 1.000000000000000082E-05 ), #884, 'distance_accuracy_value', 'NONE');
#3546 = DIRECTION ( 'NONE',  ( 0.000000000000000000, 0.000000000000000000, 1.000000000000000000 ) ) ;
#3547 = ORIENTED_EDGE ( 'NONE', *, *, #1177, .F. ) ;
#3548 = DIRECTION ( 'NONE',  ( 0.7901562682738896282, 0.000000000000000000, -0.6129054345553488492 ) ) ;
#3549 = CARTESIAN_POINT ( 'NONE',  ( -1.249999999999962697, 0.7499959624358228938, -0.08299999999994507605 ) ) ;
#3550 = EDGE_CURVE ( 'NONE', #2221, #3336, #3932, .T. ) ;
#3551 = CARTESIAN_POINT ( 'NONE',  ( -1.606431351794520124, 0.3005270367644630736, 0.03435204319823294966 ) ) ;
#3552 = EDGE_LOOP ( 'NONE', ( #1103, #426, #1253, #243 ) ) ;
#3553 = VECTOR ( 'NONE', #663, 39.37007874015748143 ) ;
#3554 = DIRECTION ( 'NONE',  ( 0.000000000000000000, -1.000000000000000000, 0.000000000000000000 ) ) ;
#3555 = EDGE_LOOP ( 'NONE', ( #2471, #2408, #3950, #3099 ) ) ;
#3556 = CONICAL_SURFACE ( 'NONE', #3889, 0.1499999999999999944, 0.7853981625000003852 ) ;
#3557 = CARTESIAN_POINT ( 'NONE',  ( -1.874835192616437052, 0.3749959624358220056, 0.2570000000000551288 ) ) ;
#3558 = ORIENTED_EDGE ( 'NONE', *, *, #1666, .T. ) ;
#3559 = DIRECTION ( 'NONE',  ( 0.7901562682738896282, 0.000000000000000000, -0.6129054345553488492 ) ) ;
#3560 = EDGE_LOOP ( 'NONE', ( #2718, #229, #2404, #3027, #2808, #3120, #3941, #3253 ) ) ;
#3561 = ORIENTED_EDGE ( 'NONE', *, *, #438, .T. ) ;
#3562 = CARTESIAN_POINT ( 'NONE',  ( -0.8549999999999566835, -0.2500040375641700563, 0.2100000000000000200 ) ) ;
#3563 = CARTESIAN_POINT ( 'NONE',  ( -2.249999999999960920, 0.1249959624358259747, -0.4000000000000000222 ) ) ;
#3564 = ORIENTED_EDGE ( 'NONE', *, *, #3380, .T. ) ;
#3565 = CARTESIAN_POINT ( 'NONE',  ( -1.812499999999956701, 0.4374959624358362165, 0.06950000000005492062 ) ) ;
#3566 = LINE ( 'NONE', #1679, #2303 ) ;
#3567 = CARTESIAN_POINT ( 'NONE',  ( -1.623192441157771393, 0.3299183388941572259, 0.07812308157407804599 ) ) ;
#3568 = ADVANCED_FACE ( 'NONE', ( #3448 ), #3914, .F. ) ;
#3569 = ORIENTED_EDGE ( 'NONE', *, *, #225, .F. ) ;
#3570 = DIRECTION ( 'NONE',  ( 0.000000000000000000, 0.000000000000000000, 1.000000000000000000 ) ) ;
#3571 = ORIENTED_EDGE ( 'NONE', *, *, #3673, .T. ) ;
#3572 = DIRECTION ( 'NONE',  ( 1.000000000000000000, 0.000000000000000000, 0.000000000000000000 ) ) ;
#3573 = EDGE_LOOP ( 'NONE', ( #1905, #550 ) ) ;
#3574 = EDGE_CURVE ( 'NONE', #3015, #1156, #1385, .T. ) ;
#3575 = CARTESIAN_POINT ( 'NONE',  ( 0.1554980379285755276, -1.087990339414819596, -0.4945303577717086174 ) ) ;
#3576 = ORIENTED_EDGE ( 'NONE', *, *, #2757, .T. ) ;
#3577 = EDGE_LOOP ( 'NONE', ( #1771, #2348, #3014, #3209 ) ) ;
#3578 = CARTESIAN_POINT ( 'NONE',  ( 0.7313829379904700501, -0.2422644085398645286, 0.08832898305966056796 ) ) ;
#3579 = PRODUCT ( 'SCREW GUIDING_NEW', 'SCREW GUIDING_NEW', '', ( #1904 ) ) ;
#3580 = DIRECTION ( 'NONE',  ( -1.000000000000000000, 0.000000000000000000, 0.000000000000000000 ) ) ;
#3581 = ORIENTED_EDGE ( 'NONE', *, *, #1791, .F. ) ;
#3582 = CARTESIAN_POINT ( 'NONE',  ( -0.3124999999999869549, 0.1874999999999909517, 0.06250000000000000000 ) ) ;
#3583 = VECTOR ( 'NONE', #4033, 39.37007874015748143 ) ;
#3584 = DIRECTION ( 'NONE',  ( -0.6114276612130539190, -0.06940012241047918695, -0.7882511262998268542 ) ) ;
#3585 =( NAMED_UNIT ( * ) SI_UNIT ( $, .STERADIAN. ) SOLID_ANGLE_UNIT ( ) );
#3586 = CARTESIAN_POINT ( 'NONE',  ( -1.600759123954296204, 0.2872068613360840295, 0.02597602632984026202 ) ) ;
#3587 = CARTESIAN_POINT ( 'NONE',  ( -0.2262210520199577635, -0.6394149359912421060, -1.036860829180152876 ) ) ;
#3588 = ORIENTED_EDGE ( 'NONE', *, *, #3598, .T. ) ;
#3589 = CIRCLE ( 'NONE', #2296, 0.06249999999999995143 ) ;
#3590 = PRODUCT_DEFINITION ( 'UNKNOWN', '', #1604, #547 ) ;
#3591 = CARTESIAN_POINT ( 'NONE',  ( 0.3850979302302378060, 0.5850357929440669347, -0.6673775208326476749 ) ) ;
#3592 = ORIENTED_EDGE ( 'NONE', *, *, #2443, .T. ) ;
#3593 = DIRECTION ( 'NONE',  ( 1.000000000000000000, 0.000000000000000000, 0.000000000000000000 ) ) ;
#3594 = CARTESIAN_POINT ( 'NONE',  ( 0.3641083877266122482, -0.2487522376819440995, -0.2862559183925759698 ) ) ;
#3595 = ADVANCED_FACE ( 'NONE', ( #2929 ), #1692, .F. ) ;
#3596 = ORIENTED_EDGE ( 'NONE', *, *, #690, .F. ) ;
#3597 = VECTOR ( 'NONE', #582, 39.37007874015748143 ) ;
#3598 = EDGE_CURVE ( 'NONE', #607, #568, #1364, .T. ) ;
#3599 = VERTEX_POINT ( 'NONE', #1754 ) ;
#3600 = CARTESIAN_POINT ( 'NONE',  ( -1.399999999999954836, 0.8749959624358306653, 0.2570000000000551288 ) ) ;
#3601 = VECTOR ( 'NONE', #908, 39.37007874015748143 ) ;
#3602 = AXIS2_PLACEMENT_3D ( 'NONE', #3277, #3238, #2625 ) ;
#3603 = CIRCLE ( 'NONE', #2695, 0.06249999999999995143 ) ;
#3604 = CARTESIAN_POINT ( 'NONE',  ( 0.3362420700601476686, -0.05984887759855917616, -0.7341964142918928626 ) ) ;
#3605 = CARTESIAN_POINT ( 'NONE',  ( -1.812499999999956701, 0.8124959624358227828, 0.06950000000005492062 ) ) ;
#3606 = ORIENTED_EDGE ( 'NONE', *, *, #2881, .F. ) ;
#3607 = DIRECTION ( 'NONE',  ( 1.099064999999999095E-14, -0.7071067811865474617, -0.7071067811865474617 ) ) ;
#3608 = AXIS2_PLACEMENT_3D ( 'NONE', #2152, #2109, #3392 ) ;
#3609 = DIRECTION ( 'NONE',  ( 0.7901562682738896282, 0.000000000000000000, -0.6129054345553487382 ) ) ;
#3610 = DIRECTION ( 'NONE',  ( -0.6114276612130717936, -0.06940012241050287634, -0.7882511262998107560 ) ) ;
#3611 = AXIS2_PLACEMENT_3D ( 'NONE', #1477, #3025, #780 ) ;
#3612 = CARTESIAN_POINT ( 'NONE',  ( -1.724999999999954348, -0.3750040375641749968, -0.4000000000000010769 ) ) ;
#3613 = DIRECTION ( 'NONE',  ( -1.000000000000000000, 0.000000000000000000, 0.000000000000000000 ) ) ;
#3614 = AXIS2_PLACEMENT_3D ( 'NONE', #2809, #3749, #959 ) ;
#3615 = ORIENTED_EDGE ( 'NONE', *, *, #2464, .T. ) ;
#3616 = APPLICATION_CONTEXT ( 'automotive_design' ) ;
#3617 = CARTESIAN_POINT ( 'NONE',  ( 0.2781984937591610030, -0.5385606602653605357, -0.6769346949487669018 ) ) ;
#3618 = ORIENTED_EDGE ( 'NONE', *, *, #416, .T. ) ;
#3619 = DIRECTION ( 'NONE',  ( 0.6114276612130538080, 0.06940012241047900654, 0.7882511262998268542 ) ) ;
#3620 =( BOUNDED_CURVE ( )  B_SPLINE_CURVE ( 2, ( #649, #2220, #1894 ),
 .UNSPECIFIED., .F., .T. ) 
 B_SPLINE_CURVE_WITH_KNOTS ( ( 3, 3 ),
 ( 0.000000000000000000, 0.1224744871391530016 ),
 .UNSPECIFIED. ) 
 CURVE ( )  GEOMETRIC_REPRESENTATION_ITEM ( )  RATIONAL_B_SPLINE_CURVE ( ( 1.000000000000000000, 1.250000000000011990, 1.250000000000039968 ) ) 
 REPRESENTATION_ITEM ( '' )  );
#3621 = AXIS2_PLACEMENT_3D ( 'NONE', #601, #3990, #2431 ) ;
#3622 = DIRECTION ( 'NONE',  ( 0.000000000000000000, 0.000000000000000000, -1.000000000000000000 ) ) ;
#3623 = ORIENTED_EDGE ( 'NONE', *, *, #1205, .T. ) ;
#3624 = ORIENTED_EDGE ( 'NONE', *, *, #1888, .F. ) ;
#3625 = VECTOR ( 'NONE', #1045, 39.37007874015748143 ) ;
#3626 = PRESENTATION_STYLE_ASSIGNMENT (( #1136 ) ) ;
#3627 = ADVANCED_FACE ( 'NONE', ( #3856 ), #144, .F. ) ;
#3628 = FILL_AREA_STYLE ('',( #2990 ) ) ;
#3629 = DIRECTION ( 'NONE',  ( 0.000000000000000000, 0.000000000000000000, -1.000000000000000000 ) ) ;
#3630 = ORIENTED_EDGE ( 'NONE', *, *, #779, .T. ) ;
#3631 = ORIENTED_EDGE ( 'NONE', *, *, #3756, .F. ) ;
#3632 = CARTESIAN_POINT ( 'NONE',  ( -1.874835192616441049, 0.8749959624358266685, -0.03999999999999897388 ) ) ;
#3633 = DIRECTION ( 'NONE',  ( -0.6114276612130539190, -0.06940012241047888164, -0.7882511262998268542 ) ) ;
#3634 = EDGE_CURVE ( 'NONE', #2801, #1188, #2270, .T. ) ;
#3635 = CARTESIAN_POINT ( 'NONE',  ( 57.98918655200700556, -33.85184336306767960, 56.48499563783932587 ) ) ;
#3636 = CARTESIAN_POINT ( 'NONE',  ( -2.062499999999956479, -0.2500040375641749413, 0.2099999999999990208 ) ) ;
#3637 = DIRECTION ( 'NONE',  ( 0.000000000000000000, 0.000000000000000000, -1.000000000000000000 ) ) ;
#3638 = ORIENTED_EDGE ( 'NONE', *, *, #716, .T. ) ;
#3639 = CARTESIAN_POINT ( 'NONE',  ( 0.2355262473019337222, -0.5050901521171966557, -0.6540909568286374931 ) ) ;
#3640 = ORIENTED_EDGE ( 'NONE', *, *, #869, .F. ) ;
#3641 = CARTESIAN_POINT ( 'NONE',  ( -0.8549999999999562394, -0.2500040375641663926, 0.2099999999999980216 ) ) ;
#3642 = DIRECTION ( 'NONE',  ( -0.7901562682738894061, 0.000000000000000000, 0.6129054345553490712 ) ) ;
#3643 = DIRECTION ( 'NONE',  ( 0.000000000000000000, -2.664534999999999820E-15, 1.000000000000000000 ) ) ;
#3644 = ORIENTED_EDGE ( 'NONE', *, *, #3498, .F. ) ;
#3645 = ORIENTED_EDGE ( 'NONE', *, *, #192, .T. ) ;
#3646 = LINE ( 'NONE', #770, #1442 ) ;
#3647 = CARTESIAN_POINT ( 'NONE',  ( -1.812499999999956701, 0.4374959624358362165, 0.2570000000000551288 ) ) ;
#3648 = PRODUCT_RELATED_PRODUCT_CATEGORY ( 'part', '', ( #207 ) ) ;
#3649 = DIRECTION ( 'NONE',  ( 1.034790906691013668E-14, -1.034790906691038280E-14, 1.000000000000000000 ) ) ;
#3650 = EDGE_LOOP ( 'NONE', ( #2760, #1506, #1022, #2136 ) ) ;
#3651 = DIRECTION ( 'NONE',  ( 0.000000000000000000, -1.000000000000000000, 0.000000000000000000 ) ) ;
#3652 = VECTOR ( 'NONE', #3431, 39.37007874015748143 ) ;
#3653 = DIRECTION ( 'NONE',  ( 0.000000000000000000, 1.000000000000000000, -2.561107494060256505E-16 ) ) ;
#3654 = CARTESIAN_POINT ( 'NONE',  ( 0.3125000000000000000, -0.1250000000000210665, 0.06250000000000000000 ) ) ;
#3655 = EDGE_CURVE ( 'NONE', #3383, #1922, #2339, .T. ) ;
#3656 = CARTESIAN_POINT ( 'NONE',  ( -0.09999999999999804878, 2.322586999999999810E-14, 0.01250000000000500190 ) ) ;
#3657 = CARTESIAN_POINT ( 'NONE',  ( -1.621221903961263866, 0.3749959624358181198, 0.06950000000005492062 ) ) ;
#3658 = ORIENTED_EDGE ( 'NONE', *, *, #2012, .T. ) ;
#3659 = CARTESIAN_POINT ( 'NONE',  ( 0.4827922095969516825, -0.1401752844194831538, -0.8318533020460593397 ) ) ;
#3660 = DIRECTION ( 'NONE',  ( -0.7176950007338129822, 0.000000000000000000, -0.6963575848094800680 ) ) ;
#3661 = ORIENTED_EDGE ( 'NONE', *, *, #1759, .F. ) ;
#3662 = VECTOR ( 'NONE', #3028, 39.37007874015748143 ) ;
#3663 = CARTESIAN_POINT ( 'NONE',  ( 0.5959474230087237201, -0.9213682700772619638, -0.3830777599679802137 ) ) ;
#3664 = CARTESIAN_POINT ( 'NONE',  ( 0.5785260226872066536, -0.2596144391424842213, -0.1087337985152961178 ) ) ;
#3665 = DIRECTION ( 'NONE',  ( 0.6114276612130538080, 0.06940012241047900654, 0.7882511262998268542 ) ) ;
#3666 = ORIENTED_EDGE ( 'NONE', *, *, #1738, .T. ) ;
#3667 = CARTESIAN_POINT ( 'NONE',  ( 0.3601936838024178966, 0.01074464275538937127, -0.6452743609577261674 ) ) ;
#3668 = VECTOR ( 'NONE', #1739, 39.37007874015748143 ) ;
#3669 = FACE_OUTER_BOUND ( 'NONE', #2388, .T. ) ;
#3670 = VECTOR ( 'NONE', #1781, 39.37007874015748143 ) ;
#3671 = ORIENTED_EDGE ( 'NONE', *, *, #3194, .T. ) ;
#3672 = LINE ( 'NONE', #1803, #3249 ) ;
#3673 = EDGE_CURVE ( 'NONE', #2050, #2545, #2037, .T. ) ;
#3674 = CONICAL_SURFACE ( 'NONE', #1921, 0.06496062992125961610, 1.029744258676650537 ) ;
#3675 = DIRECTION ( 'NONE',  ( 0.000000000000000000, -1.000000000000000000, 0.000000000000000000 ) ) ;
#3676 = CARTESIAN_POINT ( 'NONE',  ( -1.249999999999948708, 0.3749959624358169541, 0.2570000000000551288 ) ) ;
#3677 =( NAMED_UNIT ( * ) SI_UNIT ( $, .STERADIAN. ) SOLID_ANGLE_UNIT ( ) );
#3678 = AXIS2_PLACEMENT_3D ( 'NONE', #27, #3775, #2506 ) ;
#3679 = LINE ( 'NONE', #2998, #1877 ) ;
#3680 = ORIENTED_EDGE ( 'NONE', *, *, #807, .F. ) ;
#3681 = ADVANCED_FACE ( 'NONE', ( #2647 ), #3896, .F. ) ;
#3682 = DIRECTION ( 'NONE',  ( -1.000000000000000000, 0.000000000000000000, 0.000000000000000000 ) ) ;
#3683 = VERTEX_POINT ( 'NONE', #2667 ) ;
#3684 = AXIS2_PLACEMENT_3D ( 'NONE', #1992, #118, #1357 ) ;
#3685 = CARTESIAN_POINT ( 'NONE',  ( 0.6344246429448233693, -0.1191668851121932965, -0.7262556584254334924 ) ) ;
#3686 = EDGE_CURVE ( 'NONE', #2500, #3130, #467, .T. ) ;
#3687 = PRODUCT_DEFINITION_FORMATION_WITH_SPECIFIED_SOURCE ( 'ANY', '', #2346, .NOT_KNOWN. ) ;
#3688 = DIRECTION ( 'NONE',  ( 0.6114276612130538080, 0.06940012241047900654, 0.7882511262998268542 ) ) ;
#3689 = CARTESIAN_POINT ( 'NONE',  ( 1.289364198237775483, 0.01681288110929700721, -0.3672938008303318624 ) ) ;
#3690 = CARTESIAN_POINT ( 'NONE',  ( 0.3488517359416968833, -0.4754139523892937369, -0.5458968597297410019 ) ) ;
#3691 = CARTESIAN_POINT ( 'NONE',  ( -2.202499999999956160, -0.2500040375641776613, 0.3750000000000000555 ) ) ;
#3692 = VERTEX_POINT ( 'NONE', #2361 ) ;
#3693 = LINE ( 'NONE', #2485, #684 ) ;
#3694 = VECTOR ( 'NONE', #1605, 39.37007874015748143 ) ;
#3695 = CARTESIAN_POINT ( 'NONE',  ( -2.062499999999956479, -0.1675040375641741741, 0.2099999999999980216 ) ) ;
#3696 = AXIS2_PLACEMENT_3D ( 'NONE', #1573, #2182, #1174 ) ;
#3697 = ORIENTED_EDGE ( 'NONE', *, *, #3828, .F. ) ;
#3698 = DIRECTION ( 'NONE',  ( 0.000000000000000000, 0.000000000000000000, 1.000000000000000000 ) ) ;
#3699 = CARTESIAN_POINT ( 'NONE',  ( 0.09999999999999704958, -0.1118033988749690816, 0.06250000000000000000 ) ) ;
#3700 = DIRECTION ( 'NONE',  ( 0.000000000000000000, 1.036208136443534076E-15, -1.000000000000000000 ) ) ;
#3701 = CARTESIAN_POINT ( 'NONE',  ( -1.621221903961263866, 0.3749959624358181198, 0.06950000000005492062 ) ) ;
#3702 = ORIENTED_EDGE ( 'NONE', *, *, #393, .T. ) ;
#3703 = FACE_OUTER_BOUND ( 'NONE', #1669, .T. ) ;
#3704 = ORIENTED_EDGE ( 'NONE', *, *, #1293, .T. ) ;
#3705 = CARTESIAN_POINT ( 'NONE',  ( -1.599999999999954792, 0.7749959624358289112, -0.1400000000000000133 ) ) ;
#3706 = EDGE_CURVE ( 'NONE', #3438, #961, #2888, .T. ) ;
#3707 = ORIENTED_EDGE ( 'NONE', *, *, #1965, .F. ) ;
#3708 = CARTESIAN_POINT ( 'NONE',  ( -0.9374999999999567013, -0.2500040375641669477, 0.3750000000000000555 ) ) ;
#3709 = DIRECTION ( 'NONE',  ( -1.000000000000000000, 0.000000000000000000, 0.000000000000000000 ) ) ;
#3710 = DIRECTION ( 'NONE',  ( 1.034790906691013668E-14, -1.034790906691038280E-14, 1.000000000000000000 ) ) ;
#3711 = EDGE_LOOP ( 'NONE', ( #3723, #461, #3964, #2961, #1236 ) ) ;
#3712 = EDGE_CURVE ( 'NONE', #1922, #3368, #1095, .T. ) ;
#3713 = EDGE_CURVE ( 'NONE', #2173, #3342, #3419, .T. ) ;
#3714 = DIRECTION ( 'NONE',  ( 0.6114276612130538080, 0.06940012241047900654, 0.7882511262998268542 ) ) ;
#3715 = CARTESIAN_POINT ( 'NONE',  ( 0.4802029225755209407, -0.2003752384815937482, -0.03768251359034797965 ) ) ;
#3716 = ORIENTED_EDGE ( 'NONE', *, *, #2784, .F. ) ;
#3717 = CARTESIAN_POINT ( 'NONE',  ( -1.187499999999962697, 0.7499959624358267796, 0.2570000000000551288 ) ) ;
#3718 = DIRECTION ( 'NONE',  ( 0.000000000000000000, 0.000000000000000000, -1.000000000000000000 ) ) ;
#3719 = APPLICATION_PROTOCOL_DEFINITION ( 'draft international standard', 'automotive_design', 1998, #2842 ) ;
#3720 = CARTESIAN_POINT ( 'NONE',  ( -1.499999999999956479, 0.4374959624358291110, -0.02499999999999997363 ) ) ;
#3721 = VERTEX_POINT ( 'NONE', #125 ) ;
#3722 = LINE ( 'NONE', #1873, #1005 ) ;
#3723 = ORIENTED_EDGE ( 'NONE', *, *, #986, .F. ) ;
#3724 = CARTESIAN_POINT ( 'NONE',  ( 0.6266476401626644988, -0.1232442724540750711, -0.6310414803143072904 ) ) ;
#3725 = ORIENTED_EDGE ( 'NONE', *, *, #279, .F. ) ;
#3726 = DIRECTION ( 'NONE',  ( -0.7901562682738892951, 0.000000000000000000, 0.6129054345553491823 ) ) ;
#3727 = ADVANCED_FACE ( 'NONE', ( #813 ), #160, .F. ) ;
#3728 = CIRCLE ( 'NONE', #2487, 0.3169999999999999485 ) ;
#3729 = VECTOR ( 'NONE', #2158, 39.37007874015748143 ) ;
#3730 = DIRECTION ( 'NONE',  ( 0.000000000000000000, 0.000000000000000000, -1.000000000000000000 ) ) ;
#3731 = LINE ( 'NONE', #3056, #2849 ) ;
#3732 = VERTEX_POINT ( 'NONE', #2000 ) ;
#3733 = AXIS2_PLACEMENT_3D ( 'NONE', #2419, #828, #2076 ) ;
#3734 = EDGE_CURVE ( 'NONE', #1724, #1646, #1735, .T. ) ;
#3735 = DIRECTION ( 'NONE',  ( 0.7071067805519560823, -1.884110768899788733E-15, 0.7071067818211390632 ) ) ;
#3736 = CARTESIAN_POINT ( 'NONE',  ( 0.3099448531916976779, -0.6025313638873910360, -0.6668127853061598387 ) ) ;
#3737 = ADVANCED_FACE ( 'NONE', ( #792 ), #2974, .F. ) ;
#3738 = ORIENTED_EDGE ( 'NONE', *, *, #2757, .F. ) ;
#3739 = LINE ( 'NONE', #1539, #2807 ) ;
#3740 = PLANE ( 'NONE',  #551 ) ;
#3741 = ORIENTED_EDGE ( 'NONE', *, *, #1846, .T. ) ;
#3742 = VECTOR ( 'NONE', #1867, 39.37007874015748143 ) ;
#3743 = CARTESIAN_POINT ( 'NONE',  ( 0.5189968828959009572, -0.8962270828202594242, -0.3870984396342742051 ) ) ;
#3744 = ORIENTED_EDGE ( 'NONE', *, *, #1480, .T. ) ;
#3745 = FACE_OUTER_BOUND ( 'NONE', #769, .T. ) ;
#3746 = CARTESIAN_POINT ( 'NONE',  ( 0.1987138703062030498, -0.6932723565374030450, -0.6081370929359070088 ) ) ;
#3747 = CARTESIAN_POINT ( 'NONE',  ( -1.602590719023450516, 0.2081546073600598068, 0.1715019047924047357 ) ) ;
#3748 = ORIENTED_EDGE ( 'NONE', *, *, #1020, .F. ) ;
#3749 = DIRECTION ( 'NONE',  ( 1.000000000000000000, 1.019889917634653220E-14, -0.000000000000000000 ) ) ;
#3750 = CLOSED_SHELL ( 'NONE', ( #3924, #2106, #2550, #1375, #330, #3737, #3595, #2601, #3544, #87, #776, #1157, #2777, #2901, #4017, #4034, #170, #1362, #3882, #697, #3084, #589, #1133, #790, #218, #511, #3001, #3113, #305, #71, #2217, #1703, #2584, #1510, #3834, #2386, #1213, #2069, #3627, #2349, #2557, #2304, #445, #3136, #815, #1360, #1332, #3208, #1434, #1837, #1935, #139, #1258, #2681, #1123, #113, #2163, #762, #1552, #3797, #2789, #922 ) ) ;
#3751 = FACE_OUTER_BOUND ( 'NONE', #3244, .T. ) ;
#3752 = ORIENTED_EDGE ( 'NONE', *, *, #2116, .F. ) ;
#3753 = VECTOR ( 'NONE', #3730, 39.37007874015748143 ) ;
#3754 = APPLICATION_CONTEXT ( 'automotive_design' ) ;
#3755 = CARTESIAN_POINT ( 'NONE',  ( -2.062499999999956923, -0.2500040375641776613, 0.3749999999999989453 ) ) ;
#3756 = EDGE_CURVE ( 'NONE', #3417, #2619, #320, .T. ) ;
#3757 = ORIENTED_EDGE ( 'NONE', *, *, #1681, .F. ) ;
#3758 = CARTESIAN_POINT ( 'NONE',  ( 1.000715864203659322, 0.1366066880193850530, -0.1539431752278289378 ) ) ;
#3759 = EDGE_CURVE ( 'NONE', #2226, #468, #95, .T. ) ;
#3760 = DIRECTION ( 'NONE',  ( 1.000000000000000000, 0.000000000000000000, 0.000000000000000000 ) ) ;
#3761 = VECTOR ( 'NONE', #654, 39.37007874015748143 ) ;
#3762 = CONTEXT_DEPENDENT_SHAPE_REPRESENTATION ( #2704, #1734 ) ;
#3763 = VERTEX_POINT ( 'NONE', #2729 ) ;
#3764 = DIRECTION ( 'NONE',  ( 0.000000000000000000, 0.000000000000000000, 1.000000000000000000 ) ) ;
#3765 = AXIS2_PLACEMENT_3D ( 'NONE', #3303, #2309, #129 ) ;
#3766 = ORIENTED_EDGE ( 'NONE', *, *, #914, .T. ) ;
#3767 = EDGE_CURVE ( 'NONE', #1730, #584, #3153, .T. ) ;
#3768 = CARTESIAN_POINT ( 'NONE',  ( -1.249999999999967359, 0.3749959624358181198, -0.08299999999994507605 ) ) ;
#3769 = CARTESIAN_POINT ( 'NONE',  ( -1.874835192616434387, 0.2499959624358240318, 0.09999999999999986677 ) ) ;
#3770 = CARTESIAN_POINT ( 'NONE',  ( 1.211093900856352379, 0.2661670937821059013, -0.3285353253039791643 ) ) ;
#3771 = ORIENTED_EDGE ( 'NONE', *, *, #3961, .F. ) ;
#3772 = DIRECTION ( 'NONE',  ( 0.000000000000000000, 0.000000000000000000, 1.000000000000000000 ) ) ;
#3773 = DIRECTION ( 'NONE',  ( 0.000000000000000000, 0.000000000000000000, -1.000000000000000000 ) ) ;
#3774 = ORIENTED_EDGE ( 'NONE', *, *, #2281, .T. ) ;
#3775 = DIRECTION ( 'NONE',  ( 0.6114276612130538080, 0.06940012241047900654, 0.7882511262998268542 ) ) ;
#3776 = ORIENTED_EDGE ( 'NONE', *, *, #2903, .T. ) ;
#3777 = CARTESIAN_POINT ( 'NONE',  ( 0.08357437238407894320, 0.03250650440366598115, -1.336319864677568914 ) ) ;
#3778 = EDGE_CURVE ( 'NONE', #3721, #3903, #1489, .T. ) ;
#3779 = DIRECTION ( 'NONE',  ( 0.000000000000000000, 0.000000000000000000, -1.000000000000000000 ) ) ;
#3780 = APPLICATION_PROTOCOL_DEFINITION ( 'draft international standard', 'automotive_design', 1998, #678 ) ;
#3781 = ORIENTED_EDGE ( 'NONE', *, *, #2510, .T. ) ;
#3782 = DIRECTION ( 'NONE',  ( 1.000000000000000000, 0.000000000000000000, 0.000000000000000000 ) ) ;
#3783 = EDGE_CURVE ( 'NONE', #1156, #1202, #1139, .T. ) ;
#3784 = LINE ( 'NONE', #1606, #3625 ) ;
#3785 = CARTESIAN_POINT ( 'NONE',  ( 0.2163340912217332213, -0.6961585241677453739, -0.6171225635598469594 ) ) ;
#3786 = CARTESIAN_POINT ( 'NONE',  ( 1.442221113541043431, 0.03416291171191818826, -0.1702310192553672386 ) ) ;
#3787 = ORIENTED_EDGE ( 'NONE', *, *, #484, .F. ) ;
#3788 = FACE_OUTER_BOUND ( 'NONE', #220, .T. ) ;
#3789 = DIRECTION ( 'NONE',  ( 0.7283192600865612265, -0.4388088937843742654, -0.5263058142588751265 ) ) ;
#3790 = EDGE_LOOP ( 'NONE', ( #1297, #3378 ) ) ;
#3791 = VECTOR ( 'NONE', #174, 39.37007874015748143 ) ;
#3792 = LINE ( 'NONE', #2887, #1586 ) ;
#3793 = ORIENTED_EDGE ( 'NONE', *, *, #3221, .F. ) ;
#3794 = DIRECTION ( 'NONE',  ( 0.7283192600865648902, -0.4388088937843649395, -0.5263058142588779020 ) ) ;
#3795 = LINE ( 'NONE', #1026, #228 ) ;
#3796 = DIMENSIONAL_EXPONENTS ( 1.000000000000000000, 0.000000000000000000, 0.000000000000000000, 0.000000000000000000, 0.000000000000000000, 0.000000000000000000, 0.000000000000000000 ) ;
#3797 = ADVANCED_FACE ( 'NONE', ( #3060 ), #4003, .F. ) ;
#3798 = ORIENTED_EDGE ( 'NONE', *, *, #3712, .T. ) ;
#3799 = CARTESIAN_POINT ( 'NONE',  ( -1.399999999999960831, -0.01500403756416899582, 0.02500000000000098671 ) ) ;
#3800 = CARTESIAN_POINT ( 'NONE',  ( 0.5987298159468815717, -0.9223766769907094654, -0.3832115257344140269 ) ) ;
#3801 = DIRECTION ( 'NONE',  ( 0.7283192600865611155, -0.4388088937843741544, -0.5263058142588754595 ) ) ;
#3802 = VECTOR ( 'NONE', #3064, 39.37007874015748143 ) ;
#3803 = EDGE_CURVE ( 'NONE', #2513, #1066, #2127, .T. ) ;
#3804 = CARTESIAN_POINT ( 'NONE',  ( -0.1000000000000060979, -0.1875000000000110467, 0.06249999999999901468 ) ) ;
#3805 = ORIENTED_EDGE ( 'NONE', *, *, #399, .T. ) ;
#3806 = VECTOR ( 'NONE', #2311, 39.37007874015748143 ) ;
#3807 = VECTOR ( 'NONE', #1862, 39.37007874015748143 ) ;
#3808 = ADVANCED_FACE ( 'NONE', ( #1777 ), #3674, .F. ) ;
#3809 = CARTESIAN_POINT ( 'NONE',  ( -1.499999999999960698, 0.3749959624358149557, 0.1000000000000000056 ) ) ;
#3810 = DIRECTION ( 'NONE',  ( -0.6114276612130538080, -0.06940012241047900654, -0.7882511262998268542 ) ) ;
#3811 = ORIENTED_EDGE ( 'NONE', *, *, #1613, .F. ) ;
#3812 = ADVANCED_FACE ( 'NONE', ( #578 ), #2710, .F. ) ;
#3813 = DIRECTION ( 'NONE',  ( 1.000000000000000000, 0.000000000000000000, -2.069581813382027563E-16 ) ) ;
#3814 = AXIS2_PLACEMENT_3D ( 'NONE', #832, #1822, #1200 ) ;
#3815 = CIRCLE ( 'NONE', #631, 0.06496062992125967162 ) ;
#3816 = ORIENTED_EDGE ( 'NONE', *, *, #779, .F. ) ;
#3817 = VECTOR ( 'NONE', #133, 39.37007874015748143 ) ;
#3818 = CARTESIAN_POINT ( 'NONE',  ( -1.599999999999962785, 0.6249959624358307764, 0.06950000000005492062 ) ) ;
#3819 = CARTESIAN_POINT ( 'NONE',  ( 0.3125000000000000000, 0.1874999999999748257, 0.06250000000000098532 ) ) ;
#3820 = ORIENTED_EDGE ( 'NONE', *, *, #3767, .T. ) ;
#3821 = LINE ( 'NONE', #719, #756 ) ;
#3822 = VECTOR ( 'NONE', #1832, 39.37007874015748143 ) ;
#3823 = CARTESIAN_POINT ( 'NONE',  ( -1.599999999999962785, 0.6249959624358287780, -0.1400000000000000133 ) ) ;
#3824 = CARTESIAN_POINT ( 'NONE',  ( 0.3765075573280999843, -0.2473448694146590521, -0.2702709376277791509 ) ) ;
#3825 = CARTESIAN_POINT ( 'NONE',  ( -1.624995589209734081, 0.1673254657788733335, 0.09433887385605548015 ) ) ;
#3826 = AXIS2_PLACEMENT_3D ( 'NONE', #111, #1009, #89 ) ;
#3827 = VERTEX_POINT ( 'NONE', #3962 ) ;
#3828 = EDGE_CURVE ( 'NONE', #2104, #2942, #3013, .T. ) ;
#3829 = CARTESIAN_POINT ( 'NONE',  ( 0.1660131600141715180, -0.5459889056297141385, -0.5530206786177465084 ) ) ;
#3830 = CARTESIAN_POINT ( 'NONE',  ( -0.1484497657725277753, -0.6394149359912421060, -1.097186167226939180 ) ) ;
#3831 = ORIENTED_EDGE ( 'NONE', *, *, #3574, .F. ) ;
#3832 = APPLICATION_CONTEXT ( 'automotive_design' ) ;
#3833 = DIRECTION ( 'NONE',  ( 1.000000000000000000, 0.000000000000000000, 0.000000000000000000 ) ) ;
#3834 = ADVANCED_FACE ( 'NONE', ( #3669 ), #2147, .T. ) ;
#3835 = ORIENTED_EDGE ( 'NONE', *, *, #3767, .F. ) ;
#3836 = EDGE_CURVE ( 'NONE', #1730, #1202, #1161, .T. ) ;
#3837 = CARTESIAN_POINT ( 'NONE',  ( -0.08031548699838088334, 0.1531384851646177270, -1.156383655955458778 ) ) ;
#3838 = DIRECTION ( 'NONE',  ( -1.000000000000000000, 0.000000000000000000, 7.805279981897948552E-15 ) ) ;
#3839 = ORIENTED_EDGE ( 'NONE', *, *, #3242, .F. ) ;
#3840 = DIRECTION ( 'NONE',  ( -0.6114276612130538080, -0.06940012241047900654, -0.7882511262998268542 ) ) ;
#3841 = PLANE ( 'NONE',  #2391 ) ;
#3842 = DIRECTION ( 'NONE',  ( 0.000000000000000000, 1.000000000000000000, 0.000000000000000000 ) ) ;
#3843 = CARTESIAN_POINT ( 'NONE',  ( -1.625009416080215985, 0.3326873640335638038, 0.09458029752453789296 ) ) ;
#3844 = ORIENTED_EDGE ( 'NONE', *, *, #1590, .F. ) ;
#3845 = CYLINDRICAL_SURFACE ( 'NONE', #2056, 0.06750000000000000444 ) ;
#3846 = CARTESIAN_POINT ( 'NONE',  ( 0.3464572880504340202, -0.08839689523982158237, -0.7638942723721451333 ) ) ;
#3847 = VERTEX_POINT ( 'NONE', #2165 ) ;
#3848 = EDGE_CURVE ( 'NONE', #736, #2190, #614, .T. ) ;
#3849 = VECTOR ( 'NONE', #1024, 39.37007874015748854 ) ;
#3850 = PLANE ( 'NONE',  #147 ) ;
#3851 = EDGE_CURVE ( 'NONE', #2050, #1266, #878, .T. ) ;
#3852 = ORIENTED_EDGE ( 'NONE', *, *, #2089, .F. ) ;
#3853 = DIRECTION ( 'NONE',  ( 0.000000000000000000, 0.000000000000000000, 1.000000000000000000 ) ) ;
#3854 = EDGE_CURVE ( 'NONE', #3226, #3599, #3103, .T. ) ;
#3855 = VECTOR ( 'NONE', #1620, 39.37007874015748143 ) ;
#3856 = FACE_OUTER_BOUND ( 'NONE', #375, .T. ) ;
#3857 = AXIS2_PLACEMENT_3D ( 'NONE', #3379, #1458, #3006 ) ;
#3858 = VERTEX_POINT ( 'NONE', #3939 ) ;
#3859 = AXIS2_PLACEMENT_3D ( 'NONE', #1793, #3622, #1769 ) ;
#3860 = CARTESIAN_POINT ( 'NONE',  ( 0.1000000000000029615, 1.421085000000000017E-14, -0.1250000000000000000 ) ) ;
#3861 = CARTESIAN_POINT ( 'NONE',  ( 7.549517000000000200E-15, 3.019807000000000044E-14, 0.06250000000000000000 ) ) ;
#3862 = CARTESIAN_POINT ( 'NONE',  ( -2.249999999999960920, 0.1249959624358259747, 0.3750000000000000555 ) ) ;
#3863 = CARTESIAN_POINT ( 'NONE',  ( -1.399999999999958611, 0.06194836137123701375, 0.02500000000000098671 ) ) ;
#3864 = ORIENTED_EDGE ( 'NONE', *, *, #3481, .F. ) ;
#3865 = AXIS2_PLACEMENT_3D ( 'NONE', #855, #3017, #1118 ) ;
#3866 = CARTESIAN_POINT ( 'NONE',  ( 0.1952023770827726323, -0.5038653154671165479, -0.6029841397556239269 ) ) ;
#3867 = ORIENTED_EDGE ( 'NONE', *, *, #716, .F. ) ;
#3868 = DIRECTION ( 'NONE',  ( 1.000000000000000000, 0.000000000000000000, 0.000000000000000000 ) ) ;
#3869 = VERTEX_POINT ( 'NONE', #232 ) ;
#3870 = CIRCLE ( 'NONE', #3538, 0.06750000000000001832 ) ;
#3871 = CARTESIAN_POINT ( 'NONE',  ( 0.2500000000000000000, 0.2499999999999921174, -0.1250000000000000000 ) ) ;
#3872 = VECTOR ( 'NONE', #1534, 39.37007874015748854 ) ;
#3873 = VERTEX_POINT ( 'NONE', #2406 ) ;
#3874 = EDGE_LOOP ( 'NONE', ( #2678, #2252, #3299, #2124 ) ) ;
#3875 = DIRECTION ( 'NONE',  ( 1.000000000000000000, 0.000000000000000000, 0.000000000000000000 ) ) ;
#3876 = VECTOR ( 'NONE', #2700, 39.37007874015748854 ) ;
#3877 = EDGE_CURVE ( 'NONE', #3117, #2351, #4007, .T. ) ;
#3878 = CARTESIAN_POINT ( 'NONE',  ( -1.124999999999956701, 0.3749959624358279453, 0.2570000000000551288 ) ) ;
#3879 = CARTESIAN_POINT ( 'NONE',  ( -1.192499999999958815, 0.1249959624358322752, 0.02500000000000095549 ) ) ;
#3880 = DIRECTION ( 'NONE',  ( 0.000000000000000000, 1.000000000000000000, -7.805279981897896488E-15 ) ) ;
#3881 = DIRECTION ( 'NONE',  ( -0.7283192600865621147, 0.4388088937843730442, 0.5263058142588752375 ) ) ;
#3882 = ADVANCED_FACE ( 'NONE', ( #2081 ), #3316, .T. ) ;
#3883 = CARTESIAN_POINT ( 'NONE',  ( -0.02995298544876598412, -1.251952635718925233, -1.135171546395444819 ) ) ;
#3884 = EDGE_CURVE ( 'NONE', #778, #3089, #2819, .T. ) ;
#3885 = ORIENTED_EDGE ( 'NONE', *, *, #3498, .T. ) ;
#3886 = CIRCLE ( 'NONE', #2642, 0.1570000000000000007 ) ;
#3887 = DIRECTION ( 'NONE',  ( 0.000000000000000000, 0.000000000000000000, -1.000000000000000000 ) ) ;
#3888 = ORIENTED_EDGE ( 'NONE', *, *, #3454, .F. ) ;
#3889 = AXIS2_PLACEMENT_3D ( 'NONE', #2467, #3643, #3033 ) ;
#3890 = CARTESIAN_POINT ( 'NONE',  ( 0.4827922095969516825, -0.1401752844194831538, -0.8318533020460593397 ) ) ;
#3891 = VERTEX_POINT ( 'NONE', #345 ) ;
#3892 = CARTESIAN_POINT ( 'NONE',  ( -1.378778096038657752, 0.3749959624358169541, 0.06950000000005492062 ) ) ;
#3893 = ORIENTED_EDGE ( 'NONE', *, *, #2086, .T. ) ;
#3894 = ORIENTED_EDGE ( 'NONE', *, *, #1619, .F. ) ;
#3895 = CARTESIAN_POINT ( 'NONE',  ( -1.312499999999962474, 0.7499959624358202293, 0.06950000000005492062 ) ) ;
#3896 = PLANE ( 'NONE',  #1327 ) ;
#3897 = EDGE_LOOP ( 'NONE', ( #3631, #764, #1936, #3174, #185, #1462 ) ) ;
#3898 = EDGE_CURVE ( 'NONE', #2527, #2015, #685, .T. ) ;
#3899 = CARTESIAN_POINT ( 'NONE',  ( -0.9374999999999565903, -0.2500040375641663926, 0.2099999999999990208 ) ) ;
#3900 = CARTESIAN_POINT ( 'NONE',  ( 0.8959816684758450389, 0.3632695820493519467, 0.2244983414390810672 ) ) ;
#3901 = DIRECTION ( 'NONE',  ( 0.000000000000000000, 0.000000000000000000, -1.000000000000000000 ) ) ;
#3902 = CARTESIAN_POINT ( 'NONE',  ( -1.874835192616441049, 0.7749959624358268018, -0.1400000000000000133 ) ) ;
#3903 = VERTEX_POINT ( 'NONE', #16 ) ;
#3904 = EDGE_CURVE ( 'NONE', #640, #328, #2826, .T. ) ;
#3905 = DIRECTION ( 'NONE',  ( 0.7283192600865697752, -0.4388088937843689918, -0.5263058142588679100 ) ) ;
#3906 = ORIENTED_EDGE ( 'NONE', *, *, #1459, .T. ) ;
#3907 = CARTESIAN_POINT ( 'NONE',  ( -1.749999999999956701, 0.7499959624358208954, 0.2570000000000551288 ) ) ;
#3908 = CARTESIAN_POINT ( 'NONE',  ( 0.3125000000000000000, -0.1250000000000210665, -0.1250000000000000000 ) ) ;
#3909 = VERTEX_POINT ( 'NONE', #38 ) ;
#3910 = VERTEX_POINT ( 'NONE', #3170 ) ;
#3911 = FILL_AREA_STYLE ('',( #553 ) ) ;
#3912 = CARTESIAN_POINT ( 'NONE',  ( 0.3385564329541775330, -0.02365250143301553948, -0.6948929781216045543 ) ) ;
#3913 = PRODUCT_DEFINITION_SHAPE ( 'NONE', 'NONE',  #4038 ) ;
#3914 = CYLINDRICAL_SURFACE ( 'NONE', #91, 0.06750000000000000444 ) ;
#3915 = EDGE_LOOP ( 'NONE', ( #674, #267, #727, #2822, #3592, #1495 ) ) ;
#3916 = CARTESIAN_POINT ( 'NONE',  ( -1.124999999999954703, 0.1249959624358320948, 0.3750000000000000555 ) ) ;
#3917 = VECTOR ( 'NONE', #975, 39.37007874015748854 ) ;
#3918 = CYLINDRICAL_SURFACE ( 'NONE', #2970, 0.2170000000000000262 ) ;
#3919 = DIRECTION ( 'NONE',  ( -0.6114276612130543631, -0.06940012241047903430, -0.7882511262998265211 ) ) ;
#3920 = EDGE_CURVE ( 'NONE', #1954, #198, #1134, .T. ) ;
#3921 = CARTESIAN_POINT ( 'NONE',  ( 0.5004067159662262121, -0.8631374764087640372, -0.3121602409041525084 ) ) ;
#3922 = PLANE ( 'NONE',  #2563 ) ;
#3923 = VERTEX_POINT ( 'NONE', #1642 ) ;
#3924 = ADVANCED_FACE ( 'NONE', ( #2517 ), #1311, .F. ) ;
#3925 = PLANE ( 'NONE',  #2573 ) ;
#3926 = EDGE_LOOP ( 'NONE', ( #140, #1651 ) ) ;
#3927 = FACE_BOUND ( 'NONE', #2426, .T. ) ;
#3928 = EDGE_CURVE ( 'NONE', #3526, #3383, #90, .T. ) ;
#3929 = UNCERTAINTY_MEASURE_WITH_UNIT (LENGTH_MEASURE( 1.000000000000000082E-05 ), #819, 'distance_accuracy_value', 'NONE');
#3930 = CARTESIAN_POINT ( 'NONE',  ( -0.1000000000000060979, -0.1875000000000098532, -0.1250000000000000000 ) ) ;
#3931 = ORIENTED_EDGE ( 'NONE', *, *, #2457, .T. ) ;
#3932 = CIRCLE ( 'NONE', #870, 0.1399999999999998745 ) ;
#3933 = ORIENTED_EDGE ( 'NONE', *, *, #1959, .F. ) ;
#3934 = CARTESIAN_POINT ( 'NONE',  ( -1.399999999999958833, 0.1880435635004213679, 0.02500000000000326614 ) ) ;
#3935 = EDGE_CURVE ( 'NONE', #2504, #1202, #1398, .T. ) ;
#3936 = AXIS2_PLACEMENT_3D ( 'NONE', #2752, #256, #1535 ) ;
#3937 = AXIS2_PLACEMENT_3D ( 'NONE', #1068, #2278, #97 ) ;
#3938 = CARTESIAN_POINT ( 'NONE',  ( 0.4664291858938869328, -0.02210850689768652580, -0.5415898495900689502 ) ) ;
#3939 = CARTESIAN_POINT ( 'NONE',  ( -1.399999999999954836, 0.8749959624358306653, 0.2570000000000551288 ) ) ;
#3940 = ORIENTED_EDGE ( 'NONE', *, *, #2577, .F. ) ;
#3941 = ORIENTED_EDGE ( 'NONE', *, *, #3002, .T. ) ;
#3942 = FACE_OUTER_BOUND ( 'NONE', #1874, .T. ) ;
#3943 =( GEOMETRIC_REPRESENTATION_CONTEXT ( 3 ) GLOBAL_UNCERTAINTY_ASSIGNED_CONTEXT ( ( #1438 ) ) GLOBAL_UNIT_ASSIGNED_CONTEXT ( ( #3946, #215, #3677 ) ) REPRESENTATION_CONTEXT ( 'NONE', 'WORKASPACE' ) );
#3944 = CARTESIAN_POINT ( 'NONE',  ( -1.274999999999958611, 0.1249959624358309151, -0.1400000000000000133 ) ) ;
#3945 = VECTOR ( 'NONE', #597, 39.37007874015748143 ) ;
#3946 =( CONVERSION_BASED_UNIT ( 'INCH', #1758 ) LENGTH_UNIT ( ) NAMED_UNIT ( #2543 ) );
#3947 = DIRECTION ( 'NONE',  ( 0.2962447500238379328, -0.9437791713077128275, -0.1466967071513219645 ) ) ;
#3948 = DIRECTION ( 'NONE',  ( 1.000000000000000000, 0.000000000000000000, 0.000000000000000000 ) ) ;
#3949 = VECTOR ( 'NONE', #897, 39.37007874015748143 ) ;
#3950 = ORIENTED_EDGE ( 'NONE', *, *, #1177, .T. ) ;
#3951 = FACE_OUTER_BOUND ( 'NONE', #612, .T. ) ;
#3952 = VERTEX_POINT ( 'NONE', #3149 ) ;
#3953 = CARTESIAN_POINT ( 'NONE',  ( -1.274999999999958611, 0.1249959624358319976, -0.1400000000000011235 ) ) ;
#3954 = EDGE_CURVE ( 'NONE', #2357, #3005, #1295, .T. ) ;
#3955 = CIRCLE ( 'NONE', #962, 0.06496062992125957447 ) ;
#3956 = DIRECTION ( 'NONE',  ( -0.6114276612130539190, -0.06940012241047888164, -0.7882511262998268542 ) ) ;
#3957 = ORIENTED_EDGE ( 'NONE', *, *, #2053, .T. ) ;
#3958 = ORIENTED_EDGE ( 'NONE', *, *, #642, .F. ) ;
#3959 = VECTOR ( 'NONE', #739, 39.37007874015748854 ) ;
#3960 = DIRECTION ( 'NONE',  ( 0.7901562682738896282, 0.000000000000000000, -0.6129054345553487382 ) ) ;
#3961 = EDGE_CURVE ( 'NONE', #2856, #2047, #2536, .T. ) ;
#3962 = CARTESIAN_POINT ( 'NONE',  ( 0.5902678378693170247, 0.3285695208441119508, -0.1696272217108330538 ) ) ;
#3963 = EDGE_CURVE ( 'NONE', #2340, #3216, #1503, .T. ) ;
#3964 = ORIENTED_EDGE ( 'NONE', *, *, #2238, .T. ) ;
#3965 = VERTEX_POINT ( 'NONE', #706 ) ;
#3966 = CYLINDRICAL_SURFACE ( 'NONE', #2759, 0.08250000000000042022 ) ;
#3967 = DIRECTION ( 'NONE',  ( 0.000000000000000000, 0.000000000000000000, -1.000000000000000000 ) ) ;
#3968 =( NAMED_UNIT ( * ) SI_UNIT ( $, .STERADIAN. ) SOLID_ANGLE_UNIT ( ) );
#3969 = CARTESIAN_POINT ( 'NONE',  ( -1.134999999999958709, 0.1249959624358350369, -0.1400000000000000133 ) ) ;
#3970 = CARTESIAN_POINT ( 'NONE',  ( -1.274999999999958389, 0.1249959624358322752, 0.02500000000000097283 ) ) ;
#3971 = VERTEX_POINT ( 'NONE', #3470 ) ;
#3972 = CARTESIAN_POINT ( 'NONE',  ( -0.3124999999999869549, 0.1874999999999909517, 0.06250000000000000000 ) ) ;
#3973 = LINE ( 'NONE', #1392, #314 ) ;
#3974 = EDGE_LOOP ( 'NONE', ( #1654, #892, #2890, #2797 ) ) ;
#3975 = CARTESIAN_POINT ( 'NONE',  ( -1.134999999999958709, 0.1249959624358323723, 0.02500000000000098671 ) ) ;
#3976 = DIRECTION ( 'NONE',  ( 0.000000000000000000, -1.000000000000000000, 0.000000000000000000 ) ) ;
#3977 = CIRCLE ( 'NONE', #454, 0.1249999999999999861 ) ;
#3978 = LINE ( 'NONE', #4000, #110 ) ;
#3979 = EDGE_CURVE ( 'NONE', #2583, #391, #3187, .T. ) ;
#3980 = ORIENTED_EDGE ( 'NONE', *, *, #3154, .T. ) ;
#3981 = VERTEX_POINT ( 'NONE', #2343 ) ;
#3982 = CARTESIAN_POINT ( 'NONE',  ( -1.408268715105841506, 0.1693103581652389278, 0.01500106242841122220 ) ) ;
#3983 = LINE ( 'NONE', #2079, #2251 ) ;
#3984 = DIRECTION ( 'NONE',  ( 0.000000000000000000, -1.000000000000000000, -1.034790906690983849E-14 ) ) ;
#3985 = ORIENTED_EDGE ( 'NONE', *, *, #3836, .T. ) ;
#3986 = CARTESIAN_POINT ( 'NONE',  ( -1.499999999999952927, -0.6250040375641719992, 0.1000000000000002831 ) ) ;
#3987 = DIRECTION ( 'NONE',  ( 0.000000000000000000, 2.664534999999999820E-15, -1.000000000000000000 ) ) ;
#3988 = EDGE_CURVE ( 'NONE', #3135, #3248, #1659, .T. ) ;
#3989 = CARTESIAN_POINT ( 'NONE',  ( -2.202499999999956604, -0.2500040375641783275, 0.3750000000000000555 ) ) ;
#3990 = DIRECTION ( 'NONE',  ( 1.000000000000000000, 7.649174382260002487E-15, -0.000000000000000000 ) ) ;
#3991 = ORIENTED_EDGE ( 'NONE', *, *, #2443, .F. ) ;
#3992 = DIRECTION ( 'NONE',  ( 1.000000000000000000, 0.000000000000000000, 0.000000000000000000 ) ) ;
#3993 = EDGE_LOOP ( 'NONE', ( #507, #1126, #1117, #3798, #1393, #2414, #1755, #410, #1151, #3506, #658 ) ) ;
#3994 = DIRECTION ( 'NONE',  ( -6.280369999999995199E-15, 0.7071067811865474617, 0.7071067811865474617 ) ) ;
#3995 = CARTESIAN_POINT ( 'NONE',  ( -1.724999999999953904, -0.2350040375641727908, -0.4000000000000000222 ) ) ;
#3996 = ORIENTED_EDGE ( 'NONE', *, *, #2058, .F. ) ;
#3997 = FACE_OUTER_BOUND ( 'NONE', #2648, .T. ) ;
#3998 = CIRCLE ( 'NONE', #3733, 0.08250000000000000389 ) ;
#3999 = CARTESIAN_POINT ( 'NONE',  ( -1.187499999999962697, 0.7499959624358267796, 0.06950000000005492062 ) ) ;
#4000 = CARTESIAN_POINT ( 'NONE',  ( -1.249999999999967359, 0.3749959624358198962, 0.06950000000005486511 ) ) ;
#4001 = ORIENTED_EDGE ( 'NONE', *, *, #593, .T. ) ;
#4002 = AXIS2_PLACEMENT_3D ( 'NONE', #191, #2341, #1097 ) ;
#4003 = CYLINDRICAL_SURFACE ( 'NONE', #1389, 0.08250000000000198841 ) ;
#4004 = VECTOR ( 'NONE', #622, 39.37007874015748143 ) ;
#4005 = ORIENTED_EDGE ( 'NONE', *, *, #3164, .F. ) ;
#4006 = FACE_BOUND ( 'NONE', #1567, .T. ) ;
#4007 = CIRCLE ( 'NONE', #2245, 0.06249999999999995143 ) ;
#4008 = DIRECTION ( 'NONE',  ( 0.7283192600865611155, -0.4388088937843741544, -0.5263058142588752375 ) ) ;
#4009 = EDGE_CURVE ( 'NONE', #1266, #2154, #3260, .T. ) ;
#4010 = CARTESIAN_POINT ( 'NONE',  ( -1.749999999999955147, 0.6874959624358228938, -0.08299999999994507605 ) ) ;
#4011 = CARTESIAN_POINT ( 'NONE',  ( -1.812499999999956701, 0.4374959624358362165, 0.06950000000005492062 ) ) ;
#4012 = VERTEX_POINT ( 'NONE', #1696 ) ;
#4013 = PRODUCT_DEFINITION_FORMATION_WITH_SPECIFIED_SOURCE ( 'ANY', '', #207, .NOT_KNOWN. ) ;
#4014 = CARTESIAN_POINT ( 'NONE',  ( -1.874835192616434387, 0.2499959624358240318, 0.01732283464566925293 ) ) ;
#4015 = EDGE_LOOP ( 'NONE', ( #3066, #5, #1378, #2753 ) ) ;
#4016 = CIRCLE ( 'NONE', #1204, 0.08250000000000000389 ) ;
#4017 = ADVANCED_FACE ( 'NONE', ( #472 ), #173, .T. ) ;
#4018 = CARTESIAN_POINT ( 'NONE',  ( -0.09999999999999804878, 2.322586999999999810E-14, 0.01250000000000500190 ) ) ;
#4019 = ORIENTED_EDGE ( 'NONE', *, *, #2011, .F. ) ;
#4020 = COLOUR_RGB ( '',0.7921568627450980005, 0.8196078431372548767, 0.9333333333333333481 ) ;
#4021 = CARTESIAN_POINT ( 'NONE',  ( 0.9048047139652363180, 0.4321320455428724339, -0.2007135057518870391 ) ) ;
#4022 = DIRECTION ( 'NONE',  ( 0.000000000000000000, 0.000000000000000000, -1.000000000000000000 ) ) ;
#4023 = CARTESIAN_POINT ( 'NONE',  ( -1.687499999999954703, 0.4374959624358199517, 0.06950000000005492062 ) ) ;
#4024 = ORIENTED_EDGE ( 'NONE', *, *, #1656, .F. ) ;
#4025 = CIRCLE ( 'NONE', #2261, 0.06249999999999995143 ) ;
#4026 = DIRECTION ( 'NONE',  ( 0.000000000000000000, 0.000000000000000000, 1.000000000000000000 ) ) ;
#4027 = DIRECTION ( 'NONE',  ( -0.3093829275817721047, 0.4118763402581155364, 0.8571114772633212642 ) ) ;
#4028 = AXIS2_PLACEMENT_3D ( 'NONE', #1064, #3633, #2996 ) ;
#4029 = ORIENTED_EDGE ( 'NONE', *, *, #2324, .F. ) ;
#4030 = DIRECTION ( 'NONE',  ( -0.7071067811864579777, 0.7071067811866370567, 7.850462000000000005E-16 ) ) ;
#4031 = LINE ( 'NONE', #924, #1981 ) ;
#4032 = DIRECTION ( 'NONE',  ( 1.000000000000000000, -8.326672684688674053E-17, 0.000000000000000000 ) ) ;
#4033 = DIRECTION ( 'NONE',  ( 0.000000000000000000, 0.000000000000000000, -1.000000000000000000 ) ) ;
#4034 = ADVANCED_FACE ( 'NONE', ( #1411, #1429 ), #1969, .T. ) ;
#4035 = CARTESIAN_POINT ( 'NONE',  ( -1.399999999999954836, 0.8124959624358208954, 0.2570000000000551288 ) ) ;
#4036 = NEXT_ASSEMBLY_USAGE_OCCURRENCE ( 'NAUO1', ' ', ' ', #295, #2921, $ ) ;
#4037 = NEXT_ASSEMBLY_USAGE_OCCURRENCE ( 'NAUO2', ' ', ' ', #2921, #875, $ ) ;
#4038 = NEXT_ASSEMBLY_USAGE_OCCURRENCE ( 'NAUO3', ' ', ' ', #2921, #1925, $ ) ;
#4039 = NEXT_ASSEMBLY_USAGE_OCCURRENCE ( 'NAUO4', ' ', ' ', #2921, #3590, $ ) ;
ENDSEC;
END-ISO-10303-21;
