ISO-10303-21;
HEADER;
FILE_DESCRIPTION((''),'2;1');
FILE_NAME('ANIMATE_PC','2026-09-12T04:18:08',('SYSTEM'),(''),
'CREO PARAMETRIC BY PTC INC, 2019164','CREO PARAMETRIC BY PTC INC, 2019164','');
FILE_SCHEMA(('AUTOMOTIVE_DESIGN { 1 0 10303 214 1 1 1 1 }'));
ENDSEC;
DATA;
#16=CARTESIAN_POINT('',(0.E0,4.5E-2,1.925E-1));
#17=CARTESIAN_POINT('',(0.E0,4.985519544417E-2,1.925E-1));
#18=CARTESIAN_POINT('',(0.E0,5.904928932001E-2,1.940633933146E-1));
#19=CARTESIAN_POINT('',(0.E0,7.189775502090E-2,2.004907078461E-1));
#20=CARTESIAN_POINT('',(0.E0,8.199871755099E-2,2.106261996776E-1));
#21=CARTESIAN_POINT('',(0.E0,8.842973531811E-2,2.233828439504E-1));
#22=CARTESIAN_POINT('',(0.E0,9.078513168603E-2,2.375000039728E-1));
#23=CARTESIAN_POINT('',(0.E0,8.842973793777E-2,2.516171401586E-1));
#24=CARTESIAN_POINT('',(0.E0,8.199873041852E-2,2.643737846840E-1));
#25=CARTESIAN_POINT('',(0.E0,7.189776407335E-2,2.745092828302E-1));
#26=CARTESIAN_POINT('',(0.E0,5.904933661455E-2,2.809365902044E-1));
#27=CARTESIAN_POINT('',(0.E0,4.985521559090E-2,2.825E-1));
#28=CARTESIAN_POINT('',(0.E0,4.5E-2,2.825E-1));
#30=DRAUGHTING_PRE_DEFINED_CURVE_FONT('continuous');
#31=CURVE_STYLE('',#30,POSITIVE_LENGTH_MEASURE(2.E-2),#8);
#32=PRESENTATION_STYLE_ASSIGNMENT((#31));
#33=STYLED_ITEM('',(#32),#29);
#34=CARTESIAN_POINT('',(0.E0,4.5E-2,2.825E-1));
#35=CARTESIAN_POINT('',(0.E0,4.014478440910E-2,2.825E-1));
#36=CARTESIAN_POINT('',(0.E0,3.095066338545E-2,2.809365902044E-1));
#37=CARTESIAN_POINT('',(0.E0,1.810223592665E-2,2.745092828302E-1));
#38=CARTESIAN_POINT('',(0.E0,8.001269581482E-3,2.643737846840E-1));
#39=CARTESIAN_POINT('',(0.E0,1.570262062232E-3,2.516171401586E-1));
#40=CARTESIAN_POINT('',(0.E0,-7.851316860316E-4,2.375000039728E-1));
#41=CARTESIAN_POINT('',(0.E0,1.570264681894E-3,2.233828439504E-1));
#42=CARTESIAN_POINT('',(0.E0,8.001282449009E-3,2.106261996776E-1));
#43=CARTESIAN_POINT('',(0.E0,1.810224497910E-2,2.004907078461E-1));
#44=CARTESIAN_POINT('',(0.E0,3.095071067999E-2,1.940633933146E-1));
#45=CARTESIAN_POINT('',(0.E0,4.014480455583E-2,1.925E-1));
#46=CARTESIAN_POINT('',(0.E0,4.5E-2,1.925E-1));
#48=CURVE_STYLE('',#30,POSITIVE_LENGTH_MEASURE(2.E-2),#8);
#49=PRESENTATION_STYLE_ASSIGNMENT((#48));
#50=STYLED_ITEM('',(#49),#47);
#51=CARTESIAN_POINT('',(0.E0,4.5E-2,1.925E-1));
#52=CARTESIAN_POINT('',(1.343903524036E-2,4.6E-2,1.925E-1));
#53=CARTESIAN_POINT('',(4.031660546954E-2,4.8E-2,1.896750313130E-1));
#54=CARTESIAN_POINT('',(7.887133089060E-2,5.1E-2,1.771478692522E-1));
#55=CARTESIAN_POINT('',(1.139788937206E-1,5.4E-2,1.568784952554E-1));
#56=CARTESIAN_POINT('',(1.441050606247E-1,5.7E-2,1.297527782293E-1));
#57=CARTESIAN_POINT('',(1.679331372070E-1,6.E-2,9.695624217176E-2));
#58=CARTESIAN_POINT('',(1.844217319185E-1,6.3E-2,5.992225308362E-2));
#59=CARTESIAN_POINT('',(1.928502114401E-1,6.6E-2,2.026937399684E-2));
#60=CARTESIAN_POINT('',(1.928502114715E-1,6.9E-2,-2.026937399684E-2));
#61=CARTESIAN_POINT('',(1.844217318241E-1,7.2E-2,-5.992225308362E-2));
#62=CARTESIAN_POINT('',(1.679331375529E-1,7.5E-2,-9.695624217176E-2));
#63=CARTESIAN_POINT('',(1.441050593352E-1,7.8E-2,-1.297527782293E-1));
#64=CARTESIAN_POINT('',(1.139788985326E-1,8.1E-2,-1.568784952554E-1));
#65=CARTESIAN_POINT('',(7.887131293236E-2,8.4E-2,-1.771478692522E-1));
#66=CARTESIAN_POINT('',(4.031667249054E-2,8.7E-2,-1.896750313130E-1));
#67=CARTESIAN_POINT('',(0.E0,9.E-2,-1.939124843435E-1));
#68=CARTESIAN_POINT('',(-4.031667249054E-2,9.3E-2,-1.896750313130E-1));
#69=CARTESIAN_POINT('',(-7.887131293236E-2,9.6E-2,-1.771478692522E-1));
#70=CARTESIAN_POINT('',(-1.139788985326E-1,9.9E-2,-1.568784952554E-1));
#71=CARTESIAN_POINT('',(-1.441050593352E-1,1.02E-1,-1.297527782293E-1));
#72=CARTESIAN_POINT('',(-1.679331375529E-1,1.05E-1,-9.695624217176E-2));
#73=CARTESIAN_POINT('',(-1.844217318241E-1,1.08E-1,-5.992225308362E-2));
#74=CARTESIAN_POINT('',(-1.928502114715E-1,1.11E-1,-2.026937399684E-2));
#75=CARTESIAN_POINT('',(-1.928502114401E-1,1.14E-1,2.026937399684E-2));
#76=CARTESIAN_POINT('',(-1.844217319185E-1,1.17E-1,5.992225308361E-2));
#77=CARTESIAN_POINT('',(-1.679331372070E-1,1.2E-1,9.695624217176E-2));
#78=CARTESIAN_POINT('',(-1.441050606247E-1,1.23E-1,1.297527782293E-1));
#79=CARTESIAN_POINT('',(-1.139788937206E-1,1.26E-1,1.568784952554E-1));
#80=CARTESIAN_POINT('',(-7.887133089060E-2,1.29E-1,1.771478692522E-1));
#81=CARTESIAN_POINT('',(-4.031660546954E-2,1.32E-1,1.896750313130E-1));
#82=CARTESIAN_POINT('',(-1.343903524036E-2,1.34E-1,1.925E-1));
#83=CARTESIAN_POINT('',(0.E0,1.35E-1,1.925E-1));
#85=CURVE_STYLE('',#30,POSITIVE_LENGTH_MEASURE(2.E-2),#8);
#86=PRESENTATION_STYLE_ASSIGNMENT((#85));
#87=STYLED_ITEM('',(#86),#84);
#88=CARTESIAN_POINT('',(0.E0,4.5E-2,2.825E-1));
#89=CARTESIAN_POINT('',(1.792929140685E-2,4.590909090909E-2,2.825E-1));
#90=CARTESIAN_POINT('',(5.378741879315E-2,4.772727272727E-2,2.790759456100E-1));
#91=CARTESIAN_POINT('',(1.056309563046E-1,5.045454545455E-2,2.638533322253E-1));
#92=CARTESIAN_POINT('',(1.536566183327E-1,5.318181818182E-2,2.390943719509E-1));
#93=CARTESIAN_POINT('',(1.961287559519E-1,5.590909090909E-2,2.056939181199E-1));
#94=CARTESIAN_POINT('',(2.315122823220E-1,5.863636363636E-2,1.648591501577E-1));
#95=CARTESIAN_POINT('',(2.585283534854E-1,6.136363636364E-2,1.180659429725E-1));
#96=CARTESIAN_POINT('',(2.762005358622E-1,6.409090909091E-2,6.700552499047E-2));
#97=CARTESIAN_POINT('',(2.838901113741E-1,6.681818181818E-2,1.352335275409E-2));
#98=CARTESIAN_POINT('',(2.813191585564E-1,6.954545454545E-2,
-4.044758868558E-2));
#99=CARTESIAN_POINT('',(2.685805983883E-1,7.227272727273E-2,
-9.295664888499E-2));
#100=CARTESIAN_POINT('',(2.461348356118E-1,7.5E-2,-1.421060135975E-1));
#101=CARTESIAN_POINT('',(2.147931185790E-1,7.772727272727E-2,
-1.861192967250E-1));
#102=CARTESIAN_POINT('',(1.756882186026E-1,8.045454545455E-2,
-2.234057435398E-1));
#103=CARTESIAN_POINT('',(1.302334886547E-1,8.318181818182E-2,
-2.526177247050E-1));
#104=CARTESIAN_POINT('',(8.007178110673E-2,8.590909090909E-2,
-2.726994431103E-1));
#105=CARTESIAN_POINT('',(2.701607076462E-2,8.863636363636E-2,
-2.829250931302E-1));
#106=CARTESIAN_POINT('',(-2.701607076462E-2,9.136363636364E-2,
-2.829250931302E-1));
#107=CARTESIAN_POINT('',(-8.007178110673E-2,9.409090909091E-2,
-2.726994431103E-1));
#108=CARTESIAN_POINT('',(-1.302334886547E-1,9.681818181818E-2,
-2.526177247050E-1));
#109=CARTESIAN_POINT('',(-1.756882186026E-1,9.954545454545E-2,
-2.234057435398E-1));
#110=CARTESIAN_POINT('',(-2.147931185790E-1,1.022727272727E-1,
-1.861192967250E-1));
#111=CARTESIAN_POINT('',(-2.461348356118E-1,1.05E-1,-1.421060135975E-1));
#112=CARTESIAN_POINT('',(-2.685805983883E-1,1.077272727273E-1,
-9.295664888499E-2));
#113=CARTESIAN_POINT('',(-2.813191585564E-1,1.104545454545E-1,
-4.044758868558E-2));
#114=CARTESIAN_POINT('',(-2.838901113741E-1,1.131818181818E-1,
1.352335275409E-2));
#115=CARTESIAN_POINT('',(-2.762005358622E-1,1.159090909091E-1,
6.700552499047E-2));
#116=CARTESIAN_POINT('',(-2.585283534854E-1,1.186363636364E-1,
1.180659429725E-1));
#117=CARTESIAN_POINT('',(-2.315122823220E-1,1.213636363636E-1,
1.648591501577E-1));
#118=CARTESIAN_POINT('',(-1.961287559519E-1,1.240909090909E-1,
2.056939181199E-1));
#119=CARTESIAN_POINT('',(-1.536566183327E-1,1.268181818182E-1,
2.390943719509E-1));
#120=CARTESIAN_POINT('',(-1.056309563046E-1,1.295454545455E-1,
2.638533322253E-1));
#121=CARTESIAN_POINT('',(-5.378741879315E-2,1.322727272727E-1,
2.790759456100E-1));
#122=CARTESIAN_POINT('',(-1.792929140685E-2,1.340909090909E-1,2.825E-1));
#123=CARTESIAN_POINT('',(0.E0,1.35E-1,2.825E-1));
#125=CURVE_STYLE('',#30,POSITIVE_LENGTH_MEASURE(2.E-2),#8);
#126=PRESENTATION_STYLE_ASSIGNMENT((#125));
#127=STYLED_ITEM('',(#126),#124);
#128=CARTESIAN_POINT('',(0.E0,1.35E-1,2.825E-1));
#129=CARTESIAN_POINT('',(0.E0,1.302999120619E-1,2.825E-1));
#130=CARTESIAN_POINT('',(0.E0,1.209009034289E-1,2.809365902044E-1));
#131=CARTESIAN_POINT('',(0.E0,1.081247450968E-1,2.745092828302E-1));
#132=CARTESIAN_POINT('',(0.E0,9.799194091054E-2,2.643737846840E-1));
#133=CARTESIAN_POINT('',(0.E0,9.156961787337E-2,2.516171401586E-1));
#134=CARTESIAN_POINT('',(0.E0,8.921519040833E-2,2.375000039728E-1));
#135=CARTESIAN_POINT('',(0.E0,9.156962049332E-2,2.233828439504E-1));
#136=CARTESIAN_POINT('',(0.E0,9.799195376325E-2,2.106261996776E-1));
#137=CARTESIAN_POINT('',(0.E0,1.081247542278E-1,2.004907078461E-1));
#138=CARTESIAN_POINT('',(0.E0,1.209009505213E-1,1.940633933146E-1));
#139=CARTESIAN_POINT('',(0.E0,1.302999326408E-1,1.925E-1));
#140=CARTESIAN_POINT('',(0.E0,1.35E-1,1.925E-1));
#142=CURVE_STYLE('',#30,POSITIVE_LENGTH_MEASURE(2.E-2),#8);
#143=PRESENTATION_STYLE_ASSIGNMENT((#142));
#144=STYLED_ITEM('',(#143),#141);
#145=CARTESIAN_POINT('',(0.E0,1.35E-1,2.825E-1));
#146=CARTESIAN_POINT('',(1.792929140685E-2,1.359090909091E-1,2.825E-1));
#147=CARTESIAN_POINT('',(5.378741879315E-2,1.377726762575E-1,
2.790759456100E-1));
#148=CARTESIAN_POINT('',(1.056309563046E-1,1.407042648709E-1,
2.638533322253E-1));
#149=CARTESIAN_POINT('',(1.536566183327E-1,1.437720640751E-1,
2.390943719509E-1));
#150=CARTESIAN_POINT('',(1.961287559519E-1,1.469760738700E-1,
2.056939181199E-1));
#151=CARTESIAN_POINT('',(2.315122823220E-1,1.503162942557E-1,
1.648591501577E-1));
#152=CARTESIAN_POINT('',(2.585283534854E-1,1.537927252321E-1,
1.180659429725E-1));
#153=CARTESIAN_POINT('',(2.762005358622E-1,1.574053667993E-1,
6.700552499047E-2));
#154=CARTESIAN_POINT('',(2.838901113741E-1,1.611542189572E-1,
1.352335275409E-2));
#155=CARTESIAN_POINT('',(2.813191585564E-1,1.650392817059E-1,
-4.044758868558E-2));
#156=CARTESIAN_POINT('',(2.685805983883E-1,1.690605550454E-1,
-9.295664888499E-2));
#157=CARTESIAN_POINT('',(2.461348356118E-1,1.732180389756E-1,
-1.421060135975E-1));
#158=CARTESIAN_POINT('',(2.147931185790E-1,1.775117334966E-1,
-1.861192967250E-1));
#159=CARTESIAN_POINT('',(1.756882186026E-1,1.819416386083E-1,
-2.234057435398E-1));
#160=CARTESIAN_POINT('',(1.302334886547E-1,1.865077543108E-1,
-2.526177247050E-1));
#161=CARTESIAN_POINT('',(8.007178110673E-2,1.912100806040E-1,
-2.726994431103E-1));
#162=CARTESIAN_POINT('',(2.701607076462E-2,1.960486174880E-1,
-2.829250931302E-1));
#163=CARTESIAN_POINT('',(-2.701607076462E-2,2.010233649628E-1,
-2.829250931302E-1));
#164=CARTESIAN_POINT('',(-8.007178110673E-2,2.061343230283E-1,
-2.726994431103E-1));
#165=CARTESIAN_POINT('',(-1.302334886547E-1,2.113814916845E-1,
-2.526177247050E-1));
#166=CARTESIAN_POINT('',(-1.756882186026E-1,2.167648709315E-1,
-2.234057435398E-1));
#167=CARTESIAN_POINT('',(-2.147931185790E-1,2.222844607693E-1,
-1.861192967250E-1));
#168=CARTESIAN_POINT('',(-2.461348356118E-1,2.279402611978E-1,
-1.421060135975E-1));
#169=CARTESIAN_POINT('',(-2.685805983883E-1,2.337322722171E-1,
-9.295664888499E-2));
#170=CARTESIAN_POINT('',(-2.813191585564E-1,2.396604938272E-1,
-4.044758868558E-2));
#171=CARTESIAN_POINT('',(-2.838901113741E-1,2.457249260280E-1,
1.352335275409E-2));
#172=CARTESIAN_POINT('',(-2.762005358622E-1,2.519255688195E-1,
6.700552499047E-2));
#173=CARTESIAN_POINT('',(-2.585283534854E-1,2.582624222018E-1,
1.180659429725E-1));
#174=CARTESIAN_POINT('',(-2.315122823220E-1,2.647354861749E-1,
1.648591501577E-1));
#175=CARTESIAN_POINT('',(-1.961287559519E-1,2.713447607387E-1,
2.056939181199E-1));
#176=CARTESIAN_POINT('',(-1.536566183327E-1,2.780902458933E-1,
2.390943719509E-1));
#177=CARTESIAN_POINT('',(-1.056309563046E-1,2.849719416386E-1,
2.638533322253E-1));
#178=CARTESIAN_POINT('',(-5.378741879315E-2,2.919898479747E-1,
2.790759456100E-1));
#179=CARTESIAN_POINT('',(-1.792929140685E-2,2.967592592593E-1,2.825E-1));
#180=CARTESIAN_POINT('',(0.E0,2.991666666667E-1,2.825E-1));
#182=CURVE_STYLE('',#30,POSITIVE_LENGTH_MEASURE(2.E-2),#8);
#183=PRESENTATION_STYLE_ASSIGNMENT((#182));
#184=STYLED_ITEM('',(#183),#181);
#185=CARTESIAN_POINT('',(0.E0,1.35E-1,1.925E-1));
#186=CARTESIAN_POINT('',(0.E0,1.397000673592E-1,1.925E-1));
#187=CARTESIAN_POINT('',(0.E0,1.490990494787E-1,1.940633933146E-1));
#188=CARTESIAN_POINT('',(0.E0,1.618752457722E-1,2.004907078461E-1));
#189=CARTESIAN_POINT('',(0.E0,1.720080462367E-1,2.106261996776E-1));
#190=CARTESIAN_POINT('',(0.E0,1.784303795067E-1,2.233828439504E-1));
#191=CARTESIAN_POINT('',(0.E0,1.807848095917E-1,2.375000039728E-1));
#192=CARTESIAN_POINT('',(0.E0,1.784303821266E-1,2.516171401586E-1));
#193=CARTESIAN_POINT('',(0.E0,1.720080590895E-1,2.643737846840E-1));
#194=CARTESIAN_POINT('',(0.E0,1.618752549032E-1,2.745092828302E-1));
#195=CARTESIAN_POINT('',(0.E0,1.490990965711E-1,2.809365902044E-1));
#196=CARTESIAN_POINT('',(0.E0,1.397000879381E-1,2.825E-1));
#197=CARTESIAN_POINT('',(0.E0,1.35E-1,2.825E-1));
#199=CURVE_STYLE('',#30,POSITIVE_LENGTH_MEASURE(2.E-2),#8);
#200=PRESENTATION_STYLE_ASSIGNMENT((#199));
#201=STYLED_ITEM('',(#200),#198);
#202=CARTESIAN_POINT('',(0.E0,1.35E-1,1.925E-1));
#203=CARTESIAN_POINT('',(1.343903524036E-2,1.36E-1,1.925E-1));
#204=CARTESIAN_POINT('',(4.031660546954E-2,1.380549382716E-1,
1.896750313130E-1));
#205=CARTESIAN_POINT('',(7.887133089060E-2,1.413021604938E-1,
1.771478692522E-1));
#206=CARTESIAN_POINT('',(1.139788937206E-1,1.447141975309E-1,
1.568784952554E-1));
#207=CARTESIAN_POINT('',(1.441050606247E-1,1.482910493827E-1,
1.297527782293E-1));
#208=CARTESIAN_POINT('',(1.679331372070E-1,1.520327160494E-1,
9.695624217176E-2));
#209=CARTESIAN_POINT('',(1.844217319185E-1,1.559391975309E-1,
5.992225308361E-2));
#210=CARTESIAN_POINT('',(1.928502114401E-1,1.600104938272E-1,
2.026937399684E-2));
#211=CARTESIAN_POINT('',(1.928502114715E-1,1.642466049383E-1,
-2.026937399684E-2));
#212=CARTESIAN_POINT('',(1.844217318241E-1,1.686475308642E-1,
-5.992225308361E-2));
#213=CARTESIAN_POINT('',(1.679331375529E-1,1.732132716049E-1,
-9.695624217176E-2));
#214=CARTESIAN_POINT('',(1.441050593352E-1,1.779438271605E-1,
-1.297527782293E-1));
#215=CARTESIAN_POINT('',(1.139788985326E-1,1.828391975309E-1,
-1.568784952554E-1));
#216=CARTESIAN_POINT('',(7.887131293236E-2,1.878993827160E-1,
-1.771478692522E-1));
#217=CARTESIAN_POINT('',(4.031667249054E-2,1.931243827160E-1,
-1.896750313130E-1));
#218=CARTESIAN_POINT('',(0.E0,1.985141975309E-1,-1.939124843435E-1));
#219=CARTESIAN_POINT('',(-4.031667249054E-2,2.040688271605E-1,
-1.896750313130E-1));
#220=CARTESIAN_POINT('',(-7.887131293236E-2,2.097882716049E-1,
-1.771478692522E-1));
#221=CARTESIAN_POINT('',(-1.139788985326E-1,2.156725308642E-1,
-1.568784952554E-1));
#222=CARTESIAN_POINT('',(-1.441050593352E-1,2.217216049383E-1,
-1.297527782293E-1));
#223=CARTESIAN_POINT('',(-1.679331375529E-1,2.279354938272E-1,
-9.695624217176E-2));
#224=CARTESIAN_POINT('',(-1.844217318241E-1,2.343141975309E-1,
-5.992225308361E-2));
#225=CARTESIAN_POINT('',(-1.928502114715E-1,2.408577160494E-1,
-2.026937399684E-2));
#226=CARTESIAN_POINT('',(-1.928502114401E-1,2.475660493827E-1,
2.026937399684E-2));
#227=CARTESIAN_POINT('',(-1.844217319185E-1,2.544391975309E-1,
5.992225308361E-2));
#228=CARTESIAN_POINT('',(-1.679331372070E-1,2.614771604938E-1,
9.695624217176E-2));
#229=CARTESIAN_POINT('',(-1.441050606247E-1,2.686799382716E-1,
1.297527782293E-1));
#230=CARTESIAN_POINT('',(-1.139788937206E-1,2.760475308642E-1,
1.568784952554E-1));
#231=CARTESIAN_POINT('',(-7.887133089060E-2,2.835799382716E-1,
1.771478692522E-1));
#232=CARTESIAN_POINT('',(-4.031660546954E-2,2.912771604938E-1,
1.896750313130E-1));
#233=CARTESIAN_POINT('',(-1.343903524036E-2,2.965185185185E-1,1.925E-1));
#234=CARTESIAN_POINT('',(0.E0,2.991666666667E-1,1.925E-1));
#236=CURVE_STYLE('',#30,POSITIVE_LENGTH_MEASURE(2.E-2),#8);
#237=PRESENTATION_STYLE_ASSIGNMENT((#236));
#238=STYLED_ITEM('',(#237),#235);
#239=CARTESIAN_POINT('',(0.E0,2.991666666667E-1,1.925E-1));
#240=CARTESIAN_POINT('',(0.E0,3.038665000075E-1,1.925E-1));
#241=CARTESIAN_POINT('',(0.E0,3.132651750032E-1,1.940632068506E-1));
#242=CARTESIAN_POINT('',(0.E0,3.260417850475E-1,2.004905843551E-1));
#243=CARTESIAN_POINT('',(0.E0,3.361745191727E-1,2.106259846785E-1));
#244=CARTESIAN_POINT('',(0.E0,3.425969154486E-1,2.233823919575E-1));
#245=CARTESIAN_POINT('',(0.E0,3.449515379163E-1,2.375000267020E-1));
#246=CARTESIAN_POINT('',(0.E0,3.425969328861E-1,2.516175012347E-1));
#247=CARTESIAN_POINT('',(0.E0,3.361746067411E-1,2.643739087136E-1));
#248=CARTESIAN_POINT('',(0.E0,3.260418473587E-1,2.745093513410E-1));
#249=CARTESIAN_POINT('',(0.E0,3.132655040001E-1,2.809366778954E-1));
#250=CARTESIAN_POINT('',(0.E0,3.038666439039E-1,2.825E-1));
#251=CARTESIAN_POINT('',(0.E0,2.991666666667E-1,2.825E-1));
#253=CURVE_STYLE('',#30,POSITIVE_LENGTH_MEASURE(2.E-2),#8);
#254=PRESENTATION_STYLE_ASSIGNMENT((#253));
#255=STYLED_ITEM('',(#254),#252);
#256=CARTESIAN_POINT('',(0.E0,2.991666666667E-1,1.925E-1));
#257=CARTESIAN_POINT('',(1.362064382469E-2,3.018506006006E-1,1.925E-1));
#258=CARTESIAN_POINT('',(4.086139641977E-2,3.072184684685E-1,
1.895978765089E-1));
#259=CARTESIAN_POINT('',(7.988870363883E-2,3.152702702703E-1,
1.767337332036E-1));
#260=CARTESIAN_POINT('',(1.153297307467E-1,3.233220720721E-1,
1.559360970751E-1));
#261=CARTESIAN_POINT('',(1.455936920058E-1,3.313738738739E-1,
1.281385640700E-1));
#262=CARTESIAN_POINT('',(1.693220137970E-1,3.394256756757E-1,
9.458895216060E-2));
#263=CARTESIAN_POINT('',(1.854495535075E-1,3.474774774775E-1,
5.679328739237E-2));
#264=CARTESIAN_POINT('',(1.932523507969E-1,3.555292792793E-1,
1.644819909434E-2));
#265=CARTESIAN_POINT('',(1.923801425715E-1,3.635810810811E-1,
-2.463524100051E-2));
#266=CARTESIAN_POINT('',(1.828720816412E-1,3.716328828829E-1,
-6.461281689992E-2));
#267=CARTESIAN_POINT('',(1.651549803712E-1,3.796846846847E-1,
-1.016899543269E-1));
#268=CARTESIAN_POINT('',(1.400241509560E-1,3.877364864865E-1,
-1.342022783012E-1));
#269=CARTESIAN_POINT('',(1.086077043222E-1,3.957882882883E-1,
-1.606903261373E-1));
#270=CARTESIAN_POINT('',(7.231590974420E-2,4.038400900901E-1,
-1.799650620262E-1));
#271=CARTESIAN_POINT('',(3.277788853730E-2,4.118918918919E-1,
-1.911612522853E-1));
#272=CARTESIAN_POINT('',(-8.231516421653E-3,4.199436936937E-1,
-1.937763052843E-1));
#273=CARTESIAN_POINT('',(-4.887141254224E-2,4.279954954955E-1,
-1.876928325439E-1));
#274=CARTESIAN_POINT('',(-8.731749430922E-2,4.360472972973E-1,
-1.731839182482E-1));
#275=CARTESIAN_POINT('',(-1.218439354853E-1,4.440990990991E-1,
-1.509008606261E-1));
#276=CARTESIAN_POINT('',(-1.509008606261E-1,4.521509009009E-1,
-1.218439354853E-1));
#277=CARTESIAN_POINT('',(-1.731839182482E-1,4.602027027027E-1,
-8.731749430922E-2));
#278=CARTESIAN_POINT('',(-1.876928325439E-1,4.682545045045E-1,
-4.887141254224E-2));
#279=CARTESIAN_POINT('',(-1.937763052843E-1,4.763063063063E-1,
-8.231516421651E-3));
#280=CARTESIAN_POINT('',(-1.911612522853E-1,4.843581081081E-1,
3.277788853729E-2));
#281=CARTESIAN_POINT('',(-1.799650620262E-1,4.924099099099E-1,
7.231590974421E-2));
#282=CARTESIAN_POINT('',(-1.606903261373E-1,5.004617117117E-1,
1.086077043221E-1));
#283=CARTESIAN_POINT('',(-1.342022783012E-1,5.085135135135E-1,
1.400241509562E-1));
#284=CARTESIAN_POINT('',(-1.016899543269E-1,5.165653153153E-1,
1.651549803707E-1));
#285=CARTESIAN_POINT('',(-6.461281689993E-2,5.246171171171E-1,
1.828720816431E-1));
#286=CARTESIAN_POINT('',(-2.463524100051E-2,5.326689189189E-1,
1.923801425644E-1));
#287=CARTESIAN_POINT('',(1.644819909434E-2,5.407207207207E-1,
1.932523508234E-1));
#288=CARTESIAN_POINT('',(5.679328739237E-2,5.487725225225E-1,
1.854495534085E-1));
#289=CARTESIAN_POINT('',(9.458895216060E-2,5.568243243243E-1,
1.693220141665E-1));
#290=CARTESIAN_POINT('',(1.281385640700E-1,5.648761261261E-1,
1.455936906268E-1));
#291=CARTESIAN_POINT('',(1.559360970751E-1,5.729279279279E-1,
1.153297358934E-1));
#292=CARTESIAN_POINT('',(1.767337332036E-1,5.809797297297E-1,
7.988868443125E-2));
#293=CARTESIAN_POINT('',(1.895978765089E-1,5.890315315315E-1,
4.086146810345E-2));
#294=CARTESIAN_POINT('',(1.939510617456E-1,5.970833333333E-1,0.E0));
#295=CARTESIAN_POINT('',(1.895978765089E-1,6.051351351351E-1,
-4.086146810345E-2));
#296=CARTESIAN_POINT('',(1.767337332036E-1,6.131869369369E-1,
-7.988868443125E-2));
#297=CARTESIAN_POINT('',(1.559360970751E-1,6.212387387387E-1,
-1.153297358934E-1));
#298=CARTESIAN_POINT('',(1.281385640700E-1,6.292905405405E-1,
-1.455936906268E-1));
#299=CARTESIAN_POINT('',(9.458895216060E-2,6.373423423423E-1,
-1.693220141665E-1));
#300=CARTESIAN_POINT('',(5.679328739237E-2,6.453941441441E-1,
-1.854495534085E-1));
#301=CARTESIAN_POINT('',(1.644819909434E-2,6.534459459459E-1,
-1.932523508234E-1));
#302=CARTESIAN_POINT('',(-2.463524100051E-2,6.614977477477E-1,
-1.923801425644E-1));
#303=CARTESIAN_POINT('',(-6.461281689992E-2,6.695495495495E-1,
-1.828720816431E-1));
#304=CARTESIAN_POINT('',(-1.016899543269E-1,6.776013513514E-1,
-1.651549803707E-1));
#305=CARTESIAN_POINT('',(-1.342022783012E-1,6.856531531532E-1,
-1.400241509562E-1));
#306=CARTESIAN_POINT('',(-1.606903261373E-1,6.937049549550E-1,
-1.086077043221E-1));
#307=CARTESIAN_POINT('',(-1.799650620262E-1,7.017567567568E-1,
-7.231590974421E-2));
#308=CARTESIAN_POINT('',(-1.911612522853E-1,7.098085585586E-1,
-3.277788853730E-2));
#309=CARTESIAN_POINT('',(-1.937763052843E-1,7.178603603604E-1,
8.231516421652E-3));
#310=CARTESIAN_POINT('',(-1.876928325439E-1,7.259121621622E-1,
4.887141254224E-2));
#311=CARTESIAN_POINT('',(-1.731839182482E-1,7.339639639640E-1,
8.731749430922E-2));
#312=CARTESIAN_POINT('',(-1.509008606261E-1,7.420157657658E-1,
1.218439354853E-1));
#313=CARTESIAN_POINT('',(-1.218439354853E-1,7.500675675676E-1,
1.509008606261E-1));
#314=CARTESIAN_POINT('',(-8.731749430922E-2,7.581193693694E-1,
1.731839182482E-1));
#315=CARTESIAN_POINT('',(-4.887141254224E-2,7.661711711712E-1,
1.876928325439E-1));
#316=CARTESIAN_POINT('',(-8.231516421654E-3,7.742229729730E-1,
1.937763052843E-1));
#317=CARTESIAN_POINT('',(3.277788853730E-2,7.822747747748E-1,
1.911612522853E-1));
#318=CARTESIAN_POINT('',(7.231590974420E-2,7.903265765766E-1,
1.799650620262E-1));
#319=CARTESIAN_POINT('',(1.086077043222E-1,7.983783783784E-1,
1.606903261373E-1));
#320=CARTESIAN_POINT('',(1.400241509560E-1,8.064301801802E-1,
1.342022783012E-1));
#321=CARTESIAN_POINT('',(1.651549803712E-1,8.144819819820E-1,
1.016899543269E-1));
#322=CARTESIAN_POINT('',(1.828720816412E-1,8.225337837838E-1,
6.461281689993E-2));
#323=CARTESIAN_POINT('',(1.923801425715E-1,8.305855855856E-1,
2.463524100052E-2));
#324=CARTESIAN_POINT('',(1.932523507969E-1,8.386373873874E-1,
-1.644819909434E-2));
#325=CARTESIAN_POINT('',(1.854495535075E-1,8.466891891892E-1,
-5.679328739237E-2));
#326=CARTESIAN_POINT('',(1.693220137970E-1,8.547409909910E-1,
-9.458895216060E-2));
#327=CARTESIAN_POINT('',(1.455936920058E-1,8.627927927928E-1,
-1.281385640700E-1));
#328=CARTESIAN_POINT('',(1.153297307467E-1,8.708445945946E-1,
-1.559360970751E-1));
#329=CARTESIAN_POINT('',(7.988870363883E-2,8.788963963964E-1,
-1.767337332036E-1));
#330=CARTESIAN_POINT('',(4.086139641977E-2,8.869481981982E-1,
-1.895978765089E-1));
#331=CARTESIAN_POINT('',(1.362064382469E-2,8.923160660661E-1,-1.925E-1));
#332=CARTESIAN_POINT('',(0.E0,8.95E-1,-1.925E-1));
#334=CURVE_STYLE('',#30,POSITIVE_LENGTH_MEASURE(2.E-2),#8);
#335=PRESENTATION_STYLE_ASSIGNMENT((#334));
#336=STYLED_ITEM('',(#335),#333);
#337=CARTESIAN_POINT('',(0.E0,2.991666666667E-1,2.825E-1));
#338=CARTESIAN_POINT('',(0.E0,2.944666894291E-1,2.825E-1));
#339=CARTESIAN_POINT('',(0.E0,2.850678293326E-1,2.809366778952E-1));
#340=CARTESIAN_POINT('',(0.E0,2.722914859746E-1,2.745093513407E-1));
#341=CARTESIAN_POINT('',(0.E0,2.621587265921E-1,2.643739087137E-1));
#342=CARTESIAN_POINT('',(0.E0,2.557364004459E-1,2.516175012310E-1));
#343=CARTESIAN_POINT('',(0.E0,2.533817954178E-1,2.375000267014E-1));
#344=CARTESIAN_POINT('',(0.E0,2.557364178829E-1,2.233823919635E-1));
#345=CARTESIAN_POINT('',(0.E0,2.621588141598E-1,2.106259846788E-1));
#346=CARTESIAN_POINT('',(0.E0,2.722915482857E-1,2.004905843555E-1));
#347=CARTESIAN_POINT('',(0.E0,2.850681583275E-1,1.940632068515E-1));
#348=CARTESIAN_POINT('',(0.E0,2.944668333247E-1,1.925E-1));
#349=CARTESIAN_POINT('',(0.E0,2.991666666667E-1,1.925E-1));
#351=CURVE_STYLE('',#30,POSITIVE_LENGTH_MEASURE(2.E-2),#8);
#352=PRESENTATION_STYLE_ASSIGNMENT((#351));
#353=STYLED_ITEM('',(#352),#350);
#354=CARTESIAN_POINT('',(0.E0,2.991666666667E-1,2.825E-1));
#355=CARTESIAN_POINT('',(1.803861635445E-2,3.015887533875E-1,2.825E-1));
#356=CARTESIAN_POINT('',(5.411537955583E-2,3.064329268293E-1,
2.790339335399E-1));
#357=CARTESIAN_POINT('',(1.062511770570E-1,3.136991869919E-1,
2.636268350051E-1));
#358=CARTESIAN_POINT('',(1.544998489861E-1,3.209654471545E-1,
2.385753810579E-1));
#359=CARTESIAN_POINT('',(1.970964242506E-1,3.282317073171E-1,
2.047960380569E-1));
#360=CARTESIAN_POINT('',(2.324825428544E-1,3.354979674797E-1,
1.635245678678E-1));
#361=CARTESIAN_POINT('',(2.593636708314E-1,3.427642276423E-1,
1.162708195425E-1));
#362=CARTESIAN_POINT('',(2.767564037477E-1,3.500304878049E-1,
6.476349396765E-2));
#363=CARTESIAN_POINT('',(2.840244576505E-1,3.572967479675E-1,
1.088690217772E-2));
#364=CARTESIAN_POINT('',(2.809019425313E-1,3.645630081301E-1,
-4.338796907393E-2));
#365=CARTESIAN_POINT('',(2.675030905320E-1,3.718292682927E-1,
-9.607556263300E-2));
#366=CARTESIAN_POINT('',(2.443180766662E-1,3.790955284553E-1,
-1.452483892965E-1));
#367=CARTESIAN_POINT('',(2.121950866465E-1,3.863617886179E-1,
-1.891075418440E-1));
#368=CARTESIAN_POINT('',(1.723092873802E-1,3.936280487805E-1,
-2.260485051083E-1));
#369=CARTESIAN_POINT('',(1.261198354213E-1,4.008943089431E-1,
-2.547198545313E-1));
#370=CARTESIAN_POINT('',(7.531649611921E-2,4.081605691057E-1,
-2.740726958153E-1));
#371=CARTESIAN_POINT('',(2.175782632521E-2,4.154268292683E-1,
-2.833990370004E-1));
#372=CARTESIAN_POINT('',(-3.259681786220E-2,4.226930894309E-1,
-2.823576891895E-1));
#373=CARTESIAN_POINT('',(-8.575896092670E-2,4.299593495935E-1,
-2.709867483844E-1));
#374=CARTESIAN_POINT('',(-1.357837530499E-1,4.372256097561E-1,
-2.497022018062E-1));
#375=CARTESIAN_POINT('',(-1.808411192522E-1,4.444918699187E-1,
-2.192827096850E-1));
#376=CARTESIAN_POINT('',(-2.192827096850E-1,4.517581300813E-1,
-1.808411192522E-1));
#377=CARTESIAN_POINT('',(-2.497022018062E-1,4.590243902439E-1,
-1.357837530499E-1));
#378=CARTESIAN_POINT('',(-2.709867483844E-1,4.662906504065E-1,
-8.575896092670E-2));
#379=CARTESIAN_POINT('',(-2.823576891895E-1,4.735569105691E-1,
-3.259681786220E-2));
#380=CARTESIAN_POINT('',(-2.833990370004E-1,4.808231707317E-1,
2.175782632521E-2));
#381=CARTESIAN_POINT('',(-2.740726958153E-1,4.880894308943E-1,
7.531649611921E-2));
#382=CARTESIAN_POINT('',(-2.547198545313E-1,4.953556910569E-1,
1.261198354213E-1));
#383=CARTESIAN_POINT('',(-2.260485051083E-1,5.026219512195E-1,
1.723092873802E-1));
#384=CARTESIAN_POINT('',(-1.891075418440E-1,5.098882113821E-1,
2.121950866464E-1));
#385=CARTESIAN_POINT('',(-1.452483892965E-1,5.171544715447E-1,
2.443180766663E-1));
#386=CARTESIAN_POINT('',(-9.607556263300E-2,5.244207317073E-1,
2.675030905315E-1));
#387=CARTESIAN_POINT('',(-4.338796907393E-2,5.316869918699E-1,
2.809019425330E-1));
#388=CARTESIAN_POINT('',(1.088690217772E-2,5.389532520325E-1,
2.840244576443E-1));
#389=CARTESIAN_POINT('',(6.476349396765E-2,5.462195121951E-1,
2.767564037710E-1));
#390=CARTESIAN_POINT('',(1.162708195425E-1,5.534857723577E-1,
2.593636707445E-1));
#391=CARTESIAN_POINT('',(1.635245678678E-1,5.607520325203E-1,
2.324825431786E-1));
#392=CARTESIAN_POINT('',(2.047960380569E-1,5.680182926829E-1,
1.970964230405E-1));
#393=CARTESIAN_POINT('',(2.385753810579E-1,5.752845528455E-1,
1.544998535023E-1));
#394=CARTESIAN_POINT('',(2.636268350051E-1,5.825508130081E-1,
1.062511602025E-1));
#395=CARTESIAN_POINT('',(2.790339335399E-1,5.898170731707E-1,
5.411544245791E-2));
#396=CARTESIAN_POINT('',(2.842330332301E-1,5.970833333333E-1,0.E0));
#397=CARTESIAN_POINT('',(2.790339335399E-1,6.043495934959E-1,
-5.411544245791E-2));
#398=CARTESIAN_POINT('',(2.636268350051E-1,6.116158536585E-1,
-1.062511602025E-1));
#399=CARTESIAN_POINT('',(2.385753810579E-1,6.188821138211E-1,
-1.544998535023E-1));
#400=CARTESIAN_POINT('',(2.047960380569E-1,6.261483739837E-1,
-1.970964230405E-1));
#401=CARTESIAN_POINT('',(1.635245678678E-1,6.334146341463E-1,
-2.324825431786E-1));
#402=CARTESIAN_POINT('',(1.162708195425E-1,6.406808943089E-1,
-2.593636707445E-1));
#403=CARTESIAN_POINT('',(6.476349396765E-2,6.479471544715E-1,
-2.767564037710E-1));
#404=CARTESIAN_POINT('',(1.088690217772E-2,6.552134146341E-1,
-2.840244576443E-1));
#405=CARTESIAN_POINT('',(-4.338796907393E-2,6.624796747967E-1,
-2.809019425330E-1));
#406=CARTESIAN_POINT('',(-9.607556263300E-2,6.697459349593E-1,
-2.675030905315E-1));
#407=CARTESIAN_POINT('',(-1.452483892965E-1,6.770121951220E-1,
-2.443180766663E-1));
#408=CARTESIAN_POINT('',(-1.891075418440E-1,6.842784552846E-1,
-2.121950866464E-1));
#409=CARTESIAN_POINT('',(-2.260485051083E-1,6.915447154472E-1,
-1.723092873802E-1));
#410=CARTESIAN_POINT('',(-2.547198545313E-1,6.988109756098E-1,
-1.261198354213E-1));
#411=CARTESIAN_POINT('',(-2.740726958153E-1,7.060772357724E-1,
-7.531649611921E-2));
#412=CARTESIAN_POINT('',(-2.833990370004E-1,7.133434959350E-1,
-2.175782632521E-2));
#413=CARTESIAN_POINT('',(-2.823576891895E-1,7.206097560976E-1,
3.259681786220E-2));
#414=CARTESIAN_POINT('',(-2.709867483844E-1,7.278760162602E-1,
8.575896092670E-2));
#415=CARTESIAN_POINT('',(-2.497022018062E-1,7.351422764228E-1,
1.357837530499E-1));
#416=CARTESIAN_POINT('',(-2.192827096850E-1,7.424085365854E-1,
1.808411192522E-1));
#417=CARTESIAN_POINT('',(-1.808411192522E-1,7.496747967480E-1,
2.192827096850E-1));
#418=CARTESIAN_POINT('',(-1.357837530499E-1,7.569410569106E-1,
2.497022018062E-1));
#419=CARTESIAN_POINT('',(-8.575896092670E-2,7.642073170732E-1,
2.709867483844E-1));
#420=CARTESIAN_POINT('',(-3.259681786220E-2,7.714735772358E-1,
2.823576891895E-1));
#421=CARTESIAN_POINT('',(2.175782632521E-2,7.787398373984E-1,
2.833990370004E-1));
#422=CARTESIAN_POINT('',(7.531649611921E-2,7.860060975610E-1,
2.740726958153E-1));
#423=CARTESIAN_POINT('',(1.261198354213E-1,7.932723577236E-1,
2.547198545313E-1));
#424=CARTESIAN_POINT('',(1.723092873802E-1,8.005386178862E-1,
2.260485051083E-1));
#425=CARTESIAN_POINT('',(2.121950866465E-1,8.078048780488E-1,
1.891075418440E-1));
#426=CARTESIAN_POINT('',(2.443180766662E-1,8.150711382114E-1,
1.452483892965E-1));
#427=CARTESIAN_POINT('',(2.675030905320E-1,8.223373983740E-1,
9.607556263300E-2));
#428=CARTESIAN_POINT('',(2.809019425313E-1,8.296036585366E-1,
4.338796907393E-2));
#429=CARTESIAN_POINT('',(2.840244576505E-1,8.368699186992E-1,
-1.088690217772E-2));
#430=CARTESIAN_POINT('',(2.767564037477E-1,8.441361788618E-1,
-6.476349396765E-2));
#431=CARTESIAN_POINT('',(2.593636708314E-1,8.514024390244E-1,
-1.162708195425E-1));
#432=CARTESIAN_POINT('',(2.324825428544E-1,8.586686991870E-1,
-1.635245678678E-1));
#433=CARTESIAN_POINT('',(1.970964242506E-1,8.659349593496E-1,
-2.047960380569E-1));
#434=CARTESIAN_POINT('',(1.544998489861E-1,8.732012195122E-1,
-2.385753810579E-1));
#435=CARTESIAN_POINT('',(1.062511770570E-1,8.804674796748E-1,
-2.636268350051E-1));
#436=CARTESIAN_POINT('',(5.411537955583E-2,8.877337398374E-1,
-2.790339335399E-1));
#437=CARTESIAN_POINT('',(1.803861635445E-2,8.925779132791E-1,-2.825E-1));
#438=CARTESIAN_POINT('',(0.E0,8.95E-1,-2.825E-1));
#440=CURVE_STYLE('',#30,POSITIVE_LENGTH_MEASURE(2.E-2),#8);
#441=PRESENTATION_STYLE_ASSIGNMENT((#440));
#442=STYLED_ITEM('',(#441),#439);
#443=CARTESIAN_POINT('',(0.E0,8.95E-1,-2.825E-1));
#444=CARTESIAN_POINT('',(0.E0,8.903000227626E-1,-2.825E-1));
#445=CARTESIAN_POINT('',(0.E0,8.809011626662E-1,-2.809366778953E-1));
#446=CARTESIAN_POINT('',(0.E0,8.681248193079E-1,-2.745093513409E-1));
#447=CARTESIAN_POINT('',(0.E0,8.579920599255E-1,-2.643739087137E-1));
#448=CARTESIAN_POINT('',(0.E0,8.515697337799E-1,-2.516175012328E-1));
#449=CARTESIAN_POINT('',(0.E0,8.492151287507E-1,-2.375000267017E-1));
#450=CARTESIAN_POINT('',(0.E0,8.515697512171E-1,-2.233823919605E-1));
#451=CARTESIAN_POINT('',(0.E0,8.579921474935E-1,-2.106259846786E-1));
#452=CARTESIAN_POINT('',(0.E0,8.681248816191E-1,-2.004905843553E-1));
#453=CARTESIAN_POINT('',(0.E0,8.809014916622E-1,-1.940632068510E-1));
#454=CARTESIAN_POINT('',(0.E0,8.903001666586E-1,-1.925E-1));
#455=CARTESIAN_POINT('',(0.E0,8.95E-1,-1.925E-1));
#457=CURVE_STYLE('',#30,POSITIVE_LENGTH_MEASURE(2.E-2),#8);
#458=PRESENTATION_STYLE_ASSIGNMENT((#457));
#459=STYLED_ITEM('',(#458),#456);
#460=CARTESIAN_POINT('',(0.E0,8.95E-1,-2.825E-1));
#461=CARTESIAN_POINT('',(-1.803861635445E-2,8.974220867209E-1,-2.825E-1));
#462=CARTESIAN_POINT('',(-5.411537955582E-2,9.022662601626E-1,
-2.790339335399E-1));
#463=CARTESIAN_POINT('',(-1.062511770570E-1,9.095325203252E-1,
-2.636268350051E-1));
#464=CARTESIAN_POINT('',(-1.544998489861E-1,9.167987804878E-1,
-2.385753810579E-1));
#465=CARTESIAN_POINT('',(-1.970964242506E-1,9.240650406504E-1,
-2.047960380569E-1));
#466=CARTESIAN_POINT('',(-2.324825428544E-1,9.313313008130E-1,
-1.635245678678E-1));
#467=CARTESIAN_POINT('',(-2.593636708314E-1,9.385975609756E-1,
-1.162708195425E-1));
#468=CARTESIAN_POINT('',(-2.767564037477E-1,9.458638211382E-1,
-6.476349396765E-2));
#469=CARTESIAN_POINT('',(-2.840244576505E-1,9.531300813008E-1,
-1.088690217772E-2));
#470=CARTESIAN_POINT('',(-2.809019425313E-1,9.603963414634E-1,
4.338796907393E-2));
#471=CARTESIAN_POINT('',(-2.675030905320E-1,9.676626016260E-1,
9.607556263300E-2));
#472=CARTESIAN_POINT('',(-2.443180766662E-1,9.749288617886E-1,
1.452483892965E-1));
#473=CARTESIAN_POINT('',(-2.121950866465E-1,9.821951219512E-1,
1.891075418440E-1));
#474=CARTESIAN_POINT('',(-1.723092873802E-1,9.894613821138E-1,
2.260485051083E-1));
#475=CARTESIAN_POINT('',(-1.261198354213E-1,9.967276422764E-1,
2.547198545313E-1));
#476=CARTESIAN_POINT('',(-7.531649611921E-2,1.003993902439E0,
2.740726958153E-1));
#477=CARTESIAN_POINT('',(-2.175782632521E-2,1.011260162602E0,
2.833990370004E-1));
#478=CARTESIAN_POINT('',(3.259681786220E-2,1.018526422764E0,2.823576891895E-1));
#479=CARTESIAN_POINT('',(8.575896092670E-2,1.025792682927E0,2.709867483844E-1));
#480=CARTESIAN_POINT('',(1.357837530498E-1,1.033058943089E0,2.497022018062E-1));
#481=CARTESIAN_POINT('',(1.808411192522E-1,1.040325203252E0,2.192827096850E-1));
#482=CARTESIAN_POINT('',(2.192827096850E-1,1.047591463415E0,1.808411192522E-1));
#483=CARTESIAN_POINT('',(2.497022018062E-1,1.054857723577E0,1.357837530499E-1));
#484=CARTESIAN_POINT('',(2.709867483844E-1,1.062123983740E0,8.575896092670E-2));
#485=CARTESIAN_POINT('',(2.823576891895E-1,1.069390243902E0,3.259681786220E-2));
#486=CARTESIAN_POINT('',(2.833990370004E-1,1.076656504065E0,
-2.175782632521E-2));
#487=CARTESIAN_POINT('',(2.740726958153E-1,1.083922764228E0,
-7.531649611921E-2));
#488=CARTESIAN_POINT('',(2.547198545313E-1,1.091189024390E0,
-1.261198354213E-1));
#489=CARTESIAN_POINT('',(2.260485051083E-1,1.098455284553E0,
-1.723092873802E-1));
#490=CARTESIAN_POINT('',(1.891075418440E-1,1.105721544715E0,
-2.121950866464E-1));
#491=CARTESIAN_POINT('',(1.452483892965E-1,1.112987804878E0,
-2.443180766663E-1));
#492=CARTESIAN_POINT('',(9.607556263301E-2,1.120254065041E0,
-2.675030905315E-1));
#493=CARTESIAN_POINT('',(4.338796907393E-2,1.127520325203E0,
-2.809019425330E-1));
#494=CARTESIAN_POINT('',(-1.088690217772E-2,1.134786585366E0,
-2.840244576443E-1));
#495=CARTESIAN_POINT('',(-6.476349396765E-2,1.142052845528E0,
-2.767564037710E-1));
#496=CARTESIAN_POINT('',(-1.162708195425E-1,1.149319105691E0,
-2.593636707445E-1));
#497=CARTESIAN_POINT('',(-1.635245678678E-1,1.156585365854E0,
-2.324825431786E-1));
#498=CARTESIAN_POINT('',(-2.047960380569E-1,1.163851626016E0,
-1.970964230405E-1));
#499=CARTESIAN_POINT('',(-2.385753810579E-1,1.171117886179E0,
-1.544998535023E-1));
#500=CARTESIAN_POINT('',(-2.636268350051E-1,1.178384146341E0,
-1.062511602025E-1));
#501=CARTESIAN_POINT('',(-2.790339335399E-1,1.185650406504E0,
-5.411544245791E-2));
#502=CARTESIAN_POINT('',(-2.842330332301E-1,1.192916666667E0,0.E0));
#503=CARTESIAN_POINT('',(-2.790339335399E-1,1.200182926829E0,
5.411544245791E-2));
#504=CARTESIAN_POINT('',(-2.636268350051E-1,1.207449186992E0,
1.062511602025E-1));
#505=CARTESIAN_POINT('',(-2.385753810579E-1,1.214715447154E0,
1.544998535023E-1));
#506=CARTESIAN_POINT('',(-2.047960380569E-1,1.221981707317E0,
1.970964230405E-1));
#507=CARTESIAN_POINT('',(-1.635245678678E-1,1.229247967480E0,
2.324825431786E-1));
#508=CARTESIAN_POINT('',(-1.162708195425E-1,1.236514227642E0,
2.593636707445E-1));
#509=CARTESIAN_POINT('',(-6.476349396765E-2,1.243780487805E0,
2.767564037710E-1));
#510=CARTESIAN_POINT('',(-1.088690217772E-2,1.251046747967E0,
2.840244576443E-1));
#511=CARTESIAN_POINT('',(4.338796907393E-2,1.258313008130E0,2.809019425330E-1));
#512=CARTESIAN_POINT('',(9.607556263300E-2,1.265579268293E0,2.675030905315E-1));
#513=CARTESIAN_POINT('',(1.452483892965E-1,1.272845528455E0,2.443180766663E-1));
#514=CARTESIAN_POINT('',(1.891075418440E-1,1.280111788618E0,2.121950866464E-1));
#515=CARTESIAN_POINT('',(2.260485051083E-1,1.287378048780E0,1.723092873802E-1));
#516=CARTESIAN_POINT('',(2.547198545313E-1,1.294644308943E0,1.261198354213E-1));
#517=CARTESIAN_POINT('',(2.740726958153E-1,1.301910569106E0,7.531649611922E-2));
#518=CARTESIAN_POINT('',(2.833990370004E-1,1.309176829268E0,2.175782632521E-2));
#519=CARTESIAN_POINT('',(2.823576891895E-1,1.316443089431E0,
-3.259681786220E-2));
#520=CARTESIAN_POINT('',(2.709867483844E-1,1.323709349593E0,
-8.575896092670E-2));
#521=CARTESIAN_POINT('',(2.497022018062E-1,1.330975609756E0,
-1.357837530499E-1));
#522=CARTESIAN_POINT('',(2.192827096850E-1,1.338241869919E0,
-1.808411192522E-1));
#523=CARTESIAN_POINT('',(1.808411192522E-1,1.345508130081E0,
-2.192827096850E-1));
#524=CARTESIAN_POINT('',(1.357837530499E-1,1.352774390244E0,
-2.497022018062E-1));
#525=CARTESIAN_POINT('',(8.575896092670E-2,1.360040650407E0,
-2.709867483844E-1));
#526=CARTESIAN_POINT('',(3.259681786220E-2,1.367306910569E0,
-2.823576891895E-1));
#527=CARTESIAN_POINT('',(-2.175782632521E-2,1.374573170732E0,
-2.833990370004E-1));
#528=CARTESIAN_POINT('',(-7.531649611921E-2,1.381839430894E0,
-2.740726958153E-1));
#529=CARTESIAN_POINT('',(-1.261198354213E-1,1.389105691057E0,
-2.547198545313E-1));
#530=CARTESIAN_POINT('',(-1.723092873802E-1,1.396371951220E0,
-2.260485051083E-1));
#531=CARTESIAN_POINT('',(-2.121950866465E-1,1.403638211382E0,
-1.891075418440E-1));
#532=CARTESIAN_POINT('',(-2.443180766662E-1,1.410904471545E0,
-1.452483892965E-1));
#533=CARTESIAN_POINT('',(-2.675030905320E-1,1.418170731707E0,
-9.607556263301E-2));
#534=CARTESIAN_POINT('',(-2.809019425313E-1,1.425436991870E0,
-4.338796907393E-2));
#535=CARTESIAN_POINT('',(-2.840244576505E-1,1.432703252033E0,
1.088690217772E-2));
#536=CARTESIAN_POINT('',(-2.767564037477E-1,1.439969512195E0,
6.476349396765E-2));
#537=CARTESIAN_POINT('',(-2.593636708314E-1,1.447235772358E0,
1.162708195425E-1));
#538=CARTESIAN_POINT('',(-2.324825428544E-1,1.454502032520E0,
1.635245678678E-1));
#539=CARTESIAN_POINT('',(-1.970964242506E-1,1.461768292683E0,
2.047960380569E-1));
#540=CARTESIAN_POINT('',(-1.544998489861E-1,1.469034552846E0,
2.385753810579E-1));
#541=CARTESIAN_POINT('',(-1.062511770570E-1,1.476300813008E0,
2.636268350051E-1));
#542=CARTESIAN_POINT('',(-5.411537955583E-2,1.483567073171E0,
2.790339335399E-1));
#543=CARTESIAN_POINT('',(-1.803861635446E-2,1.488411246612E0,2.825E-1));
#544=CARTESIAN_POINT('',(0.E0,1.490833333333E0,2.825E-1));
#546=CURVE_STYLE('',#30,POSITIVE_LENGTH_MEASURE(2.E-2),#8);
#547=PRESENTATION_STYLE_ASSIGNMENT((#546));
#548=STYLED_ITEM('',(#547),#545);
#549=CARTESIAN_POINT('',(0.E0,8.95E-1,-1.925E-1));
#550=CARTESIAN_POINT('',(0.E0,8.996998333414E-1,-1.925E-1));
#551=CARTESIAN_POINT('',(0.E0,9.090985083378E-1,-1.940632068510E-1));
#552=CARTESIAN_POINT('',(0.E0,9.218751183809E-1,-2.004905843553E-1));
#553=CARTESIAN_POINT('',(0.E0,9.320078525065E-1,-2.106259846786E-1));
#554=CARTESIAN_POINT('',(0.E0,9.384302487829E-1,-2.233823919605E-1));
#555=CARTESIAN_POINT('',(0.E0,9.407848712493E-1,-2.375000267017E-1));
#556=CARTESIAN_POINT('',(0.E0,9.384302662201E-1,-2.516175012328E-1));
#557=CARTESIAN_POINT('',(0.E0,9.320079400745E-1,-2.643739087137E-1));
#558=CARTESIAN_POINT('',(0.E0,9.218751806921E-1,-2.745093513409E-1));
#559=CARTESIAN_POINT('',(0.E0,9.090988373338E-1,-2.809366778953E-1));
#560=CARTESIAN_POINT('',(0.E0,8.996999772374E-1,-2.825E-1));
#561=CARTESIAN_POINT('',(0.E0,8.95E-1,-2.825E-1));
#563=CURVE_STYLE('',#30,POSITIVE_LENGTH_MEASURE(2.E-2),#8);
#564=PRESENTATION_STYLE_ASSIGNMENT((#563));
#565=STYLED_ITEM('',(#564),#562);
#566=CARTESIAN_POINT('',(0.E0,8.95E-1,-1.925E-1));
#567=CARTESIAN_POINT('',(-1.362064382468E-2,8.976839339339E-1,-1.925E-1));
#568=CARTESIAN_POINT('',(-4.086139641977E-2,9.030518018018E-1,
-1.895978765089E-1));
#569=CARTESIAN_POINT('',(-7.988870363883E-2,9.111036036036E-1,
-1.767337332036E-1));
#570=CARTESIAN_POINT('',(-1.153297307467E-1,9.191554054054E-1,
-1.559360970751E-1));
#571=CARTESIAN_POINT('',(-1.455936920058E-1,9.272072072072E-1,
-1.281385640700E-1));
#572=CARTESIAN_POINT('',(-1.693220137970E-1,9.352590090090E-1,
-9.458895216060E-2));
#573=CARTESIAN_POINT('',(-1.854495535075E-1,9.433108108108E-1,
-5.679328739237E-2));
#574=CARTESIAN_POINT('',(-1.932523507969E-1,9.513626126126E-1,
-1.644819909434E-2));
#575=CARTESIAN_POINT('',(-1.923801425715E-1,9.594144144144E-1,
2.463524100051E-2));
#576=CARTESIAN_POINT('',(-1.828720816412E-1,9.674662162162E-1,
6.461281689992E-2));
#577=CARTESIAN_POINT('',(-1.651549803712E-1,9.755180180180E-1,
1.016899543269E-1));
#578=CARTESIAN_POINT('',(-1.400241509560E-1,9.835698198198E-1,
1.342022783012E-1));
#579=CARTESIAN_POINT('',(-1.086077043222E-1,9.916216216216E-1,
1.606903261373E-1));
#580=CARTESIAN_POINT('',(-7.231590974420E-2,9.996734234234E-1,
1.799650620262E-1));
#581=CARTESIAN_POINT('',(-3.277788853730E-2,1.007725225225E0,
1.911612522853E-1));
#582=CARTESIAN_POINT('',(8.231516421652E-3,1.015777027027E0,1.937763052843E-1));
#583=CARTESIAN_POINT('',(4.887141254224E-2,1.023828828829E0,1.876928325439E-1));
#584=CARTESIAN_POINT('',(8.731749430922E-2,1.031880630631E0,1.731839182482E-1));
#585=CARTESIAN_POINT('',(1.218439354853E-1,1.039932432432E0,1.509008606261E-1));
#586=CARTESIAN_POINT('',(1.509008606261E-1,1.047984234234E0,1.218439354853E-1));
#587=CARTESIAN_POINT('',(1.731839182482E-1,1.056036036036E0,8.731749430922E-2));
#588=CARTESIAN_POINT('',(1.876928325439E-1,1.064087837838E0,4.887141254224E-2));
#589=CARTESIAN_POINT('',(1.937763052843E-1,1.072139639640E0,8.231516421652E-3));
#590=CARTESIAN_POINT('',(1.911612522853E-1,1.080191441441E0,
-3.277788853729E-2));
#591=CARTESIAN_POINT('',(1.799650620262E-1,1.088243243243E0,
-7.231590974421E-2));
#592=CARTESIAN_POINT('',(1.606903261373E-1,1.096295045045E0,
-1.086077043221E-1));
#593=CARTESIAN_POINT('',(1.342022783012E-1,1.104346846847E0,
-1.400241509562E-1));
#594=CARTESIAN_POINT('',(1.016899543269E-1,1.112398648649E0,
-1.651549803707E-1));
#595=CARTESIAN_POINT('',(6.461281689993E-2,1.120450450450E0,
-1.828720816431E-1));
#596=CARTESIAN_POINT('',(2.463524100052E-2,1.128502252252E0,
-1.923801425644E-1));
#597=CARTESIAN_POINT('',(-1.644819909434E-2,1.136554054054E0,
-1.932523508234E-1));
#598=CARTESIAN_POINT('',(-5.679328739237E-2,1.144605855856E0,
-1.854495534085E-1));
#599=CARTESIAN_POINT('',(-9.458895216060E-2,1.152657657658E0,
-1.693220141665E-1));
#600=CARTESIAN_POINT('',(-1.281385640700E-1,1.160709459459E0,
-1.455936906268E-1));
#601=CARTESIAN_POINT('',(-1.559360970751E-1,1.168761261261E0,
-1.153297358934E-1));
#602=CARTESIAN_POINT('',(-1.767337332036E-1,1.176813063063E0,
-7.988868443125E-2));
#603=CARTESIAN_POINT('',(-1.895978765089E-1,1.184864864865E0,
-4.086146810346E-2));
#604=CARTESIAN_POINT('',(-1.939510617456E-1,1.192916666667E0,0.E0));
#605=CARTESIAN_POINT('',(-1.895978765089E-1,1.200968468468E0,
4.086146810345E-2));
#606=CARTESIAN_POINT('',(-1.767337332036E-1,1.209020270270E0,
7.988868443125E-2));
#607=CARTESIAN_POINT('',(-1.559360970751E-1,1.217072072072E0,
1.153297358934E-1));
#608=CARTESIAN_POINT('',(-1.281385640700E-1,1.225123873874E0,
1.455936906268E-1));
#609=CARTESIAN_POINT('',(-9.458895216060E-2,1.233175675676E0,
1.693220141665E-1));
#610=CARTESIAN_POINT('',(-5.679328739237E-2,1.241227477477E0,
1.854495534085E-1));
#611=CARTESIAN_POINT('',(-1.644819909434E-2,1.249279279279E0,
1.932523508234E-1));
#612=CARTESIAN_POINT('',(2.463524100051E-2,1.257331081081E0,1.923801425644E-1));
#613=CARTESIAN_POINT('',(6.461281689992E-2,1.265382882883E0,1.828720816431E-1));
#614=CARTESIAN_POINT('',(1.016899543269E-1,1.273434684685E0,1.651549803707E-1));
#615=CARTESIAN_POINT('',(1.342022783012E-1,1.281486486486E0,1.400241509562E-1));
#616=CARTESIAN_POINT('',(1.606903261373E-1,1.289538288288E0,1.086077043221E-1));
#617=CARTESIAN_POINT('',(1.799650620262E-1,1.297590090090E0,7.231590974421E-2));
#618=CARTESIAN_POINT('',(1.911612522853E-1,1.305641891892E0,3.277788853730E-2));
#619=CARTESIAN_POINT('',(1.937763052843E-1,1.313693693694E0,
-8.231516421651E-3));
#620=CARTESIAN_POINT('',(1.876928325439E-1,1.321745495495E0,
-4.887141254224E-2));
#621=CARTESIAN_POINT('',(1.731839182482E-1,1.329797297297E0,
-8.731749430922E-2));
#622=CARTESIAN_POINT('',(1.509008606261E-1,1.337849099099E0,
-1.218439354853E-1));
#623=CARTESIAN_POINT('',(1.218439354853E-1,1.345900900901E0,
-1.509008606261E-1));
#624=CARTESIAN_POINT('',(8.731749430922E-2,1.353952702703E0,
-1.731839182482E-1));
#625=CARTESIAN_POINT('',(4.887141254224E-2,1.362004504505E0,
-1.876928325439E-1));
#626=CARTESIAN_POINT('',(8.231516421655E-3,1.370056306306E0,
-1.937763052843E-1));
#627=CARTESIAN_POINT('',(-3.277788853730E-2,1.378108108108E0,
-1.911612522853E-1));
#628=CARTESIAN_POINT('',(-7.231590974419E-2,1.386159909910E0,
-1.799650620262E-1));
#629=CARTESIAN_POINT('',(-1.086077043222E-1,1.394211711712E0,
-1.606903261373E-1));
#630=CARTESIAN_POINT('',(-1.400241509560E-1,1.402263513514E0,
-1.342022783012E-1));
#631=CARTESIAN_POINT('',(-1.651549803712E-1,1.410315315315E0,
-1.016899543269E-1));
#632=CARTESIAN_POINT('',(-1.828720816412E-1,1.418367117117E0,
-6.461281689993E-2));
#633=CARTESIAN_POINT('',(-1.923801425715E-1,1.426418918919E0,
-2.463524100052E-2));
#634=CARTESIAN_POINT('',(-1.932523507969E-1,1.434470720721E0,
1.644819909434E-2));
#635=CARTESIAN_POINT('',(-1.854495535075E-1,1.442522522523E0,
5.679328739237E-2));
#636=CARTESIAN_POINT('',(-1.693220137970E-1,1.450574324324E0,
9.458895216060E-2));
#637=CARTESIAN_POINT('',(-1.455936920058E-1,1.458626126126E0,
1.281385640700E-1));
#638=CARTESIAN_POINT('',(-1.153297307467E-1,1.466677927928E0,
1.559360970751E-1));
#639=CARTESIAN_POINT('',(-7.988870363883E-2,1.474729729730E0,
1.767337332036E-1));
#640=CARTESIAN_POINT('',(-4.086139641977E-2,1.482781531532E0,
1.895978765089E-1));
#641=CARTESIAN_POINT('',(-1.362064382469E-2,1.488149399399E0,1.925E-1));
#642=CARTESIAN_POINT('',(0.E0,1.490833333333E0,1.925E-1));
#644=CURVE_STYLE('',#30,POSITIVE_LENGTH_MEASURE(2.E-2),#8);
#645=PRESENTATION_STYLE_ASSIGNMENT((#644));
#646=STYLED_ITEM('',(#645),#643);
#647=CARTESIAN_POINT('',(0.E0,1.490833333333E0,1.925E-1));
#648=CARTESIAN_POINT('',(0.E0,1.495533166675E0,1.925E-1));
#649=CARTESIAN_POINT('',(0.E0,1.504931841671E0,1.940632068510E-1));
#650=CARTESIAN_POINT('',(0.E0,1.517708451714E0,2.004905843553E-1));
#651=CARTESIAN_POINT('',(0.E0,1.527841185840E0,2.106259846786E-1));
#652=CARTESIAN_POINT('',(0.E0,1.534263582116E0,2.233823919605E-1));
#653=CARTESIAN_POINT('',(0.E0,1.536618204583E0,2.375000267017E-1));
#654=CARTESIAN_POINT('',(0.E0,1.534263599553E0,2.516175012328E-1));
#655=CARTESIAN_POINT('',(0.E0,1.527841273408E0,2.643739087137E-1));
#656=CARTESIAN_POINT('',(0.E0,1.517708514025E0,2.745093513409E-1));
#657=CARTESIAN_POINT('',(0.E0,1.504932170667E0,2.809366778953E-1));
#658=CARTESIAN_POINT('',(0.E0,1.495533310571E0,2.825E-1));
#659=CARTESIAN_POINT('',(0.E0,1.490833333333E0,2.825E-1));
#661=CURVE_STYLE('',#30,POSITIVE_LENGTH_MEASURE(2.E-2),#8);
#662=PRESENTATION_STYLE_ASSIGNMENT((#661));
#663=STYLED_ITEM('',(#662),#660);
#664=CARTESIAN_POINT('',(0.E0,1.490833333333E0,1.925E-1));
#665=CARTESIAN_POINT('',(1.343903524035E-2,1.493481481481E0,1.925E-1));
#666=CARTESIAN_POINT('',(4.031660546954E-2,1.498722839506E0,1.896750313130E-1));
#667=CARTESIAN_POINT('',(7.887133089060E-2,1.506420061728E0,1.771478692522E-1));
#668=CARTESIAN_POINT('',(1.139788937206E-1,1.513952469136E0,1.568784952554E-1));
#669=CARTESIAN_POINT('',(1.441050606247E-1,1.521320061728E0,1.297527782293E-1));
#670=CARTESIAN_POINT('',(1.679331372070E-1,1.528522839506E0,9.695624217176E-2));
#671=CARTESIAN_POINT('',(1.844217319185E-1,1.535560802469E0,5.992225308362E-2));
#672=CARTESIAN_POINT('',(1.928502114401E-1,1.542433950617E0,2.026937399684E-2));
#673=CARTESIAN_POINT('',(1.928502114715E-1,1.549142283951E0,
-2.026937399684E-2));
#674=CARTESIAN_POINT('',(1.844217318241E-1,1.555685802469E0,
-5.992225308361E-2));
#675=CARTESIAN_POINT('',(1.679331375529E-1,1.562064506173E0,
-9.695624217176E-2));
#676=CARTESIAN_POINT('',(1.441050593352E-1,1.568278395062E0,
-1.297527782293E-1));
#677=CARTESIAN_POINT('',(1.139788985326E-1,1.574327469136E0,
-1.568784952554E-1));
#678=CARTESIAN_POINT('',(7.887131293237E-2,1.580211728395E0,
-1.771478692522E-1));
#679=CARTESIAN_POINT('',(4.031667249054E-2,1.585931172840E0,
-1.896750313129E-1));
#680=CARTESIAN_POINT('',(0.E0,1.591485802469E0,-1.939124843435E-1));
#681=CARTESIAN_POINT('',(-4.031667249053E-2,1.596875617284E0,
-1.896750313130E-1));
#682=CARTESIAN_POINT('',(-7.887131293236E-2,1.602100617284E0,
-1.771478692522E-1));
#683=CARTESIAN_POINT('',(-1.139788985326E-1,1.607160802469E0,
-1.568784952554E-1));
#684=CARTESIAN_POINT('',(-1.441050593352E-1,1.612056172840E0,
-1.297527782293E-1));
#685=CARTESIAN_POINT('',(-1.679331375529E-1,1.616786728395E0,
-9.695624217176E-2));
#686=CARTESIAN_POINT('',(-1.844217318241E-1,1.621352469136E0,
-5.992225308362E-2));
#687=CARTESIAN_POINT('',(-1.928502114715E-1,1.625753395062E0,
-2.026937399684E-2));
#688=CARTESIAN_POINT('',(-1.928502114401E-1,1.629989506173E0,
2.026937399684E-2));
#689=CARTESIAN_POINT('',(-1.844217319185E-1,1.634060802469E0,
5.992225308361E-2));
#690=CARTESIAN_POINT('',(-1.679331372070E-1,1.637967283951E0,
9.695624217176E-2));
#691=CARTESIAN_POINT('',(-1.441050606247E-1,1.641708950617E0,
1.297527782293E-1));
#692=CARTESIAN_POINT('',(-1.139788937206E-1,1.645285802469E0,
1.568784952554E-1));
#693=CARTESIAN_POINT('',(-7.887133089060E-2,1.648697839506E0,
1.771478692522E-1));
#694=CARTESIAN_POINT('',(-4.031660546954E-2,1.651945061728E0,
1.896750313129E-1));
#695=CARTESIAN_POINT('',(-1.343903524036E-2,1.654E0,1.925E-1));
#696=CARTESIAN_POINT('',(0.E0,1.655E0,1.925E-1));
#698=CURVE_STYLE('',#30,POSITIVE_LENGTH_MEASURE(2.E-2),#8);
#699=PRESENTATION_STYLE_ASSIGNMENT((#698));
#700=STYLED_ITEM('',(#699),#697);
#701=CARTESIAN_POINT('',(0.E0,1.490833333333E0,2.825E-1));
#702=CARTESIAN_POINT('',(0.E0,1.486133356096E0,2.825E-1));
#703=CARTESIAN_POINT('',(0.E0,1.476734496E0,2.809366778953E-1));
#704=CARTESIAN_POINT('',(0.E0,1.463958152641E0,2.745093513409E-1));
#705=CARTESIAN_POINT('',(0.E0,1.453825393259E0,2.643739087137E-1));
#706=CARTESIAN_POINT('',(0.E0,1.447403067113E0,2.516175012328E-1));
#707=CARTESIAN_POINT('',(0.E0,1.445048462084E0,2.375000267017E-1));
#708=CARTESIAN_POINT('',(0.E0,1.447403084550E0,2.233823919605E-1));
#709=CARTESIAN_POINT('',(0.E0,1.453825480827E0,2.106259846786E-1));
#710=CARTESIAN_POINT('',(0.E0,1.463958214952E0,2.004905843553E-1));
#711=CARTESIAN_POINT('',(0.E0,1.476734824996E0,1.940632068510E-1));
#712=CARTESIAN_POINT('',(0.E0,1.486133499992E0,1.925E-1));
#713=CARTESIAN_POINT('',(0.E0,1.490833333333E0,1.925E-1));
#715=CURVE_STYLE('',#30,POSITIVE_LENGTH_MEASURE(2.E-2),#8);
#716=PRESENTATION_STYLE_ASSIGNMENT((#715));
#717=STYLED_ITEM('',(#716),#714);
#718=CARTESIAN_POINT('',(0.E0,1.490833333333E0,2.825E-1));
#719=CARTESIAN_POINT('',(1.792929140685E-2,1.493240740741E0,2.825E-1));
#720=CARTESIAN_POINT('',(5.378741879314E-2,1.498010152025E0,2.790759456100E-1));
#721=CARTESIAN_POINT('',(1.056309563046E-1,1.505028058361E0,2.638533322253E-1));
#722=CARTESIAN_POINT('',(1.536566183327E-1,1.511909754107E0,2.390943719509E-1));
#723=CARTESIAN_POINT('',(1.961287559519E-1,1.518655239261E0,2.056939181199E-1));
#724=CARTESIAN_POINT('',(2.315122823220E-1,1.525264513825E0,1.648591501577E-1));
#725=CARTESIAN_POINT('',(2.585283534854E-1,1.531737577798E0,1.180659429725E-1));
#726=CARTESIAN_POINT('',(2.762005358622E-1,1.538074431180E0,6.700552499047E-2));
#727=CARTESIAN_POINT('',(2.838901113741E-1,1.544275073972E0,1.352335275409E-2));
#728=CARTESIAN_POINT('',(2.813191585564E-1,1.550339506173E0,
-4.044758868557E-2));
#729=CARTESIAN_POINT('',(2.685805983883E-1,1.556267727783E0,
-9.295664888498E-2));
#730=CARTESIAN_POINT('',(2.461348356118E-1,1.562059738802E0,
-1.421060135975E-1));
#731=CARTESIAN_POINT('',(2.147931185790E-1,1.567715539231E0,
-1.861192967250E-1));
#732=CARTESIAN_POINT('',(1.756882186026E-1,1.573235129068E0,
-2.234057435398E-1));
#733=CARTESIAN_POINT('',(1.302334886547E-1,1.578618508315E0,
-2.526177247050E-1));
#734=CARTESIAN_POINT('',(8.007178110674E-2,1.583865676972E0,
-2.726994431103E-1));
#735=CARTESIAN_POINT('',(2.701607076462E-2,1.588976635037E0,
-2.829250931302E-1));
#736=CARTESIAN_POINT('',(-2.701607076461E-2,1.593951382512E0,
-2.829250931302E-1));
#737=CARTESIAN_POINT('',(-8.007178110673E-2,1.598789919396E0,
-2.726994431103E-1));
#738=CARTESIAN_POINT('',(-1.302334886547E-1,1.603492245689E0,
-2.526177247050E-1));
#739=CARTESIAN_POINT('',(-1.756882186026E-1,1.608058361392E0,
-2.234057435398E-1));
#740=CARTESIAN_POINT('',(-2.147931185790E-1,1.612488266503E0,
-1.861192967250E-1));
#741=CARTESIAN_POINT('',(-2.461348356118E-1,1.616781961024E0,
-1.421060135975E-1));
#742=CARTESIAN_POINT('',(-2.685805983883E-1,1.620939444955E0,
-9.295664888499E-2));
#743=CARTESIAN_POINT('',(-2.813191585564E-1,1.624960718294E0,
-4.044758868558E-2));
#744=CARTESIAN_POINT('',(-2.838901113741E-1,1.628845781043E0,
1.352335275409E-2));
#745=CARTESIAN_POINT('',(-2.762005358622E-1,1.632594633201E0,
6.700552499047E-2));
#746=CARTESIAN_POINT('',(-2.585283534854E-1,1.636207274768E0,
1.180659429725E-1));
#747=CARTESIAN_POINT('',(-2.315122823220E-1,1.639683705744E0,
1.648591501577E-1));
#748=CARTESIAN_POINT('',(-1.961287559519E-1,1.643023926130E0,
2.056939181199E-1));
#749=CARTESIAN_POINT('',(-1.536566183327E-1,1.646227935925E0,
2.390943719509E-1));
#750=CARTESIAN_POINT('',(-1.056309563046E-1,1.649295735129E0,
2.638533322253E-1));
#751=CARTESIAN_POINT('',(-5.378741879315E-2,1.652227323742E0,
2.790759456100E-1));
#752=CARTESIAN_POINT('',(-1.792929140685E-2,1.654090909091E0,2.825E-1));
#753=CARTESIAN_POINT('',(0.E0,1.655E0,2.825E-1));
#755=CURVE_STYLE('',#30,POSITIVE_LENGTH_MEASURE(2.E-2),#8);
#756=PRESENTATION_STYLE_ASSIGNMENT((#755));
#757=STYLED_ITEM('',(#756),#754);
#758=CARTESIAN_POINT('',(0.E0,1.655E0,2.825E-1));
#759=CARTESIAN_POINT('',(0.E0,1.650299912062E0,2.825E-1));
#760=CARTESIAN_POINT('',(0.E0,1.640900903429E0,2.809365902044E-1));
#761=CARTESIAN_POINT('',(0.E0,1.628124745097E0,2.745092828302E-1));
#762=CARTESIAN_POINT('',(0.E0,1.617991940911E0,2.643737846840E-1));
#763=CARTESIAN_POINT('',(0.E0,1.611569617873E0,2.516171401589E-1));
#764=CARTESIAN_POINT('',(0.E0,1.609215190408E0,2.375000039728E-1));
#765=CARTESIAN_POINT('',(0.E0,1.611569620493E0,2.233828439499E-1));
#766=CARTESIAN_POINT('',(0.E0,1.617991953763E0,2.106261996776E-1));
#767=CARTESIAN_POINT('',(0.E0,1.628124754228E0,2.004907078460E-1));
#768=CARTESIAN_POINT('',(0.E0,1.640900950522E0,1.940633933146E-1));
#769=CARTESIAN_POINT('',(0.E0,1.650299932641E0,1.925E-1));
#770=CARTESIAN_POINT('',(0.E0,1.655E0,1.925E-1));
#772=CURVE_STYLE('',#30,POSITIVE_LENGTH_MEASURE(2.E-2),#8);
#773=PRESENTATION_STYLE_ASSIGNMENT((#772));
#774=STYLED_ITEM('',(#773),#771);
#775=CARTESIAN_POINT('',(0.E0,1.655E0,2.825E-1));
#776=CARTESIAN_POINT('',(1.792929140685E-2,1.655909090909E0,2.825E-1));
#777=CARTESIAN_POINT('',(5.378741879314E-2,1.657727272727E0,2.790759456100E-1));
#778=CARTESIAN_POINT('',(1.056309563046E-1,1.660454545455E0,2.638533322253E-1));
#779=CARTESIAN_POINT('',(1.536566183327E-1,1.663181818182E0,2.390943719509E-1));
#780=CARTESIAN_POINT('',(1.961287559519E-1,1.665909090909E0,2.056939181199E-1));
#781=CARTESIAN_POINT('',(2.315122823220E-1,1.668636363636E0,1.648591501577E-1));
#782=CARTESIAN_POINT('',(2.585283534854E-1,1.671363636364E0,1.180659429725E-1));
#783=CARTESIAN_POINT('',(2.762005358622E-1,1.674090909091E0,6.700552499047E-2));
#784=CARTESIAN_POINT('',(2.838901113741E-1,1.676818181818E0,1.352335275409E-2));
#785=CARTESIAN_POINT('',(2.813191585564E-1,1.679545454545E0,
-4.044758868558E-2));
#786=CARTESIAN_POINT('',(2.685805983883E-1,1.682272727273E0,
-9.295664888498E-2));
#787=CARTESIAN_POINT('',(2.461348356118E-1,1.685E0,-1.421060135975E-1));
#788=CARTESIAN_POINT('',(2.147931185790E-1,1.687727272727E0,
-1.861192967250E-1));
#789=CARTESIAN_POINT('',(1.756882186026E-1,1.690454545455E0,
-2.234057435398E-1));
#790=CARTESIAN_POINT('',(1.302334886547E-1,1.693181818182E0,
-2.526177247050E-1));
#791=CARTESIAN_POINT('',(8.007178110674E-2,1.695909090909E0,
-2.726994431103E-1));
#792=CARTESIAN_POINT('',(2.701607076462E-2,1.698636363636E0,
-2.829250931302E-1));
#793=CARTESIAN_POINT('',(-2.701607076462E-2,1.701363636364E0,
-2.829250931302E-1));
#794=CARTESIAN_POINT('',(-8.007178110673E-2,1.704090909091E0,
-2.726994431103E-1));
#795=CARTESIAN_POINT('',(-1.302334886547E-1,1.706818181818E0,
-2.526177247050E-1));
#796=CARTESIAN_POINT('',(-1.756882186026E-1,1.709545454545E0,
-2.234057435398E-1));
#797=CARTESIAN_POINT('',(-2.147931185790E-1,1.712272727273E0,
-1.861192967250E-1));
#798=CARTESIAN_POINT('',(-2.461348356118E-1,1.715E0,-1.421060135975E-1));
#799=CARTESIAN_POINT('',(-2.685805983883E-1,1.717727272727E0,
-9.295664888499E-2));
#800=CARTESIAN_POINT('',(-2.813191585564E-1,1.720454545455E0,
-4.044758868558E-2));
#801=CARTESIAN_POINT('',(-2.838901113741E-1,1.723181818182E0,
1.352335275409E-2));
#802=CARTESIAN_POINT('',(-2.762005358622E-1,1.725909090909E0,
6.700552499047E-2));
#803=CARTESIAN_POINT('',(-2.585283534854E-1,1.728636363636E0,
1.180659429725E-1));
#804=CARTESIAN_POINT('',(-2.315122823220E-1,1.731363636364E0,
1.648591501577E-1));
#805=CARTESIAN_POINT('',(-1.961287559519E-1,1.734090909091E0,
2.056939181199E-1));
#806=CARTESIAN_POINT('',(-1.536566183327E-1,1.736818181818E0,
2.390943719509E-1));
#807=CARTESIAN_POINT('',(-1.056309563046E-1,1.739545454545E0,
2.638533322253E-1));
#808=CARTESIAN_POINT('',(-5.378741879315E-2,1.742272727273E0,
2.790759456100E-1));
#809=CARTESIAN_POINT('',(-1.792929140685E-2,1.744090909091E0,2.825E-1));
#810=CARTESIAN_POINT('',(0.E0,1.745E0,2.825E-1));
#812=CURVE_STYLE('',#30,POSITIVE_LENGTH_MEASURE(2.E-2),#8);
#813=PRESENTATION_STYLE_ASSIGNMENT((#812));
#814=STYLED_ITEM('',(#813),#811);
#815=CARTESIAN_POINT('',(0.E0,1.655E0,1.925E-1));
#816=CARTESIAN_POINT('',(0.E0,1.659700067359E0,1.925E-1));
#817=CARTESIAN_POINT('',(0.E0,1.669099049479E0,1.940633933147E-1));
#818=CARTESIAN_POINT('',(0.E0,1.681875245772E0,2.004907078461E-1));
#819=CARTESIAN_POINT('',(0.E0,1.692008046237E0,2.106261996776E-1));
#820=CARTESIAN_POINT('',(0.E0,1.698430379507E0,2.233828439508E-1));
#821=CARTESIAN_POINT('',(0.E0,1.700784809592E0,2.375000039727E-1));
#822=CARTESIAN_POINT('',(0.E0,1.698430382127E0,2.516171401583E-1));
#823=CARTESIAN_POINT('',(0.E0,1.692008059089E0,2.643737846840E-1));
#824=CARTESIAN_POINT('',(0.E0,1.681875254903E0,2.745092828302E-1));
#825=CARTESIAN_POINT('',(0.E0,1.669099096571E0,2.809365902044E-1));
#826=CARTESIAN_POINT('',(0.E0,1.659700087938E0,2.825E-1));
#827=CARTESIAN_POINT('',(0.E0,1.655E0,2.825E-1));
#829=CURVE_STYLE('',#30,POSITIVE_LENGTH_MEASURE(2.E-2),#8);
#830=PRESENTATION_STYLE_ASSIGNMENT((#829));
#831=STYLED_ITEM('',(#830),#828);
#832=CARTESIAN_POINT('',(0.E0,1.655E0,1.925E-1));
#833=CARTESIAN_POINT('',(1.343903524035E-2,1.656E0,1.925E-1));
#834=CARTESIAN_POINT('',(4.031660546953E-2,1.658E0,1.896750313130E-1));
#835=CARTESIAN_POINT('',(7.887133089059E-2,1.661E0,1.771478692522E-1));
#836=CARTESIAN_POINT('',(1.139788937206E-1,1.664E0,1.568784952554E-1));
#837=CARTESIAN_POINT('',(1.441050606247E-1,1.667E0,1.297527782293E-1));
#838=CARTESIAN_POINT('',(1.679331372070E-1,1.67E0,9.695624217176E-2));
#839=CARTESIAN_POINT('',(1.844217319185E-1,1.673E0,5.992225308362E-2));
#840=CARTESIAN_POINT('',(1.928502114401E-1,1.676E0,2.026937399684E-2));
#841=CARTESIAN_POINT('',(1.928502114715E-1,1.679E0,-2.026937399684E-2));
#842=CARTESIAN_POINT('',(1.844217318241E-1,1.682E0,-5.992225308361E-2));
#843=CARTESIAN_POINT('',(1.679331375529E-1,1.685E0,-9.695624217176E-2));
#844=CARTESIAN_POINT('',(1.441050593352E-1,1.688E0,-1.297527782293E-1));
#845=CARTESIAN_POINT('',(1.139788985326E-1,1.691E0,-1.568784952554E-1));
#846=CARTESIAN_POINT('',(7.887131293237E-2,1.694E0,-1.771478692522E-1));
#847=CARTESIAN_POINT('',(4.031667249054E-2,1.697E0,-1.896750313130E-1));
#848=CARTESIAN_POINT('',(0.E0,1.7E0,-1.939124843435E-1));
#849=CARTESIAN_POINT('',(-4.031667249054E-2,1.703E0,-1.896750313130E-1));
#850=CARTESIAN_POINT('',(-7.887131293236E-2,1.706E0,-1.771478692522E-1));
#851=CARTESIAN_POINT('',(-1.139788985326E-1,1.709E0,-1.568784952554E-1));
#852=CARTESIAN_POINT('',(-1.441050593352E-1,1.712E0,-1.297527782293E-1));
#853=CARTESIAN_POINT('',(-1.679331375529E-1,1.715E0,-9.695624217176E-2));
#854=CARTESIAN_POINT('',(-1.844217318241E-1,1.718E0,-5.992225308362E-2));
#855=CARTESIAN_POINT('',(-1.928502114715E-1,1.721E0,-2.026937399684E-2));
#856=CARTESIAN_POINT('',(-1.928502114401E-1,1.724E0,2.026937399684E-2));
#857=CARTESIAN_POINT('',(-1.844217319185E-1,1.727E0,5.992225308362E-2));
#858=CARTESIAN_POINT('',(-1.679331372070E-1,1.73E0,9.695624217176E-2));
#859=CARTESIAN_POINT('',(-1.441050606247E-1,1.733E0,1.297527782293E-1));
#860=CARTESIAN_POINT('',(-1.139788937206E-1,1.736E0,1.568784952554E-1));
#861=CARTESIAN_POINT('',(-7.887133089060E-2,1.739E0,1.771478692522E-1));
#862=CARTESIAN_POINT('',(-4.031660546954E-2,1.742E0,1.896750313130E-1));
#863=CARTESIAN_POINT('',(-1.343903524036E-2,1.744E0,1.925E-1));
#864=CARTESIAN_POINT('',(0.E0,1.745E0,1.925E-1));
#866=CURVE_STYLE('',#30,POSITIVE_LENGTH_MEASURE(2.E-2),#8);
#867=PRESENTATION_STYLE_ASSIGNMENT((#866));
#868=STYLED_ITEM('',(#867),#865);
#869=CARTESIAN_POINT('',(0.E0,1.745E0,1.925E-1));
#870=CARTESIAN_POINT('',(0.E0,1.749855195444E0,1.925E-1));
#871=CARTESIAN_POINT('',(0.E0,1.759049289320E0,1.940633933146E-1));
#872=CARTESIAN_POINT('',(0.E0,1.771897755021E0,2.004907078461E-1));
#873=CARTESIAN_POINT('',(0.E0,1.781998717551E0,2.106261996776E-1));
#874=CARTESIAN_POINT('',(0.E0,1.788429735318E0,2.233828439504E-1));
#875=CARTESIAN_POINT('',(0.E0,1.790785131686E0,2.375000039728E-1));
#876=CARTESIAN_POINT('',(0.E0,1.788429737938E0,2.516171401586E-1));
#877=CARTESIAN_POINT('',(0.E0,1.781998730419E0,2.643737846840E-1));
#878=CARTESIAN_POINT('',(0.E0,1.771897764073E0,2.745092828302E-1));
#879=CARTESIAN_POINT('',(0.E0,1.759049336615E0,2.809365902044E-1));
#880=CARTESIAN_POINT('',(0.E0,1.749855215591E0,2.825E-1));
#881=CARTESIAN_POINT('',(0.E0,1.745E0,2.825E-1));
#883=CURVE_STYLE('',#30,POSITIVE_LENGTH_MEASURE(2.E-2),#8);
#884=PRESENTATION_STYLE_ASSIGNMENT((#883));
#885=STYLED_ITEM('',(#884),#882);
#886=CARTESIAN_POINT('',(0.E0,1.745E0,2.825E-1));
#887=CARTESIAN_POINT('',(0.E0,1.740144784409E0,2.825E-1));
#888=CARTESIAN_POINT('',(0.E0,1.730950663385E0,2.809365902044E-1));
#889=CARTESIAN_POINT('',(0.E0,1.718102235927E0,2.745092828302E-1));
#890=CARTESIAN_POINT('',(0.E0,1.708001269581E0,2.643737846840E-1));
#891=CARTESIAN_POINT('',(0.E0,1.701570262062E0,2.516171401586E-1));
#892=CARTESIAN_POINT('',(0.E0,1.699214868314E0,2.375000039728E-1));
#893=CARTESIAN_POINT('',(0.E0,1.701570264682E0,2.233828439504E-1));
#894=CARTESIAN_POINT('',(0.E0,1.708001282449E0,2.106261996776E-1));
#895=CARTESIAN_POINT('',(0.E0,1.718102244979E0,2.004907078461E-1));
#896=CARTESIAN_POINT('',(0.E0,1.730950710680E0,1.940633933146E-1));
#897=CARTESIAN_POINT('',(0.E0,1.740144804556E0,1.925E-1));
#898=CARTESIAN_POINT('',(0.E0,1.745E0,1.925E-1));
#900=CURVE_STYLE('',#30,POSITIVE_LENGTH_MEASURE(2.E-2),#8);
#901=PRESENTATION_STYLE_ASSIGNMENT((#900));
#902=STYLED_ITEM('',(#901),#899);
#903=VERTEX_POINT('',#16);
#904=VERTEX_POINT('',#28);
#905=VERTEX_POINT('',#185);
#906=VERTEX_POINT('',#197);
#907=VERTEX_POINT('',#239);
#908=VERTEX_POINT('',#251);
#909=VERTEX_POINT('',#549);
#910=VERTEX_POINT('',#561);
#911=VERTEX_POINT('',#815);
#912=VERTEX_POINT('',#827);
#913=VERTEX_POINT('',#664);
#914=VERTEX_POINT('',#718);
#915=VERTEX_POINT('',#869);
#916=VERTEX_POINT('',#881);
#917=CARTESIAN_POINT('',(0.E0,4.5E-2,2.375E-1));
#918=DIRECTION('',(1.E0,0.E0,0.E0));
#919=DIRECTION('',(0.E0,0.E0,-1.E0));
#920=AXIS2_PLACEMENT_3D('',#917,#918,#919);
#921=PLANE('',#920);
#923=ORIENTED_EDGE('',*,*,#922,.T.);
#925=ORIENTED_EDGE('',*,*,#924,.T.);
#926=EDGE_LOOP('',(#923,#925));
#927=FACE_OUTER_BOUND('',#926,.F.);
#929=CARTESIAN_POINT('',(-2.413962567234E-2,4.022069120195E-2,
1.910848131232E-1));
#930=CARTESIAN_POINT('',(1.873835616207E-3,4.217069120195E-2,
1.943710775190E-1));
#931=CARTESIAN_POINT('',(5.524744161614E-2,4.607069120195E-2,
1.901692524779E-1));
#932=CARTESIAN_POINT('',(1.262312649660E-1,5.192069120195E-2,
1.525868353981E-1));
#933=CARTESIAN_POINT('',(1.764482368274E-1,5.777069120195E-2,
8.990491954895E-2));
#934=CARTESIAN_POINT('',(1.976419035908E-1,6.362069120195E-2,
1.243457692207E-2));
#935=CARTESIAN_POINT('',(1.863250919946E-1,6.947069120195E-2,
-6.708116556673E-2));
#936=CARTESIAN_POINT('',(1.443595837622E-1,7.532069120195E-2,
-1.355626696766E-1));
#937=CARTESIAN_POINT('',(7.864824426188E-2,8.117069120195E-2,
-1.817453707128E-1));
#938=CARTESIAN_POINT('',(0.E0,8.702069120195E-2,-1.980326391035E-1));
#939=CARTESIAN_POINT('',(-7.864824426188E-2,9.287069120195E-2,
-1.817453707128E-1));
#940=CARTESIAN_POINT('',(-1.443595837622E-1,9.872069120195E-2,
-1.355626696766E-1));
#941=CARTESIAN_POINT('',(-1.863250919946E-1,1.045706912020E-1,
-6.708116556673E-2));
#942=CARTESIAN_POINT('',(-1.976419035908E-1,1.104206912020E-1,
1.243457692207E-2));
#943=CARTESIAN_POINT('',(-1.764482368274E-1,1.162706912020E-1,
8.990491954895E-2));
#944=CARTESIAN_POINT('',(-1.262312649660E-1,1.221206912020E-1,
1.525868353981E-1));
#945=CARTESIAN_POINT('',(-5.524744161614E-2,1.279706912020E-1,
1.901692524779E-1));
#946=CARTESIAN_POINT('',(-1.873835616207E-3,1.318706912020E-1,
1.943710775190E-1));
#947=CARTESIAN_POINT('',(2.413962567234E-2,1.338206912020E-1,
1.910848131232E-1));
#948=CARTESIAN_POINT('',(-2.413100953852E-2,4.121240697576E-2,
1.910166094011E-1));
#949=CARTESIAN_POINT('',(1.873166789828E-3,4.316240697576E-2,
1.943017008336E-1));
#950=CARTESIAN_POINT('',(5.522772219891E-2,4.706240697576E-2,
1.901013755460E-1));
#951=CARTESIAN_POINT('',(1.261862093597E-1,5.291240697576E-2,
1.525323727229E-1));
#952=CARTESIAN_POINT('',(1.763852573246E-1,5.876240697576E-2,
8.987282987081E-2));
#953=CARTESIAN_POINT('',(1.975713594526E-1,6.461240697576E-2,
1.243013866026E-2));
#954=CARTESIAN_POINT('',(1.862585871553E-1,7.046240697576E-2,
-6.705722234958E-2));
#955=CARTESIAN_POINT('',(1.443080576321E-1,7.631240697576E-2,
-1.355142834207E-1));
#956=CARTESIAN_POINT('',(7.862017241824E-2,8.216240697576E-2,
-1.816805005091E-1));
#957=CARTESIAN_POINT('',(0.E0,8.801240697576E-2,-1.979619555005E-1));
#958=CARTESIAN_POINT('',(-7.862017241824E-2,9.386240697576E-2,
-1.816805005091E-1));
#959=CARTESIAN_POINT('',(-1.443080576321E-1,9.971240697576E-2,
-1.355142834207E-1));
#960=CARTESIAN_POINT('',(-1.862585871553E-1,1.055624069758E-1,
-6.705722234958E-2));
#961=CARTESIAN_POINT('',(-1.975713594526E-1,1.114124069758E-1,
1.243013866026E-2));
#962=CARTESIAN_POINT('',(-1.763852573246E-1,1.172624069758E-1,
8.987282987081E-2));
#963=CARTESIAN_POINT('',(-1.261862093597E-1,1.231124069758E-1,
1.525323727229E-1));
#964=CARTESIAN_POINT('',(-5.522772219891E-2,1.289624069758E-1,
1.901013755460E-1));
#965=CARTESIAN_POINT('',(-1.873166789828E-3,1.328624069758E-1,
1.943017008336E-1));
#966=CARTESIAN_POINT('',(2.413100953852E-2,1.348124069758E-1,
1.910166094011E-1));
#967=CARTESIAN_POINT('',(-2.407505478834E-2,5.396037786125E-2,
1.905736819453E-1));
#968=CARTESIAN_POINT('',(1.868823308897E-3,5.591037786125E-2,
1.938511559398E-1));
#969=CARTESIAN_POINT('',(5.509966069391E-2,5.981037786125E-2,
1.896605703257E-1));
#970=CARTESIAN_POINT('',(1.258936100049E-1,6.566037786125E-2,
1.521786821408E-1));
#971=CARTESIAN_POINT('',(1.759762569058E-1,7.151037786125E-2,
8.966443362716E-2));
#972=CARTESIAN_POINT('',(1.971132329062E-1,7.736037786125E-2,
1.240131577565E-2));
#973=CARTESIAN_POINT('',(1.858266925552E-1,8.321037786125E-2,
-6.690173071471E-2));
#974=CARTESIAN_POINT('',(1.439734375119E-1,8.906037786125E-2,
-1.352000542186E-1));
#975=CARTESIAN_POINT('',(7.843786872723E-2,9.491037786125E-2,
-1.812592215318E-1));
#976=CARTESIAN_POINT('',(0.E0,1.007603778612E-1,-1.975029232437E-1));
#977=CARTESIAN_POINT('',(-7.843786872723E-2,1.066103778612E-1,
-1.812592215318E-1));
#978=CARTESIAN_POINT('',(-1.439734375119E-1,1.124603778612E-1,
-1.352000542186E-1));
#979=CARTESIAN_POINT('',(-1.858266925552E-1,1.183103778612E-1,
-6.690173071471E-2));
#980=CARTESIAN_POINT('',(-1.971132329062E-1,1.241603778612E-1,
1.240131577565E-2));
#981=CARTESIAN_POINT('',(-1.759762569058E-1,1.300103778612E-1,
8.966443362716E-2));
#982=CARTESIAN_POINT('',(-1.258936100049E-1,1.358603778612E-1,
1.521786821408E-1));
#983=CARTESIAN_POINT('',(-5.509966069391E-2,1.417103778612E-1,
1.896605703257E-1));
#984=CARTESIAN_POINT('',(-1.868823308897E-3,1.456103778612E-1,
1.938511559398E-1));
#985=CARTESIAN_POINT('',(2.407505478834E-2,1.475603778612E-1,
1.905736819453E-1));
#986=CARTESIAN_POINT('',(-2.534707692524E-2,7.846252312011E-2,
2.006427739693E-1));
#987=CARTESIAN_POINT('',(1.967563878328E-3,8.041252312011E-2,
2.040934155645E-1));
#988=CARTESIAN_POINT('',(5.801088929775E-2,8.431252312011E-2,
1.996814174669E-1));
#989=CARTESIAN_POINT('',(1.325452857842E-1,9.016252312011E-2,
1.602191478490E-1));
#990=CARTESIAN_POINT('',(1.852740839023E-1,9.601252312011E-2,
9.440191586633E-2));
#991=CARTESIAN_POINT('',(2.075278466189E-1,1.018625231201E-1,
1.305654785433E-2));
#992=CARTESIAN_POINT('',(1.956449741183E-1,1.077125231201E-1,
-7.043652983415E-2));
#993=CARTESIAN_POINT('',(1.515803734566E-1,1.135625231201E-1,
-1.423434424014E-1));
#994=CARTESIAN_POINT('',(8.258218766107E-2,1.194125231201E-1,
-1.908361776108E-1));
#995=CARTESIAN_POINT('',(0.E0,1.252625231201E-1,-2.079381265144E-1));
#996=CARTESIAN_POINT('',(-8.258218766107E-2,1.311125231201E-1,
-1.908361776108E-1));
#997=CARTESIAN_POINT('',(-1.515803734566E-1,1.369625231201E-1,
-1.423434424014E-1));
#998=CARTESIAN_POINT('',(-1.956449741183E-1,1.428125231201E-1,
-7.043652983415E-2));
#999=CARTESIAN_POINT('',(-2.075278466189E-1,1.486625231201E-1,
1.305654785433E-2));
#1000=CARTESIAN_POINT('',(-1.852740839023E-1,1.545125231201E-1,
9.440191586633E-2));
#1001=CARTESIAN_POINT('',(-1.325452857842E-1,1.603625231201E-1,
1.602191478490E-1));
#1002=CARTESIAN_POINT('',(-5.801088929775E-2,1.662125231201E-1,
1.996814174669E-1));
#1003=CARTESIAN_POINT('',(-1.967563878328E-3,1.701125231201E-1,
2.040934155645E-1));
#1004=CARTESIAN_POINT('',(2.534707692524E-2,1.720625231201E-1,
2.006427739693E-1));
#1005=CARTESIAN_POINT('',(-2.976664297152E-2,9.306873843995E-2,
2.356272415622E-1));
#1006=CARTESIAN_POINT('',(2.310632175165E-3,9.501873843995E-2,
2.396795437937E-1));
#1007=CARTESIAN_POINT('',(6.812578173331E-2,9.891873843995E-2,
2.344982610546E-1));
#1008=CARTESIAN_POINT('',(1.556561417766E-1,1.047687384399E-1,
1.881552727081E-1));
#1009=CARTESIAN_POINT('',(2.175788365523E-1,1.106187384399E-1,
1.108620190686E-1));
#1010=CARTESIAN_POINT('',(2.437128089828E-1,1.164687384399E-1,
1.533311314621E-2));
#1011=CARTESIAN_POINT('',(2.297580155269E-1,1.223187384399E-1,
-8.271798132423E-2));
#1012=CARTESIAN_POINT('',(1.780102246693E-1,1.281687384399E-1,
-1.671627241988E-1));
#1013=CARTESIAN_POINT('',(9.698137987131E-2,1.340187384399E-1,
-2.241107478288E-1));
#1014=CARTESIAN_POINT('',(0.E0,1.398687384399E-1,-2.441946260856E-1));
#1015=CARTESIAN_POINT('',(-9.698137987131E-2,1.457187384399E-1,
-2.241107478288E-1));
#1016=CARTESIAN_POINT('',(-1.780102246693E-1,1.515687384399E-1,
-1.671627241988E-1));
#1017=CARTESIAN_POINT('',(-2.297580155269E-1,1.574187384399E-1,
-8.271798132423E-2));
#1018=CARTESIAN_POINT('',(-2.437128089828E-1,1.632687384399E-1,
1.533311314622E-2));
#1019=CARTESIAN_POINT('',(-2.175788365523E-1,1.691187384399E-1,
1.108620190686E-1));
#1020=CARTESIAN_POINT('',(-1.556561417766E-1,1.749687384399E-1,
1.881552727081E-1));
#1021=CARTESIAN_POINT('',(-6.812578173331E-2,1.808187384399E-1,
2.344982610546E-1));
#1022=CARTESIAN_POINT('',(-2.310632175165E-3,1.847187384399E-1,
2.396795437937E-1));
#1023=CARTESIAN_POINT('',(2.976664297152E-2,1.866687384399E-1,
2.356272415622E-1));
#1024=CARTESIAN_POINT('',(-3.418620901780E-2,7.846252312011E-2,
2.706117091551E-1));
#1025=CARTESIAN_POINT('',(2.653700472002E-3,8.041252312011E-2,
2.752656720229E-1));
#1026=CARTESIAN_POINT('',(7.824067416887E-2,8.431252312011E-2,
2.693151046422E-1));
#1027=CARTESIAN_POINT('',(1.787669977689E-1,9.016252312011E-2,
2.160913975672E-1));
#1028=CARTESIAN_POINT('',(2.498835892022E-1,9.601252312011E-2,
1.273221222710E-1));
#1029=CARTESIAN_POINT('',(2.798977713467E-1,1.018625231201E-1,
1.760967843810E-2));
#1030=CARTESIAN_POINT('',(2.638710569355E-1,1.077125231201E-1,
-9.499943281431E-2));
#1031=CARTESIAN_POINT('',(2.044400758820E-1,1.135625231201E-1,
-1.919820059962E-1));
#1032=CARTESIAN_POINT('',(1.113805720815E-1,1.194125231201E-1,
-2.573853180468E-1));
#1033=CARTESIAN_POINT('',(0.E0,1.252625231201E-1,-2.804511256567E-1));
#1034=CARTESIAN_POINT('',(-1.113805720815E-1,1.311125231201E-1,
-2.573853180468E-1));
#1035=CARTESIAN_POINT('',(-2.044400758820E-1,1.369625231201E-1,
-1.919820059962E-1));
#1036=CARTESIAN_POINT('',(-2.638710569355E-1,1.428125231201E-1,
-9.499943281431E-2));
#1037=CARTESIAN_POINT('',(-2.798977713467E-1,1.486625231201E-1,
1.760967843810E-2));
#1038=CARTESIAN_POINT('',(-2.498835892022E-1,1.545125231201E-1,
1.273221222710E-1));
#1039=CARTESIAN_POINT('',(-1.787669977689E-1,1.603625231201E-1,
2.160913975672E-1));
#1040=CARTESIAN_POINT('',(-7.824067416887E-2,1.662125231201E-1,
2.693151046422E-1));
#1041=CARTESIAN_POINT('',(-2.653700472002E-3,1.701125231201E-1,
2.752656720229E-1));
#1042=CARTESIAN_POINT('',(3.418620901780E-2,1.720625231201E-1,
2.706117091551E-1));
#1043=CARTESIAN_POINT('',(-3.545823115471E-2,5.396037786125E-2,
2.806808011791E-1));
#1044=CARTESIAN_POINT('',(2.752441041433E-3,5.591037786125E-2,
2.855079316476E-1));
#1045=CARTESIAN_POINT('',(8.115190277270E-2,5.981037786125E-2,
2.793359517835E-1));
#1046=CARTESIAN_POINT('',(1.854186735482E-1,6.566037786125E-2,
2.241318632754E-1));
#1047=CARTESIAN_POINT('',(2.591814161988E-1,7.151037786125E-2,
1.320596045101E-1));
#1048=CARTESIAN_POINT('',(2.903123850594E-1,7.736037786125E-2,
1.826491051678E-2));
#1049=CARTESIAN_POINT('',(2.736893384986E-1,8.321037786125E-2,
-9.853423193375E-2));
#1050=CARTESIAN_POINT('',(2.120470118268E-1,8.906037786125E-2,
-1.991253941791E-1));
#1051=CARTESIAN_POINT('',(1.155248910154E-1,9.491037786125E-2,
-2.669622741258E-1));
#1052=CARTESIAN_POINT('',(0.E0,1.007603778612E-1,-2.908863289274E-1));
#1053=CARTESIAN_POINT('',(-1.155248910154E-1,1.066103778612E-1,
-2.669622741258E-1));
#1054=CARTESIAN_POINT('',(-2.120470118268E-1,1.124603778612E-1,
-1.991253941791E-1));
#1055=CARTESIAN_POINT('',(-2.736893384986E-1,1.183103778612E-1,
-9.853423193375E-2));
#1056=CARTESIAN_POINT('',(-2.903123850594E-1,1.241603778612E-1,
1.826491051678E-2));
#1057=CARTESIAN_POINT('',(-2.591814161988E-1,1.300103778612E-1,
1.320596045101E-1));
#1058=CARTESIAN_POINT('',(-1.854186735482E-1,1.358603778612E-1,
2.241318632754E-1));
#1059=CARTESIAN_POINT('',(-8.115190277270E-2,1.417103778612E-1,
2.793359517835E-1));
#1060=CARTESIAN_POINT('',(-2.752441041433E-3,1.456103778612E-1,
2.855079316476E-1));
#1061=CARTESIAN_POINT('',(3.545823115471E-2,1.475603778612E-1,
2.806808011791E-1));
#1062=CARTESIAN_POINT('',(-3.540227640453E-2,4.121240697576E-2,
2.802378737233E-1));
#1063=CARTESIAN_POINT('',(2.748097560502E-3,4.316240697576E-2,
2.850573867538E-1));
#1064=CARTESIAN_POINT('',(8.102384126770E-2,4.706240697576E-2,
2.788951465631E-1));
#1065=CARTESIAN_POINT('',(1.851260741935E-1,5.291240697576E-2,
2.237781726933E-1));
#1066=CARTESIAN_POINT('',(2.587724157799E-1,5.876240697576E-2,
1.318512082665E-1));
#1067=CARTESIAN_POINT('',(2.898542585130E-1,6.461240697576E-2,
1.823608763217E-2));
#1068=CARTESIAN_POINT('',(2.732574438986E-1,7.046240697576E-2,
-9.837874029888E-2));
#1069=CARTESIAN_POINT('',(2.117123917065E-1,7.631240697576E-2,
-1.988111649769E-1));
#1070=CARTESIAN_POINT('',(1.153425873244E-1,8.216240697576E-2,
-2.665409951485E-1));
#1071=CARTESIAN_POINT('',(0.E0,8.801240697576E-2,-2.904272966707E-1));
#1072=CARTESIAN_POINT('',(-1.153425873244E-1,9.386240697576E-2,
-2.665409951485E-1));
#1073=CARTESIAN_POINT('',(-2.117123917065E-1,9.971240697576E-2,
-1.988111649769E-1));
#1074=CARTESIAN_POINT('',(-2.732574438986E-1,1.055624069758E-1,
-9.837874029888E-2));
#1075=CARTESIAN_POINT('',(-2.898542585130E-1,1.114124069758E-1,
1.823608763217E-2));
#1076=CARTESIAN_POINT('',(-2.587724157799E-1,1.172624069758E-1,
1.318512082665E-1));
#1077=CARTESIAN_POINT('',(-1.851260741935E-1,1.231124069758E-1,
2.237781726933E-1));
#1078=CARTESIAN_POINT('',(-8.102384126770E-2,1.289624069758E-1,
2.788951465631E-1));
#1079=CARTESIAN_POINT('',(-2.748097560502E-3,1.328624069758E-1,
2.850573867538E-1));
#1080=CARTESIAN_POINT('',(3.540227640453E-2,1.348124069758E-1,
2.802378737233E-1));
#1081=CARTESIAN_POINT('',(-3.539366027070E-2,4.022069120195E-2,
2.801696700012E-1));
#1082=CARTESIAN_POINT('',(2.747428734123E-3,4.217069120195E-2,
2.849880100684E-1));
#1083=CARTESIAN_POINT('',(8.100412185048E-2,4.607069120195E-2,
2.788272696312E-1));
#1084=CARTESIAN_POINT('',(1.850810185871E-1,5.192069120195E-2,
2.237237100180E-1));
#1085=CARTESIAN_POINT('',(2.587094362772E-1,5.777069120195E-2,
1.318191185883E-1));
#1086=CARTESIAN_POINT('',(2.897837143748E-1,6.362069120195E-2,
1.823164937036E-2));
#1087=CARTESIAN_POINT('',(2.731909390592E-1,6.947069120195E-2,
-9.835479708173E-2));
#1088=CARTESIAN_POINT('',(2.116608655765E-1,7.532069120195E-2,
-1.987627787211E-1));
#1089=CARTESIAN_POINT('',(1.153145154807E-1,8.117069120195E-2,
-2.664761249448E-1));
#1090=CARTESIAN_POINT('',(0.E0,8.702069120195E-2,-2.903566130676E-1));
#1091=CARTESIAN_POINT('',(-1.153145154807E-1,9.287069120195E-2,
-2.664761249448E-1));
#1092=CARTESIAN_POINT('',(-2.116608655765E-1,9.872069120195E-2,
-1.987627787211E-1));
#1093=CARTESIAN_POINT('',(-2.731909390592E-1,1.045706912020E-1,
-9.835479708172E-2));
#1094=CARTESIAN_POINT('',(-2.897837143748E-1,1.104206912020E-1,
1.823164937036E-2));
#1095=CARTESIAN_POINT('',(-2.587094362772E-1,1.162706912020E-1,
1.318191185883E-1));
#1096=CARTESIAN_POINT('',(-1.850810185871E-1,1.221206912020E-1,
2.237237100180E-1));
#1097=CARTESIAN_POINT('',(-8.100412185048E-2,1.279706912020E-1,
2.788272696312E-1));
#1098=CARTESIAN_POINT('',(-2.747428734123E-3,1.318706912020E-1,
2.849880100684E-1));
#1099=CARTESIAN_POINT('',(3.539366027070E-2,1.338206912020E-1,
2.801696700012E-1));
#1100=B_SPLINE_SURFACE_WITH_KNOTS('',3,3,((#929,#930,#931,#932,#933,#934,#935,
#936,#937,#938,#939,#940,#941,#942,#943,#944,#945,#946,#947),(#948,#949,#950,
#951,#952,#953,#954,#955,#956,#957,#958,#959,#960,#961,#962,#963,#964,#965,
#966),(#967,#968,#969,#970,#971,#972,#973,#974,#975,#976,#977,#978,#979,#980,
#981,#982,#983,#984,#985),(#986,#987,#988,#989,#990,#991,#992,#993,#994,#995,
#996,#997,#998,#999,#1000,#1001,#1002,#1003,#1004),(#1005,#1006,#1007,#1008,
#1009,#1010,#1011,#1012,#1013,#1014,#1015,#1016,#1017,#1018,#1019,#1020,#1021,
#1022,#1023),(#1024,#1025,#1026,#1027,#1028,#1029,#1030,#1031,#1032,#1033,#1034,
#1035,#1036,#1037,#1038,#1039,#1040,#1041,#1042),(#1043,#1044,#1045,#1046,#1047,
#1048,#1049,#1050,#1051,#1052,#1053,#1054,#1055,#1056,#1057,#1058,#1059,#1060,
#1061),(#1062,#1063,#1064,#1065,#1066,#1067,#1068,#1069,#1070,#1071,#1072,#1073,
#1074,#1075,#1076,#1077,#1078,#1079,#1080),(#1081,#1082,#1083,#1084,#1085,#1086,
#1087,#1088,#1089,#1090,#1091,#1092,#1093,#1094,#1095,#1096,#1097,#1098,#1099)),
.UNSPECIFIED.,.F.,.F.,.F.,(4,1,1,1,1,1,4),(4,1,1,1,1,1,1,1,1,1,1,1,1,1,1,1,4),(
-1.056854867632E-2,0.E0,1.25E-1,2.5E-1,3.75E-1,5.E-1,5.105685486763E-1),(-2.E-2,
4.5E-2,1.1E-1,1.75E-1,2.4E-1,3.05E-1,3.7E-1,4.35E-1,5.E-1,5.65E-1,6.3E-1,
6.95E-1,7.6E-1,8.25E-1,8.9E-1,9.55E-1,1.02E0),.UNSPECIFIED.);
#1101=ORIENTED_EDGE('',*,*,#922,.F.);
#1103=ORIENTED_EDGE('',*,*,#1102,.T.);
#1105=ORIENTED_EDGE('',*,*,#1104,.T.);
#1107=ORIENTED_EDGE('',*,*,#1106,.F.);
#1108=EDGE_LOOP('',(#1101,#1103,#1105,#1107));
#1109=FACE_OUTER_BOUND('',#1108,.F.);
#1111=CARTESIAN_POINT('',(-3.539366027070E-2,4.617930879805E-2,
2.801696700012E-1));
#1112=CARTESIAN_POINT('',(2.747428734123E-3,4.812930879805E-2,
2.849880100684E-1));
#1113=CARTESIAN_POINT('',(8.100412185048E-2,5.202930879805E-2,
2.788272696312E-1));
#1114=CARTESIAN_POINT('',(1.850810185871E-1,5.787930879805E-2,
2.237237100180E-1));
#1115=CARTESIAN_POINT('',(2.587094362772E-1,6.372930879805E-2,
1.318191185883E-1));
#1116=CARTESIAN_POINT('',(2.897837143748E-1,6.957930879805E-2,
1.823164937036E-2));
#1117=CARTESIAN_POINT('',(2.731909390592E-1,7.542930879805E-2,
-9.835479708173E-2));
#1118=CARTESIAN_POINT('',(2.116608655765E-1,8.127930879805E-2,
-1.987627787211E-1));
#1119=CARTESIAN_POINT('',(1.153145154807E-1,8.712930879805E-2,
-2.664761249448E-1));
#1120=CARTESIAN_POINT('',(0.E0,9.297930879805E-2,-2.903566130676E-1));
#1121=CARTESIAN_POINT('',(-1.153145154807E-1,9.882930879805E-2,
-2.664761249448E-1));
#1122=CARTESIAN_POINT('',(-2.116608655765E-1,1.046793087980E-1,
-1.987627787211E-1));
#1123=CARTESIAN_POINT('',(-2.731909390592E-1,1.105293087980E-1,
-9.835479708172E-2));
#1124=CARTESIAN_POINT('',(-2.897837143748E-1,1.163793087980E-1,
1.823164937036E-2));
#1125=CARTESIAN_POINT('',(-2.587094362772E-1,1.222293087980E-1,
1.318191185883E-1));
#1126=CARTESIAN_POINT('',(-1.850810185871E-1,1.280793087980E-1,
2.237237100180E-1));
#1127=CARTESIAN_POINT('',(-8.100412185048E-2,1.339293087980E-1,
2.788272696312E-1));
#1128=CARTESIAN_POINT('',(-2.747428734123E-3,1.378293087980E-1,
2.849880100684E-1));
#1129=CARTESIAN_POINT('',(3.539366027070E-2,1.397793087980E-1,
2.801696700012E-1));
#1130=CARTESIAN_POINT('',(-3.540227640453E-2,4.518759302424E-2,
2.802378737233E-1));
#1131=CARTESIAN_POINT('',(2.748097560502E-3,4.713759302424E-2,
2.850573867538E-1));
#1132=CARTESIAN_POINT('',(8.102384126770E-2,5.103759302424E-2,
2.788951465631E-1));
#1133=CARTESIAN_POINT('',(1.851260741935E-1,5.688759302424E-2,
2.237781726933E-1));
#1134=CARTESIAN_POINT('',(2.587724157799E-1,6.273759302424E-2,
1.318512082665E-1));
#1135=CARTESIAN_POINT('',(2.898542585130E-1,6.858759302424E-2,
1.823608763217E-2));
#1136=CARTESIAN_POINT('',(2.732574438986E-1,7.443759302424E-2,
-9.837874029888E-2));
#1137=CARTESIAN_POINT('',(2.117123917065E-1,8.028759302424E-2,
-1.988111649769E-1));
#1138=CARTESIAN_POINT('',(1.153425873244E-1,8.613759302424E-2,
-2.665409951485E-1));
#1139=CARTESIAN_POINT('',(0.E0,9.198759302424E-2,-2.904272966707E-1));
#1140=CARTESIAN_POINT('',(-1.153425873244E-1,9.783759302424E-2,
-2.665409951485E-1));
#1141=CARTESIAN_POINT('',(-2.117123917065E-1,1.036875930242E-1,
-1.988111649769E-1));
#1142=CARTESIAN_POINT('',(-2.732574438986E-1,1.095375930242E-1,
-9.837874029888E-2));
#1143=CARTESIAN_POINT('',(-2.898542585130E-1,1.153875930242E-1,
1.823608763217E-2));
#1144=CARTESIAN_POINT('',(-2.587724157799E-1,1.212375930242E-1,
1.318512082665E-1));
#1145=CARTESIAN_POINT('',(-1.851260741935E-1,1.270875930242E-1,
2.237781726933E-1));
#1146=CARTESIAN_POINT('',(-8.102384126770E-2,1.329375930242E-1,
2.788951465631E-1));
#1147=CARTESIAN_POINT('',(-2.748097560502E-3,1.368375930242E-1,
2.850573867538E-1));
#1148=CARTESIAN_POINT('',(3.540227640453E-2,1.387875930242E-1,
2.802378737233E-1));
#1149=CARTESIAN_POINT('',(-3.545823115471E-2,3.243962213875E-2,
2.806808011791E-1));
#1150=CARTESIAN_POINT('',(2.752441041433E-3,3.438962213875E-2,
2.855079316476E-1));
#1151=CARTESIAN_POINT('',(8.115190277270E-2,3.828962213875E-2,
2.793359517835E-1));
#1152=CARTESIAN_POINT('',(1.854186735482E-1,4.413962213875E-2,
2.241318632754E-1));
#1153=CARTESIAN_POINT('',(2.591814161988E-1,4.998962213875E-2,
1.320596045101E-1));
#1154=CARTESIAN_POINT('',(2.903123850594E-1,5.583962213875E-2,
1.826491051678E-2));
#1155=CARTESIAN_POINT('',(2.736893384986E-1,6.168962213875E-2,
-9.853423193375E-2));
#1156=CARTESIAN_POINT('',(2.120470118268E-1,6.753962213875E-2,
-1.991253941791E-1));
#1157=CARTESIAN_POINT('',(1.155248910154E-1,7.338962213875E-2,
-2.669622741258E-1));
#1158=CARTESIAN_POINT('',(0.E0,7.923962213875E-2,-2.908863289274E-1));
#1159=CARTESIAN_POINT('',(-1.155248910154E-1,8.508962213875E-2,
-2.669622741258E-1));
#1160=CARTESIAN_POINT('',(-2.120470118268E-1,9.093962213875E-2,
-1.991253941791E-1));
#1161=CARTESIAN_POINT('',(-2.736893384986E-1,9.678962213875E-2,
-9.853423193375E-2));
#1162=CARTESIAN_POINT('',(-2.903123850594E-1,1.026396221388E-1,
1.826491051678E-2));
#1163=CARTESIAN_POINT('',(-2.591814161988E-1,1.084896221388E-1,
1.320596045101E-1));
#1164=CARTESIAN_POINT('',(-1.854186735482E-1,1.143396221388E-1,
2.241318632754E-1));
#1165=CARTESIAN_POINT('',(-8.115190277270E-2,1.201896221388E-1,
2.793359517835E-1));
#1166=CARTESIAN_POINT('',(-2.752441041433E-3,1.240896221388E-1,
2.855079316476E-1));
#1167=CARTESIAN_POINT('',(3.545823115471E-2,1.260396221388E-1,
2.806808011791E-1));
#1168=CARTESIAN_POINT('',(-3.418620901780E-2,7.937476879895E-3,
2.706117091551E-1));
#1169=CARTESIAN_POINT('',(2.653700472002E-3,9.887476879895E-3,
2.752656720229E-1));
#1170=CARTESIAN_POINT('',(7.824067416887E-2,1.378747687989E-2,
2.693151046422E-1));
#1171=CARTESIAN_POINT('',(1.787669977689E-1,1.963747687989E-2,
2.160913975672E-1));
#1172=CARTESIAN_POINT('',(2.498835892022E-1,2.548747687989E-2,
1.273221222710E-1));
#1173=CARTESIAN_POINT('',(2.798977713467E-1,3.133747687989E-2,
1.760967843810E-2));
#1174=CARTESIAN_POINT('',(2.638710569355E-1,3.718747687989E-2,
-9.499943281431E-2));
#1175=CARTESIAN_POINT('',(2.044400758820E-1,4.303747687990E-2,
-1.919820059962E-1));
#1176=CARTESIAN_POINT('',(1.113805720815E-1,4.888747687989E-2,
-2.573853180468E-1));
#1177=CARTESIAN_POINT('',(0.E0,5.473747687990E-2,-2.804511256567E-1));
#1178=CARTESIAN_POINT('',(-1.113805720815E-1,6.058747687990E-2,
-2.573853180468E-1));
#1179=CARTESIAN_POINT('',(-2.044400758820E-1,6.643747687989E-2,
-1.919820059962E-1));
#1180=CARTESIAN_POINT('',(-2.638710569355E-1,7.228747687990E-2,
-9.499943281431E-2));
#1181=CARTESIAN_POINT('',(-2.798977713467E-1,7.813747687989E-2,
1.760967843809E-2));
#1182=CARTESIAN_POINT('',(-2.498835892022E-1,8.398747687990E-2,
1.273221222710E-1));
#1183=CARTESIAN_POINT('',(-1.787669977689E-1,8.983747687989E-2,
2.160913975672E-1));
#1184=CARTESIAN_POINT('',(-7.824067416887E-2,9.568747687990E-2,
2.693151046422E-1));
#1185=CARTESIAN_POINT('',(-2.653700472002E-3,9.958747687990E-2,
2.752656720229E-1));
#1186=CARTESIAN_POINT('',(3.418620901780E-2,1.015374768799E-1,
2.706117091551E-1));
#1187=CARTESIAN_POINT('',(-2.976664297152E-2,-6.668738439947E-3,
2.356272415622E-1));
#1188=CARTESIAN_POINT('',(2.310632175165E-3,-4.718738439947E-3,
2.396795437937E-1));
#1189=CARTESIAN_POINT('',(6.812578173331E-2,-8.187384399474E-4,
2.344982610546E-1));
#1190=CARTESIAN_POINT('',(1.556561417766E-1,5.031261560053E-3,
1.881552727081E-1));
#1191=CARTESIAN_POINT('',(2.175788365523E-1,1.088126156005E-2,
1.108620190686E-1));
#1192=CARTESIAN_POINT('',(2.437128089828E-1,1.673126156005E-2,
1.533311314622E-2));
#1193=CARTESIAN_POINT('',(2.297580155269E-1,2.258126156005E-2,
-8.271798132423E-2));
#1194=CARTESIAN_POINT('',(1.780102246693E-1,2.843126156005E-2,
-1.671627241988E-1));
#1195=CARTESIAN_POINT('',(9.698137987131E-2,3.428126156005E-2,
-2.241107478288E-1));
#1196=CARTESIAN_POINT('',(0.E0,4.013126156005E-2,-2.441946260856E-1));
#1197=CARTESIAN_POINT('',(-9.698137987131E-2,4.598126156005E-2,
-2.241107478288E-1));
#1198=CARTESIAN_POINT('',(-1.780102246693E-1,5.183126156005E-2,
-1.671627241988E-1));
#1199=CARTESIAN_POINT('',(-2.297580155269E-1,5.768126156005E-2,
-8.271798132423E-2));
#1200=CARTESIAN_POINT('',(-2.437128089828E-1,6.353126156005E-2,
1.533311314622E-2));
#1201=CARTESIAN_POINT('',(-2.175788365523E-1,6.938126156005E-2,
1.108620190686E-1));
#1202=CARTESIAN_POINT('',(-1.556561417766E-1,7.523126156005E-2,
1.881552727081E-1));
#1203=CARTESIAN_POINT('',(-6.812578173331E-2,8.108126156005E-2,
2.344982610546E-1));
#1204=CARTESIAN_POINT('',(-2.310632175165E-3,8.498126156005E-2,
2.396795437937E-1));
#1205=CARTESIAN_POINT('',(2.976664297152E-2,8.693126156005E-2,
2.356272415622E-1));
#1206=CARTESIAN_POINT('',(-2.534707692524E-2,7.937476879895E-3,
2.006427739693E-1));
#1207=CARTESIAN_POINT('',(1.967563878328E-3,9.887476879895E-3,
2.040934155645E-1));
#1208=CARTESIAN_POINT('',(5.801088929775E-2,1.378747687989E-2,
1.996814174669E-1));
#1209=CARTESIAN_POINT('',(1.325452857842E-1,1.963747687990E-2,
1.602191478490E-1));
#1210=CARTESIAN_POINT('',(1.852740839023E-1,2.548747687989E-2,
9.440191586633E-2));
#1211=CARTESIAN_POINT('',(2.075278466189E-1,3.133747687989E-2,
1.305654785433E-2));
#1212=CARTESIAN_POINT('',(1.956449741183E-1,3.718747687989E-2,
-7.043652983415E-2));
#1213=CARTESIAN_POINT('',(1.515803734566E-1,4.303747687989E-2,
-1.423434424014E-1));
#1214=CARTESIAN_POINT('',(8.258218766107E-2,4.888747687990E-2,
-1.908361776108E-1));
#1215=CARTESIAN_POINT('',(0.E0,5.473747687990E-2,-2.079381265144E-1));
#1216=CARTESIAN_POINT('',(-8.258218766107E-2,6.058747687990E-2,
-1.908361776108E-1));
#1217=CARTESIAN_POINT('',(-1.515803734566E-1,6.643747687989E-2,
-1.423434424014E-1));
#1218=CARTESIAN_POINT('',(-1.956449741183E-1,7.228747687990E-2,
-7.043652983415E-2));
#1219=CARTESIAN_POINT('',(-2.075278466189E-1,7.813747687989E-2,
1.305654785433E-2));
#1220=CARTESIAN_POINT('',(-1.852740839023E-1,8.398747687990E-2,
9.440191586633E-2));
#1221=CARTESIAN_POINT('',(-1.325452857842E-1,8.983747687989E-2,
1.602191478490E-1));
#1222=CARTESIAN_POINT('',(-5.801088929775E-2,9.568747687990E-2,
1.996814174669E-1));
#1223=CARTESIAN_POINT('',(-1.967563878328E-3,9.958747687990E-2,
2.040934155645E-1));
#1224=CARTESIAN_POINT('',(2.534707692524E-2,1.015374768799E-1,
2.006427739693E-1));
#1225=CARTESIAN_POINT('',(-2.407505478834E-2,3.243962213875E-2,
1.905736819453E-1));
#1226=CARTESIAN_POINT('',(1.868823308897E-3,3.438962213875E-2,
1.938511559398E-1));
#1227=CARTESIAN_POINT('',(5.509966069391E-2,3.828962213875E-2,
1.896605703257E-1));
#1228=CARTESIAN_POINT('',(1.258936100049E-1,4.413962213875E-2,
1.521786821408E-1));
#1229=CARTESIAN_POINT('',(1.759762569058E-1,4.998962213875E-2,
8.966443362716E-2));
#1230=CARTESIAN_POINT('',(1.971132329062E-1,5.583962213875E-2,
1.240131577565E-2));
#1231=CARTESIAN_POINT('',(1.858266925552E-1,6.168962213875E-2,
-6.690173071471E-2));
#1232=CARTESIAN_POINT('',(1.439734375119E-1,6.753962213875E-2,
-1.352000542186E-1));
#1233=CARTESIAN_POINT('',(7.843786872723E-2,7.338962213875E-2,
-1.812592215318E-1));
#1234=CARTESIAN_POINT('',(0.E0,7.923962213875E-2,-1.975029232437E-1));
#1235=CARTESIAN_POINT('',(-7.843786872723E-2,8.508962213875E-2,
-1.812592215318E-1));
#1236=CARTESIAN_POINT('',(-1.439734375119E-1,9.093962213875E-2,
-1.352000542186E-1));
#1237=CARTESIAN_POINT('',(-1.858266925552E-1,9.678962213875E-2,
-6.690173071471E-2));
#1238=CARTESIAN_POINT('',(-1.971132329062E-1,1.026396221388E-1,
1.240131577565E-2));
#1239=CARTESIAN_POINT('',(-1.759762569058E-1,1.084896221388E-1,
8.966443362716E-2));
#1240=CARTESIAN_POINT('',(-1.258936100049E-1,1.143396221388E-1,
1.521786821408E-1));
#1241=CARTESIAN_POINT('',(-5.509966069391E-2,1.201896221388E-1,
1.896605703256E-1));
#1242=CARTESIAN_POINT('',(-1.868823308897E-3,1.240896221388E-1,
1.938511559398E-1));
#1243=CARTESIAN_POINT('',(2.407505478834E-2,1.260396221388E-1,
1.905736819453E-1));
#1244=CARTESIAN_POINT('',(-2.413100953852E-2,4.518759302424E-2,
1.910166094011E-1));
#1245=CARTESIAN_POINT('',(1.873166789828E-3,4.713759302424E-2,
1.943017008336E-1));
#1246=CARTESIAN_POINT('',(5.522772219891E-2,5.103759302424E-2,
1.901013755460E-1));
#1247=CARTESIAN_POINT('',(1.261862093597E-1,5.688759302424E-2,
1.525323727229E-1));
#1248=CARTESIAN_POINT('',(1.763852573246E-1,6.273759302424E-2,
8.987282987081E-2));
#1249=CARTESIAN_POINT('',(1.975713594526E-1,6.858759302424E-2,
1.243013866026E-2));
#1250=CARTESIAN_POINT('',(1.862585871553E-1,7.443759302424E-2,
-6.705722234958E-2));
#1251=CARTESIAN_POINT('',(1.443080576321E-1,8.028759302424E-2,
-1.355142834207E-1));
#1252=CARTESIAN_POINT('',(7.862017241824E-2,8.613759302424E-2,
-1.816805005091E-1));
#1253=CARTESIAN_POINT('',(0.E0,9.198759302424E-2,-1.979619555005E-1));
#1254=CARTESIAN_POINT('',(-7.862017241824E-2,9.783759302424E-2,
-1.816805005091E-1));
#1255=CARTESIAN_POINT('',(-1.443080576321E-1,1.036875930242E-1,
-1.355142834207E-1));
#1256=CARTESIAN_POINT('',(-1.862585871553E-1,1.095375930242E-1,
-6.705722234958E-2));
#1257=CARTESIAN_POINT('',(-1.975713594526E-1,1.153875930242E-1,
1.243013866026E-2));
#1258=CARTESIAN_POINT('',(-1.763852573246E-1,1.212375930242E-1,
8.987282987081E-2));
#1259=CARTESIAN_POINT('',(-1.261862093597E-1,1.270875930242E-1,
1.525323727229E-1));
#1260=CARTESIAN_POINT('',(-5.522772219891E-2,1.329375930242E-1,
1.901013755460E-1));
#1261=CARTESIAN_POINT('',(-1.873166789828E-3,1.368375930242E-1,
1.943017008336E-1));
#1262=CARTESIAN_POINT('',(2.413100953852E-2,1.387875930242E-1,
1.910166094011E-1));
#1263=CARTESIAN_POINT('',(-2.413962567234E-2,4.617930879805E-2,
1.910848131232E-1));
#1264=CARTESIAN_POINT('',(1.873835616207E-3,4.812930879805E-2,
1.943710775190E-1));
#1265=CARTESIAN_POINT('',(5.524744161614E-2,5.202930879805E-2,
1.901692524779E-1));
#1266=CARTESIAN_POINT('',(1.262312649660E-1,5.787930879805E-2,
1.525868353981E-1));
#1267=CARTESIAN_POINT('',(1.764482368274E-1,6.372930879805E-2,
8.990491954895E-2));
#1268=CARTESIAN_POINT('',(1.976419035908E-1,6.957930879805E-2,
1.243457692207E-2));
#1269=CARTESIAN_POINT('',(1.863250919946E-1,7.542930879805E-2,
-6.708116556673E-2));
#1270=CARTESIAN_POINT('',(1.443595837622E-1,8.127930879805E-2,
-1.355626696766E-1));
#1271=CARTESIAN_POINT('',(7.864824426188E-2,8.712930879805E-2,
-1.817453707128E-1));
#1272=CARTESIAN_POINT('',(0.E0,9.297930879805E-2,-1.980326391035E-1));
#1273=CARTESIAN_POINT('',(-7.864824426188E-2,9.882930879805E-2,
-1.817453707128E-1));
#1274=CARTESIAN_POINT('',(-1.443595837622E-1,1.046793087980E-1,
-1.355626696766E-1));
#1275=CARTESIAN_POINT('',(-1.863250919946E-1,1.105293087980E-1,
-6.708116556673E-2));
#1276=CARTESIAN_POINT('',(-1.976419035908E-1,1.163793087980E-1,
1.243457692207E-2));
#1277=CARTESIAN_POINT('',(-1.764482368274E-1,1.222293087980E-1,
8.990491954895E-2));
#1278=CARTESIAN_POINT('',(-1.262312649660E-1,1.280793087980E-1,
1.525868353981E-1));
#1279=CARTESIAN_POINT('',(-5.524744161614E-2,1.339293087980E-1,
1.901692524779E-1));
#1280=CARTESIAN_POINT('',(-1.873835616207E-3,1.378293087980E-1,
1.943710775190E-1));
#1281=CARTESIAN_POINT('',(2.413962567234E-2,1.397793087980E-1,
1.910848131232E-1));
#1282=B_SPLINE_SURFACE_WITH_KNOTS('',3,3,((#1111,#1112,#1113,#1114,#1115,#1116,
#1117,#1118,#1119,#1120,#1121,#1122,#1123,#1124,#1125,#1126,#1127,#1128,#1129),(
#1130,#1131,#1132,#1133,#1134,#1135,#1136,#1137,#1138,#1139,#1140,#1141,#1142,
#1143,#1144,#1145,#1146,#1147,#1148),(#1149,#1150,#1151,#1152,#1153,#1154,#1155,
#1156,#1157,#1158,#1159,#1160,#1161,#1162,#1163,#1164,#1165,#1166,#1167),(#1168,
#1169,#1170,#1171,#1172,#1173,#1174,#1175,#1176,#1177,#1178,#1179,#1180,#1181,
#1182,#1183,#1184,#1185,#1186),(#1187,#1188,#1189,#1190,#1191,#1192,#1193,#1194,
#1195,#1196,#1197,#1198,#1199,#1200,#1201,#1202,#1203,#1204,#1205),(#1206,#1207,
#1208,#1209,#1210,#1211,#1212,#1213,#1214,#1215,#1216,#1217,#1218,#1219,#1220,
#1221,#1222,#1223,#1224),(#1225,#1226,#1227,#1228,#1229,#1230,#1231,#1232,#1233,
#1234,#1235,#1236,#1237,#1238,#1239,#1240,#1241,#1242,#1243),(#1244,#1245,#1246,
#1247,#1248,#1249,#1250,#1251,#1252,#1253,#1254,#1255,#1256,#1257,#1258,#1259,
#1260,#1261,#1262),(#1263,#1264,#1265,#1266,#1267,#1268,#1269,#1270,#1271,#1272,
#1273,#1274,#1275,#1276,#1277,#1278,#1279,#1280,#1281)),.UNSPECIFIED.,.F.,.F.,
.F.,(4,1,1,1,1,1,4),(4,1,1,1,1,1,1,1,1,1,1,1,1,1,1,1,4),(4.894314513237E-1,
5.E-1,6.25E-1,7.5E-1,8.75E-1,1.E0,1.010568548676E0),(-2.E-2,4.5E-2,1.1E-1,
1.75E-1,2.4E-1,3.05E-1,3.7E-1,4.35E-1,5.E-1,5.65E-1,6.3E-1,6.95E-1,7.6E-1,
8.25E-1,8.9E-1,9.55E-1,1.02E0),.UNSPECIFIED.);
#1283=ORIENTED_EDGE('',*,*,#924,.F.);
#1284=ORIENTED_EDGE('',*,*,#1106,.T.);
#1286=ORIENTED_EDGE('',*,*,#1285,.T.);
#1287=ORIENTED_EDGE('',*,*,#1102,.F.);
#1288=EDGE_LOOP('',(#1283,#1284,#1286,#1287));
#1289=FACE_OUTER_BOUND('',#1288,.F.);
#1291=CARTESIAN_POINT('',(-1.773648701301E-2,1.370864921738E-1,
2.818389117996E-1));
#1292=CARTESIAN_POINT('',(1.989396093977E-2,1.389674614396E-1,
2.842070445288E-1));
#1293=CARTESIAN_POINT('',(9.609716646187E-2,1.429303449433E-1,
2.736665471756E-1));
#1294=CARTESIAN_POINT('',(1.952038213784E-1,1.494775051149E-1,
2.145329211470E-1));
#1295=CARTESIAN_POINT('',(2.634040136709E-1,1.566275002028E-1,
1.214366003846E-1));
#1296=CARTESIAN_POINT('',(2.899061069129E-1,1.643803302068E-1,
9.115867354684E-3));
#1297=CARTESIAN_POINT('',(2.705132333872E-1,1.727359951270E-1,
-1.046480054749E-1));
#1298=CARTESIAN_POINT('',(2.082958178632E-1,1.816944949635E-1,
-2.018451759142E-1));
#1299=CARTESIAN_POINT('',(1.131033261182E-1,1.912558297160E-1,
-2.670884850920E-1));
#1300=CARTESIAN_POINT('',(5.590463367750E-6,2.014199993848E-1,
-2.900493429780E-1));
#1301=CARTESIAN_POINT('',(-1.130930302109E-1,2.121870039698E-1,
-2.670928448414E-1));
#1302=CARTESIAN_POINT('',(-2.082880369078E-1,2.235568434709E-1,
-2.018532052265E-1));
#1303=CARTESIAN_POINT('',(-2.705091991771E-1,2.355295178883E-1,
-1.046584332389E-1));
#1304=CARTESIAN_POINT('',(-2.899064580993E-1,2.481050272218E-1,
9.104691942694E-3));
#1305=CARTESIAN_POINT('',(-2.634086946571E-1,2.612833714715E-1,
1.214264465014E-1));
#1306=CARTESIAN_POINT('',(-1.952120911258E-1,2.750645506374E-1,
2.145253962003E-1));
#1307=CARTESIAN_POINT('',(-9.610771578728E-2,2.894485647195E-1,
2.736628425840E-1));
#1308=CARTESIAN_POINT('',(-1.990491664069E-2,2.994397973850E-1,
2.842062774381E-1));
#1309=CARTESIAN_POINT('',(1.772562257176E-2,3.045358862038E-1,
2.818395953027E-1));
#1310=CARTESIAN_POINT('',(-1.774080473388E-2,1.360947764E-1,2.819075218773E-1));
#1311=CARTESIAN_POINT('',(1.989880387007E-2,1.379757456658E-1,
2.842762310981E-1));
#1312=CARTESIAN_POINT('',(9.612056008773E-2,1.419386291695E-1,
2.737331677956E-1));
#1313=CARTESIAN_POINT('',(1.952513412516E-1,1.484857893411E-1,
2.145851464423E-1));
#1314=CARTESIAN_POINT('',(2.634681360084E-1,1.556357844290E-1,
1.214661625715E-1));
#1315=CARTESIAN_POINT('',(2.899766808460E-1,1.633886144330E-1,
9.118086495977E-3));
#1316=CARTESIAN_POINT('',(2.705790863734E-1,1.717442793532E-1,
-1.046734806932E-1));
#1317=CARTESIAN_POINT('',(2.083465248155E-1,1.807027791896E-1,
-2.018943125402E-1));
#1318=CARTESIAN_POINT('',(1.131308596761E-1,1.902641139422E-1,
-2.671535043670E-1));
#1319=CARTESIAN_POINT('',(5.591824294541E-6,2.004282836110E-1,
-2.901199517801E-1));
#1320=CARTESIAN_POINT('',(-1.131205612624E-1,2.111952881960E-1,
-2.671578651777E-1));
#1321=CARTESIAN_POINT('',(-2.083387419659E-1,2.225651276971E-1,
-2.019023438072E-1));
#1322=CARTESIAN_POINT('',(-2.705750511812E-1,2.345378021145E-1,
-1.046839109956E-1));
#1323=CARTESIAN_POINT('',(-2.899770321179E-1,2.471133114480E-1,
9.106908363477E-3));
#1324=CARTESIAN_POINT('',(-2.634728181341E-1,2.602916556977E-1,
1.214560062165E-1));
#1325=CARTESIAN_POINT('',(-1.952596130122E-1,2.740728348636E-1,
2.145776196637E-1));
#1326=CARTESIAN_POINT('',(-9.613111198124E-2,2.884568489457E-1,
2.737294623022E-1));
#1327=CARTESIAN_POINT('',(-1.990976223801E-2,2.984480816112E-1,
2.842754638207E-1));
#1328=CARTESIAN_POINT('',(1.772993764783E-2,3.035441704300E-1,
2.819082055468E-1));
#1329=CARTESIAN_POINT('',(-1.776884480355E-2,1.233468055145E-1,
2.823530882804E-1));
#1330=CARTESIAN_POINT('',(1.993025474590E-2,1.252277747803E-1,
2.847255413434E-1));
#1331=CARTESIAN_POINT('',(9.627248257615E-2,1.291906582840E-1,
2.741658142968E-1));
#1332=CARTESIAN_POINT('',(1.955599440063E-1,1.357378184556E-1,
2.149243070692E-1));
#1333=CARTESIAN_POINT('',(2.638845582058E-1,1.428878135435E-1,
1.216581448244E-1));
#1334=CARTESIAN_POINT('',(2.904350008860E-1,1.506406435475E-1,
9.132498005739E-3));
#1335=CARTESIAN_POINT('',(2.710067477194E-1,1.589963084677E-1,
-1.048389214235E-1));
#1336=CARTESIAN_POINT('',(2.086758250450E-1,1.679548083042E-1,
-2.022134147835E-1));
#1337=CARTESIAN_POINT('',(1.133096676408E-1,1.775161430567E-1,
-2.675757514402E-1));
#1338=CARTESIAN_POINT('',(5.600662402328E-6,1.876803127255E-1,
-2.905784982656E-1));
#1339=CARTESIAN_POINT('',(-1.132993529500E-1,1.984473173105E-1,
-2.675801191434E-1));
#1340=CARTESIAN_POINT('',(-2.086680298943E-1,2.098171568116E-1,
-2.022214587443E-1));
#1341=CARTESIAN_POINT('',(-2.710027061495E-1,2.217898312290E-1,
-1.048493682115E-1));
#1342=CARTESIAN_POINT('',(-2.904353527130E-1,2.343653405625E-1,
9.121302205743E-3));
#1343=CARTESIAN_POINT('',(-2.638892477318E-1,2.475436848122E-1,
1.216479724168E-1));
#1344=CARTESIAN_POINT('',(-1.955682288408E-1,2.613248639781E-1,
2.149167683943E-1));
#1345=CARTESIAN_POINT('',(-9.628305114735E-2,2.757088780602E-1,
2.741621029467E-1));
#1346=CARTESIAN_POINT('',(-1.994123043400E-2,2.857001107257E-1,
2.847247728532E-1));
#1347=CARTESIAN_POINT('',(1.775796054162E-2,2.907961995445E-1,
2.823537730305E-1));
#1348=CARTESIAN_POINT('',(-1.713140849606E-2,9.884466025569E-2,
2.722240049330E-1));
#1349=CARTESIAN_POINT('',(1.921528041116E-2,1.007256295215E-1,
2.745113490462E-1));
#1350=CARTESIAN_POINT('',(9.281882104189E-2,1.046885130251E-1,
2.643304397276E-1));
#1351=CARTESIAN_POINT('',(1.885444621346E-1,1.112356731968E-1,
2.072141515582E-1));
#1352=CARTESIAN_POINT('',(2.544180115481E-1,1.183856682846E-1,
1.172938026587E-1));
#1353=CARTESIAN_POINT('',(2.800159884754E-1,1.261384982887E-1,
8.804880432887E-3));
#1354=CARTESIAN_POINT('',(2.612847009302E-1,1.344941632089E-1,
-1.010779490197E-1));
#1355=CARTESIAN_POINT('',(2.011898264419E-1,1.434526630453E-1,
-1.949592475110E-1));
#1356=CARTESIAN_POINT('',(1.092448172275E-1,1.530139977979E-1,
-2.579767875876E-1));
#1357=CARTESIAN_POINT('',(5.399745257558E-6,1.631781674667E-1,
-2.801543380561E-1));
#1358=CARTESIAN_POINT('',(-1.092348725641E-1,1.739451720516E-1,
-2.579809986046E-1));
#1359=CARTESIAN_POINT('',(-2.011823109330E-1,1.853150115528E-1,
-1.949670029042E-1));
#1360=CARTESIAN_POINT('',(-2.612808043468E-1,1.972876859701E-1,
-1.010880210415E-1));
#1361=CARTESIAN_POINT('',(-2.800163276810E-1,2.098631953036E-1,
8.794086268983E-3));
#1362=CARTESIAN_POINT('',(-2.544225328429E-1,2.230415395534E-1,
1.172839951742E-1));
#1363=CARTESIAN_POINT('',(-1.885524497604E-1,2.368227187193E-1,
2.072068833242E-1));
#1364=CARTESIAN_POINT('',(-9.282901047810E-2,2.512067328013E-1,
2.643268615178E-1));
#1365=CARTESIAN_POINT('',(-1.922586235942E-2,2.611979654668E-1,
2.745106081247E-1));
#1366=CARTESIAN_POINT('',(1.712091469417E-2,2.662940542856E-1,
2.722246651185E-1));
#1367=CARTESIAN_POINT('',(-1.491667356378E-2,8.423844493585E-2,
2.370311010180E-1));
#1368=CARTESIAN_POINT('',(1.673114416690E-2,8.611941420164E-2,
2.390227390944E-1));
#1369=CARTESIAN_POINT('',(8.081927731598E-2,9.008229770529E-2,
2.301580096752E-1));
#1370=CARTESIAN_POINT('',(1.641695832871E-1,9.662945787695E-2,
1.804256700375E-1));
#1371=CARTESIAN_POINT('',(2.215270523658E-1,1.037794529648E-1,
1.021301526792E-1));
#1372=CARTESIAN_POINT('',(2.438157430946E-1,1.115322829688E-1,
7.666592458854E-3));
#1373=CARTESIAN_POINT('',(2.275060215791E-1,1.198879478890E-1,
-8.801067176520E-2));
#1374=CARTESIAN_POINT('',(1.751801649045E-1,1.288464477255E-1,
-1.697550702868E-1));
#1375=CARTESIAN_POINT('',(9.512173371455E-2,1.384077824780E-1,
-2.246257526555E-1));
#1376=CARTESIAN_POINT('',(4.701670464214E-6,1.485719521468E-1,
-2.439362069511E-1));
#1377=CARTESIAN_POINT('',(-9.511307468931E-2,1.593389567318E-1,
-2.246294192755E-1));
#1378=CARTESIAN_POINT('',(-1.751736209946E-1,1.707087962329E-1,
-1.697618230689E-1));
#1379=CARTESIAN_POINT('',(-2.275026287429E-1,1.826814706503E-1,
-8.801944168402E-2));
#1380=CARTESIAN_POINT('',(-2.438160384481E-1,1.952569799838E-1,
7.657193755917E-3));
#1381=CARTESIAN_POINT('',(-2.215309891512E-1,2.084353242335E-1,
1.021216130986E-1));
#1382=CARTESIAN_POINT('',(-1.641765382790E-1,2.222165033994E-1,
1.804193414351E-1));
#1383=CARTESIAN_POINT('',(-8.082814946993E-2,2.366005174815E-1,
2.301548940535E-1));
#1384=CARTESIAN_POINT('',(-1.674035808926E-2,2.465917501470E-1,
2.390220939587E-1));
#1385=CARTESIAN_POINT('',(1.490753639228E-2,2.516878389658E-1,
2.370316758552E-1));
#1386=CARTESIAN_POINT('',(-1.270193863149E-2,9.884466025569E-2,
2.018381971029E-1));
#1387=CARTESIAN_POINT('',(1.424700792264E-2,1.007256295215E-1,
2.035341291427E-1));
#1388=CARTESIAN_POINT('',(6.881973359006E-2,1.046885130251E-1,
1.959855796227E-1));
#1389=CARTESIAN_POINT('',(1.397947044396E-1,1.112356731968E-1,
1.536371885168E-1));
#1390=CARTESIAN_POINT('',(1.886360931836E-1,1.183856682846E-1,
8.696650269982E-2));
#1391=CARTESIAN_POINT('',(2.076154977139E-1,1.261384982887E-1,
6.528304484821E-3));
#1392=CARTESIAN_POINT('',(1.937273422279E-1,1.344941632089E-1,
-7.494339451073E-2));
#1393=CARTESIAN_POINT('',(1.491705033671E-1,1.434526630453E-1,
-1.445508930626E-1));
#1394=CARTESIAN_POINT('',(8.099865020157E-2,1.530139977979E-1,
-1.912747177233E-1));
#1395=CARTESIAN_POINT('',(4.003595670518E-6,1.631781674667E-1,
-2.077180758461E-1));
#1396=CARTESIAN_POINT('',(-8.099127681455E-2,1.739451720516E-1,
-1.912778399464E-1));
#1397=CARTESIAN_POINT('',(-1.491649310563E-1,1.853150115528E-1,
-1.445566432336E-1));
#1398=CARTESIAN_POINT('',(-1.937244531390E-1,1.972876859701E-1,
-7.495086232654E-2));
#1399=CARTESIAN_POINT('',(-2.076157492151E-1,2.098631953036E-1,
6.520301242851E-3));
#1400=CARTESIAN_POINT('',(-1.886394454596E-1,2.230415395534E-1,
8.695923102302E-2));
#1401=CARTESIAN_POINT('',(-1.398006267976E-1,2.368227187193E-1,
1.536317995460E-1));
#1402=CARTESIAN_POINT('',(-6.882728846177E-2,2.512067328013E-1,
1.959829265892E-1));
#1403=CARTESIAN_POINT('',(-1.425485381911E-2,2.611979654668E-1,
2.035335797926E-1));
#1404=CARTESIAN_POINT('',(1.269415809040E-2,2.662940542856E-1,
2.018386865918E-1));
#1405=CARTESIAN_POINT('',(-1.206450232400E-2,1.233468055145E-1,
1.917091137555E-1));
#1406=CARTESIAN_POINT('',(1.353203358790E-2,1.252277747803E-1,
1.933199368455E-1));
#1407=CARTESIAN_POINT('',(6.536607205581E-2,1.291906582840E-1,
1.861502050535E-1));
#1408=CARTESIAN_POINT('',(1.327792225680E-1,1.357378184556E-1,
1.459270330057E-1));
#1409=CARTESIAN_POINT('',(1.791695465259E-1,1.428878135435E-1,
8.260216053407E-2));
#1410=CARTESIAN_POINT('',(1.971964853033E-1,1.506406435475E-1,
6.200686911969E-3));
#1411=CARTESIAN_POINT('',(1.840052954387E-1,1.589963084677E-1,
-7.118242210695E-2));
#1412=CARTESIAN_POINT('',(1.416845047640E-1,1.679548083042E-1,
-1.372967257901E-1));
#1413=CARTESIAN_POINT('',(7.693379978825E-2,1.775161430567E-1,
-1.816757538707E-1));
#1414=CARTESIAN_POINT('',(3.802678526541E-6,1.876803127255E-1,
-1.972939156365E-1));
#1415=CARTESIAN_POINT('',(-7.692679642858E-2,1.984473173105E-1,
-1.816787194076E-1));
#1416=CARTESIAN_POINT('',(-1.416792120950E-1,2.098171568116E-1,
-1.373021873935E-1));
#1417=CARTESIAN_POINT('',(-1.840025513363E-1,2.217898312290E-1,
-7.118951515658E-2));
#1418=CARTESIAN_POINT('',(-1.971967241831E-1,2.343653405625E-1,
6.193085306092E-3));
#1419=CARTESIAN_POINT('',(-1.791727305707E-1,2.475436848122E-1,
8.259525378037E-2));
#1420=CARTESIAN_POINT('',(-1.327848477172E-1,2.613248639781E-1,
1.459219144759E-1));
#1421=CARTESIAN_POINT('',(-6.537324779252E-2,2.757088780602E-1,
1.861476851603E-1));
#1422=CARTESIAN_POINT('',(-1.353948574453E-2,2.857001107257E-1,
1.933194150642E-1));
#1423=CARTESIAN_POINT('',(1.205711224295E-2,2.907961995445E-1,
1.917095786799E-1));
#1424=CARTESIAN_POINT('',(-1.209254239367E-2,1.360947764E-1,1.921546801587E-1));
#1425=CARTESIAN_POINT('',(1.356348446374E-2,1.379757456658E-1,
1.937692470907E-1));
#1426=CARTESIAN_POINT('',(6.551799454422E-2,1.419386291695E-1,
1.865828515547E-1));
#1427=CARTESIAN_POINT('',(1.330878253227E-1,1.484857893411E-1,
1.462661936327E-1));
#1428=CARTESIAN_POINT('',(1.795859687232E-1,1.556357844290E-1,
8.279414278697E-2));
#1429=CARTESIAN_POINT('',(1.976548053432E-1,1.633886144330E-1,
6.215098421731E-3));
#1430=CARTESIAN_POINT('',(1.844329567848E-1,1.717442793532E-1,
-7.134786283725E-2));
#1431=CARTESIAN_POINT('',(1.420138049935E-1,1.807027791896E-1,
-1.376158280335E-1));
#1432=CARTESIAN_POINT('',(7.711260775299E-2,1.902641139422E-1,
-1.820980009439E-1));
#1433=CARTESIAN_POINT('',(3.811516633916E-6,2.004282836110E-1,
-1.977524621220E-1));
#1434=CARTESIAN_POINT('',(-7.710558811625E-2,2.111952881960E-1,
-1.821009733733E-1));
#1435=CARTESIAN_POINT('',(-1.420085000234E-1,2.225651276971E-1,
-1.376213023306E-1));
#1436=CARTESIAN_POINT('',(-1.844302063046E-1,2.345378021145E-1,
-7.135497237240E-2));
#1437=CARTESIAN_POINT('',(-1.976550447782E-1,2.471133114480E-1,
6.207479148357E-3));
#1438=CARTESIAN_POINT('',(-1.795891601683E-1,2.602916556977E-1,
8.278721998074E-2));
#1439=CARTESIAN_POINT('',(-1.330934635458E-1,2.740728348636E-1,
1.462610632065E-1));
#1440=CARTESIAN_POINT('',(-6.552518695863E-2,2.884568489457E-1,
1.865803258048E-1));
#1441=CARTESIAN_POINT('',(-1.357095394051E-2,2.984480816112E-1,
1.937687240967E-1));
#1442=CARTESIAN_POINT('',(1.208513513674E-2,3.035441704300E-1,
1.921551461636E-1));
#1443=CARTESIAN_POINT('',(-1.209686011454E-2,1.370864921738E-1,
1.922232902363E-1));
#1444=CARTESIAN_POINT('',(1.356832739403E-2,1.389674614396E-1,
1.938384336600E-1));
#1445=CARTESIAN_POINT('',(6.554138817008E-2,1.429303449433E-1,
1.866494721748E-1));
#1446=CARTESIAN_POINT('',(1.331353451959E-1,1.494775051149E-1,
1.463184189280E-1));
#1447=CARTESIAN_POINT('',(1.796500910608E-1,1.566275002028E-1,
8.282370497387E-2));
#1448=CARTESIAN_POINT('',(1.977253792764E-1,1.643803302068E-1,
6.217317563025E-3));
#1449=CARTESIAN_POINT('',(1.844988097709E-1,1.727359951270E-1,
-7.137333805548E-2));
#1450=CARTESIAN_POINT('',(1.420645119458E-1,1.816944949635E-1,
-1.376649646595E-1));
#1451=CARTESIAN_POINT('',(7.714014131087E-2,1.912558297160E-1,
-1.821630202189E-1));
#1452=CARTESIAN_POINT('',(3.812877560707E-6,2.014199993848E-1,
-1.978230709242E-1));
#1453=CARTESIAN_POINT('',(-7.713311916772E-2,2.121870039698E-1,
-1.821659937096E-1));
#1454=CARTESIAN_POINT('',(-1.420592050815E-1,2.235568434709E-1,
-1.376704409113E-1));
#1455=CARTESIAN_POINT('',(-1.844960583087E-1,2.355295178883E-1,
-7.138045012914E-2));
#1456=CARTESIAN_POINT('',(-1.977256187968E-1,2.481050272218E-1,
6.209695569139E-3));
#1457=CARTESIAN_POINT('',(-1.796532836454E-1,2.612833714715E-1,
8.281677969580E-2));
#1458=CARTESIAN_POINT('',(-1.331409854322E-1,2.750645506374E-1,
1.463132866699E-1));
#1459=CARTESIAN_POINT('',(-6.554858315259E-2,2.894485647195E-1,
1.866469455230E-1));
#1460=CARTESIAN_POINT('',(-1.357579953784E-2,2.994397973850E-1,
1.938379104792E-1));
#1461=CARTESIAN_POINT('',(1.208945021280E-2,3.045358862038E-1,
1.922237564077E-1));
#1462=B_SPLINE_SURFACE_WITH_KNOTS('',3,3,((#1291,#1292,#1293,#1294,#1295,#1296,
#1297,#1298,#1299,#1300,#1301,#1302,#1303,#1304,#1305,#1306,#1307,#1308,#1309),(
#1310,#1311,#1312,#1313,#1314,#1315,#1316,#1317,#1318,#1319,#1320,#1321,#1322,
#1323,#1324,#1325,#1326,#1327,#1328),(#1329,#1330,#1331,#1332,#1333,#1334,#1335,
#1336,#1337,#1338,#1339,#1340,#1341,#1342,#1343,#1344,#1345,#1346,#1347),(#1348,
#1349,#1350,#1351,#1352,#1353,#1354,#1355,#1356,#1357,#1358,#1359,#1360,#1361,
#1362,#1363,#1364,#1365,#1366),(#1367,#1368,#1369,#1370,#1371,#1372,#1373,#1374,
#1375,#1376,#1377,#1378,#1379,#1380,#1381,#1382,#1383,#1384,#1385),(#1386,#1387,
#1388,#1389,#1390,#1391,#1392,#1393,#1394,#1395,#1396,#1397,#1398,#1399,#1400,
#1401,#1402,#1403,#1404),(#1405,#1406,#1407,#1408,#1409,#1410,#1411,#1412,#1413,
#1414,#1415,#1416,#1417,#1418,#1419,#1420,#1421,#1422,#1423),(#1424,#1425,#1426,
#1427,#1428,#1429,#1430,#1431,#1432,#1433,#1434,#1435,#1436,#1437,#1438,#1439,
#1440,#1441,#1442),(#1443,#1444,#1445,#1446,#1447,#1448,#1449,#1450,#1451,#1452,
#1453,#1454,#1455,#1456,#1457,#1458,#1459,#1460,#1461)),.UNSPECIFIED.,.F.,.F.,
.F.,(4,1,1,1,1,1,4),(4,1,1,1,1,1,1,1,1,1,1,1,1,1,1,1,4),(4.894314513237E-1,
5.E-1,6.25E-1,7.5E-1,8.75E-1,1.E0,1.010568548676E0),(6.220336894367E0,
6.620889618395E0,7.021442342423E0,7.421995066450E0,7.822547790478E0,
8.223100514506E0,8.623653238534E0,9.024205962561E0,9.424758686589E0,
9.825311410617E0,1.022586413464E1,1.062641685867E1,1.102696958270E1,
1.142752230673E1,1.182807503076E1,1.222862775478E1,1.262918047881E1),
.UNSPECIFIED.);
#1463=ORIENTED_EDGE('',*,*,#1285,.F.);
#1465=ORIENTED_EDGE('',*,*,#1464,.T.);
#1467=ORIENTED_EDGE('',*,*,#1466,.T.);
#1469=ORIENTED_EDGE('',*,*,#1468,.F.);
#1470=EDGE_LOOP('',(#1463,#1465,#1467,#1469));
#1471=FACE_OUTER_BOUND('',#1470,.F.);
#1473=CARTESIAN_POINT('',(-1.209686011454E-2,1.311278745777E-1,
1.922232902363E-1));
#1474=CARTESIAN_POINT('',(1.356832739403E-2,1.330088438435E-1,
1.938384336600E-1));
#1475=CARTESIAN_POINT('',(6.554138817008E-2,1.369717273472E-1,
1.866494721748E-1));
#1476=CARTESIAN_POINT('',(1.331353451959E-1,1.435188875188E-1,
1.463184189280E-1));
#1477=CARTESIAN_POINT('',(1.796500910608E-1,1.506688826067E-1,
8.282370497387E-2));
#1478=CARTESIAN_POINT('',(1.977253792764E-1,1.584217126107E-1,
6.217317563025E-3));
#1479=CARTESIAN_POINT('',(1.844988097709E-1,1.667773775309E-1,
-7.137333805548E-2));
#1480=CARTESIAN_POINT('',(1.420645119458E-1,1.757358773674E-1,
-1.376649646595E-1));
#1481=CARTESIAN_POINT('',(7.714014131086E-2,1.852972121199E-1,
-1.821630202189E-1));
#1482=CARTESIAN_POINT('',(3.812877560599E-6,1.954613817887E-1,
-1.978230709242E-1));
#1483=CARTESIAN_POINT('',(-7.713311916772E-2,2.062283863737E-1,
-1.821659937096E-1));
#1484=CARTESIAN_POINT('',(-1.420592050815E-1,2.175982258748E-1,
-1.376704409113E-1));
#1485=CARTESIAN_POINT('',(-1.844960583087E-1,2.295709002922E-1,
-7.138045012914E-2));
#1486=CARTESIAN_POINT('',(-1.977256187968E-1,2.421464096257E-1,
6.209695569139E-3));
#1487=CARTESIAN_POINT('',(-1.796532836454E-1,2.553247538754E-1,
8.281677969580E-2));
#1488=CARTESIAN_POINT('',(-1.331409854322E-1,2.691059330413E-1,
1.463132866699E-1));
#1489=CARTESIAN_POINT('',(-6.554858315259E-2,2.834899471234E-1,
1.866469455230E-1));
#1490=CARTESIAN_POINT('',(-1.357579953784E-2,2.934811797889E-1,
1.938379104792E-1));
#1491=CARTESIAN_POINT('',(1.208945021280E-2,2.985772686077E-1,
1.922237564077E-1));
#1492=CARTESIAN_POINT('',(-1.209254239367E-2,1.321195903516E-1,
1.921546801587E-1));
#1493=CARTESIAN_POINT('',(1.356348446374E-2,1.340005596173E-1,
1.937692470907E-1));
#1494=CARTESIAN_POINT('',(6.551799454422E-2,1.379634431210E-1,
1.865828515547E-1));
#1495=CARTESIAN_POINT('',(1.330878253227E-1,1.445106032927E-1,
1.462661936327E-1));
#1496=CARTESIAN_POINT('',(1.795859687232E-1,1.516605983805E-1,
8.279414278697E-2));
#1497=CARTESIAN_POINT('',(1.976548053432E-1,1.594134283845E-1,
6.215098421731E-3));
#1498=CARTESIAN_POINT('',(1.844329567848E-1,1.677690933048E-1,
-7.134786283725E-2));
#1499=CARTESIAN_POINT('',(1.420138049935E-1,1.767275931412E-1,
-1.376158280335E-1));
#1500=CARTESIAN_POINT('',(7.711260775299E-2,1.862889278938E-1,
-1.820980009439E-1));
#1501=CARTESIAN_POINT('',(3.811516633811E-6,1.964530975625E-1,
-1.977524621220E-1));
#1502=CARTESIAN_POINT('',(-7.710558811625E-2,2.072201021475E-1,
-1.821009733733E-1));
#1503=CARTESIAN_POINT('',(-1.420085000234E-1,2.185899416486E-1,
-1.376213023306E-1));
#1504=CARTESIAN_POINT('',(-1.844302063046E-1,2.305626160660E-1,
-7.135497237240E-2));
#1505=CARTESIAN_POINT('',(-1.976550447782E-1,2.431381253995E-1,
6.207479148357E-3));
#1506=CARTESIAN_POINT('',(-1.795891601683E-1,2.563164696492E-1,
8.278721998074E-2));
#1507=CARTESIAN_POINT('',(-1.330934635458E-1,2.700976488151E-1,
1.462610632065E-1));
#1508=CARTESIAN_POINT('',(-6.552518695863E-2,2.844816628972E-1,
1.865803258048E-1));
#1509=CARTESIAN_POINT('',(-1.357095394051E-2,2.944728955627E-1,
1.937687240967E-1));
#1510=CARTESIAN_POINT('',(1.208513513674E-2,2.995689843815E-1,
1.921551461636E-1));
#1511=CARTESIAN_POINT('',(-1.206450232400E-2,1.448675612370E-1,
1.917091137555E-1));
#1512=CARTESIAN_POINT('',(1.353203358790E-2,1.467485305028E-1,
1.933199368455E-1));
#1513=CARTESIAN_POINT('',(6.536607205581E-2,1.507114140065E-1,
1.861502050535E-1));
#1514=CARTESIAN_POINT('',(1.327792225680E-1,1.572585741781E-1,
1.459270330057E-1));
#1515=CARTESIAN_POINT('',(1.791695465259E-1,1.644085692660E-1,
8.260216053407E-2));
#1516=CARTESIAN_POINT('',(1.971964853033E-1,1.721613992700E-1,
6.200686911969E-3));
#1517=CARTESIAN_POINT('',(1.840052954387E-1,1.805170641902E-1,
-7.118242210695E-2));
#1518=CARTESIAN_POINT('',(1.416845047640E-1,1.894755640267E-1,
-1.372967257901E-1));
#1519=CARTESIAN_POINT('',(7.693379978825E-2,1.990368987792E-1,
-1.816757538707E-1));
#1520=CARTESIAN_POINT('',(3.802678527146E-6,2.092010684480E-1,
-1.972939156365E-1));
#1521=CARTESIAN_POINT('',(-7.692679642858E-2,2.199680730330E-1,
-1.816787194076E-1));
#1522=CARTESIAN_POINT('',(-1.416792120950E-1,2.313379125341E-1,
-1.373021873935E-1));
#1523=CARTESIAN_POINT('',(-1.840025513363E-1,2.433105869515E-1,
-7.118951515658E-2));
#1524=CARTESIAN_POINT('',(-1.971967241831E-1,2.558860962850E-1,
6.193085306092E-3));
#1525=CARTESIAN_POINT('',(-1.791727305707E-1,2.690644405347E-1,
8.259525378037E-2));
#1526=CARTESIAN_POINT('',(-1.327848477172E-1,2.828456197006E-1,
1.459219144759E-1));
#1527=CARTESIAN_POINT('',(-6.537324779252E-2,2.972296337827E-1,
1.861476851603E-1));
#1528=CARTESIAN_POINT('',(-1.353948574453E-2,3.072208664482E-1,
1.933194150642E-1));
#1529=CARTESIAN_POINT('',(1.205711224295E-2,3.123169552670E-1,
1.917095786799E-1));
#1530=CARTESIAN_POINT('',(-1.270193863149E-2,1.693697064959E-1,
2.018381971029E-1));
#1531=CARTESIAN_POINT('',(1.424700792264E-2,1.712506757617E-1,
2.035341291427E-1));
#1532=CARTESIAN_POINT('',(6.881973359006E-2,1.752135592653E-1,
1.959855796227E-1));
#1533=CARTESIAN_POINT('',(1.397947044396E-1,1.817607194370E-1,
1.536371885168E-1));
#1534=CARTESIAN_POINT('',(1.886360931836E-1,1.889107145248E-1,
8.696650269982E-2));
#1535=CARTESIAN_POINT('',(2.076154977139E-1,1.966635445289E-1,
6.528304484821E-3));
#1536=CARTESIAN_POINT('',(1.937273422279E-1,2.050192094491E-1,
-7.494339451073E-2));
#1537=CARTESIAN_POINT('',(1.491705033671E-1,2.139777092855E-1,
-1.445508930626E-1));
#1538=CARTESIAN_POINT('',(8.099865020157E-2,2.235390440381E-1,
-1.912747177233E-1));
#1539=CARTESIAN_POINT('',(4.003595670620E-6,2.337032137069E-1,
-2.077180758461E-1));
#1540=CARTESIAN_POINT('',(-8.099127681455E-2,2.444702182918E-1,
-1.912778399464E-1));
#1541=CARTESIAN_POINT('',(-1.491649310563E-1,2.558400577930E-1,
-1.445566432336E-1));
#1542=CARTESIAN_POINT('',(-1.937244531390E-1,2.678127322103E-1,
-7.495086232654E-2));
#1543=CARTESIAN_POINT('',(-2.076157492151E-1,2.803882415439E-1,
6.520301242851E-3));
#1544=CARTESIAN_POINT('',(-1.886394454596E-1,2.935665857936E-1,
8.695923102302E-2));
#1545=CARTESIAN_POINT('',(-1.398006267976E-1,3.073477649595E-1,
1.536317995460E-1));
#1546=CARTESIAN_POINT('',(-6.882728846177E-2,3.217317790415E-1,
1.959829265892E-1));
#1547=CARTESIAN_POINT('',(-1.425485381911E-2,3.317230117071E-1,
2.035335797926E-1));
#1548=CARTESIAN_POINT('',(1.269415809040E-2,3.368191005258E-1,
2.018386865918E-1));
#1549=CARTESIAN_POINT('',(-1.491667356378E-2,1.839759218157E-1,
2.370311010180E-1));
#1550=CARTESIAN_POINT('',(1.673114416690E-2,1.858568910815E-1,
2.390227390944E-1));
#1551=CARTESIAN_POINT('',(8.081927731598E-2,1.898197745852E-1,
2.301580096752E-1));
#1552=CARTESIAN_POINT('',(1.641695832871E-1,1.963669347568E-1,
1.804256700375E-1));
#1553=CARTESIAN_POINT('',(2.215270523658E-1,2.035169298447E-1,
1.021301526792E-1));
#1554=CARTESIAN_POINT('',(2.438157430946E-1,2.112697598487E-1,
7.666592458854E-3));
#1555=CARTESIAN_POINT('',(2.275060215791E-1,2.196254247689E-1,
-8.801067176520E-2));
#1556=CARTESIAN_POINT('',(1.751801649045E-1,2.285839246053E-1,
-1.697550702868E-1));
#1557=CARTESIAN_POINT('',(9.512173371455E-2,2.381452593579E-1,
-2.246257526555E-1));
#1558=CARTESIAN_POINT('',(4.701670464189E-6,2.483094290267E-1,
-2.439362069511E-1));
#1559=CARTESIAN_POINT('',(-9.511307468931E-2,2.590764336117E-1,
-2.246294192755E-1));
#1560=CARTESIAN_POINT('',(-1.751736209946E-1,2.704462731128E-1,
-1.697618230689E-1));
#1561=CARTESIAN_POINT('',(-2.275026287429E-1,2.824189475302E-1,
-8.801944168402E-2));
#1562=CARTESIAN_POINT('',(-2.438160384481E-1,2.949944568637E-1,
7.657193755917E-3));
#1563=CARTESIAN_POINT('',(-2.215309891512E-1,3.081728011134E-1,
1.021216130986E-1));
#1564=CARTESIAN_POINT('',(-1.641765382790E-1,3.219539802793E-1,
1.804193414351E-1));
#1565=CARTESIAN_POINT('',(-8.082814946993E-2,3.363379943614E-1,
2.301548940535E-1));
#1566=CARTESIAN_POINT('',(-1.674035808926E-2,3.463292270269E-1,
2.390220939587E-1));
#1567=CARTESIAN_POINT('',(1.490753639228E-2,3.514253158457E-1,
2.370316758552E-1));
#1568=CARTESIAN_POINT('',(-1.713140849606E-2,1.693697064959E-1,
2.722240049330E-1));
#1569=CARTESIAN_POINT('',(1.921528041116E-2,1.712506757617E-1,
2.745113490462E-1));
#1570=CARTESIAN_POINT('',(9.281882104189E-2,1.752135592653E-1,
2.643304397276E-1));
#1571=CARTESIAN_POINT('',(1.885444621346E-1,1.817607194370E-1,
2.072141515582E-1));
#1572=CARTESIAN_POINT('',(2.544180115481E-1,1.889107145248E-1,
1.172938026587E-1));
#1573=CARTESIAN_POINT('',(2.800159884754E-1,1.966635445289E-1,
8.804880432887E-3));
#1574=CARTESIAN_POINT('',(2.612847009302E-1,2.050192094491E-1,
-1.010779490197E-1));
#1575=CARTESIAN_POINT('',(2.011898264419E-1,2.139777092855E-1,
-1.949592475110E-1));
#1576=CARTESIAN_POINT('',(1.092448172275E-1,2.235390440381E-1,
-2.579767875876E-1));
#1577=CARTESIAN_POINT('',(5.399745257599E-6,2.337032137069E-1,
-2.801543380561E-1));
#1578=CARTESIAN_POINT('',(-1.092348725641E-1,2.444702182918E-1,
-2.579809986046E-1));
#1579=CARTESIAN_POINT('',(-2.011823109330E-1,2.558400577930E-1,
-1.949670029042E-1));
#1580=CARTESIAN_POINT('',(-2.612808043468E-1,2.678127322103E-1,
-1.010880210415E-1));
#1581=CARTESIAN_POINT('',(-2.800163276810E-1,2.803882415439E-1,
8.794086268983E-3));
#1582=CARTESIAN_POINT('',(-2.544225328429E-1,2.935665857936E-1,
1.172839951742E-1));
#1583=CARTESIAN_POINT('',(-1.885524497604E-1,3.073477649595E-1,
2.072068833242E-1));
#1584=CARTESIAN_POINT('',(-9.282901047810E-2,3.217317790415E-1,
2.643268615178E-1));
#1585=CARTESIAN_POINT('',(-1.922586235942E-2,3.317230117071E-1,
2.745106081247E-1));
#1586=CARTESIAN_POINT('',(1.712091469417E-2,3.368191005258E-1,
2.722246651185E-1));
#1587=CARTESIAN_POINT('',(-1.776884480355E-2,1.448675612370E-1,
2.823530882804E-1));
#1588=CARTESIAN_POINT('',(1.993025474590E-2,1.467485305028E-1,
2.847255413434E-1));
#1589=CARTESIAN_POINT('',(9.627248257614E-2,1.507114140065E-1,
2.741658142968E-1));
#1590=CARTESIAN_POINT('',(1.955599440063E-1,1.572585741781E-1,
2.149243070692E-1));
#1591=CARTESIAN_POINT('',(2.638845582058E-1,1.644085692660E-1,
1.216581448244E-1));
#1592=CARTESIAN_POINT('',(2.904350008860E-1,1.721613992700E-1,
9.132498005739E-3));
#1593=CARTESIAN_POINT('',(2.710067477194E-1,1.805170641902E-1,
-1.048389214235E-1));
#1594=CARTESIAN_POINT('',(2.086758250450E-1,1.894755640267E-1,
-2.022134147835E-1));
#1595=CARTESIAN_POINT('',(1.133096676408E-1,1.990368987792E-1,
-2.675757514402E-1));
#1596=CARTESIAN_POINT('',(5.600662402246E-6,2.092010684480E-1,
-2.905784982656E-1));
#1597=CARTESIAN_POINT('',(-1.132993529500E-1,2.199680730330E-1,
-2.675801191434E-1));
#1598=CARTESIAN_POINT('',(-2.086680298943E-1,2.313379125341E-1,
-2.022214587443E-1));
#1599=CARTESIAN_POINT('',(-2.710027061495E-1,2.433105869515E-1,
-1.048493682115E-1));
#1600=CARTESIAN_POINT('',(-2.904353527130E-1,2.558860962850E-1,
9.121302205742E-3));
#1601=CARTESIAN_POINT('',(-2.638892477318E-1,2.690644405347E-1,
1.216479724169E-1));
#1602=CARTESIAN_POINT('',(-1.955682288408E-1,2.828456197006E-1,
2.149167683943E-1));
#1603=CARTESIAN_POINT('',(-9.628305114735E-2,2.972296337827E-1,
2.741621029467E-1));
#1604=CARTESIAN_POINT('',(-1.994123043400E-2,3.072208664482E-1,
2.847247728532E-1));
#1605=CARTESIAN_POINT('',(1.775796054162E-2,3.123169552670E-1,
2.823537730305E-1));
#1606=CARTESIAN_POINT('',(-1.774080473388E-2,1.321195903516E-1,
2.819075218773E-1));
#1607=CARTESIAN_POINT('',(1.989880387007E-2,1.340005596173E-1,
2.842762310981E-1));
#1608=CARTESIAN_POINT('',(9.612056008773E-2,1.379634431210E-1,
2.737331677956E-1));
#1609=CARTESIAN_POINT('',(1.952513412516E-1,1.445106032927E-1,
2.145851464423E-1));
#1610=CARTESIAN_POINT('',(2.634681360084E-1,1.516605983805E-1,
1.214661625715E-1));
#1611=CARTESIAN_POINT('',(2.899766808460E-1,1.594134283845E-1,
9.118086495977E-3));
#1612=CARTESIAN_POINT('',(2.705790863734E-1,1.677690933048E-1,
-1.046734806932E-1));
#1613=CARTESIAN_POINT('',(2.083465248155E-1,1.767275931412E-1,
-2.018943125402E-1));
#1614=CARTESIAN_POINT('',(1.131308596761E-1,1.862889278938E-1,
-2.671535043670E-1));
#1615=CARTESIAN_POINT('',(5.591824294555E-6,1.964530975625E-1,
-2.901199517801E-1));
#1616=CARTESIAN_POINT('',(-1.131205612624E-1,2.072201021475E-1,
-2.671578651777E-1));
#1617=CARTESIAN_POINT('',(-2.083387419659E-1,2.185899416486E-1,
-2.019023438072E-1));
#1618=CARTESIAN_POINT('',(-2.705750511812E-1,2.305626160660E-1,
-1.046839109956E-1));
#1619=CARTESIAN_POINT('',(-2.899770321179E-1,2.431381253995E-1,
9.106908363477E-3));
#1620=CARTESIAN_POINT('',(-2.634728181341E-1,2.563164696492E-1,
1.214560062165E-1));
#1621=CARTESIAN_POINT('',(-1.952596130122E-1,2.700976488151E-1,
2.145776196637E-1));
#1622=CARTESIAN_POINT('',(-9.613111198124E-2,2.844816628972E-1,
2.737294623022E-1));
#1623=CARTESIAN_POINT('',(-1.990976223801E-2,2.944728955627E-1,
2.842754638207E-1));
#1624=CARTESIAN_POINT('',(1.772993764783E-2,2.995689843815E-1,
2.819082055468E-1));
#1625=CARTESIAN_POINT('',(-1.773648701301E-2,1.311278745777E-1,
2.818389117996E-1));
#1626=CARTESIAN_POINT('',(1.989396093977E-2,1.330088438435E-1,
2.842070445288E-1));
#1627=CARTESIAN_POINT('',(9.609716646187E-2,1.369717273472E-1,
2.736665471756E-1));
#1628=CARTESIAN_POINT('',(1.952038213784E-1,1.435188875188E-1,
2.145329211470E-1));
#1629=CARTESIAN_POINT('',(2.634040136709E-1,1.506688826067E-1,
1.214366003846E-1));
#1630=CARTESIAN_POINT('',(2.899061069129E-1,1.584217126107E-1,
9.115867354684E-3));
#1631=CARTESIAN_POINT('',(2.705132333872E-1,1.667773775309E-1,
-1.046480054749E-1));
#1632=CARTESIAN_POINT('',(2.082958178632E-1,1.757358773674E-1,
-2.018451759142E-1));
#1633=CARTESIAN_POINT('',(1.131033261182E-1,1.852972121199E-1,
-2.670884850920E-1));
#1634=CARTESIAN_POINT('',(5.590463367764E-6,1.954613817887E-1,
-2.900493429780E-1));
#1635=CARTESIAN_POINT('',(-1.130930302109E-1,2.062283863737E-1,
-2.670928448414E-1));
#1636=CARTESIAN_POINT('',(-2.082880369078E-1,2.175982258748E-1,
-2.018532052265E-1));
#1637=CARTESIAN_POINT('',(-2.705091991771E-1,2.295709002922E-1,
-1.046584332389E-1));
#1638=CARTESIAN_POINT('',(-2.899064580993E-1,2.421464096257E-1,
9.104691942695E-3));
#1639=CARTESIAN_POINT('',(-2.634086946571E-1,2.553247538754E-1,
1.214264465014E-1));
#1640=CARTESIAN_POINT('',(-1.952120911258E-1,2.691059330413E-1,
2.145253962003E-1));
#1641=CARTESIAN_POINT('',(-9.610771578728E-2,2.834899471234E-1,
2.736628425840E-1));
#1642=CARTESIAN_POINT('',(-1.990491664069E-2,2.934811797889E-1,
2.842062774381E-1));
#1643=CARTESIAN_POINT('',(1.772562257176E-2,2.985772686077E-1,
2.818395953027E-1));
#1644=B_SPLINE_SURFACE_WITH_KNOTS('',3,3,((#1473,#1474,#1475,#1476,#1477,#1478,
#1479,#1480,#1481,#1482,#1483,#1484,#1485,#1486,#1487,#1488,#1489,#1490,#1491),(
#1492,#1493,#1494,#1495,#1496,#1497,#1498,#1499,#1500,#1501,#1502,#1503,#1504,
#1505,#1506,#1507,#1508,#1509,#1510),(#1511,#1512,#1513,#1514,#1515,#1516,#1517,
#1518,#1519,#1520,#1521,#1522,#1523,#1524,#1525,#1526,#1527,#1528,#1529),(#1530,
#1531,#1532,#1533,#1534,#1535,#1536,#1537,#1538,#1539,#1540,#1541,#1542,#1543,
#1544,#1545,#1546,#1547,#1548),(#1549,#1550,#1551,#1552,#1553,#1554,#1555,#1556,
#1557,#1558,#1559,#1560,#1561,#1562,#1563,#1564,#1565,#1566,#1567),(#1568,#1569,
#1570,#1571,#1572,#1573,#1574,#1575,#1576,#1577,#1578,#1579,#1580,#1581,#1582,
#1583,#1584,#1585,#1586),(#1587,#1588,#1589,#1590,#1591,#1592,#1593,#1594,#1595,
#1596,#1597,#1598,#1599,#1600,#1601,#1602,#1603,#1604,#1605),(#1606,#1607,#1608,
#1609,#1610,#1611,#1612,#1613,#1614,#1615,#1616,#1617,#1618,#1619,#1620,#1621,
#1622,#1623,#1624),(#1625,#1626,#1627,#1628,#1629,#1630,#1631,#1632,#1633,#1634,
#1635,#1636,#1637,#1638,#1639,#1640,#1641,#1642,#1643)),.UNSPECIFIED.,.F.,.F.,
.F.,(4,1,1,1,1,1,4),(4,1,1,1,1,1,1,1,1,1,1,1,1,1,1,1,4),(-1.056854867632E-2,
0.E0,1.25E-1,2.5E-1,3.75E-1,5.E-1,5.105685486763E-1),(6.220336894367E0,
6.620889618395E0,7.021442342423E0,7.421995066450E0,7.822547790478E0,
8.223100514506E0,8.623653238534E0,9.024205962561E0,9.424758686589E0,
9.825311410617E0,1.022586413464E1,1.062641685867E1,1.102696958270E1,
1.142752230673E1,1.182807503076E1,1.222862775478E1,1.262918047881E1),
.UNSPECIFIED.);
#1645=ORIENTED_EDGE('',*,*,#1104,.F.);
#1646=ORIENTED_EDGE('',*,*,#1468,.T.);
#1648=ORIENTED_EDGE('',*,*,#1647,.T.);
#1649=ORIENTED_EDGE('',*,*,#1464,.F.);
#1650=EDGE_LOOP('',(#1645,#1646,#1648,#1649));
#1651=FACE_OUTER_BOUND('',#1650,.F.);
#1653=CARTESIAN_POINT('',(-5.951777001569E-2,2.842706912020E-1,
1.831768609467E-1));
#1654=CARTESIAN_POINT('',(-2.834663648006E-2,2.907255523131E-1,
1.933049761863E-1));
#1655=CARTESIAN_POINT('',(3.923733599281E-2,3.036352745353E-1,
1.972858874237E-1));
#1656=CARTESIAN_POINT('',(1.306398098695E-1,3.229998578686E-1,
1.529582883792E-1));
#1657=CARTESIAN_POINT('',(1.887194210199E-1,3.423644412020E-1,
6.962228791123E-2));
#1658=CARTESIAN_POINT('',(1.986763952917E-1,3.617290245353E-1,
-3.146719731973E-2));
#1659=CARTESIAN_POINT('',(1.579686798333E-1,3.810936078686E-1,
-1.245324981490E-1));
#1660=CARTESIAN_POINT('',(7.697785625532E-2,4.004581912020E-1,
-1.858409632706E-1));
#1661=CARTESIAN_POINT('',(-2.364298008297E-2,4.198227745353E-1,
-1.997585131771E-1));
#1662=CARTESIAN_POINT('',(-1.182346557184E-1,4.391873578686E-1,
-1.627360430910E-1));
#1663=CARTESIAN_POINT('',(-1.826755531488E-1,4.585519412020E-1,
-8.421458347276E-2));
#1664=CARTESIAN_POINT('',(-2.005327248464E-1,4.779165245353E-1,
1.578226773578E-2));
#1665=CARTESIAN_POINT('',(-1.672524505133E-1,4.972811078686E-1,
1.117545145620E-1));
#1666=CARTESIAN_POINT('',(-9.132146558387E-2,5.166456912020E-1,
1.792284677396E-1));
#1667=CARTESIAN_POINT('',(7.897222332825E-3,5.360102745353E-1,
2.009977303459E-1));
#1668=CARTESIAN_POINT('',(1.051020554930E-1,5.553748578686E-1,
1.715109665767E-1));
#1669=CARTESIAN_POINT('',(1.755050251716E-1,5.747394412020E-1,
9.828753666853E-2));
#1670=CARTESIAN_POINT('',(2.011528118742E-1,5.941040245353E-1,0.E0));
#1671=CARTESIAN_POINT('',(1.755050251716E-1,6.134686078686E-1,
-9.828753666853E-2));
#1672=CARTESIAN_POINT('',(1.051020554930E-1,6.328331912020E-1,
-1.715109665767E-1));
#1673=CARTESIAN_POINT('',(7.897222332826E-3,6.521977745353E-1,
-2.009977303459E-1));
#1674=CARTESIAN_POINT('',(-9.132146558387E-2,6.715623578686E-1,
-1.792284677396E-1));
#1675=CARTESIAN_POINT('',(-1.672524505133E-1,6.909269412020E-1,
-1.117545145620E-1));
#1676=CARTESIAN_POINT('',(-2.005327248464E-1,7.102915245353E-1,
-1.578226773579E-2));
#1677=CARTESIAN_POINT('',(-1.826755531488E-1,7.296561078686E-1,
8.421458347276E-2));
#1678=CARTESIAN_POINT('',(-1.182346557184E-1,7.490206912020E-1,
1.627360430910E-1));
#1679=CARTESIAN_POINT('',(-2.364298008297E-2,7.683852745353E-1,
1.997585131771E-1));
#1680=CARTESIAN_POINT('',(7.697785625531E-2,7.877498578686E-1,
1.858409632706E-1));
#1681=CARTESIAN_POINT('',(1.579686798333E-1,8.071144412020E-1,
1.245324981490E-1));
#1682=CARTESIAN_POINT('',(1.986763952917E-1,8.264790245353E-1,
3.146719731973E-2));
#1683=CARTESIAN_POINT('',(1.887194210199E-1,8.458436078686E-1,
-6.962228791122E-2));
#1684=CARTESIAN_POINT('',(1.306398098695E-1,8.652081912020E-1,
-1.529582883792E-1));
#1685=CARTESIAN_POINT('',(3.923733599281E-2,8.845727745353E-1,
-1.972858874237E-1));
#1686=CARTESIAN_POINT('',(-2.834663648006E-2,8.974824967575E-1,
-1.933049761863E-1));
#1687=CARTESIAN_POINT('',(-5.951777001569E-2,9.039373578686E-1,
-1.831768609467E-1));
#1688=CARTESIAN_POINT('',(-5.949652639418E-2,2.852624069758E-1,
1.831114798025E-1));
#1689=CARTESIAN_POINT('',(-2.833651874184E-2,2.917172680869E-1,
1.932359800235E-1));
#1690=CARTESIAN_POINT('',(3.922333104748E-2,3.046269903091E-1,
1.972154703580E-1));
#1691=CARTESIAN_POINT('',(1.305931807254E-1,3.239915736424E-1,
1.529036931216E-1));
#1692=CARTESIAN_POINT('',(1.886520615750E-1,3.433561569758E-1,
6.959743769367E-2));
#1693=CARTESIAN_POINT('',(1.986054819133E-1,3.627207403091E-1,
-3.145596576267E-2));
#1694=CARTESIAN_POINT('',(1.579122962214E-1,3.820853236424E-1,
-1.244880488819E-1));
#1695=CARTESIAN_POINT('',(7.695038062169E-2,4.014499069758E-1,
-1.857746312308E-1));
#1696=CARTESIAN_POINT('',(-2.363454121639E-2,4.208144903091E-1,
-1.996872135594E-1));
#1697=CARTESIAN_POINT('',(-1.181924543342E-1,4.401790736424E-1,
-1.626779578687E-1));
#1698=CARTESIAN_POINT('',(-1.826103509360E-1,4.595436569758E-1,
-8.418452484091E-2));
#1699=CARTESIAN_POINT('',(-2.004611488901E-1,4.789082403091E-1,
1.577663458585E-2));
#1700=CARTESIAN_POINT('',(-1.671927532539E-1,4.982728236424E-1,
1.117146261285E-1));
#1701=CARTESIAN_POINT('',(-9.128887029930E-2,5.176374069758E-1,
1.791644958917E-1));
#1702=CARTESIAN_POINT('',(7.894403584707E-3,5.370019903091E-1,
2.009259884155E-1));
#1703=CARTESIAN_POINT('',(1.050645415155E-1,5.563665736424E-1,
1.714497493292E-1));
#1704=CARTESIAN_POINT('',(1.754423823285E-1,5.757311569758E-1,
9.825245499077E-2));
#1705=CARTESIAN_POINT('',(2.010810145908E-1,5.950957403091E-1,0.E0));
#1706=CARTESIAN_POINT('',(1.754423823285E-1,6.144603236424E-1,
-9.825245499077E-2));
#1707=CARTESIAN_POINT('',(1.050645415155E-1,6.338249069758E-1,
-1.714497493292E-1));
#1708=CARTESIAN_POINT('',(7.894403584708E-3,6.531894903091E-1,
-2.009259884155E-1));
#1709=CARTESIAN_POINT('',(-9.128887029930E-2,6.725540736424E-1,
-1.791644958917E-1));
#1710=CARTESIAN_POINT('',(-1.671927532539E-1,6.919186569758E-1,
-1.117146261285E-1));
#1711=CARTESIAN_POINT('',(-2.004611488901E-1,7.112832403091E-1,
-1.577663458585E-2));
#1712=CARTESIAN_POINT('',(-1.826103509360E-1,7.306478236424E-1,
8.418452484091E-2));
#1713=CARTESIAN_POINT('',(-1.181924543342E-1,7.500124069758E-1,
1.626779578687E-1));
#1714=CARTESIAN_POINT('',(-2.363454121639E-2,7.693769903091E-1,
1.996872135594E-1));
#1715=CARTESIAN_POINT('',(7.695038062169E-2,7.887415736424E-1,
1.857746312308E-1));
#1716=CARTESIAN_POINT('',(1.579122962214E-1,8.081061569758E-1,
1.244880488819E-1));
#1717=CARTESIAN_POINT('',(1.986054819133E-1,8.274707403091E-1,
3.145596576267E-2));
#1718=CARTESIAN_POINT('',(1.886520615750E-1,8.468353236424E-1,
-6.959743769367E-2));
#1719=CARTESIAN_POINT('',(1.305931807254E-1,8.661999069758E-1,
-1.529036931216E-1));
#1720=CARTESIAN_POINT('',(3.922333104748E-2,8.855644903091E-1,
-1.972154703580E-1));
#1721=CARTESIAN_POINT('',(-2.833651874184E-2,8.984742125313E-1,
-1.932359800235E-1));
#1722=CARTESIAN_POINT('',(-5.949652639418E-2,9.049290736424E-1,
-1.831114798025E-1));
#1723=CARTESIAN_POINT('',(-5.935856642754E-2,2.980103778612E-1,
1.826868826843E-1));
#1724=CARTESIAN_POINT('',(-2.827081229783E-2,3.044652389724E-1,
1.927879063127E-1));
#1725=CARTESIAN_POINT('',(3.913238036900E-2,3.173749611946E-1,
1.967581690438E-1));
#1726=CARTESIAN_POINT('',(1.302903625283E-1,3.367395445279E-1,
1.525491415254E-1));
#1727=CARTESIAN_POINT('',(1.882146170097E-1,3.561041278612E-1,
6.943605583217E-2));
#1728=CARTESIAN_POINT('',(1.981449574538E-1,3.754687111946E-1,
-3.138302597525E-2));
#1729=CARTESIAN_POINT('',(1.575461307250E-1,3.948332945279E-1,
-1.241993872051E-1));
#1730=CARTESIAN_POINT('',(7.677194882765E-2,4.141978778612E-1,
-1.853438588231E-1));
#1731=CARTESIAN_POINT('',(-2.357973767212E-2,4.335624611946E-1,
-1.992241807911E-1));
#1732=CARTESIAN_POINT('',(-1.179183908209E-1,4.529270445279E-1,
-1.623007418025E-1));
#1733=CARTESIAN_POINT('',(-1.821869158306E-1,4.722916278612E-1,
-8.398931858363E-2));
#1734=CARTESIAN_POINT('',(-1.999963215280E-1,4.916562111946E-1,
1.574005187904E-2));
#1735=CARTESIAN_POINT('',(-1.668050683240E-1,5.110207945279E-1,
1.114555833402E-1));
#1736=CARTESIAN_POINT('',(-9.107719055488E-2,5.303853778612E-1,
1.787490510015E-1));
#1737=CARTESIAN_POINT('',(7.876098118467E-3,5.497499611946E-1,
2.004600831881E-1));
#1738=CARTESIAN_POINT('',(1.048209188787E-1,5.691145445279E-1,
1.710521933182E-1));
#1739=CARTESIAN_POINT('',(1.750355682390E-1,5.884791278612E-1,
9.802462815390E-2));
#1740=CARTESIAN_POINT('',(2.006147498902E-1,6.078437111946E-1,0.E0));
#1741=CARTESIAN_POINT('',(1.750355682390E-1,6.272082945279E-1,
-9.802462815390E-2));
#1742=CARTESIAN_POINT('',(1.048209188787E-1,6.465728778612E-1,
-1.710521933182E-1));
#1743=CARTESIAN_POINT('',(7.876098118468E-3,6.659374611946E-1,
-2.004600831881E-1));
#1744=CARTESIAN_POINT('',(-9.107719055488E-2,6.853020445279E-1,
-1.787490510015E-1));
#1745=CARTESIAN_POINT('',(-1.668050683240E-1,7.046666278612E-1,
-1.114555833402E-1));
#1746=CARTESIAN_POINT('',(-1.999963215280E-1,7.240312111946E-1,
-1.574005187904E-2));
#1747=CARTESIAN_POINT('',(-1.821869158306E-1,7.433957945279E-1,
8.398931858362E-2));
#1748=CARTESIAN_POINT('',(-1.179183908209E-1,7.627603778612E-1,
1.623007418025E-1));
#1749=CARTESIAN_POINT('',(-2.357973767213E-2,7.821249611946E-1,
1.992241807911E-1));
#1750=CARTESIAN_POINT('',(7.677194882765E-2,8.014895445279E-1,
1.853438588231E-1));
#1751=CARTESIAN_POINT('',(1.575461307250E-1,8.208541278612E-1,
1.241993872051E-1));
#1752=CARTESIAN_POINT('',(1.981449574538E-1,8.402187111946E-1,
3.138302597525E-2));
#1753=CARTESIAN_POINT('',(1.882146170097E-1,8.595832945279E-1,
-6.943605583216E-2));
#1754=CARTESIAN_POINT('',(1.302903625283E-1,8.789478778612E-1,
-1.525491415254E-1));
#1755=CARTESIAN_POINT('',(3.913238036900E-2,8.983124611946E-1,
-1.967581690438E-1));
#1756=CARTESIAN_POINT('',(-2.827081229783E-2,9.112221834168E-1,
-1.927879063127E-1));
#1757=CARTESIAN_POINT('',(-5.935856642753E-2,9.176770445279E-1,
-1.826868826843E-1));
#1758=CARTESIAN_POINT('',(-6.249481725540E-2,3.225125231201E-1,
1.923392702257E-1));
#1759=CARTESIAN_POINT('',(-2.976452017876E-2,3.289673842312E-1,
2.029739884095E-1));
#1760=CARTESIAN_POINT('',(4.119996669587E-2,3.418771064534E-1,
2.071540227123E-1));
#1761=CARTESIAN_POINT('',(1.371743437619E-1,3.612416897868E-1,
1.606091807109E-1));
#1762=CARTESIAN_POINT('',(1.981590662095E-1,3.806062731201E-1,
7.310475776844E-2));
#1763=CARTESIAN_POINT('',(2.086140830451E-1,3.999708564534E-1,
-3.304116981395E-2));
#1764=CARTESIAN_POINT('',(1.658701892839E-1,4.193354397868E-1,
-1.307615475534E-1));
#1765=CARTESIAN_POINT('',(8.082824773375E-2,4.387000231201E-1,
-1.951366295326E-1));
#1766=CARTESIAN_POINT('',(-2.482558938731E-2,4.580646064534E-1,
-2.097503278924E-1));
#1767=CARTESIAN_POINT('',(-1.241486903899E-1,4.774291897868E-1,
-1.708760135193E-1));
#1768=CARTESIAN_POINT('',(-1.918128872781E-1,4.967937731201E-1,
-8.842695220237E-2));
#1769=CARTESIAN_POINT('',(-2.105632652181E-1,5.161583564534E-1,
1.657168838422E-2));
#1770=CARTESIAN_POINT('',(-1.756183292417E-1,5.355229397868E-1,
1.173444160152E-1));
#1771=CARTESIAN_POINT('',(-9.588931678144E-2,5.548875231201E-1,
1.881933804879E-1));
#1772=CARTESIAN_POINT('',(8.292237198825E-3,5.742521064534E-1,
2.110515300456E-1));
#1773=CARTESIAN_POINT('',(1.103592044774E-1,5.936166897868E-1,
1.800898540164E-1));
#1774=CARTESIAN_POINT('',(1.842836933005E-1,6.129812731201E-1,
1.032038270413E-1));
#1775=CARTESIAN_POINT('',(2.112143686696E-1,6.323458564534E-1,0.E0));
#1776=CARTESIAN_POINT('',(1.842836933005E-1,6.517104397868E-1,
-1.032038270413E-1));
#1777=CARTESIAN_POINT('',(1.103592044774E-1,6.710750231201E-1,
-1.800898540164E-1));
#1778=CARTESIAN_POINT('',(8.292237198825E-3,6.904396064534E-1,
-2.110515300456E-1));
#1779=CARTESIAN_POINT('',(-9.588931678144E-2,7.098041897868E-1,
-1.881933804879E-1));
#1780=CARTESIAN_POINT('',(-1.756183292417E-1,7.291687731201E-1,
-1.173444160152E-1));
#1781=CARTESIAN_POINT('',(-2.105632652181E-1,7.485333564534E-1,
-1.657168838422E-2));
#1782=CARTESIAN_POINT('',(-1.918128872781E-1,7.678979397868E-1,
8.842695220237E-2));
#1783=CARTESIAN_POINT('',(-1.241486903899E-1,7.872625231201E-1,
1.708760135193E-1));
#1784=CARTESIAN_POINT('',(-2.482558938731E-2,8.066271064534E-1,
2.097503278924E-1));
#1785=CARTESIAN_POINT('',(8.082824773374E-2,8.259916897868E-1,
1.951366295326E-1));
#1786=CARTESIAN_POINT('',(1.658701892839E-1,8.453562731201E-1,
1.307615475534E-1));
#1787=CARTESIAN_POINT('',(2.086140830451E-1,8.647208564534E-1,
3.304116981395E-2));
#1788=CARTESIAN_POINT('',(1.981590662095E-1,8.840854397868E-1,
-7.310475776844E-2));
#1789=CARTESIAN_POINT('',(1.371743437619E-1,9.034500231201E-1,
-1.606091807109E-1));
#1790=CARTESIAN_POINT('',(4.119996669588E-2,9.228146064534E-1,
-2.071540227123E-1));
#1791=CARTESIAN_POINT('',(-2.976452017876E-2,9.357243286757E-1,
-2.029739884095E-1));
#1792=CARTESIAN_POINT('',(-6.249481725540E-2,9.421791897868E-1,
-1.923392702257E-1));
#1793=CARTESIAN_POINT('',(-7.339153616405E-2,3.371187384399E-1,
2.258759226201E-1));
#1794=CARTESIAN_POINT('',(-3.495432029472E-2,3.435735995511E-1,
2.383649311244E-1));
#1795=CARTESIAN_POINT('',(4.838367369506E-2,3.564833217733E-1,
2.432738044066E-1));
#1796=CARTESIAN_POINT('',(1.610923313823E-1,3.758479051066E-1,
1.886133124648E-1));
#1797=CARTESIAN_POINT('',(2.327104696461E-1,3.952124884399E-1,
8.585144671438E-2));
#1798=CARTESIAN_POINT('',(2.449884437227E-1,4.145770717733E-1,
-3.880229298684E-2));
#1799=CARTESIAN_POINT('',(1.947916408110E-1,4.339416551066E-1,
-1.535613874493E-1));
#1800=CARTESIAN_POINT('',(9.492161953823E-2,4.533062384399E-1,
-2.291610349823E-1));
#1801=CARTESIAN_POINT('',(-2.915422784368E-2,4.726708217733E-1,
-2.463228064501E-1));
#1802=CARTESIAN_POINT('',(-1.457954995409E-1,4.920354051066E-1,
-2.006702903782E-1));
#1803=CARTESIAN_POINT('',(-2.252577585094E-1,5.113999884399E-1,
-1.038452490215E-1));
#1804=CARTESIAN_POINT('',(-2.472774891223E-1,5.307645717733E-1,
1.946116047319E-2));
#1805=CARTESIAN_POINT('',(-2.062394855711E-1,5.501291551066E-1,
1.378048185409E-1));
#1806=CARTESIAN_POINT('',(-1.126087661246E-1,5.694937384399E-1,
2.210071474162E-1));
#1807=CARTESIAN_POINT('',(9.738087940496E-3,5.888583217733E-1,
2.478508887628E-1));
#1808=CARTESIAN_POINT('',(1.296016518193E-1,6.082229051066E-1,
2.114906741756E-1));
#1809=CARTESIAN_POINT('',(2.164157595027E-1,6.275874884399E-1,
1.211986487394E-1));
#1810=CARTESIAN_POINT('',(2.480421202486E-1,6.469520717733E-1,0.E0));
#1811=CARTESIAN_POINT('',(2.164157595027E-1,6.663166551066E-1,
-1.211986487394E-1));
#1812=CARTESIAN_POINT('',(1.296016518193E-1,6.856812384399E-1,
-2.114906741756E-1));
#1813=CARTESIAN_POINT('',(9.738087940498E-3,7.050458217733E-1,
-2.478508887628E-1));
#1814=CARTESIAN_POINT('',(-1.126087661246E-1,7.244104051066E-1,
-2.210071474162E-1));
#1815=CARTESIAN_POINT('',(-2.062394855711E-1,7.437749884399E-1,
-1.378048185409E-1));
#1816=CARTESIAN_POINT('',(-2.472774891223E-1,7.631395717733E-1,
-1.946116047319E-2));
#1817=CARTESIAN_POINT('',(-2.252577585094E-1,7.825041551066E-1,
1.038452490215E-1));
#1818=CARTESIAN_POINT('',(-1.457954995409E-1,8.018687384399E-1,
2.006702903782E-1));
#1819=CARTESIAN_POINT('',(-2.915422784368E-2,8.212333217733E-1,
2.463228064501E-1));
#1820=CARTESIAN_POINT('',(9.492161953823E-2,8.405979051066E-1,
2.291610349823E-1));
#1821=CARTESIAN_POINT('',(1.947916408110E-1,8.599624884399E-1,
1.535613874493E-1));
#1822=CARTESIAN_POINT('',(2.449884437227E-1,8.793270717733E-1,
3.880229298684E-2));
#1823=CARTESIAN_POINT('',(2.327104696461E-1,8.986916551066E-1,
-8.585144671438E-2));
#1824=CARTESIAN_POINT('',(1.610923313823E-1,9.180562384399E-1,
-1.886133124648E-1));
#1825=CARTESIAN_POINT('',(4.838367369507E-2,9.374208217733E-1,
-2.432738044066E-1));
#1826=CARTESIAN_POINT('',(-3.495432029472E-2,9.503305439955E-1,
-2.383649311244E-1));
#1827=CARTESIAN_POINT('',(-7.339153616405E-2,9.567854051066E-1,
-2.258759226201E-1));
#1828=CARTESIAN_POINT('',(-8.428825507270E-2,3.225125231201E-1,
2.594125750145E-1));
#1829=CARTESIAN_POINT('',(-4.014412041068E-2,3.289673842312E-1,
2.737558738393E-1));
#1830=CARTESIAN_POINT('',(5.556738069426E-2,3.418771064534E-1,
2.793935861010E-1));
#1831=CARTESIAN_POINT('',(1.850103190027E-1,3.612416897868E-1,
2.166174442186E-1));
#1832=CARTESIAN_POINT('',(2.672618730827E-1,3.806062731201E-1,
9.859813566032E-2));
#1833=CARTESIAN_POINT('',(2.813628044003E-1,3.999708564534E-1,
-4.456341615973E-2));
#1834=CARTESIAN_POINT('',(2.237130923382E-1,4.193354397868E-1,
-1.763612273453E-1));
#1835=CARTESIAN_POINT('',(1.090149913427E-1,4.387000231201E-1,
-2.631854404319E-1));
#1836=CARTESIAN_POINT('',(-3.348286630004E-2,4.580646064534E-1,
-2.828952850078E-1));
#1837=CARTESIAN_POINT('',(-1.674423086920E-1,4.774291897868E-1,
-2.304645672371E-1));
#1838=CARTESIAN_POINT('',(-2.587026297406E-1,4.967937731201E-1,
-1.192635458405E-1));
#1839=CARTESIAN_POINT('',(-2.839917130266E-1,5.161583564534E-1,
2.235063256215E-2));
#1840=CARTESIAN_POINT('',(-2.368606419004E-1,5.355229397868E-1,
1.582652210666E-1));
#1841=CARTESIAN_POINT('',(-1.293282154677E-1,5.548875231201E-1,
2.538209143445E-1));
#1842=CARTESIAN_POINT('',(1.118393868217E-2,5.742521064534E-1,
2.846502474800E-1));
#1843=CARTESIAN_POINT('',(1.488440991611E-1,5.936166897868E-1,
2.428914943348E-1));
#1844=CARTESIAN_POINT('',(2.485478257049E-1,6.129812731201E-1,
1.391934704375E-1));
#1845=CARTESIAN_POINT('',(2.848698718277E-1,6.323458564534E-1,0.E0));
#1846=CARTESIAN_POINT('',(2.485478257049E-1,6.517104397868E-1,
-1.391934704375E-1));
#1847=CARTESIAN_POINT('',(1.488440991611E-1,6.710750231201E-1,
-2.428914943348E-1));
#1848=CARTESIAN_POINT('',(1.118393868217E-2,6.904396064534E-1,
-2.846502474800E-1));
#1849=CARTESIAN_POINT('',(-1.293282154677E-1,7.098041897868E-1,
-2.538209143445E-1));
#1850=CARTESIAN_POINT('',(-2.368606419004E-1,7.291687731201E-1,
-1.582652210666E-1));
#1851=CARTESIAN_POINT('',(-2.839917130266E-1,7.485333564534E-1,
-2.235063256215E-2));
#1852=CARTESIAN_POINT('',(-2.587026297406E-1,7.678979397868E-1,
1.192635458405E-1));
#1853=CARTESIAN_POINT('',(-1.674423086920E-1,7.872625231201E-1,
2.304645672371E-1));
#1854=CARTESIAN_POINT('',(-3.348286630004E-2,8.066271064534E-1,
2.828952850078E-1));
#1855=CARTESIAN_POINT('',(1.090149913427E-1,8.259916897868E-1,
2.631854404319E-1));
#1856=CARTESIAN_POINT('',(2.237130923382E-1,8.453562731201E-1,
1.763612273453E-1));
#1857=CARTESIAN_POINT('',(2.813628044003E-1,8.647208564534E-1,
4.456341615973E-2));
#1858=CARTESIAN_POINT('',(2.672618730827E-1,8.840854397868E-1,
-9.859813566032E-2));
#1859=CARTESIAN_POINT('',(1.850103190027E-1,9.034500231201E-1,
-2.166174442186E-1));
#1860=CARTESIAN_POINT('',(5.556738069426E-2,9.228146064534E-1,
-2.793935861010E-1));
#1861=CARTESIAN_POINT('',(-4.014412041068E-2,9.357243286757E-1,
-2.737558738393E-1));
#1862=CARTESIAN_POINT('',(-8.428825507270E-2,9.421791897868E-1,
-2.594125750145E-1));
#1863=CARTESIAN_POINT('',(-8.742450590056E-2,2.980103778612E-1,
2.690649625558E-1));
#1864=CARTESIAN_POINT('',(-4.163782829161E-2,3.044652389724E-1,
2.839419559361E-1));
#1865=CARTESIAN_POINT('',(5.763496702113E-2,3.173749611946E-1,
2.897894397695E-1));
#1866=CARTESIAN_POINT('',(1.918943002363E-1,3.367395445279E-1,
2.246774834041E-1));
#1867=CARTESIAN_POINT('',(2.772063222825E-1,3.561041278612E-1,
1.022668375966E-1));
#1868=CARTESIAN_POINT('',(2.918319299917E-1,3.754687111946E-1,
-4.622155999843E-2));
#1869=CARTESIAN_POINT('',(2.320371508971E-1,3.948332945279E-1,
-1.829233876936E-1));
#1870=CARTESIAN_POINT('',(1.130712902488E-1,4.141978778612E-1,
-2.729782111415E-1));
#1871=CARTESIAN_POINT('',(-3.472871801523E-2,4.335624611946E-1,
-2.934214321090E-1));
#1872=CARTESIAN_POINT('',(-1.736726082610E-1,4.529270445279E-1,
-2.390398389539E-1));
#1873=CARTESIAN_POINT('',(-2.683286011882E-1,4.722916278613E-1,
-1.237011794593E-1));
#1874=CARTESIAN_POINT('',(-2.945586567166E-1,4.916562111946E-1,
2.318226906733E-2));
#1875=CARTESIAN_POINT('',(-2.456739028181E-1,5.110207945279E-1,
1.641540537416E-1));
#1876=CARTESIAN_POINT('',(-1.341403416943E-1,5.303853778612E-1,
2.632652438309E-1));
#1877=CARTESIAN_POINT('',(1.160007776253E-2,5.497499611946E-1,
2.952416943375E-1));
#1878=CARTESIAN_POINT('',(1.543823847599E-1,5.691145445279E-1,
2.519291550329E-1));
#1879=CARTESIAN_POINT('',(2.577959507664E-1,5.884791278612E-1,
1.443726693249E-1));
#1880=CARTESIAN_POINT('',(2.954694906071E-1,6.078437111946E-1,0.E0));
#1881=CARTESIAN_POINT('',(2.577959507664E-1,6.272082945279E-1,
-1.443726693249E-1));
#1882=CARTESIAN_POINT('',(1.543823847599E-1,6.465728778612E-1,
-2.519291550329E-1));
#1883=CARTESIAN_POINT('',(1.160007776253E-2,6.659374611946E-1,
-2.952416943375E-1));
#1884=CARTESIAN_POINT('',(-1.341403416943E-1,6.853020445279E-1,
-2.632652438309E-1));
#1885=CARTESIAN_POINT('',(-2.456739028181E-1,7.046666278612E-1,
-1.641540537416E-1));
#1886=CARTESIAN_POINT('',(-2.945586567166E-1,7.240312111946E-1,
-2.318226906733E-2));
#1887=CARTESIAN_POINT('',(-2.683286011882E-1,7.433957945279E-1,
1.237011794593E-1));
#1888=CARTESIAN_POINT('',(-1.736726082610E-1,7.627603778612E-1,
2.390398389539E-1));
#1889=CARTESIAN_POINT('',(-3.472871801523E-2,7.821249611946E-1,
2.934214321090E-1));
#1890=CARTESIAN_POINT('',(1.130712902488E-1,8.014895445279E-1,
2.729782111415E-1));
#1891=CARTESIAN_POINT('',(2.320371508971E-1,8.208541278613E-1,
1.829233876936E-1));
#1892=CARTESIAN_POINT('',(2.918319299917E-1,8.402187111946E-1,
4.622155999843E-2));
#1893=CARTESIAN_POINT('',(2.772063222825E-1,8.595832945279E-1,
-1.022668375966E-1));
#1894=CARTESIAN_POINT('',(1.918943002363E-1,8.789478778612E-1,
-2.246774834041E-1));
#1895=CARTESIAN_POINT('',(5.763496702113E-2,8.983124611946E-1,
-2.897894397695E-1));
#1896=CARTESIAN_POINT('',(-4.163782829160E-2,9.112221834168E-1,
-2.839419559361E-1));
#1897=CARTESIAN_POINT('',(-8.742450590056E-2,9.176770445279E-1,
-2.690649625558E-1));
#1898=CARTESIAN_POINT('',(-8.728654593392E-2,2.852624069758E-1,
2.686403654377E-1));
#1899=CARTESIAN_POINT('',(-4.157212184759E-2,2.917172680869E-1,
2.834938822253E-1));
#1900=CARTESIAN_POINT('',(5.754401634265E-2,3.046269903091E-1,
2.893321384553E-1));
#1901=CARTESIAN_POINT('',(1.915914820392E-1,3.239915736424E-1,
2.243229318079E-1));
#1902=CARTESIAN_POINT('',(2.767688777173E-1,3.433561569758E-1,
1.021054557351E-1));
#1903=CARTESIAN_POINT('',(2.913714055322E-1,3.627207403091E-1,
-4.614862021101E-2));
#1904=CARTESIAN_POINT('',(2.316709854007E-1,3.820853236424E-1,
-1.826347260168E-1));
#1905=CARTESIAN_POINT('',(1.128928584548E-1,4.014499069758E-1,
-2.725474387337E-1));
#1906=CARTESIAN_POINT('',(-3.467391447097E-2,4.208144903091E-1,
-2.929583993407E-1));
#1907=CARTESIAN_POINT('',(-1.733985447476E-1,4.401790736424E-1,
-2.386626228877E-1));
#1908=CARTESIAN_POINT('',(-2.679051660828E-1,4.595436569758E-1,
-1.235059732020E-1));
#1909=CARTESIAN_POINT('',(-2.940938293546E-1,4.789082403091E-1,
2.314568636052E-2));
#1910=CARTESIAN_POINT('',(-2.452862178882E-1,4.982728236424E-1,
1.638950109533E-1));
#1911=CARTESIAN_POINT('',(-1.339286619498E-1,5.176374069758E-1,
2.628497989407E-1));
#1912=CARTESIAN_POINT('',(1.158177229629E-2,5.370019903091E-1,
2.947757891101E-1));
#1913=CARTESIAN_POINT('',(1.541387621230E-1,5.563665736424E-1,
2.515315990220E-1));
#1914=CARTESIAN_POINT('',(2.573891366769E-1,5.757311569758E-1,
1.441448424880E-1));
#1915=CARTESIAN_POINT('',(2.950032259065E-1,5.950957403091E-1,0.E0));
#1916=CARTESIAN_POINT('',(2.573891366769E-1,6.144603236424E-1,
-1.441448424880E-1));
#1917=CARTESIAN_POINT('',(1.541387621230E-1,6.338249069758E-1,
-2.515315990220E-1));
#1918=CARTESIAN_POINT('',(1.158177229629E-2,6.531894903091E-1,
-2.947757891101E-1));
#1919=CARTESIAN_POINT('',(-1.339286619498E-1,6.725540736424E-1,
-2.628497989407E-1));
#1920=CARTESIAN_POINT('',(-2.452862178882E-1,6.919186569758E-1,
-1.638950109533E-1));
#1921=CARTESIAN_POINT('',(-2.940938293546E-1,7.112832403091E-1,
-2.314568636053E-2));
#1922=CARTESIAN_POINT('',(-2.679051660828E-1,7.306478236424E-1,
1.235059732020E-1));
#1923=CARTESIAN_POINT('',(-1.733985447476E-1,7.500124069758E-1,
2.386626228877E-1));
#1924=CARTESIAN_POINT('',(-3.467391447097E-2,7.693769903091E-1,
2.929583993407E-1));
#1925=CARTESIAN_POINT('',(1.128928584548E-1,7.887415736424E-1,
2.725474387338E-1));
#1926=CARTESIAN_POINT('',(2.316709854007E-1,8.081061569758E-1,
1.826347260168E-1));
#1927=CARTESIAN_POINT('',(2.913714055322E-1,8.274707403091E-1,
4.614862021101E-2));
#1928=CARTESIAN_POINT('',(2.767688777173E-1,8.468353236424E-1,
-1.021054557351E-1));
#1929=CARTESIAN_POINT('',(1.915914820392E-1,8.661999069758E-1,
-2.243229318079E-1));
#1930=CARTESIAN_POINT('',(5.754401634265E-2,8.855644903091E-1,
-2.893321384553E-1));
#1931=CARTESIAN_POINT('',(-4.157212184759E-2,8.984742125313E-1,
-2.834938822253E-1));
#1932=CARTESIAN_POINT('',(-8.728654593392E-2,9.049290736424E-1,
-2.686403654377E-1));
#1933=CARTESIAN_POINT('',(-8.726530231241E-2,2.842706912020E-1,
2.685749842935E-1));
#1934=CARTESIAN_POINT('',(-4.156200410937E-2,2.907255523131E-1,
2.834248860625E-1));
#1935=CARTESIAN_POINT('',(5.753001139732E-2,3.036352745353E-1,
2.892617213895E-1));
#1936=CARTESIAN_POINT('',(1.915448528951E-1,3.229998578686E-1,
2.242683365503E-1));
#1937=CARTESIAN_POINT('',(2.767015182723E-1,3.423644412020E-1,
1.020806055175E-1));
#1938=CARTESIAN_POINT('',(2.913004921538E-1,3.617290245353E-1,
-4.613738865395E-2));
#1939=CARTESIAN_POINT('',(2.316146017888E-1,3.810936078686E-1,
-1.825902767497E-1));
#1940=CARTESIAN_POINT('',(1.128653828211E-1,4.004581912020E-1,
-2.724811066940E-1));
#1941=CARTESIAN_POINT('',(-3.466547560439E-2,4.198227745353E-1,
-2.928870997230E-1));
#1942=CARTESIAN_POINT('',(-1.733563433635E-1,4.391873578686E-1,
-2.386045376653E-1));
#1943=CARTESIAN_POINT('',(-2.678399638699E-1,4.585519412020E-1,
-1.234759145702E-1));
#1944=CARTESIAN_POINT('',(-2.940222533982E-1,4.779165245353E-1,
2.314005321059E-2));
#1945=CARTESIAN_POINT('',(-2.452265206288E-1,4.972811078686E-1,
1.638551225198E-1));
#1946=CARTESIAN_POINT('',(-1.338960666653E-1,5.166456912020E-1,
2.627858270927E-1));
#1947=CARTESIAN_POINT('',(1.157895354817E-2,5.360102745353E-1,
2.947040471798E-1));
#1948=CARTESIAN_POINT('',(1.541012481455E-1,5.553748578686E-1,
2.514703817745E-1));
#1949=CARTESIAN_POINT('',(2.573264938338E-1,5.747394412020E-1,
1.441097608103E-1));
#1950=CARTESIAN_POINT('',(2.949314286231E-1,5.941040245353E-1,0.E0));
#1951=CARTESIAN_POINT('',(2.573264938338E-1,6.134686078686E-1,
-1.441097608103E-1));
#1952=CARTESIAN_POINT('',(1.541012481455E-1,6.328331912020E-1,
-2.514703817745E-1));
#1953=CARTESIAN_POINT('',(1.157895354817E-2,6.521977745353E-1,
-2.947040471798E-1));
#1954=CARTESIAN_POINT('',(-1.338960666653E-1,6.715623578686E-1,
-2.627858270927E-1));
#1955=CARTESIAN_POINT('',(-2.452265206288E-1,6.909269412020E-1,
-1.638551225198E-1));
#1956=CARTESIAN_POINT('',(-2.940222533982E-1,7.102915245353E-1,
-2.314005321059E-2));
#1957=CARTESIAN_POINT('',(-2.678399638699E-1,7.296561078686E-1,
1.234759145702E-1));
#1958=CARTESIAN_POINT('',(-1.733563433635E-1,7.490206912020E-1,
2.386045376653E-1));
#1959=CARTESIAN_POINT('',(-3.466547560439E-2,7.683852745353E-1,
2.928870997230E-1));
#1960=CARTESIAN_POINT('',(1.128653828211E-1,7.877498578686E-1,
2.724811066940E-1));
#1961=CARTESIAN_POINT('',(2.316146017888E-1,8.071144412020E-1,
1.825902767497E-1));
#1962=CARTESIAN_POINT('',(2.913004921538E-1,8.264790245353E-1,
4.613738865395E-2));
#1963=CARTESIAN_POINT('',(2.767015182723E-1,8.458436078686E-1,
-1.020806055175E-1));
#1964=CARTESIAN_POINT('',(1.915448528951E-1,8.652081912020E-1,
-2.242683365503E-1));
#1965=CARTESIAN_POINT('',(5.753001139733E-2,8.845727745353E-1,
-2.892617213895E-1));
#1966=CARTESIAN_POINT('',(-4.156200410937E-2,8.974824967575E-1,
-2.834248860625E-1));
#1967=CARTESIAN_POINT('',(-8.726530231241E-2,9.039373578686E-1,
-2.685749842935E-1));
#1968=B_SPLINE_SURFACE_WITH_KNOTS('',3,3,((#1653,#1654,#1655,#1656,#1657,#1658,
#1659,#1660,#1661,#1662,#1663,#1664,#1665,#1666,#1667,#1668,#1669,#1670,#1671,
#1672,#1673,#1674,#1675,#1676,#1677,#1678,#1679,#1680,#1681,#1682,#1683,#1684,
#1685,#1686,#1687),(#1688,#1689,#1690,#1691,#1692,#1693,#1694,#1695,#1696,#1697,
#1698,#1699,#1700,#1701,#1702,#1703,#1704,#1705,#1706,#1707,#1708,#1709,#1710,
#1711,#1712,#1713,#1714,#1715,#1716,#1717,#1718,#1719,#1720,#1721,#1722),(#1723,
#1724,#1725,#1726,#1727,#1728,#1729,#1730,#1731,#1732,#1733,#1734,#1735,#1736,
#1737,#1738,#1739,#1740,#1741,#1742,#1743,#1744,#1745,#1746,#1747,#1748,#1749,
#1750,#1751,#1752,#1753,#1754,#1755,#1756,#1757),(#1758,#1759,#1760,#1761,#1762,
#1763,#1764,#1765,#1766,#1767,#1768,#1769,#1770,#1771,#1772,#1773,#1774,#1775,
#1776,#1777,#1778,#1779,#1780,#1781,#1782,#1783,#1784,#1785,#1786,#1787,#1788,
#1789,#1790,#1791,#1792),(#1793,#1794,#1795,#1796,#1797,#1798,#1799,#1800,#1801,
#1802,#1803,#1804,#1805,#1806,#1807,#1808,#1809,#1810,#1811,#1812,#1813,#1814,
#1815,#1816,#1817,#1818,#1819,#1820,#1821,#1822,#1823,#1824,#1825,#1826,#1827),(
#1828,#1829,#1830,#1831,#1832,#1833,#1834,#1835,#1836,#1837,#1838,#1839,#1840,
#1841,#1842,#1843,#1844,#1845,#1846,#1847,#1848,#1849,#1850,#1851,#1852,#1853,
#1854,#1855,#1856,#1857,#1858,#1859,#1860,#1861,#1862),(#1863,#1864,#1865,#1866,
#1867,#1868,#1869,#1870,#1871,#1872,#1873,#1874,#1875,#1876,#1877,#1878,#1879,
#1880,#1881,#1882,#1883,#1884,#1885,#1886,#1887,#1888,#1889,#1890,#1891,#1892,
#1893,#1894,#1895,#1896,#1897),(#1898,#1899,#1900,#1901,#1902,#1903,#1904,#1905,
#1906,#1907,#1908,#1909,#1910,#1911,#1912,#1913,#1914,#1915,#1916,#1917,#1918,
#1919,#1920,#1921,#1922,#1923,#1924,#1925,#1926,#1927,#1928,#1929,#1930,#1931,
#1932),(#1933,#1934,#1935,#1936,#1937,#1938,#1939,#1940,#1941,#1942,#1943,#1944,
#1945,#1946,#1947,#1948,#1949,#1950,#1951,#1952,#1953,#1954,#1955,#1956,#1957,
#1958,#1959,#1960,#1961,#1962,#1963,#1964,#1965,#1966,#1967)),.UNSPECIFIED.,.F.,
.F.,.F.,(4,1,1,1,1,1,4),(4,1,1,1,1,1,1,1,1,1,1,1,1,1,1,1,1,1,1,1,1,1,1,1,1,1,1,
1,1,1,1,1,4),(-1.056854867632E-2,0.E0,1.25E-1,2.5E-1,3.75E-1,5.E-1,
5.105685486763E-1),(-2.E-2,1.25E-2,4.5E-2,7.75E-2,1.1E-1,1.425E-1,1.75E-1,
2.075E-1,2.4E-1,2.725E-1,3.05E-1,3.375E-1,3.7E-1,4.025E-1,4.35E-1,4.675E-1,
5.E-1,5.325E-1,5.65E-1,5.975E-1,6.3E-1,6.625E-1,6.95E-1,7.275E-1,7.6E-1,
7.925E-1,8.25E-1,8.575E-1,8.9E-1,9.225E-1,9.55E-1,9.875E-1,1.02E0),
.UNSPECIFIED.);
#1969=ORIENTED_EDGE('',*,*,#1647,.F.);
#1971=ORIENTED_EDGE('',*,*,#1970,.T.);
#1973=ORIENTED_EDGE('',*,*,#1972,.T.);
#1975=ORIENTED_EDGE('',*,*,#1974,.F.);
#1976=EDGE_LOOP('',(#1969,#1971,#1973,#1975));
#1977=FACE_OUTER_BOUND('',#1976,.F.);
#1979=CARTESIAN_POINT('',(-8.726530231241E-2,2.902293087980E-1,
2.685749842935E-1));
#1980=CARTESIAN_POINT('',(-4.156200410937E-2,2.966841699092E-1,
2.834248860625E-1));
#1981=CARTESIAN_POINT('',(5.753001139732E-2,3.095938921314E-1,
2.892617213895E-1));
#1982=CARTESIAN_POINT('',(1.915448528951E-1,3.289584754647E-1,
2.242683365503E-1));
#1983=CARTESIAN_POINT('',(2.767015182723E-1,3.483230587980E-1,
1.020806055175E-1));
#1984=CARTESIAN_POINT('',(2.913004921538E-1,3.676876421314E-1,
-4.613738865395E-2));
#1985=CARTESIAN_POINT('',(2.316146017888E-1,3.870522254647E-1,
-1.825902767497E-1));
#1986=CARTESIAN_POINT('',(1.128653828211E-1,4.064168087980E-1,
-2.724811066940E-1));
#1987=CARTESIAN_POINT('',(-3.466547560439E-2,4.257813921314E-1,
-2.928870997230E-1));
#1988=CARTESIAN_POINT('',(-1.733563433635E-1,4.451459754647E-1,
-2.386045376653E-1));
#1989=CARTESIAN_POINT('',(-2.678399638699E-1,4.645105587980E-1,
-1.234759145702E-1));
#1990=CARTESIAN_POINT('',(-2.940222533982E-1,4.838751421314E-1,
2.314005321059E-2));
#1991=CARTESIAN_POINT('',(-2.452265206288E-1,5.032397254647E-1,
1.638551225198E-1));
#1992=CARTESIAN_POINT('',(-1.338960666653E-1,5.226043087980E-1,
2.627858270927E-1));
#1993=CARTESIAN_POINT('',(1.157895354817E-2,5.419688921314E-1,
2.947040471798E-1));
#1994=CARTESIAN_POINT('',(1.541012481455E-1,5.613334754647E-1,
2.514703817745E-1));
#1995=CARTESIAN_POINT('',(2.573264938338E-1,5.806980587980E-1,
1.441097608103E-1));
#1996=CARTESIAN_POINT('',(2.949314286231E-1,6.000626421314E-1,0.E0));
#1997=CARTESIAN_POINT('',(2.573264938338E-1,6.194272254647E-1,
-1.441097608103E-1));
#1998=CARTESIAN_POINT('',(1.541012481455E-1,6.387918087980E-1,
-2.514703817745E-1));
#1999=CARTESIAN_POINT('',(1.157895354817E-2,6.581563921314E-1,
-2.947040471798E-1));
#2000=CARTESIAN_POINT('',(-1.338960666653E-1,6.775209754647E-1,
-2.627858270927E-1));
#2001=CARTESIAN_POINT('',(-2.452265206288E-1,6.968855587980E-1,
-1.638551225198E-1));
#2002=CARTESIAN_POINT('',(-2.940222533982E-1,7.162501421314E-1,
-2.314005321059E-2));
#2003=CARTESIAN_POINT('',(-2.678399638699E-1,7.356147254647E-1,
1.234759145702E-1));
#2004=CARTESIAN_POINT('',(-1.733563433635E-1,7.549793087980E-1,
2.386045376653E-1));
#2005=CARTESIAN_POINT('',(-3.466547560439E-2,7.743438921314E-1,
2.928870997230E-1));
#2006=CARTESIAN_POINT('',(1.128653828211E-1,7.937084754647E-1,
2.724811066940E-1));
#2007=CARTESIAN_POINT('',(2.316146017888E-1,8.130730587980E-1,
1.825902767497E-1));
#2008=CARTESIAN_POINT('',(2.913004921538E-1,8.324376421314E-1,
4.613738865395E-2));
#2009=CARTESIAN_POINT('',(2.767015182723E-1,8.518022254647E-1,
-1.020806055175E-1));
#2010=CARTESIAN_POINT('',(1.915448528951E-1,8.711668087980E-1,
-2.242683365503E-1));
#2011=CARTESIAN_POINT('',(5.753001139733E-2,8.905313921314E-1,
-2.892617213895E-1));
#2012=CARTESIAN_POINT('',(-4.156200410937E-2,9.034411143536E-1,
-2.834248860625E-1));
#2013=CARTESIAN_POINT('',(-8.726530231241E-2,9.098959754647E-1,
-2.685749842935E-1));
#2014=CARTESIAN_POINT('',(-8.728654593392E-2,2.892375930242E-1,
2.686403654377E-1));
#2015=CARTESIAN_POINT('',(-4.157212184759E-2,2.956924541353E-1,
2.834938822253E-1));
#2016=CARTESIAN_POINT('',(5.754401634265E-2,3.086021763576E-1,
2.893321384553E-1));
#2017=CARTESIAN_POINT('',(1.915914820392E-1,3.279667596909E-1,
2.243229318079E-1));
#2018=CARTESIAN_POINT('',(2.767688777173E-1,3.473313430242E-1,
1.021054557351E-1));
#2019=CARTESIAN_POINT('',(2.913714055322E-1,3.666959263576E-1,
-4.614862021101E-2));
#2020=CARTESIAN_POINT('',(2.316709854007E-1,3.860605096909E-1,
-1.826347260168E-1));
#2021=CARTESIAN_POINT('',(1.128928584548E-1,4.054250930242E-1,
-2.725474387337E-1));
#2022=CARTESIAN_POINT('',(-3.467391447097E-2,4.247896763576E-1,
-2.929583993407E-1));
#2023=CARTESIAN_POINT('',(-1.733985447476E-1,4.441542596909E-1,
-2.386626228877E-1));
#2024=CARTESIAN_POINT('',(-2.679051660828E-1,4.635188430242E-1,
-1.235059732020E-1));
#2025=CARTESIAN_POINT('',(-2.940938293546E-1,4.828834263576E-1,
2.314568636052E-2));
#2026=CARTESIAN_POINT('',(-2.452862178882E-1,5.022480096909E-1,
1.638950109533E-1));
#2027=CARTESIAN_POINT('',(-1.339286619498E-1,5.216125930242E-1,
2.628497989407E-1));
#2028=CARTESIAN_POINT('',(1.158177229629E-2,5.409771763576E-1,
2.947757891101E-1));
#2029=CARTESIAN_POINT('',(1.541387621230E-1,5.603417596909E-1,
2.515315990220E-1));
#2030=CARTESIAN_POINT('',(2.573891366769E-1,5.797063430242E-1,
1.441448424880E-1));
#2031=CARTESIAN_POINT('',(2.950032259065E-1,5.990709263576E-1,0.E0));
#2032=CARTESIAN_POINT('',(2.573891366769E-1,6.184355096909E-1,
-1.441448424880E-1));
#2033=CARTESIAN_POINT('',(1.541387621230E-1,6.378000930242E-1,
-2.515315990220E-1));
#2034=CARTESIAN_POINT('',(1.158177229629E-2,6.571646763576E-1,
-2.947757891101E-1));
#2035=CARTESIAN_POINT('',(-1.339286619498E-1,6.765292596909E-1,
-2.628497989407E-1));
#2036=CARTESIAN_POINT('',(-2.452862178882E-1,6.958938430242E-1,
-1.638950109533E-1));
#2037=CARTESIAN_POINT('',(-2.940938293546E-1,7.152584263576E-1,
-2.314568636053E-2));
#2038=CARTESIAN_POINT('',(-2.679051660828E-1,7.346230096909E-1,
1.235059732020E-1));
#2039=CARTESIAN_POINT('',(-1.733985447476E-1,7.539875930242E-1,
2.386626228877E-1));
#2040=CARTESIAN_POINT('',(-3.467391447097E-2,7.733521763576E-1,
2.929583993407E-1));
#2041=CARTESIAN_POINT('',(1.128928584548E-1,7.927167596909E-1,
2.725474387338E-1));
#2042=CARTESIAN_POINT('',(2.316709854007E-1,8.120813430242E-1,
1.826347260168E-1));
#2043=CARTESIAN_POINT('',(2.913714055322E-1,8.314459263576E-1,
4.614862021101E-2));
#2044=CARTESIAN_POINT('',(2.767688777173E-1,8.508105096909E-1,
-1.021054557351E-1));
#2045=CARTESIAN_POINT('',(1.915914820392E-1,8.701750930242E-1,
-2.243229318079E-1));
#2046=CARTESIAN_POINT('',(5.754401634265E-2,8.895396763576E-1,
-2.893321384553E-1));
#2047=CARTESIAN_POINT('',(-4.157212184759E-2,9.024493985798E-1,
-2.834938822253E-1));
#2048=CARTESIAN_POINT('',(-8.728654593392E-2,9.089042596909E-1,
-2.686403654377E-1));
#2049=CARTESIAN_POINT('',(-8.742450590056E-2,2.764896221388E-1,
2.690649625558E-1));
#2050=CARTESIAN_POINT('',(-4.163782829161E-2,2.829444832499E-1,
2.839419559361E-1));
#2051=CARTESIAN_POINT('',(5.763496702113E-2,2.958542054721E-1,
2.897894397695E-1));
#2052=CARTESIAN_POINT('',(1.918943002363E-1,3.152187888054E-1,
2.246774834041E-1));
#2053=CARTESIAN_POINT('',(2.772063222825E-1,3.345833721388E-1,
1.022668375966E-1));
#2054=CARTESIAN_POINT('',(2.918319299917E-1,3.539479554721E-1,
-4.622155999843E-2));
#2055=CARTESIAN_POINT('',(2.320371508971E-1,3.733125388054E-1,
-1.829233876936E-1));
#2056=CARTESIAN_POINT('',(1.130712902488E-1,3.926771221388E-1,
-2.729782111415E-1));
#2057=CARTESIAN_POINT('',(-3.472871801523E-2,4.120417054721E-1,
-2.934214321090E-1));
#2058=CARTESIAN_POINT('',(-1.736726082610E-1,4.314062888054E-1,
-2.390398389539E-1));
#2059=CARTESIAN_POINT('',(-2.683286011882E-1,4.507708721388E-1,
-1.237011794593E-1));
#2060=CARTESIAN_POINT('',(-2.945586567166E-1,4.701354554721E-1,
2.318226906733E-2));
#2061=CARTESIAN_POINT('',(-2.456739028181E-1,4.895000388054E-1,
1.641540537416E-1));
#2062=CARTESIAN_POINT('',(-1.341403416943E-1,5.088646221387E-1,
2.632652438309E-1));
#2063=CARTESIAN_POINT('',(1.160007776253E-2,5.282292054721E-1,
2.952416943375E-1));
#2064=CARTESIAN_POINT('',(1.543823847599E-1,5.475937888054E-1,
2.519291550329E-1));
#2065=CARTESIAN_POINT('',(2.577959507664E-1,5.669583721387E-1,
1.443726693249E-1));
#2066=CARTESIAN_POINT('',(2.954694906071E-1,5.863229554721E-1,0.E0));
#2067=CARTESIAN_POINT('',(2.577959507664E-1,6.056875388054E-1,
-1.443726693249E-1));
#2068=CARTESIAN_POINT('',(1.543823847599E-1,6.250521221388E-1,
-2.519291550329E-1));
#2069=CARTESIAN_POINT('',(1.160007776253E-2,6.444167054721E-1,
-2.952416943375E-1));
#2070=CARTESIAN_POINT('',(-1.341403416943E-1,6.637812888054E-1,
-2.632652438309E-1));
#2071=CARTESIAN_POINT('',(-2.456739028181E-1,6.831458721387E-1,
-1.641540537416E-1));
#2072=CARTESIAN_POINT('',(-2.945586567166E-1,7.025104554721E-1,
-2.318226906733E-2));
#2073=CARTESIAN_POINT('',(-2.683286011882E-1,7.218750388054E-1,
1.237011794593E-1));
#2074=CARTESIAN_POINT('',(-1.736726082610E-1,7.412396221387E-1,
2.390398389539E-1));
#2075=CARTESIAN_POINT('',(-3.472871801524E-2,7.606042054721E-1,
2.934214321090E-1));
#2076=CARTESIAN_POINT('',(1.130712902488E-1,7.799687888054E-1,
2.729782111415E-1));
#2077=CARTESIAN_POINT('',(2.320371508971E-1,7.993333721388E-1,
1.829233876936E-1));
#2078=CARTESIAN_POINT('',(2.918319299917E-1,8.186979554721E-1,
4.622155999843E-2));
#2079=CARTESIAN_POINT('',(2.772063222825E-1,8.380625388054E-1,
-1.022668375966E-1));
#2080=CARTESIAN_POINT('',(1.918943002363E-1,8.574271221388E-1,
-2.246774834041E-1));
#2081=CARTESIAN_POINT('',(5.763496702113E-2,8.767917054721E-1,
-2.897894397695E-1));
#2082=CARTESIAN_POINT('',(-4.163782829160E-2,8.897014276943E-1,
-2.839419559361E-1));
#2083=CARTESIAN_POINT('',(-8.742450590056E-2,8.961562888054E-1,
-2.690649625558E-1));
#2084=CARTESIAN_POINT('',(-8.428825507270E-2,2.519874768799E-1,
2.594125750145E-1));
#2085=CARTESIAN_POINT('',(-4.014412041068E-2,2.584423379910E-1,
2.737558738393E-1));
#2086=CARTESIAN_POINT('',(5.556738069426E-2,2.713520602132E-1,
2.793935861010E-1));
#2087=CARTESIAN_POINT('',(1.850103190027E-1,2.907166435466E-1,
2.166174442186E-1));
#2088=CARTESIAN_POINT('',(2.672618730827E-1,3.100812268799E-1,
9.859813566032E-2));
#2089=CARTESIAN_POINT('',(2.813628044003E-1,3.294458102132E-1,
-4.456341615973E-2));
#2090=CARTESIAN_POINT('',(2.237130923382E-1,3.488103935466E-1,
-1.763612273453E-1));
#2091=CARTESIAN_POINT('',(1.090149913427E-1,3.681749768799E-1,
-2.631854404319E-1));
#2092=CARTESIAN_POINT('',(-3.348286630004E-2,3.875395602132E-1,
-2.828952850078E-1));
#2093=CARTESIAN_POINT('',(-1.674423086920E-1,4.069041435466E-1,
-2.304645672371E-1));
#2094=CARTESIAN_POINT('',(-2.587026297406E-1,4.262687268799E-1,
-1.192635458405E-1));
#2095=CARTESIAN_POINT('',(-2.839917130266E-1,4.456333102132E-1,
2.235063256215E-2));
#2096=CARTESIAN_POINT('',(-2.368606419004E-1,4.649978935466E-1,
1.582652210666E-1));
#2097=CARTESIAN_POINT('',(-1.293282154677E-1,4.843624768799E-1,
2.538209143445E-1));
#2098=CARTESIAN_POINT('',(1.118393868217E-2,5.037270602132E-1,
2.846502474800E-1));
#2099=CARTESIAN_POINT('',(1.488440991611E-1,5.230916435466E-1,
2.428914943348E-1));
#2100=CARTESIAN_POINT('',(2.485478257049E-1,5.424562268799E-1,
1.391934704375E-1));
#2101=CARTESIAN_POINT('',(2.848698718277E-1,5.618208102132E-1,0.E0));
#2102=CARTESIAN_POINT('',(2.485478257049E-1,5.811853935466E-1,
-1.391934704375E-1));
#2103=CARTESIAN_POINT('',(1.488440991611E-1,6.005499768799E-1,
-2.428914943348E-1));
#2104=CARTESIAN_POINT('',(1.118393868217E-2,6.199145602132E-1,
-2.846502474800E-1));
#2105=CARTESIAN_POINT('',(-1.293282154677E-1,6.392791435466E-1,
-2.538209143445E-1));
#2106=CARTESIAN_POINT('',(-2.368606419004E-1,6.586437268799E-1,
-1.582652210666E-1));
#2107=CARTESIAN_POINT('',(-2.839917130266E-1,6.780083102132E-1,
-2.235063256215E-2));
#2108=CARTESIAN_POINT('',(-2.587026297406E-1,6.973728935466E-1,
1.192635458405E-1));
#2109=CARTESIAN_POINT('',(-1.674423086920E-1,7.167374768799E-1,
2.304645672371E-1));
#2110=CARTESIAN_POINT('',(-3.348286630004E-2,7.361020602132E-1,
2.828952850078E-1));
#2111=CARTESIAN_POINT('',(1.090149913427E-1,7.554666435466E-1,
2.631854404319E-1));
#2112=CARTESIAN_POINT('',(2.237130923382E-1,7.748312268799E-1,
1.763612273453E-1));
#2113=CARTESIAN_POINT('',(2.813628044003E-1,7.941958102132E-1,
4.456341615973E-2));
#2114=CARTESIAN_POINT('',(2.672618730827E-1,8.135603935466E-1,
-9.859813566032E-2));
#2115=CARTESIAN_POINT('',(1.850103190027E-1,8.329249768799E-1,
-2.166174442186E-1));
#2116=CARTESIAN_POINT('',(5.556738069426E-2,8.522895602132E-1,
-2.793935861010E-1));
#2117=CARTESIAN_POINT('',(-4.014412041068E-2,8.651992824354E-1,
-2.737558738393E-1));
#2118=CARTESIAN_POINT('',(-8.428825507270E-2,8.716541435466E-1,
-2.594125750145E-1));
#2119=CARTESIAN_POINT('',(-7.339153616405E-2,2.373812615601E-1,
2.258759226201E-1));
#2120=CARTESIAN_POINT('',(-3.495432029472E-2,2.438361226712E-1,
2.383649311244E-1));
#2121=CARTESIAN_POINT('',(4.838367369506E-2,2.567458448934E-1,
2.432738044066E-1));
#2122=CARTESIAN_POINT('',(1.610923313823E-1,2.761104282267E-1,
1.886133124648E-1));
#2123=CARTESIAN_POINT('',(2.327104696461E-1,2.954750115601E-1,
8.585144671438E-2));
#2124=CARTESIAN_POINT('',(2.449884437227E-1,3.148395948934E-1,
-3.880229298684E-2));
#2125=CARTESIAN_POINT('',(1.947916408110E-1,3.342041782267E-1,
-1.535613874493E-1));
#2126=CARTESIAN_POINT('',(9.492161953823E-2,3.535687615601E-1,
-2.291610349823E-1));
#2127=CARTESIAN_POINT('',(-2.915422784368E-2,3.729333448934E-1,
-2.463228064501E-1));
#2128=CARTESIAN_POINT('',(-1.457954995409E-1,3.922979282267E-1,
-2.006702903782E-1));
#2129=CARTESIAN_POINT('',(-2.252577585094E-1,4.116625115601E-1,
-1.038452490215E-1));
#2130=CARTESIAN_POINT('',(-2.472774891223E-1,4.310270948934E-1,
1.946116047319E-2));
#2131=CARTESIAN_POINT('',(-2.062394855711E-1,4.503916782267E-1,
1.378048185409E-1));
#2132=CARTESIAN_POINT('',(-1.126087661246E-1,4.697562615601E-1,
2.210071474162E-1));
#2133=CARTESIAN_POINT('',(9.738087940497E-3,4.891208448934E-1,
2.478508887628E-1));
#2134=CARTESIAN_POINT('',(1.296016518193E-1,5.084854282267E-1,
2.114906741756E-1));
#2135=CARTESIAN_POINT('',(2.164157595027E-1,5.278500115601E-1,
1.211986487394E-1));
#2136=CARTESIAN_POINT('',(2.480421202486E-1,5.472145948934E-1,0.E0));
#2137=CARTESIAN_POINT('',(2.164157595027E-1,5.665791782267E-1,
-1.211986487394E-1));
#2138=CARTESIAN_POINT('',(1.296016518193E-1,5.859437615601E-1,
-2.114906741756E-1));
#2139=CARTESIAN_POINT('',(9.738087940498E-3,6.053083448934E-1,
-2.478508887628E-1));
#2140=CARTESIAN_POINT('',(-1.126087661246E-1,6.246729282267E-1,
-2.210071474162E-1));
#2141=CARTESIAN_POINT('',(-2.062394855711E-1,6.440375115601E-1,
-1.378048185409E-1));
#2142=CARTESIAN_POINT('',(-2.472774891223E-1,6.634020948934E-1,
-1.946116047319E-2));
#2143=CARTESIAN_POINT('',(-2.252577585094E-1,6.827666782267E-1,
1.038452490215E-1));
#2144=CARTESIAN_POINT('',(-1.457954995409E-1,7.021312615601E-1,
2.006702903782E-1));
#2145=CARTESIAN_POINT('',(-2.915422784368E-2,7.214958448934E-1,
2.463228064501E-1));
#2146=CARTESIAN_POINT('',(9.492161953823E-2,7.408604282267E-1,
2.291610349823E-1));
#2147=CARTESIAN_POINT('',(1.947916408110E-1,7.602250115601E-1,
1.535613874493E-1));
#2148=CARTESIAN_POINT('',(2.449884437227E-1,7.795895948934E-1,
3.880229298684E-2));
#2149=CARTESIAN_POINT('',(2.327104696461E-1,7.989541782267E-1,
-8.585144671438E-2));
#2150=CARTESIAN_POINT('',(1.610923313823E-1,8.183187615601E-1,
-1.886133124648E-1));
#2151=CARTESIAN_POINT('',(4.838367369507E-2,8.376833448934E-1,
-2.432738044066E-1));
#2152=CARTESIAN_POINT('',(-3.495432029472E-2,8.505930671156E-1,
-2.383649311244E-1));
#2153=CARTESIAN_POINT('',(-7.339153616405E-2,8.570479282267E-1,
-2.258759226201E-1));
#2154=CARTESIAN_POINT('',(-6.249481725540E-2,2.519874768799E-1,
1.923392702257E-1));
#2155=CARTESIAN_POINT('',(-2.976452017876E-2,2.584423379910E-1,
2.029739884095E-1));
#2156=CARTESIAN_POINT('',(4.119996669587E-2,2.713520602132E-1,
2.071540227123E-1));
#2157=CARTESIAN_POINT('',(1.371743437619E-1,2.907166435466E-1,
1.606091807109E-1));
#2158=CARTESIAN_POINT('',(1.981590662095E-1,3.100812268799E-1,
7.310475776844E-2));
#2159=CARTESIAN_POINT('',(2.086140830451E-1,3.294458102132E-1,
-3.304116981395E-2));
#2160=CARTESIAN_POINT('',(1.658701892839E-1,3.488103935466E-1,
-1.307615475534E-1));
#2161=CARTESIAN_POINT('',(8.082824773375E-2,3.681749768799E-1,
-1.951366295326E-1));
#2162=CARTESIAN_POINT('',(-2.482558938731E-2,3.875395602132E-1,
-2.097503278924E-1));
#2163=CARTESIAN_POINT('',(-1.241486903899E-1,4.069041435466E-1,
-1.708760135193E-1));
#2164=CARTESIAN_POINT('',(-1.918128872781E-1,4.262687268799E-1,
-8.842695220237E-2));
#2165=CARTESIAN_POINT('',(-2.105632652181E-1,4.456333102132E-1,
1.657168838422E-2));
#2166=CARTESIAN_POINT('',(-1.756183292417E-1,4.649978935466E-1,
1.173444160152E-1));
#2167=CARTESIAN_POINT('',(-9.588931678144E-2,4.843624768799E-1,
1.881933804879E-1));
#2168=CARTESIAN_POINT('',(8.292237198824E-3,5.037270602132E-1,
2.110515300456E-1));
#2169=CARTESIAN_POINT('',(1.103592044774E-1,5.230916435466E-1,
1.800898540164E-1));
#2170=CARTESIAN_POINT('',(1.842836933005E-1,5.424562268799E-1,
1.032038270413E-1));
#2171=CARTESIAN_POINT('',(2.112143686696E-1,5.618208102132E-1,0.E0));
#2172=CARTESIAN_POINT('',(1.842836933005E-1,5.811853935466E-1,
-1.032038270413E-1));
#2173=CARTESIAN_POINT('',(1.103592044774E-1,6.005499768799E-1,
-1.800898540164E-1));
#2174=CARTESIAN_POINT('',(8.292237198825E-3,6.199145602132E-1,
-2.110515300456E-1));
#2175=CARTESIAN_POINT('',(-9.588931678144E-2,6.392791435466E-1,
-1.881933804879E-1));
#2176=CARTESIAN_POINT('',(-1.756183292417E-1,6.586437268799E-1,
-1.173444160152E-1));
#2177=CARTESIAN_POINT('',(-2.105632652181E-1,6.780083102132E-1,
-1.657168838422E-2));
#2178=CARTESIAN_POINT('',(-1.918128872781E-1,6.973728935466E-1,
8.842695220237E-2));
#2179=CARTESIAN_POINT('',(-1.241486903899E-1,7.167374768799E-1,
1.708760135193E-1));
#2180=CARTESIAN_POINT('',(-2.482558938732E-2,7.361020602132E-1,
2.097503278924E-1));
#2181=CARTESIAN_POINT('',(8.082824773374E-2,7.554666435466E-1,
1.951366295326E-1));
#2182=CARTESIAN_POINT('',(1.658701892839E-1,7.748312268799E-1,
1.307615475534E-1));
#2183=CARTESIAN_POINT('',(2.086140830451E-1,7.941958102132E-1,
3.304116981395E-2));
#2184=CARTESIAN_POINT('',(1.981590662095E-1,8.135603935466E-1,
-7.310475776844E-2));
#2185=CARTESIAN_POINT('',(1.371743437619E-1,8.329249768799E-1,
-1.606091807109E-1));
#2186=CARTESIAN_POINT('',(4.119996669588E-2,8.522895602132E-1,
-2.071540227123E-1));
#2187=CARTESIAN_POINT('',(-2.976452017876E-2,8.651992824354E-1,
-2.029739884095E-1));
#2188=CARTESIAN_POINT('',(-6.249481725540E-2,8.716541435466E-1,
-1.923392702257E-1));
#2189=CARTESIAN_POINT('',(-5.935856642754E-2,2.764896221388E-1,
1.826868826843E-1));
#2190=CARTESIAN_POINT('',(-2.827081229783E-2,2.829444832499E-1,
1.927879063127E-1));
#2191=CARTESIAN_POINT('',(3.913238036900E-2,2.958542054721E-1,
1.967581690438E-1));
#2192=CARTESIAN_POINT('',(1.302903625283E-1,3.152187888054E-1,
1.525491415254E-1));
#2193=CARTESIAN_POINT('',(1.882146170097E-1,3.345833721388E-1,
6.943605583217E-2));
#2194=CARTESIAN_POINT('',(1.981449574538E-1,3.539479554721E-1,
-3.138302597525E-2));
#2195=CARTESIAN_POINT('',(1.575461307250E-1,3.733125388054E-1,
-1.241993872051E-1));
#2196=CARTESIAN_POINT('',(7.677194882765E-2,3.926771221388E-1,
-1.853438588231E-1));
#2197=CARTESIAN_POINT('',(-2.357973767212E-2,4.120417054721E-1,
-1.992241807911E-1));
#2198=CARTESIAN_POINT('',(-1.179183908209E-1,4.314062888054E-1,
-1.623007418025E-1));
#2199=CARTESIAN_POINT('',(-1.821869158306E-1,4.507708721388E-1,
-8.398931858363E-2));
#2200=CARTESIAN_POINT('',(-1.999963215280E-1,4.701354554721E-1,
1.574005187904E-2));
#2201=CARTESIAN_POINT('',(-1.668050683240E-1,4.895000388054E-1,
1.114555833402E-1));
#2202=CARTESIAN_POINT('',(-9.107719055488E-2,5.088646221387E-1,
1.787490510015E-1));
#2203=CARTESIAN_POINT('',(7.876098118468E-3,5.282292054721E-1,
2.004600831881E-1));
#2204=CARTESIAN_POINT('',(1.048209188787E-1,5.475937888054E-1,
1.710521933182E-1));
#2205=CARTESIAN_POINT('',(1.750355682390E-1,5.669583721388E-1,
9.802462815390E-2));
#2206=CARTESIAN_POINT('',(2.006147498902E-1,5.863229554721E-1,0.E0));
#2207=CARTESIAN_POINT('',(1.750355682390E-1,6.056875388054E-1,
-9.802462815390E-2));
#2208=CARTESIAN_POINT('',(1.048209188787E-1,6.250521221388E-1,
-1.710521933182E-1));
#2209=CARTESIAN_POINT('',(7.876098118469E-3,6.444167054721E-1,
-2.004600831881E-1));
#2210=CARTESIAN_POINT('',(-9.107719055488E-2,6.637812888054E-1,
-1.787490510015E-1));
#2211=CARTESIAN_POINT('',(-1.668050683240E-1,6.831458721388E-1,
-1.114555833402E-1));
#2212=CARTESIAN_POINT('',(-1.999963215280E-1,7.025104554721E-1,
-1.574005187904E-2));
#2213=CARTESIAN_POINT('',(-1.821869158306E-1,7.218750388054E-1,
8.398931858363E-2));
#2214=CARTESIAN_POINT('',(-1.179183908209E-1,7.412396221388E-1,
1.623007418025E-1));
#2215=CARTESIAN_POINT('',(-2.357973767212E-2,7.606042054721E-1,
1.992241807911E-1));
#2216=CARTESIAN_POINT('',(7.677194882765E-2,7.799687888054E-1,
1.853438588231E-1));
#2217=CARTESIAN_POINT('',(1.575461307250E-1,7.993333721388E-1,
1.241993872051E-1));
#2218=CARTESIAN_POINT('',(1.981449574538E-1,8.186979554721E-1,
3.138302597525E-2));
#2219=CARTESIAN_POINT('',(1.882146170097E-1,8.380625388054E-1,
-6.943605583216E-2));
#2220=CARTESIAN_POINT('',(1.302903625283E-1,8.574271221388E-1,
-1.525491415254E-1));
#2221=CARTESIAN_POINT('',(3.913238036900E-2,8.767917054721E-1,
-1.967581690438E-1));
#2222=CARTESIAN_POINT('',(-2.827081229783E-2,8.897014276943E-1,
-1.927879063127E-1));
#2223=CARTESIAN_POINT('',(-5.935856642753E-2,8.961562888054E-1,
-1.826868826843E-1));
#2224=CARTESIAN_POINT('',(-5.949652639418E-2,2.892375930242E-1,
1.831114798025E-1));
#2225=CARTESIAN_POINT('',(-2.833651874184E-2,2.956924541353E-1,
1.932359800235E-1));
#2226=CARTESIAN_POINT('',(3.922333104748E-2,3.086021763576E-1,
1.972154703580E-1));
#2227=CARTESIAN_POINT('',(1.305931807254E-1,3.279667596909E-1,
1.529036931216E-1));
#2228=CARTESIAN_POINT('',(1.886520615750E-1,3.473313430242E-1,
6.959743769367E-2));
#2229=CARTESIAN_POINT('',(1.986054819133E-1,3.666959263576E-1,
-3.145596576267E-2));
#2230=CARTESIAN_POINT('',(1.579122962214E-1,3.860605096909E-1,
-1.244880488819E-1));
#2231=CARTESIAN_POINT('',(7.695038062169E-2,4.054250930242E-1,
-1.857746312308E-1));
#2232=CARTESIAN_POINT('',(-2.363454121639E-2,4.247896763576E-1,
-1.996872135594E-1));
#2233=CARTESIAN_POINT('',(-1.181924543342E-1,4.441542596909E-1,
-1.626779578687E-1));
#2234=CARTESIAN_POINT('',(-1.826103509360E-1,4.635188430242E-1,
-8.418452484091E-2));
#2235=CARTESIAN_POINT('',(-2.004611488901E-1,4.828834263576E-1,
1.577663458585E-2));
#2236=CARTESIAN_POINT('',(-1.671927532539E-1,5.022480096909E-1,
1.117146261285E-1));
#2237=CARTESIAN_POINT('',(-9.128887029930E-2,5.216125930242E-1,
1.791644958917E-1));
#2238=CARTESIAN_POINT('',(7.894403584706E-3,5.409771763576E-1,
2.009259884155E-1));
#2239=CARTESIAN_POINT('',(1.050645415155E-1,5.603417596909E-1,
1.714497493292E-1));
#2240=CARTESIAN_POINT('',(1.754423823285E-1,5.797063430242E-1,
9.825245499077E-2));
#2241=CARTESIAN_POINT('',(2.010810145908E-1,5.990709263576E-1,0.E0));
#2242=CARTESIAN_POINT('',(1.754423823285E-1,6.184355096909E-1,
-9.825245499077E-2));
#2243=CARTESIAN_POINT('',(1.050645415155E-1,6.378000930242E-1,
-1.714497493292E-1));
#2244=CARTESIAN_POINT('',(7.894403584707E-3,6.571646763576E-1,
-2.009259884155E-1));
#2245=CARTESIAN_POINT('',(-9.128887029930E-2,6.765292596909E-1,
-1.791644958917E-1));
#2246=CARTESIAN_POINT('',(-1.671927532539E-1,6.958938430242E-1,
-1.117146261285E-1));
#2247=CARTESIAN_POINT('',(-2.004611488901E-1,7.152584263576E-1,
-1.577663458585E-2));
#2248=CARTESIAN_POINT('',(-1.826103509360E-1,7.346230096909E-1,
8.418452484091E-2));
#2249=CARTESIAN_POINT('',(-1.181924543342E-1,7.539875930242E-1,
1.626779578687E-1));
#2250=CARTESIAN_POINT('',(-2.363454121639E-2,7.733521763576E-1,
1.996872135594E-1));
#2251=CARTESIAN_POINT('',(7.695038062169E-2,7.927167596909E-1,
1.857746312308E-1));
#2252=CARTESIAN_POINT('',(1.579122962214E-1,8.120813430242E-1,
1.244880488819E-1));
#2253=CARTESIAN_POINT('',(1.986054819133E-1,8.314459263576E-1,
3.145596576267E-2));
#2254=CARTESIAN_POINT('',(1.886520615750E-1,8.508105096909E-1,
-6.959743769367E-2));
#2255=CARTESIAN_POINT('',(1.305931807254E-1,8.701750930242E-1,
-1.529036931216E-1));
#2256=CARTESIAN_POINT('',(3.922333104748E-2,8.895396763576E-1,
-1.972154703580E-1));
#2257=CARTESIAN_POINT('',(-2.833651874184E-2,9.024493985798E-1,
-1.932359800235E-1));
#2258=CARTESIAN_POINT('',(-5.949652639418E-2,9.089042596909E-1,
-1.831114798025E-1));
#2259=CARTESIAN_POINT('',(-5.951777001569E-2,2.902293087980E-1,
1.831768609467E-1));
#2260=CARTESIAN_POINT('',(-2.834663648006E-2,2.966841699092E-1,
1.933049761863E-1));
#2261=CARTESIAN_POINT('',(3.923733599281E-2,3.095938921314E-1,
1.972858874237E-1));
#2262=CARTESIAN_POINT('',(1.306398098695E-1,3.289584754647E-1,
1.529582883792E-1));
#2263=CARTESIAN_POINT('',(1.887194210199E-1,3.483230587980E-1,
6.962228791123E-2));
#2264=CARTESIAN_POINT('',(1.986763952917E-1,3.676876421314E-1,
-3.146719731973E-2));
#2265=CARTESIAN_POINT('',(1.579686798333E-1,3.870522254647E-1,
-1.245324981490E-1));
#2266=CARTESIAN_POINT('',(7.697785625532E-2,4.064168087980E-1,
-1.858409632706E-1));
#2267=CARTESIAN_POINT('',(-2.364298008297E-2,4.257813921314E-1,
-1.997585131771E-1));
#2268=CARTESIAN_POINT('',(-1.182346557184E-1,4.451459754647E-1,
-1.627360430910E-1));
#2269=CARTESIAN_POINT('',(-1.826755531488E-1,4.645105587980E-1,
-8.421458347276E-2));
#2270=CARTESIAN_POINT('',(-2.005327248464E-1,4.838751421314E-1,
1.578226773578E-2));
#2271=CARTESIAN_POINT('',(-1.672524505133E-1,5.032397254647E-1,
1.117545145620E-1));
#2272=CARTESIAN_POINT('',(-9.132146558387E-2,5.226043087980E-1,
1.792284677396E-1));
#2273=CARTESIAN_POINT('',(7.897222332825E-3,5.419688921314E-1,
2.009977303459E-1));
#2274=CARTESIAN_POINT('',(1.051020554930E-1,5.613334754647E-1,
1.715109665767E-1));
#2275=CARTESIAN_POINT('',(1.755050251716E-1,5.806980587980E-1,
9.828753666853E-2));
#2276=CARTESIAN_POINT('',(2.011528118742E-1,6.000626421314E-1,0.E0));
#2277=CARTESIAN_POINT('',(1.755050251716E-1,6.194272254647E-1,
-9.828753666853E-2));
#2278=CARTESIAN_POINT('',(1.051020554930E-1,6.387918087980E-1,
-1.715109665767E-1));
#2279=CARTESIAN_POINT('',(7.897222332826E-3,6.581563921314E-1,
-2.009977303459E-1));
#2280=CARTESIAN_POINT('',(-9.132146558387E-2,6.775209754647E-1,
-1.792284677396E-1));
#2281=CARTESIAN_POINT('',(-1.672524505133E-1,6.968855587980E-1,
-1.117545145620E-1));
#2282=CARTESIAN_POINT('',(-2.005327248464E-1,7.162501421314E-1,
-1.578226773578E-2));
#2283=CARTESIAN_POINT('',(-1.826755531488E-1,7.356147254647E-1,
8.421458347275E-2));
#2284=CARTESIAN_POINT('',(-1.182346557184E-1,7.549793087980E-1,
1.627360430910E-1));
#2285=CARTESIAN_POINT('',(-2.364298008297E-2,7.743438921314E-1,
1.997585131771E-1));
#2286=CARTESIAN_POINT('',(7.697785625531E-2,7.937084754647E-1,
1.858409632706E-1));
#2287=CARTESIAN_POINT('',(1.579686798333E-1,8.130730587980E-1,
1.245324981490E-1));
#2288=CARTESIAN_POINT('',(1.986763952917E-1,8.324376421314E-1,
3.146719731973E-2));
#2289=CARTESIAN_POINT('',(1.887194210199E-1,8.518022254647E-1,
-6.962228791122E-2));
#2290=CARTESIAN_POINT('',(1.306398098695E-1,8.711668087980E-1,
-1.529582883792E-1));
#2291=CARTESIAN_POINT('',(3.923733599281E-2,8.905313921314E-1,
-1.972858874237E-1));
#2292=CARTESIAN_POINT('',(-2.834663648006E-2,9.034411143536E-1,
-1.933049761863E-1));
#2293=CARTESIAN_POINT('',(-5.951777001569E-2,9.098959754647E-1,
-1.831768609467E-1));
#2294=B_SPLINE_SURFACE_WITH_KNOTS('',3,3,((#1979,#1980,#1981,#1982,#1983,#1984,
#1985,#1986,#1987,#1988,#1989,#1990,#1991,#1992,#1993,#1994,#1995,#1996,#1997,
#1998,#1999,#2000,#2001,#2002,#2003,#2004,#2005,#2006,#2007,#2008,#2009,#2010,
#2011,#2012,#2013),(#2014,#2015,#2016,#2017,#2018,#2019,#2020,#2021,#2022,#2023,
#2024,#2025,#2026,#2027,#2028,#2029,#2030,#2031,#2032,#2033,#2034,#2035,#2036,
#2037,#2038,#2039,#2040,#2041,#2042,#2043,#2044,#2045,#2046,#2047,#2048),(#2049,
#2050,#2051,#2052,#2053,#2054,#2055,#2056,#2057,#2058,#2059,#2060,#2061,#2062,
#2063,#2064,#2065,#2066,#2067,#2068,#2069,#2070,#2071,#2072,#2073,#2074,#2075,
#2076,#2077,#2078,#2079,#2080,#2081,#2082,#2083),(#2084,#2085,#2086,#2087,#2088,
#2089,#2090,#2091,#2092,#2093,#2094,#2095,#2096,#2097,#2098,#2099,#2100,#2101,
#2102,#2103,#2104,#2105,#2106,#2107,#2108,#2109,#2110,#2111,#2112,#2113,#2114,
#2115,#2116,#2117,#2118),(#2119,#2120,#2121,#2122,#2123,#2124,#2125,#2126,#2127,
#2128,#2129,#2130,#2131,#2132,#2133,#2134,#2135,#2136,#2137,#2138,#2139,#2140,
#2141,#2142,#2143,#2144,#2145,#2146,#2147,#2148,#2149,#2150,#2151,#2152,#2153),(
#2154,#2155,#2156,#2157,#2158,#2159,#2160,#2161,#2162,#2163,#2164,#2165,#2166,
#2167,#2168,#2169,#2170,#2171,#2172,#2173,#2174,#2175,#2176,#2177,#2178,#2179,
#2180,#2181,#2182,#2183,#2184,#2185,#2186,#2187,#2188),(#2189,#2190,#2191,#2192,
#2193,#2194,#2195,#2196,#2197,#2198,#2199,#2200,#2201,#2202,#2203,#2204,#2205,
#2206,#2207,#2208,#2209,#2210,#2211,#2212,#2213,#2214,#2215,#2216,#2217,#2218,
#2219,#2220,#2221,#2222,#2223),(#2224,#2225,#2226,#2227,#2228,#2229,#2230,#2231,
#2232,#2233,#2234,#2235,#2236,#2237,#2238,#2239,#2240,#2241,#2242,#2243,#2244,
#2245,#2246,#2247,#2248,#2249,#2250,#2251,#2252,#2253,#2254,#2255,#2256,#2257,
#2258),(#2259,#2260,#2261,#2262,#2263,#2264,#2265,#2266,#2267,#2268,#2269,#2270,
#2271,#2272,#2273,#2274,#2275,#2276,#2277,#2278,#2279,#2280,#2281,#2282,#2283,
#2284,#2285,#2286,#2287,#2288,#2289,#2290,#2291,#2292,#2293)),.UNSPECIFIED.,.F.,
.F.,.F.,(4,1,1,1,1,1,4),(4,1,1,1,1,1,1,1,1,1,1,1,1,1,1,1,1,1,1,1,1,1,1,1,1,1,1,
1,1,1,1,1,4),(4.894314513237E-1,5.E-1,6.25E-1,7.5E-1,8.75E-1,1.E0,
1.010568548676E0),(-2.E-2,1.25E-2,4.5E-2,7.75E-2,1.1E-1,1.425E-1,1.75E-1,
2.075E-1,2.4E-1,2.725E-1,3.05E-1,3.375E-1,3.7E-1,4.025E-1,4.35E-1,4.675E-1,
5.E-1,5.325E-1,5.65E-1,5.975E-1,6.3E-1,6.625E-1,6.95E-1,7.275E-1,7.6E-1,
7.925E-1,8.25E-1,8.575E-1,8.9E-1,9.225E-1,9.55E-1,9.875E-1,1.02E0),
.UNSPECIFIED.);
#2295=ORIENTED_EDGE('',*,*,#1466,.F.);
#2296=ORIENTED_EDGE('',*,*,#1974,.T.);
#2298=ORIENTED_EDGE('',*,*,#2297,.T.);
#2299=ORIENTED_EDGE('',*,*,#1970,.F.);
#2300=EDGE_LOOP('',(#2295,#2296,#2298,#2299));
#2301=FACE_OUTER_BOUND('',#2300,.F.);
#2303=CARTESIAN_POINT('',(8.726530231241E-2,8.860626421314E-1,
-2.685749842935E-1));
#2304=CARTESIAN_POINT('',(4.156200410937E-2,8.925175032425E-1,
-2.834248860625E-1));
#2305=CARTESIAN_POINT('',(-5.753001139732E-2,9.054272254647E-1,
-2.892617213895E-1));
#2306=CARTESIAN_POINT('',(-1.915448528951E-1,9.247918087980E-1,
-2.242683365503E-1));
#2307=CARTESIAN_POINT('',(-2.767015182723E-1,9.441563921314E-1,
-1.020806055175E-1));
#2308=CARTESIAN_POINT('',(-2.913004921538E-1,9.635209754647E-1,
4.613738865395E-2));
#2309=CARTESIAN_POINT('',(-2.316146017888E-1,9.828855587980E-1,
1.825902767497E-1));
#2310=CARTESIAN_POINT('',(-1.128653828211E-1,1.002250142131E0,
2.724811066940E-1));
#2311=CARTESIAN_POINT('',(3.466547560439E-2,1.021614725465E0,
2.928870997230E-1));
#2312=CARTESIAN_POINT('',(1.733563433635E-1,1.040979308798E0,
2.386045376653E-1));
#2313=CARTESIAN_POINT('',(2.678399638699E-1,1.060343892131E0,
1.234759145702E-1));
#2314=CARTESIAN_POINT('',(2.940222533982E-1,1.079708475465E0,
-2.314005321059E-2));
#2315=CARTESIAN_POINT('',(2.452265206288E-1,1.099073058798E0,
-1.638551225198E-1));
#2316=CARTESIAN_POINT('',(1.338960666653E-1,1.118437642131E0,
-2.627858270927E-1));
#2317=CARTESIAN_POINT('',(-1.157895354817E-2,1.137802225465E0,
-2.947040471798E-1));
#2318=CARTESIAN_POINT('',(-1.541012481455E-1,1.157166808798E0,
-2.514703817745E-1));
#2319=CARTESIAN_POINT('',(-2.573264938338E-1,1.176531392131E0,
-1.441097608103E-1));
#2320=CARTESIAN_POINT('',(-2.949314286231E-1,1.195895975465E0,0.E0));
#2321=CARTESIAN_POINT('',(-2.573264938338E-1,1.215260558798E0,
1.441097608103E-1));
#2322=CARTESIAN_POINT('',(-1.541012481455E-1,1.234625142131E0,
2.514703817745E-1));
#2323=CARTESIAN_POINT('',(-1.157895354817E-2,1.253989725465E0,
2.947040471798E-1));
#2324=CARTESIAN_POINT('',(1.338960666653E-1,1.273354308798E0,
2.627858270927E-1));
#2325=CARTESIAN_POINT('',(2.452265206288E-1,1.292718892131E0,
1.638551225198E-1));
#2326=CARTESIAN_POINT('',(2.940222533982E-1,1.312083475465E0,
2.314005321059E-2));
#2327=CARTESIAN_POINT('',(2.678399638699E-1,1.331448058798E0,
-1.234759145702E-1));
#2328=CARTESIAN_POINT('',(1.733563433635E-1,1.350812642131E0,
-2.386045376653E-1));
#2329=CARTESIAN_POINT('',(3.466547560439E-2,1.370177225465E0,
-2.928870997230E-1));
#2330=CARTESIAN_POINT('',(-1.128653828211E-1,1.389541808798E0,
-2.724811066940E-1));
#2331=CARTESIAN_POINT('',(-2.316146017888E-1,1.408906392131E0,
-1.825902767497E-1));
#2332=CARTESIAN_POINT('',(-2.913004921538E-1,1.428270975465E0,
-4.613738865395E-2));
#2333=CARTESIAN_POINT('',(-2.767015182723E-1,1.447635558798E0,
1.020806055175E-1));
#2334=CARTESIAN_POINT('',(-1.915448528951E-1,1.467000142131E0,
2.242683365503E-1));
#2335=CARTESIAN_POINT('',(-5.753001139733E-2,1.486364725465E0,
2.892617213895E-1));
#2336=CARTESIAN_POINT('',(4.156200410937E-2,1.499274447687E0,
2.834248860625E-1));
#2337=CARTESIAN_POINT('',(8.726530231241E-2,1.505729308798E0,
2.685749842935E-1));
#2338=CARTESIAN_POINT('',(8.728654593392E-2,8.850709263576E-1,
-2.686403654377E-1));
#2339=CARTESIAN_POINT('',(4.157212184760E-2,8.915257874687E-1,
-2.834938822253E-1));
#2340=CARTESIAN_POINT('',(-5.754401634265E-2,9.044355096909E-1,
-2.893321384553E-1));
#2341=CARTESIAN_POINT('',(-1.915914820392E-1,9.238000930242E-1,
-2.243229318079E-1));
#2342=CARTESIAN_POINT('',(-2.767688777173E-1,9.431646763576E-1,
-1.021054557351E-1));
#2343=CARTESIAN_POINT('',(-2.913714055322E-1,9.625292596909E-1,
4.614862021101E-2));
#2344=CARTESIAN_POINT('',(-2.316709854007E-1,9.818938430242E-1,
1.826347260168E-1));
#2345=CARTESIAN_POINT('',(-1.128928584548E-1,1.001258426358E0,
2.725474387338E-1));
#2346=CARTESIAN_POINT('',(3.467391447097E-2,1.020623009691E0,
2.929583993407E-1));
#2347=CARTESIAN_POINT('',(1.733985447476E-1,1.039987593024E0,
2.386626228877E-1));
#2348=CARTESIAN_POINT('',(2.679051660828E-1,1.059352176358E0,
1.235059732020E-1));
#2349=CARTESIAN_POINT('',(2.940938293546E-1,1.078716759691E0,
-2.314568636052E-2));
#2350=CARTESIAN_POINT('',(2.452862178882E-1,1.098081343024E0,
-1.638950109533E-1));
#2351=CARTESIAN_POINT('',(1.339286619498E-1,1.117445926358E0,
-2.628497989407E-1));
#2352=CARTESIAN_POINT('',(-1.158177229629E-2,1.136810509691E0,
-2.947757891101E-1));
#2353=CARTESIAN_POINT('',(-1.541387621230E-1,1.156175093024E0,
-2.515315990220E-1));
#2354=CARTESIAN_POINT('',(-2.573891366769E-1,1.175539676358E0,
-1.441448424880E-1));
#2355=CARTESIAN_POINT('',(-2.950032259065E-1,1.194904259691E0,0.E0));
#2356=CARTESIAN_POINT('',(-2.573891366769E-1,1.214268843024E0,
1.441448424880E-1));
#2357=CARTESIAN_POINT('',(-1.541387621230E-1,1.233633426358E0,
2.515315990220E-1));
#2358=CARTESIAN_POINT('',(-1.158177229629E-2,1.252998009691E0,
2.947757891101E-1));
#2359=CARTESIAN_POINT('',(1.339286619498E-1,1.272362593024E0,
2.628497989407E-1));
#2360=CARTESIAN_POINT('',(2.452862178882E-1,1.291727176358E0,
1.638950109533E-1));
#2361=CARTESIAN_POINT('',(2.940938293546E-1,1.311091759691E0,
2.314568636053E-2));
#2362=CARTESIAN_POINT('',(2.679051660828E-1,1.330456343024E0,
-1.235059732020E-1));
#2363=CARTESIAN_POINT('',(1.733985447476E-1,1.349820926358E0,
-2.386626228877E-1));
#2364=CARTESIAN_POINT('',(3.467391447097E-2,1.369185509691E0,
-2.929583993407E-1));
#2365=CARTESIAN_POINT('',(-1.128928584548E-1,1.388550093024E0,
-2.725474387338E-1));
#2366=CARTESIAN_POINT('',(-2.316709854007E-1,1.407914676358E0,
-1.826347260168E-1));
#2367=CARTESIAN_POINT('',(-2.913714055322E-1,1.427279259691E0,
-4.614862021101E-2));
#2368=CARTESIAN_POINT('',(-2.767688777173E-1,1.446643843024E0,
1.021054557351E-1));
#2369=CARTESIAN_POINT('',(-1.915914820392E-1,1.466008426358E0,
2.243229318079E-1));
#2370=CARTESIAN_POINT('',(-5.754401634265E-2,1.485373009691E0,
2.893321384553E-1));
#2371=CARTESIAN_POINT('',(4.157212184759E-2,1.498282731913E0,
2.834938822253E-1));
#2372=CARTESIAN_POINT('',(8.728654593392E-2,1.504737593024E0,
2.686403654377E-1));
#2373=CARTESIAN_POINT('',(8.742450590057E-2,8.723229554721E-1,
-2.690649625558E-1));
#2374=CARTESIAN_POINT('',(4.163782829161E-2,8.787778165832E-1,
-2.839419559361E-1));
#2375=CARTESIAN_POINT('',(-5.763496702113E-2,8.916875388054E-1,
-2.897894397695E-1));
#2376=CARTESIAN_POINT('',(-1.918943002363E-1,9.110521221387E-1,
-2.246774834041E-1));
#2377=CARTESIAN_POINT('',(-2.772063222825E-1,9.304167054721E-1,
-1.022668375966E-1));
#2378=CARTESIAN_POINT('',(-2.918319299917E-1,9.497812888054E-1,
4.622155999843E-2));
#2379=CARTESIAN_POINT('',(-2.320371508971E-1,9.691458721388E-1,
1.829233876936E-1));
#2380=CARTESIAN_POINT('',(-1.130712902488E-1,9.885104554721E-1,
2.729782111415E-1));
#2381=CARTESIAN_POINT('',(3.472871801523E-2,1.007875038805E0,
2.934214321090E-1));
#2382=CARTESIAN_POINT('',(1.736726082610E-1,1.027239622139E0,
2.390398389539E-1));
#2383=CARTESIAN_POINT('',(2.683286011882E-1,1.046604205472E0,
1.237011794593E-1));
#2384=CARTESIAN_POINT('',(2.945586567166E-1,1.065968788805E0,
-2.318226906733E-2));
#2385=CARTESIAN_POINT('',(2.456739028181E-1,1.085333372139E0,
-1.641540537416E-1));
#2386=CARTESIAN_POINT('',(1.341403416943E-1,1.104697955472E0,
-2.632652438309E-1));
#2387=CARTESIAN_POINT('',(-1.160007776252E-2,1.124062538805E0,
-2.952416943375E-1));
#2388=CARTESIAN_POINT('',(-1.543823847599E-1,1.143427122139E0,
-2.519291550329E-1));
#2389=CARTESIAN_POINT('',(-2.577959507664E-1,1.162791705472E0,
-1.443726693249E-1));
#2390=CARTESIAN_POINT('',(-2.954694906071E-1,1.182156288805E0,0.E0));
#2391=CARTESIAN_POINT('',(-2.577959507664E-1,1.201520872139E0,
1.443726693249E-1));
#2392=CARTESIAN_POINT('',(-1.543823847599E-1,1.220885455472E0,
2.519291550329E-1));
#2393=CARTESIAN_POINT('',(-1.160007776253E-2,1.240250038805E0,
2.952416943375E-1));
#2394=CARTESIAN_POINT('',(1.341403416943E-1,1.259614622139E0,
2.632652438309E-1));
#2395=CARTESIAN_POINT('',(2.456739028181E-1,1.278979205472E0,
1.641540537416E-1));
#2396=CARTESIAN_POINT('',(2.945586567166E-1,1.298343788805E0,
2.318226906733E-2));
#2397=CARTESIAN_POINT('',(2.683286011882E-1,1.317708372139E0,
-1.237011794593E-1));
#2398=CARTESIAN_POINT('',(1.736726082610E-1,1.337072955472E0,
-2.390398389539E-1));
#2399=CARTESIAN_POINT('',(3.472871801523E-2,1.356437538805E0,
-2.934214321090E-1));
#2400=CARTESIAN_POINT('',(-1.130712902488E-1,1.375802122139E0,
-2.729782111415E-1));
#2401=CARTESIAN_POINT('',(-2.320371508970E-1,1.395166705472E0,
-1.829233876936E-1));
#2402=CARTESIAN_POINT('',(-2.918319299917E-1,1.414531288805E0,
-4.622155999843E-2));
#2403=CARTESIAN_POINT('',(-2.772063222825E-1,1.433895872139E0,
1.022668375966E-1));
#2404=CARTESIAN_POINT('',(-1.918943002363E-1,1.453260455472E0,
2.246774834041E-1));
#2405=CARTESIAN_POINT('',(-5.763496702114E-2,1.472625038805E0,
2.897894397695E-1));
#2406=CARTESIAN_POINT('',(4.163782829160E-2,1.485534761028E0,
2.839419559361E-1));
#2407=CARTESIAN_POINT('',(8.742450590056E-2,1.491989622139E0,
2.690649625558E-1));
#2408=CARTESIAN_POINT('',(8.428825507270E-2,8.478208102132E-1,
-2.594125750145E-1));
#2409=CARTESIAN_POINT('',(4.014412041068E-2,8.542756713243E-1,
-2.737558738393E-1));
#2410=CARTESIAN_POINT('',(-5.556738069426E-2,8.671853935466E-1,
-2.793935861010E-1));
#2411=CARTESIAN_POINT('',(-1.850103190027E-1,8.865499768799E-1,
-2.166174442186E-1));
#2412=CARTESIAN_POINT('',(-2.672618730827E-1,9.059145602132E-1,
-9.859813566032E-2));
#2413=CARTESIAN_POINT('',(-2.813628044003E-1,9.252791435466E-1,
4.456341615973E-2));
#2414=CARTESIAN_POINT('',(-2.237130923382E-1,9.446437268799E-1,
1.763612273453E-1));
#2415=CARTESIAN_POINT('',(-1.090149913427E-1,9.640083102132E-1,
2.631854404319E-1));
#2416=CARTESIAN_POINT('',(3.348286630004E-2,9.833728935466E-1,
2.828952850078E-1));
#2417=CARTESIAN_POINT('',(1.674423086920E-1,1.002737476880E0,
2.304645672371E-1));
#2418=CARTESIAN_POINT('',(2.587026297406E-1,1.022102060213E0,
1.192635458405E-1));
#2419=CARTESIAN_POINT('',(2.839917130266E-1,1.041466643547E0,
-2.235063256215E-2));
#2420=CARTESIAN_POINT('',(2.368606419004E-1,1.060831226880E0,
-1.582652210666E-1));
#2421=CARTESIAN_POINT('',(1.293282154677E-1,1.080195810213E0,
-2.538209143445E-1));
#2422=CARTESIAN_POINT('',(-1.118393868217E-2,1.099560393547E0,
-2.846502474800E-1));
#2423=CARTESIAN_POINT('',(-1.488440991611E-1,1.118924976880E0,
-2.428914943348E-1));
#2424=CARTESIAN_POINT('',(-2.485478257049E-1,1.138289560213E0,
-1.391934704375E-1));
#2425=CARTESIAN_POINT('',(-2.848698718277E-1,1.157654143547E0,0.E0));
#2426=CARTESIAN_POINT('',(-2.485478257049E-1,1.177018726880E0,
1.391934704375E-1));
#2427=CARTESIAN_POINT('',(-1.488440991611E-1,1.196383310213E0,
2.428914943348E-1));
#2428=CARTESIAN_POINT('',(-1.118393868217E-2,1.215747893547E0,
2.846502474800E-1));
#2429=CARTESIAN_POINT('',(1.293282154677E-1,1.235112476880E0,
2.538209143445E-1));
#2430=CARTESIAN_POINT('',(2.368606419004E-1,1.254477060213E0,
1.582652210666E-1));
#2431=CARTESIAN_POINT('',(2.839917130266E-1,1.273841643547E0,
2.235063256216E-2));
#2432=CARTESIAN_POINT('',(2.587026297406E-1,1.293206226880E0,
-1.192635458405E-1));
#2433=CARTESIAN_POINT('',(1.674423086920E-1,1.312570810213E0,
-2.304645672371E-1));
#2434=CARTESIAN_POINT('',(3.348286630005E-2,1.331935393547E0,
-2.828952850078E-1));
#2435=CARTESIAN_POINT('',(-1.090149913427E-1,1.351299976880E0,
-2.631854404319E-1));
#2436=CARTESIAN_POINT('',(-2.237130923382E-1,1.370664560213E0,
-1.763612273453E-1));
#2437=CARTESIAN_POINT('',(-2.813628044003E-1,1.390029143547E0,
-4.456341615973E-2));
#2438=CARTESIAN_POINT('',(-2.672618730827E-1,1.409393726880E0,
9.859813566031E-2));
#2439=CARTESIAN_POINT('',(-1.850103190027E-1,1.428758310213E0,
2.166174442186E-1));
#2440=CARTESIAN_POINT('',(-5.556738069426E-2,1.448122893547E0,
2.793935861010E-1));
#2441=CARTESIAN_POINT('',(4.014412041067E-2,1.461032615769E0,
2.737558738393E-1));
#2442=CARTESIAN_POINT('',(8.428825507270E-2,1.467487476880E0,
2.594125750145E-1));
#2443=CARTESIAN_POINT('',(7.339153616405E-2,8.332145948934E-1,
-2.258759226201E-1));
#2444=CARTESIAN_POINT('',(3.495432029472E-2,8.396694560045E-1,
-2.383649311244E-1));
#2445=CARTESIAN_POINT('',(-4.838367369506E-2,8.525791782267E-1,
-2.432738044066E-1));
#2446=CARTESIAN_POINT('',(-1.610923313823E-1,8.719437615601E-1,
-1.886133124648E-1));
#2447=CARTESIAN_POINT('',(-2.327104696461E-1,8.913083448934E-1,
-8.585144671438E-2));
#2448=CARTESIAN_POINT('',(-2.449884437227E-1,9.106729282267E-1,
3.880229298684E-2));
#2449=CARTESIAN_POINT('',(-1.947916408110E-1,9.300375115601E-1,
1.535613874493E-1));
#2450=CARTESIAN_POINT('',(-9.492161953823E-2,9.494020948934E-1,
2.291610349823E-1));
#2451=CARTESIAN_POINT('',(2.915422784368E-2,9.687666782267E-1,
2.463228064501E-1));
#2452=CARTESIAN_POINT('',(1.457954995409E-1,9.881312615601E-1,
2.006702903782E-1));
#2453=CARTESIAN_POINT('',(2.252577585094E-1,1.007495844893E0,
1.038452490215E-1));
#2454=CARTESIAN_POINT('',(2.472774891223E-1,1.026860428227E0,
-1.946116047318E-2));
#2455=CARTESIAN_POINT('',(2.062394855711E-1,1.046225011560E0,
-1.378048185409E-1));
#2456=CARTESIAN_POINT('',(1.126087661246E-1,1.065589594893E0,
-2.210071474162E-1));
#2457=CARTESIAN_POINT('',(-9.738087940496E-3,1.084954178227E0,
-2.478508887628E-1));
#2458=CARTESIAN_POINT('',(-1.296016518193E-1,1.104318761560E0,
-2.114906741756E-1));
#2459=CARTESIAN_POINT('',(-2.164157595027E-1,1.123683344893E0,
-1.211986487394E-1));
#2460=CARTESIAN_POINT('',(-2.480421202486E-1,1.143047928227E0,0.E0));
#2461=CARTESIAN_POINT('',(-2.164157595027E-1,1.162412511560E0,
1.211986487394E-1));
#2462=CARTESIAN_POINT('',(-1.296016518193E-1,1.181777094893E0,
2.114906741756E-1));
#2463=CARTESIAN_POINT('',(-9.738087940499E-3,1.201141678227E0,
2.478508887628E-1));
#2464=CARTESIAN_POINT('',(1.126087661246E-1,1.220506261560E0,
2.210071474162E-1));
#2465=CARTESIAN_POINT('',(2.062394855711E-1,1.239870844893E0,
1.378048185409E-1));
#2466=CARTESIAN_POINT('',(2.472774891223E-1,1.259235428227E0,
1.946116047319E-2));
#2467=CARTESIAN_POINT('',(2.252577585094E-1,1.278600011560E0,
-1.038452490215E-1));
#2468=CARTESIAN_POINT('',(1.457954995409E-1,1.297964594893E0,
-2.006702903782E-1));
#2469=CARTESIAN_POINT('',(2.915422784368E-2,1.317329178227E0,
-2.463228064501E-1));
#2470=CARTESIAN_POINT('',(-9.492161953822E-2,1.336693761560E0,
-2.291610349823E-1));
#2471=CARTESIAN_POINT('',(-1.947916408110E-1,1.356058344893E0,
-1.535613874493E-1));
#2472=CARTESIAN_POINT('',(-2.449884437227E-1,1.375422928227E0,
-3.880229298684E-2));
#2473=CARTESIAN_POINT('',(-2.327104696461E-1,1.394787511560E0,
8.585144671437E-2));
#2474=CARTESIAN_POINT('',(-1.610923313823E-1,1.414152094893E0,
1.886133124648E-1));
#2475=CARTESIAN_POINT('',(-4.838367369507E-2,1.433516678227E0,
2.432738044066E-1));
#2476=CARTESIAN_POINT('',(3.495432029472E-2,1.446426400449E0,
2.383649311244E-1));
#2477=CARTESIAN_POINT('',(7.339153616405E-2,1.452881261560E0,
2.258759226201E-1));
#2478=CARTESIAN_POINT('',(6.249481725540E-2,8.478208102132E-1,
-1.923392702257E-1));
#2479=CARTESIAN_POINT('',(2.976452017876E-2,8.542756713243E-1,
-2.029739884095E-1));
#2480=CARTESIAN_POINT('',(-4.119996669587E-2,8.671853935466E-1,
-2.071540227123E-1));
#2481=CARTESIAN_POINT('',(-1.371743437619E-1,8.865499768799E-1,
-1.606091807109E-1));
#2482=CARTESIAN_POINT('',(-1.981590662095E-1,9.059145602132E-1,
-7.310475776844E-2));
#2483=CARTESIAN_POINT('',(-2.086140830451E-1,9.252791435466E-1,
3.304116981395E-2));
#2484=CARTESIAN_POINT('',(-1.658701892839E-1,9.446437268799E-1,
1.307615475534E-1));
#2485=CARTESIAN_POINT('',(-8.082824773374E-2,9.640083102132E-1,
1.951366295326E-1));
#2486=CARTESIAN_POINT('',(2.482558938731E-2,9.833728935466E-1,
2.097503278924E-1));
#2487=CARTESIAN_POINT('',(1.241486903899E-1,1.002737476880E0,
1.708760135193E-1));
#2488=CARTESIAN_POINT('',(1.918128872781E-1,1.022102060213E0,
8.842695220238E-2));
#2489=CARTESIAN_POINT('',(2.105632652181E-1,1.041466643547E0,
-1.657168838422E-2));
#2490=CARTESIAN_POINT('',(1.756183292417E-1,1.060831226880E0,
-1.173444160152E-1));
#2491=CARTESIAN_POINT('',(9.588931678144E-2,1.080195810213E0,
-1.881933804879E-1));
#2492=CARTESIAN_POINT('',(-8.292237198823E-3,1.099560393547E0,
-2.110515300456E-1));
#2493=CARTESIAN_POINT('',(-1.103592044774E-1,1.118924976880E0,
-1.800898540164E-1));
#2494=CARTESIAN_POINT('',(-1.842836933005E-1,1.138289560213E0,
-1.032038270413E-1));
#2495=CARTESIAN_POINT('',(-2.112143686696E-1,1.157654143547E0,0.E0));
#2496=CARTESIAN_POINT('',(-1.842836933005E-1,1.177018726880E0,
1.032038270413E-1));
#2497=CARTESIAN_POINT('',(-1.103592044774E-1,1.196383310213E0,
1.800898540164E-1));
#2498=CARTESIAN_POINT('',(-8.292237198826E-3,1.215747893547E0,
2.110515300456E-1));
#2499=CARTESIAN_POINT('',(9.588931678144E-2,1.235112476880E0,
1.881933804879E-1));
#2500=CARTESIAN_POINT('',(1.756183292417E-1,1.254477060213E0,
1.173444160152E-1));
#2501=CARTESIAN_POINT('',(2.105632652181E-1,1.273841643547E0,
1.657168838422E-2));
#2502=CARTESIAN_POINT('',(1.918128872781E-1,1.293206226880E0,
-8.842695220237E-2));
#2503=CARTESIAN_POINT('',(1.241486903899E-1,1.312570810213E0,
-1.708760135193E-1));
#2504=CARTESIAN_POINT('',(2.482558938732E-2,1.331935393547E0,
-2.097503278924E-1));
#2505=CARTESIAN_POINT('',(-8.082824773374E-2,1.351299976880E0,
-1.951366295326E-1));
#2506=CARTESIAN_POINT('',(-1.658701892839E-1,1.370664560213E0,
-1.307615475534E-1));
#2507=CARTESIAN_POINT('',(-2.086140830451E-1,1.390029143547E0,
-3.304116981395E-2));
#2508=CARTESIAN_POINT('',(-1.981590662095E-1,1.409393726880E0,
7.310475776844E-2));
#2509=CARTESIAN_POINT('',(-1.371743437619E-1,1.428758310213E0,
1.606091807109E-1));
#2510=CARTESIAN_POINT('',(-4.119996669588E-2,1.448122893547E0,
2.071540227123E-1));
#2511=CARTESIAN_POINT('',(2.976452017876E-2,1.461032615769E0,
2.029739884095E-1));
#2512=CARTESIAN_POINT('',(6.249481725540E-2,1.467487476880E0,
1.923392702257E-1));
#2513=CARTESIAN_POINT('',(5.935856642754E-2,8.723229554721E-1,
-1.826868826843E-1));
#2514=CARTESIAN_POINT('',(2.827081229783E-2,8.787778165832E-1,
-1.927879063127E-1));
#2515=CARTESIAN_POINT('',(-3.913238036900E-2,8.916875388054E-1,
-1.967581690438E-1));
#2516=CARTESIAN_POINT('',(-1.302903625283E-1,9.110521221387E-1,
-1.525491415254E-1));
#2517=CARTESIAN_POINT('',(-1.882146170097E-1,9.304167054721E-1,
-6.943605583217E-2));
#2518=CARTESIAN_POINT('',(-1.981449574538E-1,9.497812888054E-1,
3.138302597525E-2));
#2519=CARTESIAN_POINT('',(-1.575461307250E-1,9.691458721387E-1,
1.241993872051E-1));
#2520=CARTESIAN_POINT('',(-7.677194882765E-2,9.885104554721E-1,
1.853438588231E-1));
#2521=CARTESIAN_POINT('',(2.357973767212E-2,1.007875038805E0,
1.992241807911E-1));
#2522=CARTESIAN_POINT('',(1.179183908209E-1,1.027239622139E0,
1.623007418025E-1));
#2523=CARTESIAN_POINT('',(1.821869158306E-1,1.046604205472E0,
8.398931858363E-2));
#2524=CARTESIAN_POINT('',(1.999963215280E-1,1.065968788805E0,
-1.574005187904E-2));
#2525=CARTESIAN_POINT('',(1.668050683240E-1,1.085333372139E0,
-1.114555833401E-1));
#2526=CARTESIAN_POINT('',(9.107719055488E-2,1.104697955472E0,
-1.787490510015E-1));
#2527=CARTESIAN_POINT('',(-7.876098118467E-3,1.124062538805E0,
-2.004600831881E-1));
#2528=CARTESIAN_POINT('',(-1.048209188787E-1,1.143427122139E0,
-1.710521933182E-1));
#2529=CARTESIAN_POINT('',(-1.750355682390E-1,1.162791705472E0,
-9.802462815390E-2));
#2530=CARTESIAN_POINT('',(-2.006147498902E-1,1.182156288805E0,0.E0));
#2531=CARTESIAN_POINT('',(-1.750355682390E-1,1.201520872139E0,
9.802462815390E-2));
#2532=CARTESIAN_POINT('',(-1.048209188787E-1,1.220885455472E0,
1.710521933182E-1));
#2533=CARTESIAN_POINT('',(-7.876098118470E-3,1.240250038805E0,
2.004600831881E-1));
#2534=CARTESIAN_POINT('',(9.107719055488E-2,1.259614622139E0,
1.787490510015E-1));
#2535=CARTESIAN_POINT('',(1.668050683240E-1,1.278979205472E0,
1.114555833402E-1));
#2536=CARTESIAN_POINT('',(1.999963215280E-1,1.298343788805E0,
1.574005187904E-2));
#2537=CARTESIAN_POINT('',(1.821869158306E-1,1.317708372139E0,
-8.398931858362E-2));
#2538=CARTESIAN_POINT('',(1.179183908209E-1,1.337072955472E0,
-1.623007418025E-1));
#2539=CARTESIAN_POINT('',(2.357973767213E-2,1.356437538805E0,
-1.992241807911E-1));
#2540=CARTESIAN_POINT('',(-7.677194882765E-2,1.375802122139E0,
-1.853438588231E-1));
#2541=CARTESIAN_POINT('',(-1.575461307250E-1,1.395166705472E0,
-1.241993872051E-1));
#2542=CARTESIAN_POINT('',(-1.981449574538E-1,1.414531288805E0,
-3.138302597525E-2));
#2543=CARTESIAN_POINT('',(-1.882146170097E-1,1.433895872139E0,
6.943605583216E-2));
#2544=CARTESIAN_POINT('',(-1.302903625283E-1,1.453260455472E0,
1.525491415254E-1));
#2545=CARTESIAN_POINT('',(-3.913238036900E-2,1.472625038805E0,
1.967581690438E-1));
#2546=CARTESIAN_POINT('',(2.827081229783E-2,1.485534761028E0,
1.927879063127E-1));
#2547=CARTESIAN_POINT('',(5.935856642753E-2,1.491989622139E0,
1.826868826843E-1));
#2548=CARTESIAN_POINT('',(5.949652639418E-2,8.850709263576E-1,
-1.831114798025E-1));
#2549=CARTESIAN_POINT('',(2.833651874184E-2,8.915257874687E-1,
-1.932359800235E-1));
#2550=CARTESIAN_POINT('',(-3.922333104748E-2,9.044355096909E-1,
-1.972154703580E-1));
#2551=CARTESIAN_POINT('',(-1.305931807254E-1,9.238000930242E-1,
-1.529036931216E-1));
#2552=CARTESIAN_POINT('',(-1.886520615750E-1,9.431646763576E-1,
-6.959743769367E-2));
#2553=CARTESIAN_POINT('',(-1.986054819133E-1,9.625292596909E-1,
3.145596576267E-2));
#2554=CARTESIAN_POINT('',(-1.579122962214E-1,9.818938430242E-1,
1.244880488819E-1));
#2555=CARTESIAN_POINT('',(-7.695038062169E-2,1.001258426358E0,
1.857746312308E-1));
#2556=CARTESIAN_POINT('',(2.363454121639E-2,1.020623009691E0,
1.996872135594E-1));
#2557=CARTESIAN_POINT('',(1.181924543342E-1,1.039987593024E0,
1.626779578687E-1));
#2558=CARTESIAN_POINT('',(1.826103509360E-1,1.059352176358E0,
8.418452484091E-2));
#2559=CARTESIAN_POINT('',(2.004611488901E-1,1.078716759691E0,
-1.577663458585E-2));
#2560=CARTESIAN_POINT('',(1.671927532539E-1,1.098081343024E0,
-1.117146261285E-1));
#2561=CARTESIAN_POINT('',(9.128887029930E-2,1.117445926358E0,
-1.791644958917E-1));
#2562=CARTESIAN_POINT('',(-7.894403584705E-3,1.136810509691E0,
-2.009259884155E-1));
#2563=CARTESIAN_POINT('',(-1.050645415155E-1,1.156175093024E0,
-1.714497493292E-1));
#2564=CARTESIAN_POINT('',(-1.754423823285E-1,1.175539676358E0,
-9.825245499077E-2));
#2565=CARTESIAN_POINT('',(-2.010810145908E-1,1.194904259691E0,0.E0));
#2566=CARTESIAN_POINT('',(-1.754423823285E-1,1.214268843024E0,
9.825245499077E-2));
#2567=CARTESIAN_POINT('',(-1.050645415155E-1,1.233633426358E0,
1.714497493292E-1));
#2568=CARTESIAN_POINT('',(-7.894403584708E-3,1.252998009691E0,
2.009259884155E-1));
#2569=CARTESIAN_POINT('',(9.128887029930E-2,1.272362593024E0,
1.791644958917E-1));
#2570=CARTESIAN_POINT('',(1.671927532539E-1,1.291727176358E0,
1.117146261285E-1));
#2571=CARTESIAN_POINT('',(2.004611488901E-1,1.311091759691E0,
1.577663458585E-2));
#2572=CARTESIAN_POINT('',(1.826103509360E-1,1.330456343024E0,
-8.418452484091E-2));
#2573=CARTESIAN_POINT('',(1.181924543342E-1,1.349820926358E0,
-1.626779578687E-1));
#2574=CARTESIAN_POINT('',(2.363454121639E-2,1.369185509691E0,
-1.996872135594E-1));
#2575=CARTESIAN_POINT('',(-7.695038062169E-2,1.388550093024E0,
-1.857746312308E-1));
#2576=CARTESIAN_POINT('',(-1.579122962214E-1,1.407914676358E0,
-1.244880488819E-1));
#2577=CARTESIAN_POINT('',(-1.986054819133E-1,1.427279259691E0,
-3.145596576267E-2));
#2578=CARTESIAN_POINT('',(-1.886520615750E-1,1.446643843024E0,
6.959743769367E-2));
#2579=CARTESIAN_POINT('',(-1.305931807254E-1,1.466008426358E0,
1.529036931216E-1));
#2580=CARTESIAN_POINT('',(-3.922333104748E-2,1.485373009691E0,
1.972154703580E-1));
#2581=CARTESIAN_POINT('',(2.833651874184E-2,1.498282731913E0,
1.932359800235E-1));
#2582=CARTESIAN_POINT('',(5.949652639418E-2,1.504737593024E0,
1.831114798025E-1));
#2583=CARTESIAN_POINT('',(5.951777001569E-2,8.860626421314E-1,
-1.831768609467E-1));
#2584=CARTESIAN_POINT('',(2.834663648007E-2,8.925175032425E-1,
-1.933049761863E-1));
#2585=CARTESIAN_POINT('',(-3.923733599281E-2,9.054272254647E-1,
-1.972858874237E-1));
#2586=CARTESIAN_POINT('',(-1.306398098695E-1,9.247918087980E-1,
-1.529582883792E-1));
#2587=CARTESIAN_POINT('',(-1.887194210199E-1,9.441563921314E-1,
-6.962228791123E-2));
#2588=CARTESIAN_POINT('',(-1.986763952917E-1,9.635209754647E-1,
3.146719731973E-2));
#2589=CARTESIAN_POINT('',(-1.579686798333E-1,9.828855587980E-1,
1.245324981490E-1));
#2590=CARTESIAN_POINT('',(-7.697785625531E-2,1.002250142131E0,
1.858409632706E-1));
#2591=CARTESIAN_POINT('',(2.364298008297E-2,1.021614725465E0,
1.997585131771E-1));
#2592=CARTESIAN_POINT('',(1.182346557184E-1,1.040979308798E0,
1.627360430910E-1));
#2593=CARTESIAN_POINT('',(1.826755531488E-1,1.060343892131E0,
8.421458347276E-2));
#2594=CARTESIAN_POINT('',(2.005327248464E-1,1.079708475465E0,
-1.578226773578E-2));
#2595=CARTESIAN_POINT('',(1.672524505133E-1,1.099073058798E0,
-1.117545145620E-1));
#2596=CARTESIAN_POINT('',(9.132146558388E-2,1.118437642131E0,
-1.792284677396E-1));
#2597=CARTESIAN_POINT('',(-7.897222332824E-3,1.137802225465E0,
-2.009977303459E-1));
#2598=CARTESIAN_POINT('',(-1.051020554930E-1,1.157166808798E0,
-1.715109665767E-1));
#2599=CARTESIAN_POINT('',(-1.755050251716E-1,1.176531392131E0,
-9.828753666853E-2));
#2600=CARTESIAN_POINT('',(-2.011528118742E-1,1.195895975465E0,0.E0));
#2601=CARTESIAN_POINT('',(-1.755050251716E-1,1.215260558798E0,
9.828753666852E-2));
#2602=CARTESIAN_POINT('',(-1.051020554930E-1,1.234625142131E0,
1.715109665767E-1));
#2603=CARTESIAN_POINT('',(-7.897222332827E-3,1.253989725465E0,
2.009977303459E-1));
#2604=CARTESIAN_POINT('',(9.132146558387E-2,1.273354308798E0,
1.792284677396E-1));
#2605=CARTESIAN_POINT('',(1.672524505133E-1,1.292718892131E0,
1.117545145620E-1));
#2606=CARTESIAN_POINT('',(2.005327248464E-1,1.312083475465E0,
1.578226773579E-2));
#2607=CARTESIAN_POINT('',(1.826755531488E-1,1.331448058798E0,
-8.421458347275E-2));
#2608=CARTESIAN_POINT('',(1.182346557184E-1,1.350812642131E0,
-1.627360430910E-1));
#2609=CARTESIAN_POINT('',(2.364298008297E-2,1.370177225465E0,
-1.997585131771E-1));
#2610=CARTESIAN_POINT('',(-7.697785625531E-2,1.389541808798E0,
-1.858409632706E-1));
#2611=CARTESIAN_POINT('',(-1.579686798333E-1,1.408906392131E0,
-1.245324981490E-1));
#2612=CARTESIAN_POINT('',(-1.986763952917E-1,1.428270975465E0,
-3.146719731973E-2));
#2613=CARTESIAN_POINT('',(-1.887194210199E-1,1.447635558798E0,
6.962228791122E-2));
#2614=CARTESIAN_POINT('',(-1.306398098695E-1,1.467000142131E0,
1.529582883792E-1));
#2615=CARTESIAN_POINT('',(-3.923733599281E-2,1.486364725465E0,
1.972858874237E-1));
#2616=CARTESIAN_POINT('',(2.834663648006E-2,1.499274447687E0,
1.933049761863E-1));
#2617=CARTESIAN_POINT('',(5.951777001569E-2,1.505729308798E0,
1.831768609467E-1));
#2618=B_SPLINE_SURFACE_WITH_KNOTS('',3,3,((#2303,#2304,#2305,#2306,#2307,#2308,
#2309,#2310,#2311,#2312,#2313,#2314,#2315,#2316,#2317,#2318,#2319,#2320,#2321,
#2322,#2323,#2324,#2325,#2326,#2327,#2328,#2329,#2330,#2331,#2332,#2333,#2334,
#2335,#2336,#2337),(#2338,#2339,#2340,#2341,#2342,#2343,#2344,#2345,#2346,#2347,
#2348,#2349,#2350,#2351,#2352,#2353,#2354,#2355,#2356,#2357,#2358,#2359,#2360,
#2361,#2362,#2363,#2364,#2365,#2366,#2367,#2368,#2369,#2370,#2371,#2372),(#2373,
#2374,#2375,#2376,#2377,#2378,#2379,#2380,#2381,#2382,#2383,#2384,#2385,#2386,
#2387,#2388,#2389,#2390,#2391,#2392,#2393,#2394,#2395,#2396,#2397,#2398,#2399,
#2400,#2401,#2402,#2403,#2404,#2405,#2406,#2407),(#2408,#2409,#2410,#2411,#2412,
#2413,#2414,#2415,#2416,#2417,#2418,#2419,#2420,#2421,#2422,#2423,#2424,#2425,
#2426,#2427,#2428,#2429,#2430,#2431,#2432,#2433,#2434,#2435,#2436,#2437,#2438,
#2439,#2440,#2441,#2442),(#2443,#2444,#2445,#2446,#2447,#2448,#2449,#2450,#2451,
#2452,#2453,#2454,#2455,#2456,#2457,#2458,#2459,#2460,#2461,#2462,#2463,#2464,
#2465,#2466,#2467,#2468,#2469,#2470,#2471,#2472,#2473,#2474,#2475,#2476,#2477),(
#2478,#2479,#2480,#2481,#2482,#2483,#2484,#2485,#2486,#2487,#2488,#2489,#2490,
#2491,#2492,#2493,#2494,#2495,#2496,#2497,#2498,#2499,#2500,#2501,#2502,#2503,
#2504,#2505,#2506,#2507,#2508,#2509,#2510,#2511,#2512),(#2513,#2514,#2515,#2516,
#2517,#2518,#2519,#2520,#2521,#2522,#2523,#2524,#2525,#2526,#2527,#2528,#2529,
#2530,#2531,#2532,#2533,#2534,#2535,#2536,#2537,#2538,#2539,#2540,#2541,#2542,
#2543,#2544,#2545,#2546,#2547),(#2548,#2549,#2550,#2551,#2552,#2553,#2554,#2555,
#2556,#2557,#2558,#2559,#2560,#2561,#2562,#2563,#2564,#2565,#2566,#2567,#2568,
#2569,#2570,#2571,#2572,#2573,#2574,#2575,#2576,#2577,#2578,#2579,#2580,#2581,
#2582),(#2583,#2584,#2585,#2586,#2587,#2588,#2589,#2590,#2591,#2592,#2593,#2594,
#2595,#2596,#2597,#2598,#2599,#2600,#2601,#2602,#2603,#2604,#2605,#2606,#2607,
#2608,#2609,#2610,#2611,#2612,#2613,#2614,#2615,#2616,#2617)),.UNSPECIFIED.,.F.,
.F.,.F.,(4,1,1,1,1,1,4),(4,1,1,1,1,1,1,1,1,1,1,1,1,1,1,1,1,1,1,1,1,1,1,1,1,1,1,
1,1,1,1,1,4),(4.894314513237E-1,5.E-1,6.25E-1,7.5E-1,8.75E-1,1.E0,
1.010568548676E0),(-2.E-2,1.25E-2,4.5E-2,7.75E-2,1.1E-1,1.425E-1,1.75E-1,
2.075E-1,2.4E-1,2.725E-1,3.05E-1,3.375E-1,3.7E-1,4.025E-1,4.35E-1,4.675E-1,
5.E-1,5.325E-1,5.65E-1,5.975E-1,6.3E-1,6.625E-1,6.95E-1,7.275E-1,7.6E-1,
7.925E-1,8.25E-1,8.575E-1,8.9E-1,9.225E-1,9.55E-1,9.875E-1,1.02E0),
.UNSPECIFIED.);
#2619=ORIENTED_EDGE('',*,*,#2297,.F.);
#2621=ORIENTED_EDGE('',*,*,#2620,.T.);
#2623=ORIENTED_EDGE('',*,*,#2622,.T.);
#2625=ORIENTED_EDGE('',*,*,#2624,.F.);
#2626=EDGE_LOOP('',(#2619,#2621,#2623,#2625));
#2627=FACE_OUTER_BOUND('',#2626,.F.);
#2629=CARTESIAN_POINT('',(5.951777001569E-2,8.801040245353E-1,
-1.831768609467E-1));
#2630=CARTESIAN_POINT('',(2.834663648007E-2,8.865588856464E-1,
-1.933049761863E-1));
#2631=CARTESIAN_POINT('',(-3.923733599281E-2,8.994686078686E-1,
-1.972858874237E-1));
#2632=CARTESIAN_POINT('',(-1.306398098695E-1,9.188331912020E-1,
-1.529582883792E-1));
#2633=CARTESIAN_POINT('',(-1.887194210199E-1,9.381977745353E-1,
-6.962228791123E-2));
#2634=CARTESIAN_POINT('',(-1.986763952917E-1,9.575623578686E-1,
3.146719731973E-2));
#2635=CARTESIAN_POINT('',(-1.579686798333E-1,9.769269412020E-1,
1.245324981490E-1));
#2636=CARTESIAN_POINT('',(-7.697785625531E-2,9.962915245353E-1,
1.858409632706E-1));
#2637=CARTESIAN_POINT('',(2.364298008297E-2,1.015656107869E0,
1.997585131771E-1));
#2638=CARTESIAN_POINT('',(1.182346557184E-1,1.035020691202E0,
1.627360430910E-1));
#2639=CARTESIAN_POINT('',(1.826755531488E-1,1.054385274535E0,
8.421458347276E-2));
#2640=CARTESIAN_POINT('',(2.005327248464E-1,1.073749857869E0,
-1.578226773578E-2));
#2641=CARTESIAN_POINT('',(1.672524505133E-1,1.093114441202E0,
-1.117545145620E-1));
#2642=CARTESIAN_POINT('',(9.132146558388E-2,1.112479024535E0,
-1.792284677396E-1));
#2643=CARTESIAN_POINT('',(-7.897222332824E-3,1.131843607869E0,
-2.009977303459E-1));
#2644=CARTESIAN_POINT('',(-1.051020554930E-1,1.151208191202E0,
-1.715109665767E-1));
#2645=CARTESIAN_POINT('',(-1.755050251716E-1,1.170572774535E0,
-9.828753666853E-2));
#2646=CARTESIAN_POINT('',(-2.011528118742E-1,1.189937357869E0,0.E0));
#2647=CARTESIAN_POINT('',(-1.755050251716E-1,1.209301941202E0,
9.828753666852E-2));
#2648=CARTESIAN_POINT('',(-1.051020554930E-1,1.228666524535E0,
1.715109665767E-1));
#2649=CARTESIAN_POINT('',(-7.897222332827E-3,1.248031107869E0,
2.009977303459E-1));
#2650=CARTESIAN_POINT('',(9.132146558387E-2,1.267395691202E0,
1.792284677396E-1));
#2651=CARTESIAN_POINT('',(1.672524505133E-1,1.286760274535E0,
1.117545145620E-1));
#2652=CARTESIAN_POINT('',(2.005327248464E-1,1.306124857869E0,
1.578226773579E-2));
#2653=CARTESIAN_POINT('',(1.826755531488E-1,1.325489441202E0,
-8.421458347275E-2));
#2654=CARTESIAN_POINT('',(1.182346557184E-1,1.344854024535E0,
-1.627360430910E-1));
#2655=CARTESIAN_POINT('',(2.364298008297E-2,1.364218607869E0,
-1.997585131771E-1));
#2656=CARTESIAN_POINT('',(-7.697785625531E-2,1.383583191202E0,
-1.858409632706E-1));
#2657=CARTESIAN_POINT('',(-1.579686798333E-1,1.402947774535E0,
-1.245324981490E-1));
#2658=CARTESIAN_POINT('',(-1.986763952917E-1,1.422312357869E0,
-3.146719731973E-2));
#2659=CARTESIAN_POINT('',(-1.887194210199E-1,1.441676941202E0,
6.962228791122E-2));
#2660=CARTESIAN_POINT('',(-1.306398098695E-1,1.461041524535E0,
1.529582883792E-1));
#2661=CARTESIAN_POINT('',(-3.923733599281E-2,1.480406107869E0,
1.972858874237E-1));
#2662=CARTESIAN_POINT('',(2.834663648006E-2,1.493315830091E0,
1.933049761863E-1));
#2663=CARTESIAN_POINT('',(5.951777001569E-2,1.499770691202E0,
1.831768609467E-1));
#2664=CARTESIAN_POINT('',(5.949652639418E-2,8.810957403091E-1,
-1.831114798025E-1));
#2665=CARTESIAN_POINT('',(2.833651874184E-2,8.875506014202E-1,
-1.932359800235E-1));
#2666=CARTESIAN_POINT('',(-3.922333104748E-2,9.004603236424E-1,
-1.972154703580E-1));
#2667=CARTESIAN_POINT('',(-1.305931807254E-1,9.198249069758E-1,
-1.529036931216E-1));
#2668=CARTESIAN_POINT('',(-1.886520615750E-1,9.391894903091E-1,
-6.959743769367E-2));
#2669=CARTESIAN_POINT('',(-1.986054819133E-1,9.585540736424E-1,
3.145596576267E-2));
#2670=CARTESIAN_POINT('',(-1.579122962214E-1,9.779186569758E-1,
1.244880488819E-1));
#2671=CARTESIAN_POINT('',(-7.695038062169E-2,9.972832403091E-1,
1.857746312308E-1));
#2672=CARTESIAN_POINT('',(2.363454121639E-2,1.016647823642E0,
1.996872135594E-1));
#2673=CARTESIAN_POINT('',(1.181924543342E-1,1.036012406976E0,
1.626779578687E-1));
#2674=CARTESIAN_POINT('',(1.826103509360E-1,1.055376990309E0,
8.418452484091E-2));
#2675=CARTESIAN_POINT('',(2.004611488901E-1,1.074741573642E0,
-1.577663458585E-2));
#2676=CARTESIAN_POINT('',(1.671927532539E-1,1.094106156976E0,
-1.117146261285E-1));
#2677=CARTESIAN_POINT('',(9.128887029930E-2,1.113470740309E0,
-1.791644958917E-1));
#2678=CARTESIAN_POINT('',(-7.894403584705E-3,1.132835323642E0,
-2.009259884155E-1));
#2679=CARTESIAN_POINT('',(-1.050645415155E-1,1.152199906976E0,
-1.714497493292E-1));
#2680=CARTESIAN_POINT('',(-1.754423823285E-1,1.171564490309E0,
-9.825245499077E-2));
#2681=CARTESIAN_POINT('',(-2.010810145908E-1,1.190929073642E0,0.E0));
#2682=CARTESIAN_POINT('',(-1.754423823285E-1,1.210293656976E0,
9.825245499077E-2));
#2683=CARTESIAN_POINT('',(-1.050645415155E-1,1.229658240309E0,
1.714497493292E-1));
#2684=CARTESIAN_POINT('',(-7.894403584708E-3,1.249022823642E0,
2.009259884155E-1));
#2685=CARTESIAN_POINT('',(9.128887029930E-2,1.268387406976E0,
1.791644958917E-1));
#2686=CARTESIAN_POINT('',(1.671927532539E-1,1.287751990309E0,
1.117146261285E-1));
#2687=CARTESIAN_POINT('',(2.004611488901E-1,1.307116573642E0,
1.577663458585E-2));
#2688=CARTESIAN_POINT('',(1.826103509360E-1,1.326481156976E0,
-8.418452484091E-2));
#2689=CARTESIAN_POINT('',(1.181924543342E-1,1.345845740309E0,
-1.626779578687E-1));
#2690=CARTESIAN_POINT('',(2.363454121639E-2,1.365210323642E0,
-1.996872135594E-1));
#2691=CARTESIAN_POINT('',(-7.695038062169E-2,1.384574906976E0,
-1.857746312308E-1));
#2692=CARTESIAN_POINT('',(-1.579122962214E-1,1.403939490309E0,
-1.244880488819E-1));
#2693=CARTESIAN_POINT('',(-1.986054819133E-1,1.423304073642E0,
-3.145596576267E-2));
#2694=CARTESIAN_POINT('',(-1.886520615750E-1,1.442668656976E0,
6.959743769367E-2));
#2695=CARTESIAN_POINT('',(-1.305931807254E-1,1.462033240309E0,
1.529036931216E-1));
#2696=CARTESIAN_POINT('',(-3.922333104748E-2,1.481397823642E0,
1.972154703580E-1));
#2697=CARTESIAN_POINT('',(2.833651874184E-2,1.494307545865E0,
1.932359800235E-1));
#2698=CARTESIAN_POINT('',(5.949652639418E-2,1.500762406976E0,
1.831114798025E-1));
#2699=CARTESIAN_POINT('',(5.935856642754E-2,8.938437111946E-1,
-1.826868826843E-1));
#2700=CARTESIAN_POINT('',(2.827081229783E-2,9.002985723057E-1,
-1.927879063127E-1));
#2701=CARTESIAN_POINT('',(-3.913238036900E-2,9.132082945279E-1,
-1.967581690438E-1));
#2702=CARTESIAN_POINT('',(-1.302903625283E-1,9.325728778613E-1,
-1.525491415254E-1));
#2703=CARTESIAN_POINT('',(-1.882146170097E-1,9.519374611946E-1,
-6.943605583217E-2));
#2704=CARTESIAN_POINT('',(-1.981449574538E-1,9.713020445279E-1,
3.138302597525E-2));
#2705=CARTESIAN_POINT('',(-1.575461307250E-1,9.906666278612E-1,
1.241993872051E-1));
#2706=CARTESIAN_POINT('',(-7.677194882765E-2,1.010031211195E0,
1.853438588231E-1));
#2707=CARTESIAN_POINT('',(2.357973767212E-2,1.029395794528E0,
1.992241807911E-1));
#2708=CARTESIAN_POINT('',(1.179183908209E-1,1.048760377861E0,
1.623007418025E-1));
#2709=CARTESIAN_POINT('',(1.821869158306E-1,1.068124961195E0,
8.398931858363E-2));
#2710=CARTESIAN_POINT('',(1.999963215280E-1,1.087489544528E0,
-1.574005187904E-2));
#2711=CARTESIAN_POINT('',(1.668050683240E-1,1.106854127861E0,
-1.114555833401E-1));
#2712=CARTESIAN_POINT('',(9.107719055488E-2,1.126218711195E0,
-1.787490510015E-1));
#2713=CARTESIAN_POINT('',(-7.876098118467E-3,1.145583294528E0,
-2.004600831881E-1));
#2714=CARTESIAN_POINT('',(-1.048209188787E-1,1.164947877861E0,
-1.710521933182E-1));
#2715=CARTESIAN_POINT('',(-1.750355682390E-1,1.184312461195E0,
-9.802462815390E-2));
#2716=CARTESIAN_POINT('',(-2.006147498902E-1,1.203677044528E0,0.E0));
#2717=CARTESIAN_POINT('',(-1.750355682390E-1,1.223041627861E0,
9.802462815390E-2));
#2718=CARTESIAN_POINT('',(-1.048209188787E-1,1.242406211195E0,
1.710521933182E-1));
#2719=CARTESIAN_POINT('',(-7.876098118470E-3,1.261770794528E0,
2.004600831881E-1));
#2720=CARTESIAN_POINT('',(9.107719055488E-2,1.281135377861E0,
1.787490510015E-1));
#2721=CARTESIAN_POINT('',(1.668050683240E-1,1.300499961195E0,
1.114555833402E-1));
#2722=CARTESIAN_POINT('',(1.999963215280E-1,1.319864544528E0,
1.574005187904E-2));
#2723=CARTESIAN_POINT('',(1.821869158306E-1,1.339229127861E0,
-8.398931858362E-2));
#2724=CARTESIAN_POINT('',(1.179183908209E-1,1.358593711195E0,
-1.623007418025E-1));
#2725=CARTESIAN_POINT('',(2.357973767213E-2,1.377958294528E0,
-1.992241807911E-1));
#2726=CARTESIAN_POINT('',(-7.677194882765E-2,1.397322877861E0,
-1.853438588231E-1));
#2727=CARTESIAN_POINT('',(-1.575461307250E-1,1.416687461195E0,
-1.241993872051E-1));
#2728=CARTESIAN_POINT('',(-1.981449574538E-1,1.436052044528E0,
-3.138302597525E-2));
#2729=CARTESIAN_POINT('',(-1.882146170097E-1,1.455416627861E0,
6.943605583216E-2));
#2730=CARTESIAN_POINT('',(-1.302903625283E-1,1.474781211195E0,
1.525491415254E-1));
#2731=CARTESIAN_POINT('',(-3.913238036900E-2,1.494145794528E0,
1.967581690438E-1));
#2732=CARTESIAN_POINT('',(2.827081229783E-2,1.507055516750E0,
1.927879063127E-1));
#2733=CARTESIAN_POINT('',(5.935856642753E-2,1.513510377861E0,
1.826868826843E-1));
#2734=CARTESIAN_POINT('',(6.249481725540E-2,9.183458564534E-1,
-1.923392702257E-1));
#2735=CARTESIAN_POINT('',(2.976452017876E-2,9.248007175645E-1,
-2.029739884095E-1));
#2736=CARTESIAN_POINT('',(-4.119996669587E-2,9.377104397868E-1,
-2.071540227123E-1));
#2737=CARTESIAN_POINT('',(-1.371743437619E-1,9.570750231201E-1,
-1.606091807109E-1));
#2738=CARTESIAN_POINT('',(-1.981590662095E-1,9.764396064534E-1,
-7.310475776844E-2));
#2739=CARTESIAN_POINT('',(-2.086140830451E-1,9.958041897868E-1,
3.304116981395E-2));
#2740=CARTESIAN_POINT('',(-1.658701892839E-1,1.015168773120E0,
1.307615475534E-1));
#2741=CARTESIAN_POINT('',(-8.082824773374E-2,1.034533356453E0,
1.951366295326E-1));
#2742=CARTESIAN_POINT('',(2.482558938731E-2,1.053897939787E0,
2.097503278924E-1));
#2743=CARTESIAN_POINT('',(1.241486903899E-1,1.073262523120E0,
1.708760135193E-1));
#2744=CARTESIAN_POINT('',(1.918128872781E-1,1.092627106453E0,
8.842695220237E-2));
#2745=CARTESIAN_POINT('',(2.105632652181E-1,1.111991689787E0,
-1.657168838422E-2));
#2746=CARTESIAN_POINT('',(1.756183292417E-1,1.131356273120E0,
-1.173444160152E-1));
#2747=CARTESIAN_POINT('',(9.588931678144E-2,1.150720856453E0,
-1.881933804879E-1));
#2748=CARTESIAN_POINT('',(-8.292237198823E-3,1.170085439787E0,
-2.110515300456E-1));
#2749=CARTESIAN_POINT('',(-1.103592044774E-1,1.189450023120E0,
-1.800898540164E-1));
#2750=CARTESIAN_POINT('',(-1.842836933005E-1,1.208814606453E0,
-1.032038270413E-1));
#2751=CARTESIAN_POINT('',(-2.112143686696E-1,1.228179189787E0,0.E0));
#2752=CARTESIAN_POINT('',(-1.842836933005E-1,1.247543773120E0,
1.032038270413E-1));
#2753=CARTESIAN_POINT('',(-1.103592044774E-1,1.266908356453E0,
1.800898540164E-1));
#2754=CARTESIAN_POINT('',(-8.292237198826E-3,1.286272939787E0,
2.110515300456E-1));
#2755=CARTESIAN_POINT('',(9.588931678144E-2,1.305637523120E0,
1.881933804879E-1));
#2756=CARTESIAN_POINT('',(1.756183292417E-1,1.325002106453E0,
1.173444160152E-1));
#2757=CARTESIAN_POINT('',(2.105632652181E-1,1.344366689787E0,
1.657168838422E-2));
#2758=CARTESIAN_POINT('',(1.918128872781E-1,1.363731273120E0,
-8.842695220237E-2));
#2759=CARTESIAN_POINT('',(1.241486903899E-1,1.383095856453E0,
-1.708760135193E-1));
#2760=CARTESIAN_POINT('',(2.482558938732E-2,1.402460439787E0,
-2.097503278924E-1));
#2761=CARTESIAN_POINT('',(-8.082824773374E-2,1.421825023120E0,
-1.951366295326E-1));
#2762=CARTESIAN_POINT('',(-1.658701892839E-1,1.441189606453E0,
-1.307615475534E-1));
#2763=CARTESIAN_POINT('',(-2.086140830451E-1,1.460554189787E0,
-3.304116981395E-2));
#2764=CARTESIAN_POINT('',(-1.981590662095E-1,1.479918773120E0,
7.310475776844E-2));
#2765=CARTESIAN_POINT('',(-1.371743437619E-1,1.499283356453E0,
1.606091807109E-1));
#2766=CARTESIAN_POINT('',(-4.119996669588E-2,1.518647939787E0,
2.071540227123E-1));
#2767=CARTESIAN_POINT('',(2.976452017876E-2,1.531557662009E0,
2.029739884095E-1));
#2768=CARTESIAN_POINT('',(6.249481725540E-2,1.538012523120E0,
1.923392702257E-1));
#2769=CARTESIAN_POINT('',(7.339153616405E-2,9.329520717733E-1,
-2.258759226201E-1));
#2770=CARTESIAN_POINT('',(3.495432029472E-2,9.394069328844E-1,
-2.383649311244E-1));
#2771=CARTESIAN_POINT('',(-4.838367369506E-2,9.523166551066E-1,
-2.432738044066E-1));
#2772=CARTESIAN_POINT('',(-1.610923313823E-1,9.716812384399E-1,
-1.886133124648E-1));
#2773=CARTESIAN_POINT('',(-2.327104696461E-1,9.910458217733E-1,
-8.585144671438E-2));
#2774=CARTESIAN_POINT('',(-2.449884437227E-1,1.010410405107E0,
3.880229298684E-2));
#2775=CARTESIAN_POINT('',(-1.947916408110E-1,1.029774988440E0,
1.535613874493E-1));
#2776=CARTESIAN_POINT('',(-9.492161953823E-2,1.049139571773E0,
2.291610349823E-1));
#2777=CARTESIAN_POINT('',(2.915422784368E-2,1.068504155107E0,
2.463228064501E-1));
#2778=CARTESIAN_POINT('',(1.457954995409E-1,1.087868738440E0,
2.006702903782E-1));
#2779=CARTESIAN_POINT('',(2.252577585094E-1,1.107233321773E0,
1.038452490215E-1));
#2780=CARTESIAN_POINT('',(2.472774891223E-1,1.126597905107E0,
-1.946116047318E-2));
#2781=CARTESIAN_POINT('',(2.062394855711E-1,1.145962488440E0,
-1.378048185409E-1));
#2782=CARTESIAN_POINT('',(1.126087661246E-1,1.165327071773E0,
-2.210071474162E-1));
#2783=CARTESIAN_POINT('',(-9.738087940495E-3,1.184691655107E0,
-2.478508887628E-1));
#2784=CARTESIAN_POINT('',(-1.296016518193E-1,1.204056238440E0,
-2.114906741756E-1));
#2785=CARTESIAN_POINT('',(-2.164157595027E-1,1.223420821773E0,
-1.211986487394E-1));
#2786=CARTESIAN_POINT('',(-2.480421202486E-1,1.242785405107E0,0.E0));
#2787=CARTESIAN_POINT('',(-2.164157595027E-1,1.262149988440E0,
1.211986487394E-1));
#2788=CARTESIAN_POINT('',(-1.296016518193E-1,1.281514571773E0,
2.114906741756E-1));
#2789=CARTESIAN_POINT('',(-9.738087940499E-3,1.300879155107E0,
2.478508887628E-1));
#2790=CARTESIAN_POINT('',(1.126087661246E-1,1.320243738440E0,
2.210071474162E-1));
#2791=CARTESIAN_POINT('',(2.062394855711E-1,1.339608321773E0,
1.378048185409E-1));
#2792=CARTESIAN_POINT('',(2.472774891223E-1,1.358972905107E0,
1.946116047319E-2));
#2793=CARTESIAN_POINT('',(2.252577585094E-1,1.378337488440E0,
-1.038452490215E-1));
#2794=CARTESIAN_POINT('',(1.457954995409E-1,1.397702071773E0,
-2.006702903782E-1));
#2795=CARTESIAN_POINT('',(2.915422784368E-2,1.417066655107E0,
-2.463228064501E-1));
#2796=CARTESIAN_POINT('',(-9.492161953822E-2,1.436431238440E0,
-2.291610349823E-1));
#2797=CARTESIAN_POINT('',(-1.947916408110E-1,1.455795821773E0,
-1.535613874493E-1));
#2798=CARTESIAN_POINT('',(-2.449884437227E-1,1.475160405107E0,
-3.880229298684E-2));
#2799=CARTESIAN_POINT('',(-2.327104696461E-1,1.494524988440E0,
8.585144671437E-2));
#2800=CARTESIAN_POINT('',(-1.610923313823E-1,1.513889571773E0,
1.886133124648E-1));
#2801=CARTESIAN_POINT('',(-4.838367369507E-2,1.533254155107E0,
2.432738044066E-1));
#2802=CARTESIAN_POINT('',(3.495432029472E-2,1.546163877329E0,
2.383649311244E-1));
#2803=CARTESIAN_POINT('',(7.339153616405E-2,1.552618738440E0,
2.258759226201E-1));
#2804=CARTESIAN_POINT('',(8.428825507270E-2,9.183458564534E-1,
-2.594125750145E-1));
#2805=CARTESIAN_POINT('',(4.014412041068E-2,9.248007175645E-1,
-2.737558738393E-1));
#2806=CARTESIAN_POINT('',(-5.556738069425E-2,9.377104397868E-1,
-2.793935861010E-1));
#2807=CARTESIAN_POINT('',(-1.850103190027E-1,9.570750231201E-1,
-2.166174442186E-1));
#2808=CARTESIAN_POINT('',(-2.672618730827E-1,9.764396064534E-1,
-9.859813566032E-2));
#2809=CARTESIAN_POINT('',(-2.813628044003E-1,9.958041897868E-1,
4.456341615973E-2));
#2810=CARTESIAN_POINT('',(-2.237130923382E-1,1.015168773120E0,
1.763612273453E-1));
#2811=CARTESIAN_POINT('',(-1.090149913427E-1,1.034533356453E0,
2.631854404319E-1));
#2812=CARTESIAN_POINT('',(3.348286630004E-2,1.053897939787E0,
2.828952850078E-1));
#2813=CARTESIAN_POINT('',(1.674423086920E-1,1.073262523120E0,
2.304645672371E-1));
#2814=CARTESIAN_POINT('',(2.587026297406E-1,1.092627106453E0,
1.192635458405E-1));
#2815=CARTESIAN_POINT('',(2.839917130266E-1,1.111991689787E0,
-2.235063256215E-2));
#2816=CARTESIAN_POINT('',(2.368606419004E-1,1.131356273120E0,
-1.582652210666E-1));
#2817=CARTESIAN_POINT('',(1.293282154677E-1,1.150720856453E0,
-2.538209143445E-1));
#2818=CARTESIAN_POINT('',(-1.118393868217E-2,1.170085439787E0,
-2.846502474800E-1));
#2819=CARTESIAN_POINT('',(-1.488440991611E-1,1.189450023120E0,
-2.428914943348E-1));
#2820=CARTESIAN_POINT('',(-2.485478257049E-1,1.208814606453E0,
-1.391934704375E-1));
#2821=CARTESIAN_POINT('',(-2.848698718277E-1,1.228179189787E0,0.E0));
#2822=CARTESIAN_POINT('',(-2.485478257049E-1,1.247543773120E0,
1.391934704375E-1));
#2823=CARTESIAN_POINT('',(-1.488440991611E-1,1.266908356453E0,
2.428914943348E-1));
#2824=CARTESIAN_POINT('',(-1.118393868217E-2,1.286272939787E0,
2.846502474800E-1));
#2825=CARTESIAN_POINT('',(1.293282154677E-1,1.305637523120E0,
2.538209143445E-1));
#2826=CARTESIAN_POINT('',(2.368606419004E-1,1.325002106453E0,
1.582652210666E-1));
#2827=CARTESIAN_POINT('',(2.839917130266E-1,1.344366689787E0,
2.235063256215E-2));
#2828=CARTESIAN_POINT('',(2.587026297406E-1,1.363731273120E0,
-1.192635458405E-1));
#2829=CARTESIAN_POINT('',(1.674423086920E-1,1.383095856453E0,
-2.304645672371E-1));
#2830=CARTESIAN_POINT('',(3.348286630005E-2,1.402460439787E0,
-2.828952850078E-1));
#2831=CARTESIAN_POINT('',(-1.090149913427E-1,1.421825023120E0,
-2.631854404319E-1));
#2832=CARTESIAN_POINT('',(-2.237130923382E-1,1.441189606453E0,
-1.763612273453E-1));
#2833=CARTESIAN_POINT('',(-2.813628044003E-1,1.460554189787E0,
-4.456341615973E-2));
#2834=CARTESIAN_POINT('',(-2.672618730827E-1,1.479918773120E0,
9.859813566031E-2));
#2835=CARTESIAN_POINT('',(-1.850103190027E-1,1.499283356453E0,
2.166174442186E-1));
#2836=CARTESIAN_POINT('',(-5.556738069426E-2,1.518647939787E0,
2.793935861010E-1));
#2837=CARTESIAN_POINT('',(4.014412041068E-2,1.531557662009E0,
2.737558738393E-1));
#2838=CARTESIAN_POINT('',(8.428825507270E-2,1.538012523120E0,
2.594125750145E-1));
#2839=CARTESIAN_POINT('',(8.742450590057E-2,8.938437111946E-1,
-2.690649625558E-1));
#2840=CARTESIAN_POINT('',(4.163782829161E-2,9.002985723057E-1,
-2.839419559361E-1));
#2841=CARTESIAN_POINT('',(-5.763496702113E-2,9.132082945279E-1,
-2.897894397695E-1));
#2842=CARTESIAN_POINT('',(-1.918943002363E-1,9.325728778613E-1,
-2.246774834041E-1));
#2843=CARTESIAN_POINT('',(-2.772063222825E-1,9.519374611946E-1,
-1.022668375966E-1));
#2844=CARTESIAN_POINT('',(-2.918319299917E-1,9.713020445279E-1,
4.622155999843E-2));
#2845=CARTESIAN_POINT('',(-2.320371508971E-1,9.906666278613E-1,
1.829233876936E-1));
#2846=CARTESIAN_POINT('',(-1.130712902488E-1,1.010031211195E0,
2.729782111415E-1));
#2847=CARTESIAN_POINT('',(3.472871801523E-2,1.029395794528E0,
2.934214321090E-1));
#2848=CARTESIAN_POINT('',(1.736726082610E-1,1.048760377861E0,
2.390398389539E-1));
#2849=CARTESIAN_POINT('',(2.683286011882E-1,1.068124961195E0,
1.237011794593E-1));
#2850=CARTESIAN_POINT('',(2.945586567166E-1,1.087489544528E0,
-2.318226906733E-2));
#2851=CARTESIAN_POINT('',(2.456739028181E-1,1.106854127861E0,
-1.641540537416E-1));
#2852=CARTESIAN_POINT('',(1.341403416943E-1,1.126218711195E0,
-2.632652438309E-1));
#2853=CARTESIAN_POINT('',(-1.160007776252E-2,1.145583294528E0,
-2.952416943375E-1));
#2854=CARTESIAN_POINT('',(-1.543823847599E-1,1.164947877861E0,
-2.519291550329E-1));
#2855=CARTESIAN_POINT('',(-2.577959507664E-1,1.184312461195E0,
-1.443726693249E-1));
#2856=CARTESIAN_POINT('',(-2.954694906071E-1,1.203677044528E0,0.E0));
#2857=CARTESIAN_POINT('',(-2.577959507664E-1,1.223041627861E0,
1.443726693249E-1));
#2858=CARTESIAN_POINT('',(-1.543823847599E-1,1.242406211195E0,
2.519291550329E-1));
#2859=CARTESIAN_POINT('',(-1.160007776253E-2,1.261770794528E0,
2.952416943375E-1));
#2860=CARTESIAN_POINT('',(1.341403416943E-1,1.281135377861E0,
2.632652438309E-1));
#2861=CARTESIAN_POINT('',(2.456739028181E-1,1.300499961195E0,
1.641540537416E-1));
#2862=CARTESIAN_POINT('',(2.945586567166E-1,1.319864544528E0,
2.318226906733E-2));
#2863=CARTESIAN_POINT('',(2.683286011882E-1,1.339229127861E0,
-1.237011794593E-1));
#2864=CARTESIAN_POINT('',(1.736726082610E-1,1.358593711195E0,
-2.390398389539E-1));
#2865=CARTESIAN_POINT('',(3.472871801524E-2,1.377958294528E0,
-2.934214321090E-1));
#2866=CARTESIAN_POINT('',(-1.130712902488E-1,1.397322877861E0,
-2.729782111415E-1));
#2867=CARTESIAN_POINT('',(-2.320371508971E-1,1.416687461195E0,
-1.829233876936E-1));
#2868=CARTESIAN_POINT('',(-2.918319299917E-1,1.436052044528E0,
-4.622155999843E-2));
#2869=CARTESIAN_POINT('',(-2.772063222825E-1,1.455416627861E0,
1.022668375966E-1));
#2870=CARTESIAN_POINT('',(-1.918943002363E-1,1.474781211195E0,
2.246774834041E-1));
#2871=CARTESIAN_POINT('',(-5.763496702114E-2,1.494145794528E0,
2.897894397695E-1));
#2872=CARTESIAN_POINT('',(4.163782829160E-2,1.507055516750E0,
2.839419559361E-1));
#2873=CARTESIAN_POINT('',(8.742450590056E-2,1.513510377861E0,
2.690649625558E-1));
#2874=CARTESIAN_POINT('',(8.728654593392E-2,8.810957403091E-1,
-2.686403654377E-1));
#2875=CARTESIAN_POINT('',(4.157212184760E-2,8.875506014202E-1,
-2.834938822253E-1));
#2876=CARTESIAN_POINT('',(-5.754401634265E-2,9.004603236424E-1,
-2.893321384553E-1));
#2877=CARTESIAN_POINT('',(-1.915914820392E-1,9.198249069758E-1,
-2.243229318079E-1));
#2878=CARTESIAN_POINT('',(-2.767688777173E-1,9.391894903091E-1,
-1.021054557351E-1));
#2879=CARTESIAN_POINT('',(-2.913714055322E-1,9.585540736424E-1,
4.614862021101E-2));
#2880=CARTESIAN_POINT('',(-2.316709854007E-1,9.779186569758E-1,
1.826347260168E-1));
#2881=CARTESIAN_POINT('',(-1.128928584548E-1,9.972832403091E-1,
2.725474387338E-1));
#2882=CARTESIAN_POINT('',(3.467391447097E-2,1.016647823642E0,
2.929583993407E-1));
#2883=CARTESIAN_POINT('',(1.733985447476E-1,1.036012406976E0,
2.386626228877E-1));
#2884=CARTESIAN_POINT('',(2.679051660828E-1,1.055376990309E0,
1.235059732020E-1));
#2885=CARTESIAN_POINT('',(2.940938293546E-1,1.074741573642E0,
-2.314568636052E-2));
#2886=CARTESIAN_POINT('',(2.452862178882E-1,1.094106156976E0,
-1.638950109533E-1));
#2887=CARTESIAN_POINT('',(1.339286619498E-1,1.113470740309E0,
-2.628497989407E-1));
#2888=CARTESIAN_POINT('',(-1.158177229629E-2,1.132835323642E0,
-2.947757891101E-1));
#2889=CARTESIAN_POINT('',(-1.541387621230E-1,1.152199906976E0,
-2.515315990220E-1));
#2890=CARTESIAN_POINT('',(-2.573891366769E-1,1.171564490309E0,
-1.441448424880E-1));
#2891=CARTESIAN_POINT('',(-2.950032259065E-1,1.190929073642E0,0.E0));
#2892=CARTESIAN_POINT('',(-2.573891366769E-1,1.210293656976E0,
1.441448424880E-1));
#2893=CARTESIAN_POINT('',(-1.541387621230E-1,1.229658240309E0,
2.515315990220E-1));
#2894=CARTESIAN_POINT('',(-1.158177229629E-2,1.249022823642E0,
2.947757891101E-1));
#2895=CARTESIAN_POINT('',(1.339286619498E-1,1.268387406976E0,
2.628497989407E-1));
#2896=CARTESIAN_POINT('',(2.452862178882E-1,1.287751990309E0,
1.638950109533E-1));
#2897=CARTESIAN_POINT('',(2.940938293546E-1,1.307116573642E0,
2.314568636053E-2));
#2898=CARTESIAN_POINT('',(2.679051660828E-1,1.326481156976E0,
-1.235059732020E-1));
#2899=CARTESIAN_POINT('',(1.733985447476E-1,1.345845740309E0,
-2.386626228877E-1));
#2900=CARTESIAN_POINT('',(3.467391447097E-2,1.365210323642E0,
-2.929583993407E-1));
#2901=CARTESIAN_POINT('',(-1.128928584548E-1,1.384574906976E0,
-2.725474387338E-1));
#2902=CARTESIAN_POINT('',(-2.316709854007E-1,1.403939490309E0,
-1.826347260168E-1));
#2903=CARTESIAN_POINT('',(-2.913714055322E-1,1.423304073642E0,
-4.614862021101E-2));
#2904=CARTESIAN_POINT('',(-2.767688777173E-1,1.442668656976E0,
1.021054557351E-1));
#2905=CARTESIAN_POINT('',(-1.915914820392E-1,1.462033240309E0,
2.243229318079E-1));
#2906=CARTESIAN_POINT('',(-5.754401634265E-2,1.481397823642E0,
2.893321384553E-1));
#2907=CARTESIAN_POINT('',(4.157212184759E-2,1.494307545865E0,
2.834938822253E-1));
#2908=CARTESIAN_POINT('',(8.728654593392E-2,1.500762406976E0,
2.686403654377E-1));
#2909=CARTESIAN_POINT('',(8.726530231241E-2,8.801040245353E-1,
-2.685749842935E-1));
#2910=CARTESIAN_POINT('',(4.156200410937E-2,8.865588856464E-1,
-2.834248860625E-1));
#2911=CARTESIAN_POINT('',(-5.753001139732E-2,8.994686078686E-1,
-2.892617213895E-1));
#2912=CARTESIAN_POINT('',(-1.915448528951E-1,9.188331912020E-1,
-2.242683365503E-1));
#2913=CARTESIAN_POINT('',(-2.767015182723E-1,9.381977745353E-1,
-1.020806055175E-1));
#2914=CARTESIAN_POINT('',(-2.913004921538E-1,9.575623578686E-1,
4.613738865395E-2));
#2915=CARTESIAN_POINT('',(-2.316146017888E-1,9.769269412020E-1,
1.825902767497E-1));
#2916=CARTESIAN_POINT('',(-1.128653828211E-1,9.962915245353E-1,
2.724811066940E-1));
#2917=CARTESIAN_POINT('',(3.466547560439E-2,1.015656107869E0,
2.928870997230E-1));
#2918=CARTESIAN_POINT('',(1.733563433635E-1,1.035020691202E0,
2.386045376653E-1));
#2919=CARTESIAN_POINT('',(2.678399638699E-1,1.054385274535E0,
1.234759145702E-1));
#2920=CARTESIAN_POINT('',(2.940222533982E-1,1.073749857869E0,
-2.314005321059E-2));
#2921=CARTESIAN_POINT('',(2.452265206288E-1,1.093114441202E0,
-1.638551225198E-1));
#2922=CARTESIAN_POINT('',(1.338960666653E-1,1.112479024535E0,
-2.627858270927E-1));
#2923=CARTESIAN_POINT('',(-1.157895354817E-2,1.131843607869E0,
-2.947040471798E-1));
#2924=CARTESIAN_POINT('',(-1.541012481455E-1,1.151208191202E0,
-2.514703817745E-1));
#2925=CARTESIAN_POINT('',(-2.573264938338E-1,1.170572774535E0,
-1.441097608103E-1));
#2926=CARTESIAN_POINT('',(-2.949314286231E-1,1.189937357869E0,0.E0));
#2927=CARTESIAN_POINT('',(-2.573264938338E-1,1.209301941202E0,
1.441097608103E-1));
#2928=CARTESIAN_POINT('',(-1.541012481455E-1,1.228666524535E0,
2.514703817745E-1));
#2929=CARTESIAN_POINT('',(-1.157895354817E-2,1.248031107869E0,
2.947040471798E-1));
#2930=CARTESIAN_POINT('',(1.338960666653E-1,1.267395691202E0,
2.627858270927E-1));
#2931=CARTESIAN_POINT('',(2.452265206288E-1,1.286760274535E0,
1.638551225198E-1));
#2932=CARTESIAN_POINT('',(2.940222533982E-1,1.306124857869E0,
2.314005321059E-2));
#2933=CARTESIAN_POINT('',(2.678399638699E-1,1.325489441202E0,
-1.234759145702E-1));
#2934=CARTESIAN_POINT('',(1.733563433635E-1,1.344854024535E0,
-2.386045376653E-1));
#2935=CARTESIAN_POINT('',(3.466547560439E-2,1.364218607869E0,
-2.928870997230E-1));
#2936=CARTESIAN_POINT('',(-1.128653828211E-1,1.383583191202E0,
-2.724811066940E-1));
#2937=CARTESIAN_POINT('',(-2.316146017888E-1,1.402947774535E0,
-1.825902767497E-1));
#2938=CARTESIAN_POINT('',(-2.913004921538E-1,1.422312357869E0,
-4.613738865395E-2));
#2939=CARTESIAN_POINT('',(-2.767015182723E-1,1.441676941202E0,
1.020806055175E-1));
#2940=CARTESIAN_POINT('',(-1.915448528951E-1,1.461041524535E0,
2.242683365503E-1));
#2941=CARTESIAN_POINT('',(-5.753001139733E-2,1.480406107869E0,
2.892617213895E-1));
#2942=CARTESIAN_POINT('',(4.156200410937E-2,1.493315830091E0,
2.834248860625E-1));
#2943=CARTESIAN_POINT('',(8.726530231241E-2,1.499770691202E0,
2.685749842935E-1));
#2944=B_SPLINE_SURFACE_WITH_KNOTS('',3,3,((#2629,#2630,#2631,#2632,#2633,#2634,
#2635,#2636,#2637,#2638,#2639,#2640,#2641,#2642,#2643,#2644,#2645,#2646,#2647,
#2648,#2649,#2650,#2651,#2652,#2653,#2654,#2655,#2656,#2657,#2658,#2659,#2660,
#2661,#2662,#2663),(#2664,#2665,#2666,#2667,#2668,#2669,#2670,#2671,#2672,#2673,
#2674,#2675,#2676,#2677,#2678,#2679,#2680,#2681,#2682,#2683,#2684,#2685,#2686,
#2687,#2688,#2689,#2690,#2691,#2692,#2693,#2694,#2695,#2696,#2697,#2698),(#2699,
#2700,#2701,#2702,#2703,#2704,#2705,#2706,#2707,#2708,#2709,#2710,#2711,#2712,
#2713,#2714,#2715,#2716,#2717,#2718,#2719,#2720,#2721,#2722,#2723,#2724,#2725,
#2726,#2727,#2728,#2729,#2730,#2731,#2732,#2733),(#2734,#2735,#2736,#2737,#2738,
#2739,#2740,#2741,#2742,#2743,#2744,#2745,#2746,#2747,#2748,#2749,#2750,#2751,
#2752,#2753,#2754,#2755,#2756,#2757,#2758,#2759,#2760,#2761,#2762,#2763,#2764,
#2765,#2766,#2767,#2768),(#2769,#2770,#2771,#2772,#2773,#2774,#2775,#2776,#2777,
#2778,#2779,#2780,#2781,#2782,#2783,#2784,#2785,#2786,#2787,#2788,#2789,#2790,
#2791,#2792,#2793,#2794,#2795,#2796,#2797,#2798,#2799,#2800,#2801,#2802,#2803),(
#2804,#2805,#2806,#2807,#2808,#2809,#2810,#2811,#2812,#2813,#2814,#2815,#2816,
#2817,#2818,#2819,#2820,#2821,#2822,#2823,#2824,#2825,#2826,#2827,#2828,#2829,
#2830,#2831,#2832,#2833,#2834,#2835,#2836,#2837,#2838),(#2839,#2840,#2841,#2842,
#2843,#2844,#2845,#2846,#2847,#2848,#2849,#2850,#2851,#2852,#2853,#2854,#2855,
#2856,#2857,#2858,#2859,#2860,#2861,#2862,#2863,#2864,#2865,#2866,#2867,#2868,
#2869,#2870,#2871,#2872,#2873),(#2874,#2875,#2876,#2877,#2878,#2879,#2880,#2881,
#2882,#2883,#2884,#2885,#2886,#2887,#2888,#2889,#2890,#2891,#2892,#2893,#2894,
#2895,#2896,#2897,#2898,#2899,#2900,#2901,#2902,#2903,#2904,#2905,#2906,#2907,
#2908),(#2909,#2910,#2911,#2912,#2913,#2914,#2915,#2916,#2917,#2918,#2919,#2920,
#2921,#2922,#2923,#2924,#2925,#2926,#2927,#2928,#2929,#2930,#2931,#2932,#2933,
#2934,#2935,#2936,#2937,#2938,#2939,#2940,#2941,#2942,#2943)),.UNSPECIFIED.,.F.,
.F.,.F.,(4,1,1,1,1,1,4),(4,1,1,1,1,1,1,1,1,1,1,1,1,1,1,1,1,1,1,1,1,1,1,1,1,1,1,
1,1,1,1,1,4),(-1.056854867632E-2,0.E0,1.25E-1,2.5E-1,3.75E-1,5.E-1,
5.105685486763E-1),(-2.E-2,1.25E-2,4.5E-2,7.75E-2,1.1E-1,1.425E-1,1.75E-1,
2.075E-1,2.4E-1,2.725E-1,3.05E-1,3.375E-1,3.7E-1,4.025E-1,4.35E-1,4.675E-1,
5.E-1,5.325E-1,5.65E-1,5.975E-1,6.3E-1,6.625E-1,6.95E-1,7.275E-1,7.6E-1,
7.925E-1,8.25E-1,8.575E-1,8.9E-1,9.225E-1,9.55E-1,9.875E-1,1.02E0),
.UNSPECIFIED.);
#2945=ORIENTED_EDGE('',*,*,#1972,.F.);
#2946=ORIENTED_EDGE('',*,*,#2624,.T.);
#2948=ORIENTED_EDGE('',*,*,#2947,.T.);
#2949=ORIENTED_EDGE('',*,*,#2620,.F.);
#2950=EDGE_LOOP('',(#2945,#2946,#2948,#2949));
#2951=FACE_OUTER_BOUND('',#2950,.F.);
#2953=CARTESIAN_POINT('',(-1.208934228861E-2,1.485464135226E0,
1.922237631953E-1));
#2954=CARTESIAN_POINT('',(1.357590526872E-2,1.490560223147E0,
1.938379026621E-1));
#2955=CARTESIAN_POINT('',(6.554867849445E-2,1.500551454067E0,
1.866469106864E-1));
#2956=CARTESIAN_POINT('',(1.331410525641E-1,1.514935465676E0,
1.463132238541E-1));
#2957=CARTESIAN_POINT('',(1.796533169642E-1,1.528716642515E0,
8.281670436640E-2));
#2958=CARTESIAN_POINT('',(1.977256198048E-1,1.541894984583E0,
6.209622775306E-3));
#2959=CARTESIAN_POINT('',(1.844960343055E-1,1.554470491880E0,
-7.138050862914E-2));
#2960=CARTESIAN_POINT('',(1.420591668273E-1,1.566443164407E0,
-1.376704785492E-1));
#2961=CARTESIAN_POINT('',(7.713307807763E-2,1.577813002163E0,
-1.821660097207E-1));
#2962=CARTESIAN_POINT('',(-3.847388771100E-6,1.588580005149E0,
-1.978230696460E-1));
#2963=CARTESIAN_POINT('',(-7.714016377992E-2,1.598744173364E0,
-1.821630093167E-1));
#2964=CARTESIAN_POINT('',(-1.420645217257E-1,1.608305506809E0,
-1.376649527312E-1));
#2965=CARTESIAN_POINT('',(-1.844988106730E-1,1.617264005483E0,
-7.137333218290E-2));
#2966=CARTESIAN_POINT('',(-1.977253781178E-1,1.625619669386E0,
6.217313757614E-3));
#2967=CARTESIAN_POINT('',(-1.796500954845E-1,1.633372498519E0,
8.282369232750E-2));
#2968=CARTESIAN_POINT('',(-1.331353612783E-1,1.640522492881E0,
1.463184025670E-1));
#2969=CARTESIAN_POINT('',(-6.554141838940E-2,1.647069652473E0,
1.866494602099E-1));
#2970=CARTESIAN_POINT('',(-1.356836549303E-2,1.651032535687E0,
1.938384305811E-1));
#2971=CARTESIAN_POINT('',(1.209681925927E-2,1.652913504832E0,
1.922232928074E-1));
#2972=CARTESIAN_POINT('',(-1.208502725107E-2,1.486455850999E0,
1.921551529488E-1));
#2973=CARTESIAN_POINT('',(1.357105963366E-2,1.491551938921E0,
1.937687162824E-1));
#2974=CARTESIAN_POINT('',(6.552528226646E-2,1.501543169841E0,
1.865802909806E-1));
#2975=CARTESIAN_POINT('',(1.330935306538E-1,1.515927181450E0,
1.462610004131E-1));
#2976=CARTESIAN_POINT('',(1.795891934752E-1,1.529708358289E0,
8.278714467823E-2));
#2977=CARTESIAN_POINT('',(1.976550457858E-1,1.542886700357E0,
6.207406380506E-3));
#2978=CARTESIAN_POINT('',(1.844301823100E-1,1.555462207654E0,
-7.135503085152E-2));
#2979=CARTESIAN_POINT('',(1.420084617829E-1,1.567434880181E0,
-1.376213399552E-1));
#2980=CARTESIAN_POINT('',(7.710554704083E-2,1.578804717937E0,
-1.821009893787E-1));
#2981=CARTESIAN_POINT('',(-3.846015526257E-6,1.589571720923E0,
-1.977524608443E-1));
#2982=CARTESIAN_POINT('',(-7.711263021402E-2,1.599735889138E0,
-1.820979900456E-1));
#2983=CARTESIAN_POINT('',(-1.420138147700E-1,1.609297222582E0,
-1.376158161094E-1));
#2984=CARTESIAN_POINT('',(-1.844329576865E-1,1.618255721256E0,
-7.134785696677E-2));
#2985=CARTESIAN_POINT('',(-1.976548041851E-1,1.626611385160E0,
6.215094617679E-3));
#2986=CARTESIAN_POINT('',(-1.795859731453E-1,1.634364214293E0,
8.279413014512E-2));
#2987=CARTESIAN_POINT('',(-1.330878413994E-1,1.641514208655E0,
1.462661772776E-1));
#2988=CARTESIAN_POINT('',(-6.551802475276E-2,1.648061368246E0,
1.865828395941E-1));
#2989=CARTESIAN_POINT('',(-1.356352254913E-2,1.652024251460E0,
1.937692440130E-1));
#2990=CARTESIAN_POINT('',(1.209250155298E-2,1.653905220606E0,
1.921546827288E-1));
#2991=CARTESIAN_POINT('',(-1.205700460744E-2,1.499203821885E0,
1.917095854493E-1));
#2992=CARTESIAN_POINT('',(1.353959119259E-2,1.504299909807E0,
1.933194072680E-1));
#2993=CARTESIAN_POINT('',(6.537334287935E-2,1.514291140726E0,
1.861476504168E-1));
#2994=CARTESIAN_POINT('',(1.327849146696E-1,1.528675152336E0,
1.459218518281E-1));
#2995=CARTESIAN_POINT('',(1.791727638003E-1,1.542456329174E0,
8.259517865247E-2));
#2996=CARTESIAN_POINT('',(1.971967251884E-1,1.555634671242E0,
6.193012706974E-3));
#2997=CARTESIAN_POINT('',(1.840025273974E-1,1.568210178540E0,
-7.118957350010E-2));
#2998=CARTESIAN_POINT('',(1.416791739431E-1,1.580182851066E0,
-1.373022249308E-1));
#2999=CARTESIAN_POINT('',(7.692675544841E-2,1.591552688823E0,
-1.816787353759E-1));
#3000=CARTESIAN_POINT('',(-3.837097422478E-6,1.602319691808E0,
-1.972939143618E-1));
#3001=CARTESIAN_POINT('',(-7.693382219721E-2,1.612483860023E0,
-1.816757429976E-1));
#3002=CARTESIAN_POINT('',(-1.416845145178E-1,1.622045193468E0,
-1.372967138937E-1));
#3003=CARTESIAN_POINT('',(-1.840052963383E-1,1.631003692142E0,
-7.118241625008E-2));
#3004=CARTESIAN_POINT('',(-1.971964841479E-1,1.639359356045E0,
6.200683116740E-3));
#3005=CARTESIAN_POINT('',(-1.791695509378E-1,1.647112185178E0,
8.260214792153E-2));
#3006=CARTESIAN_POINT('',(-1.327792386074E-1,1.654262179540E0,
1.459270166885E-1));
#3007=CARTESIAN_POINT('',(-6.536610219430E-2,1.660809339132E0,
1.861501931206E-1));
#3008=CARTESIAN_POINT('',(-1.353207158498E-2,1.664772222346E0,
1.933199337749E-1));
#3009=CARTESIAN_POINT('',(1.206446157801E-2,1.666653191491E0,
1.917091163197E-1));
#3010=CARTESIAN_POINT('',(-1.269404476790E-2,1.523705967144E0,
2.018386937190E-1));
#3011=CARTESIAN_POINT('',(1.425496483859E-2,1.528802055065E0,
2.035335715845E-1));
#3012=CARTESIAN_POINT('',(6.882738857258E-2,1.538793285985E0,
1.959828900100E-1));
#3013=CARTESIAN_POINT('',(1.398006972874E-1,1.553177297594E0,
1.536317335881E-1));
#3014=CARTESIAN_POINT('',(1.886394804449E-1,1.566958474433E0,
8.695915192569E-2));
#3015=CARTESIAN_POINT('',(2.076157502735E-1,1.580136816501E0,
6.520224807909E-3));
#3016=CARTESIAN_POINT('',(1.937244279352E-1,1.592712323798E0,
-7.495092375267E-2));
#3017=CARTESIAN_POINT('',(1.491648908887E-1,1.604684996325E0,
-1.445566827542E-1));
#3018=CARTESIAN_POINT('',(8.099123366916E-2,1.616054834082E0,
-1.912778567584E-1));
#3019=CARTESIAN_POINT('',(-4.039833113434E-6,1.626821837067E0,
-2.077180745039E-1));
#3020=CARTESIAN_POINT('',(-8.099867379451E-2,1.636986005282E0,
-1.912747062757E-1));
#3021=CARTESIAN_POINT('',(-1.491705136363E-1,1.646547338727E0,
-1.445508805377E-1));
#3022=CARTESIAN_POINT('',(-1.937273431751E-1,1.655505837401E0,
-7.494338834441E-2));
#3023=CARTESIAN_POINT('',(-2.076154964975E-1,1.663861501304E0,
6.528300489066E-3));
#3024=CARTESIAN_POINT('',(-1.886360978285E-1,1.671614330437E0,
8.696648942089E-2));
#3025=CARTESIAN_POINT('',(-1.397947213265E-1,1.678764324799E0,
1.536371713375E-1));
#3026=CARTESIAN_POINT('',(-6.881976532094E-2,1.685311484391E0,
1.959855670594E-1));
#3027=CARTESIAN_POINT('',(-1.424704792733E-2,1.689274367605E0,
2.035341259098E-1));
#3028=CARTESIAN_POINT('',(1.270189573265E-2,1.691155336750E0,
2.018381998026E-1));
#3029=CARTESIAN_POINT('',(-1.490740331065E-2,1.538312182464E0,
2.370316842250E-1));
#3030=CARTESIAN_POINT('',(1.674048846632E-2,1.543408270385E0,
2.390220843194E-1));
#3031=CARTESIAN_POINT('',(8.082826703626E-2,1.553399501305E0,
2.301548510963E-1));
#3032=CARTESIAN_POINT('',(1.641766210596E-1,1.567783512914E0,
1.804192639767E-1));
#3033=CARTESIAN_POINT('',(2.215310302367E-1,1.581564689753E0,
1.021215202097E-1));
#3034=CARTESIAN_POINT('',(2.438160396910E-1,1.594743031821E0,
7.657103993628E-3));
#3035=CARTESIAN_POINT('',(2.275025991446E-1,1.607318539118E0,
-8.801951382054E-2));
#3036=CARTESIAN_POINT('',(1.751735738233E-1,1.619291211645E0,
-1.697618694804E-1));
#3037=CARTESIAN_POINT('',(9.511302402101E-2,1.630661049401E0,
-2.246294390189E-1));
#3038=CARTESIAN_POINT('',(-4.744226338480E-6,1.641428052387E0,
-2.439362053749E-1));
#3039=CARTESIAN_POINT('',(-9.512176142121E-2,1.651592220602E0,
-2.246257392119E-1));
#3040=CARTESIAN_POINT('',(-1.751801769642E-1,1.661153554047E0,
-1.697550555780E-1));
#3041=CARTESIAN_POINT('',(-2.275060226914E-1,1.670112052721E0,
-8.801066452371E-2));
#3042=CARTESIAN_POINT('',(-2.438157416661E-1,1.678467716624E0,
7.666587766392E-3));
#3043=CARTESIAN_POINT('',(-2.215270578207E-1,1.686220545757E0,
1.021301370850E-1));
#3044=CARTESIAN_POINT('',(-1.641696031184E-1,1.693370540119E0,
1.804256498628E-1));
#3045=CARTESIAN_POINT('',(-8.081931457951E-2,1.699917699711E0,
2.301579949212E-1));
#3046=CARTESIAN_POINT('',(-1.673119114688E-2,1.703880582925E0,
2.390227352979E-1));
#3047=CARTESIAN_POINT('',(1.491662318502E-2,1.705761552070E0,
2.370311041884E-1));
#3048=CARTESIAN_POINT('',(-1.712076185340E-2,1.523705967144E0,
2.722246747310E-1));
#3049=CARTESIAN_POINT('',(1.922601209405E-2,1.528802055065E0,
2.745105970542E-1));
#3050=CARTESIAN_POINT('',(9.282914549994E-2,1.538793285985E0,
2.643268121826E-1));
#3051=CARTESIAN_POINT('',(1.885525448318E-1,1.553177297594E0,
2.072067943653E-1));
#3052=CARTESIAN_POINT('',(2.544225800285E-1,1.566958474433E0,
1.172838884937E-1));
#3053=CARTESIAN_POINT('',(2.800163291085E-1,1.580136816501E0,
8.793983179347E-3));
#3054=CARTESIAN_POINT('',(2.612807703539E-1,1.592712323798E0,
-1.010881038884E-1));
#3055=CARTESIAN_POINT('',(2.011822567579E-1,1.604684996325E0,
-1.949670562065E-1));
#3056=CARTESIAN_POINT('',(1.092348143729E-1,1.616054834082E0,
-2.579810212793E-1));
#3057=CARTESIAN_POINT('',(-5.448619563401E-6,1.626821837067E0,
-2.801543362459E-1));
#3058=CARTESIAN_POINT('',(-1.092448490479E-1,1.636986005282E0,
-2.579767721480E-1));
#3059=CARTESIAN_POINT('',(-2.011898402921E-1,1.646547338727E0,
-1.949592306183E-1));
#3060=CARTESIAN_POINT('',(-2.612847022076E-1,1.655505837401E0,
-1.010779407030E-1));
#3061=CARTESIAN_POINT('',(-2.800159868347E-1,1.663861501304E0,
8.804875043717E-3));
#3062=CARTESIAN_POINT('',(-2.544180178128E-1,1.671614330437E0,
1.172937847490E-1));
#3063=CARTESIAN_POINT('',(-1.885444849103E-1,1.678764324799E0,
2.072141283880E-1));
#3064=CARTESIAN_POINT('',(-9.281886383809E-2,1.685311484391E0,
2.643304227830E-1));
#3065=CARTESIAN_POINT('',(-1.921533436643E-2,1.689274367605E0,
2.745113446859E-1));
#3066=CARTESIAN_POINT('',(1.713135063737E-2,1.691155336750E0,
2.722240085742E-1));
#3067=CARTESIAN_POINT('',(-1.775780201386E-2,1.499203821885E0,
2.823537830006E-1));
#3068=CARTESIAN_POINT('',(1.994138574005E-2,1.504299909807E0,
2.847247613708E-1));
#3069=CARTESIAN_POINT('',(9.628319119318E-2,1.514291140726E0,
2.741620517758E-1));
#3070=CARTESIAN_POINT('',(1.955683274496E-1,1.528675152336E0,
2.149166761253E-1));
#3071=CARTESIAN_POINT('',(2.638892966731E-1,1.542456329174E0,
1.216478617670E-1));
#3072=CARTESIAN_POINT('',(2.904353541936E-1,1.555634671242E0,
9.121195280282E-3));
#3073=CARTESIAN_POINT('',(2.710026708918E-1,1.568210178540E0,
-1.048494541410E-1));
#3074=CARTESIAN_POINT('',(2.086679737035E-1,1.580182851066E0,
-2.022215140300E-1));
#3075=CARTESIAN_POINT('',(1.132992925936E-1,1.591552688823E0,
-2.675801426618E-1));
#3076=CARTESIAN_POINT('',(-5.651355254576E-6,1.602319691808E0,
-2.905784963881E-1));
#3077=CARTESIAN_POINT('',(-1.133097006452E-1,1.612483860023E0,
-2.675757354261E-1));
#3078=CARTESIAN_POINT('',(-2.086758394106E-1,1.622045193468E0,
-2.022133972623E-1));
#3079=CARTESIAN_POINT('',(-2.710067490444E-1,1.631003692142E0,
-1.048389127973E-1));
#3080=CARTESIAN_POINT('',(-2.904349991842E-1,1.639359356045E0,
9.132492416046E-3));
#3081=CARTESIAN_POINT('',(-2.638845647036E-1,1.647112185178E0,
1.216581262484E-1));
#3082=CARTESIAN_POINT('',(-1.955599676295E-1,1.654262179540E0,
2.149242830370E-1));
#3083=CARTESIAN_POINT('',(-9.627252696473E-2,1.660809339132E0,
2.741657967218E-1));
#3084=CARTESIAN_POINT('',(-1.993031070878E-2,1.664772222346E0,
2.847255368209E-1));
#3085=CARTESIAN_POINT('',(1.776878479202E-2,1.666653191491E0,
2.823530920570E-1));
#3086=CARTESIAN_POINT('',(-1.772977937023E-2,1.486455850999E0,
2.819082155012E-1));
#3087=CARTESIAN_POINT('',(1.990991729899E-2,1.491551938921E0,
2.842754523564E-1));
#3088=CARTESIAN_POINT('',(9.613125180606E-2,1.501543169841E0,
2.737294112121E-1));
#3089=CARTESIAN_POINT('',(1.952597114654E-1,1.515927181450E0,
2.145775275403E-1));
#3090=CARTESIAN_POINT('',(2.634728669982E-1,1.529708358289E0,
1.214558957412E-1));
#3091=CARTESIAN_POINT('',(2.899770335961E-1,1.542886700357E0,
9.106801606750E-3));
#3092=CARTESIAN_POINT('',(2.705750159791E-1,1.555462207654E0,
-1.046839967896E-1));
#3093=CARTESIAN_POINT('',(2.083386858637E-1,1.567434880181E0,
-2.019023990056E-1));
#3094=CARTESIAN_POINT('',(1.131205010012E-1,1.578804717937E0,
-2.671578886591E-1));
#3095=CARTESIAN_POINT('',(-5.642437151132E-6,1.589571720923E0,
-2.901199499056E-1));
#3096=CARTESIAN_POINT('',(-1.131308926284E-1,1.599735889138E0,
-2.671534883782E-1));
#3097=CARTESIAN_POINT('',(-2.083465391584E-1,1.609297222582E0,
-2.018942950465E-1));
#3098=CARTESIAN_POINT('',(-2.705790876962E-1,1.618255721256E0,
-1.046734720807E-1));
#3099=CARTESIAN_POINT('',(-2.899766791470E-1,1.626611385160E0,
9.118080915104E-3));
#3100=CARTESIAN_POINT('',(-2.634681424960E-1,1.634364214293E0,
1.214661440248E-1));
#3101=CARTESIAN_POINT('',(-1.952513648375E-1,1.641514208655E0,
2.145851224479E-1));
#3102=CARTESIAN_POINT('',(-9.612060440627E-2,1.648061368246E0,
2.737331502483E-1));
#3103=CARTESIAN_POINT('',(-1.989885974463E-2,1.652024251460E0,
2.842762265828E-1));
#3104=CARTESIAN_POINT('',(1.774074481705E-2,1.653905220606E0,
2.819075256479E-1));
#3105=CARTESIAN_POINT('',(-1.772546433269E-2,1.485464135226E0,
2.818396052547E-1));
#3106=CARTESIAN_POINT('',(1.990507166392E-2,1.490560223147E0,
2.842062659766E-1));
#3107=CARTESIAN_POINT('',(9.610785557808E-2,1.500551454067E0,
2.736627915063E-1));
#3108=CARTESIAN_POINT('',(1.952121895551E-1,1.514935465676E0,
2.145253040994E-1));
#3109=CARTESIAN_POINT('',(2.634087435092E-1,1.528716642515E0,
1.214263360530E-1));
#3110=CARTESIAN_POINT('',(2.899064595771E-1,1.541894984583E0,
9.104585211950E-3));
#3111=CARTESIAN_POINT('',(2.705091639836E-1,1.554470491880E0,
-1.046585190119E-1));
#3112=CARTESIAN_POINT('',(2.082879808193E-1,1.566443164407E0,
-2.018532604115E-1));
#3113=CARTESIAN_POINT('',(1.130929699644E-1,1.577813002163E0,
-2.670928683170E-1));
#3114=CARTESIAN_POINT('',(-5.641063906284E-6,1.588580005149E0,
-2.900493411039E-1));
#3115=CARTESIAN_POINT('',(-1.131033590625E-1,1.598744173364E0,
-2.670884691071E-1));
#3116=CARTESIAN_POINT('',(-2.082958322027E-1,1.608305506809E0,
-2.018451584248E-1));
#3117=CARTESIAN_POINT('',(-2.705132347098E-1,1.617264005483E0,
-1.046479968645E-1));
#3118=CARTESIAN_POINT('',(-2.899061052143E-1,1.625619669386E0,
9.115861775169E-3));
#3119=CARTESIAN_POINT('',(-2.634040201569E-1,1.633372498519E0,
1.214365818424E-1));
#3120=CARTESIAN_POINT('',(-1.952038449586E-1,1.640522492881E0,
2.145328971585E-1));
#3121=CARTESIAN_POINT('',(-9.609721076962E-2,1.647069652473E0,
2.736665296325E-1));
#3122=CARTESIAN_POINT('',(-1.989401680073E-2,1.651032535687E0,
2.842070400146E-1));
#3123=CARTESIAN_POINT('',(1.773642711076E-2,1.652913504832E0,
2.818389155693E-1));
#3124=B_SPLINE_SURFACE_WITH_KNOTS('',3,3,((#2953,#2954,#2955,#2956,#2957,#2958,
#2959,#2960,#2961,#2962,#2963,#2964,#2965,#2966,#2967,#2968,#2969,#2970,#2971),(
#2972,#2973,#2974,#2975,#2976,#2977,#2978,#2979,#2980,#2981,#2982,#2983,#2984,
#2985,#2986,#2987,#2988,#2989,#2990),(#2991,#2992,#2993,#2994,#2995,#2996,#2997,
#2998,#2999,#3000,#3001,#3002,#3003,#3004,#3005,#3006,#3007,#3008,#3009),(#3010,
#3011,#3012,#3013,#3014,#3015,#3016,#3017,#3018,#3019,#3020,#3021,#3022,#3023,
#3024,#3025,#3026,#3027,#3028),(#3029,#3030,#3031,#3032,#3033,#3034,#3035,#3036,
#3037,#3038,#3039,#3040,#3041,#3042,#3043,#3044,#3045,#3046,#3047),(#3048,#3049,
#3050,#3051,#3052,#3053,#3054,#3055,#3056,#3057,#3058,#3059,#3060,#3061,#3062,
#3063,#3064,#3065,#3066),(#3067,#3068,#3069,#3070,#3071,#3072,#3073,#3074,#3075,
#3076,#3077,#3078,#3079,#3080,#3081,#3082,#3083,#3084,#3085),(#3086,#3087,#3088,
#3089,#3090,#3091,#3092,#3093,#3094,#3095,#3096,#3097,#3098,#3099,#3100,#3101,
#3102,#3103,#3104),(#3105,#3106,#3107,#3108,#3109,#3110,#3111,#3112,#3113,#3114,
#3115,#3116,#3117,#3118,#3119,#3120,#3121,#3122,#3123)),.UNSPECIFIED.,.F.,.F.,
.F.,(4,1,1,1,1,1,4),(4,1,1,1,1,1,1,1,1,1,1,1,1,1,1,1,4),(-1.056854867632E-2,
0.E0,1.25E-1,2.5E-1,3.75E-1,5.E-1,5.105685486763E-1),(4.391948784726E1,
4.432004052291E1,4.472059319856E1,4.512114587422E1,4.552169854987E1,
4.592225122552E1,4.632280390118E1,4.672335657683E1,4.712390925248E1,
4.752446192814E1,4.792501460379E1,4.832556727944E1,4.872611995510E1,
4.912667263075E1,4.952722530640E1,4.992777798206E1,5.032833065771E1),
.UNSPECIFIED.);
#3125=ORIENTED_EDGE('',*,*,#2947,.F.);
#3127=ORIENTED_EDGE('',*,*,#3126,.T.);
#3129=ORIENTED_EDGE('',*,*,#3128,.T.);
#3131=ORIENTED_EDGE('',*,*,#3130,.F.);
#3132=EDGE_LOOP('',(#3125,#3127,#3129,#3131));
#3133=FACE_OUTER_BOUND('',#3132,.F.);
#3135=CARTESIAN_POINT('',(-1.772546433269E-2,1.491422752822E0,
2.818396052547E-1));
#3136=CARTESIAN_POINT('',(1.990507166392E-2,1.496518840743E0,
2.842062659766E-1));
#3137=CARTESIAN_POINT('',(9.610785557808E-2,1.506510071663E0,
2.736627915063E-1));
#3138=CARTESIAN_POINT('',(1.952121895551E-1,1.520894083272E0,
2.145253040994E-1));
#3139=CARTESIAN_POINT('',(2.634087435092E-1,1.534675260111E0,
1.214263360530E-1));
#3140=CARTESIAN_POINT('',(2.899064595771E-1,1.547853602179E0,
9.104585211950E-3));
#3141=CARTESIAN_POINT('',(2.705091639836E-1,1.560429109476E0,
-1.046585190119E-1));
#3142=CARTESIAN_POINT('',(2.082879808193E-1,1.572401782003E0,
-2.018532604115E-1));
#3143=CARTESIAN_POINT('',(1.130929699644E-1,1.583771619759E0,
-2.670928683170E-1));
#3144=CARTESIAN_POINT('',(-5.641063906336E-6,1.594538622745E0,
-2.900493411039E-1));
#3145=CARTESIAN_POINT('',(-1.131033590625E-1,1.604702790960E0,
-2.670884691071E-1));
#3146=CARTESIAN_POINT('',(-2.082958322027E-1,1.614264124405E0,
-2.018451584248E-1));
#3147=CARTESIAN_POINT('',(-2.705132347098E-1,1.623222623079E0,
-1.046479968645E-1));
#3148=CARTESIAN_POINT('',(-2.899061052143E-1,1.631578286982E0,
9.115861775169E-3));
#3149=CARTESIAN_POINT('',(-2.634040201569E-1,1.639331116115E0,
1.214365818424E-1));
#3150=CARTESIAN_POINT('',(-1.952038449586E-1,1.646481110477E0,
2.145328971585E-1));
#3151=CARTESIAN_POINT('',(-9.609721076962E-2,1.653028270069E0,
2.736665296325E-1));
#3152=CARTESIAN_POINT('',(-1.989401680074E-2,1.656991153283E0,
2.842070400146E-1));
#3153=CARTESIAN_POINT('',(1.773642711076E-2,1.658872122428E0,
2.818389155693E-1));
#3154=CARTESIAN_POINT('',(-1.772977937023E-2,1.490431037048E0,
2.819082155012E-1));
#3155=CARTESIAN_POINT('',(1.990991729899E-2,1.495527124970E0,
2.842754523564E-1));
#3156=CARTESIAN_POINT('',(9.613125180606E-2,1.505518355889E0,
2.737294112121E-1));
#3157=CARTESIAN_POINT('',(1.952597114654E-1,1.519902367499E0,
2.145775275403E-1));
#3158=CARTESIAN_POINT('',(2.634728669982E-1,1.533683544337E0,
1.214558957412E-1));
#3159=CARTESIAN_POINT('',(2.899770335961E-1,1.546861886405E0,
9.106801606750E-3));
#3160=CARTESIAN_POINT('',(2.705750159791E-1,1.559437393703E0,
-1.046839967896E-1));
#3161=CARTESIAN_POINT('',(2.083386858637E-1,1.571410066229E0,
-2.019023990056E-1));
#3162=CARTESIAN_POINT('',(1.131205010012E-1,1.582779903986E0,
-2.671578886591E-1));
#3163=CARTESIAN_POINT('',(-5.642437151184E-6,1.593546906971E0,
-2.901199499056E-1));
#3164=CARTESIAN_POINT('',(-1.131308926284E-1,1.603711075186E0,
-2.671534883782E-1));
#3165=CARTESIAN_POINT('',(-2.083465391584E-1,1.613272408631E0,
-2.018942950465E-1));
#3166=CARTESIAN_POINT('',(-2.705790876962E-1,1.622230907305E0,
-1.046734720807E-1));
#3167=CARTESIAN_POINT('',(-2.899766791470E-1,1.630586571208E0,
9.118080915104E-3));
#3168=CARTESIAN_POINT('',(-2.634681424960E-1,1.638339400341E0,
1.214661440248E-1));
#3169=CARTESIAN_POINT('',(-1.952513648375E-1,1.645489394703E0,
2.145851224479E-1));
#3170=CARTESIAN_POINT('',(-9.612060440627E-2,1.652036554295E0,
2.737331502483E-1));
#3171=CARTESIAN_POINT('',(-1.989885974463E-2,1.655999437509E0,
2.842762265828E-1));
#3172=CARTESIAN_POINT('',(1.774074481705E-2,1.657880406654E0,
2.819075256479E-1));
#3173=CARTESIAN_POINT('',(-1.775780201386E-2,1.477683066162E0,
2.823537830006E-1));
#3174=CARTESIAN_POINT('',(1.994138574005E-2,1.482779154084E0,
2.847247613708E-1));
#3175=CARTESIAN_POINT('',(9.628319119318E-2,1.492770385004E0,
2.741620517758E-1));
#3176=CARTESIAN_POINT('',(1.955683274496E-1,1.507154396613E0,
2.149166761253E-1));
#3177=CARTESIAN_POINT('',(2.638892966731E-1,1.520935573452E0,
1.216478617670E-1));
#3178=CARTESIAN_POINT('',(2.904353541936E-1,1.534113915520E0,
9.121195280282E-3));
#3179=CARTESIAN_POINT('',(2.710026708918E-1,1.546689422817E0,
-1.048494541410E-1));
#3180=CARTESIAN_POINT('',(2.086679737035E-1,1.558662095344E0,
-2.022215140300E-1));
#3181=CARTESIAN_POINT('',(1.132992925936E-1,1.570031933100E0,
-2.675801426618E-1));
#3182=CARTESIAN_POINT('',(-5.651355254272E-6,1.580798936086E0,
-2.905784963881E-1));
#3183=CARTESIAN_POINT('',(-1.133097006452E-1,1.590963104301E0,
-2.675757354261E-1));
#3184=CARTESIAN_POINT('',(-2.086758394106E-1,1.600524437745E0,
-2.022133972623E-1));
#3185=CARTESIAN_POINT('',(-2.710067490444E-1,1.609482936419E0,
-1.048389127973E-1));
#3186=CARTESIAN_POINT('',(-2.904349991842E-1,1.617838600323E0,
9.132492416046E-3));
#3187=CARTESIAN_POINT('',(-2.638845647036E-1,1.625591429456E0,
1.216581262484E-1));
#3188=CARTESIAN_POINT('',(-1.955599676295E-1,1.632741423818E0,
2.149242830370E-1));
#3189=CARTESIAN_POINT('',(-9.627252696473E-2,1.639288583409E0,
2.741657967218E-1));
#3190=CARTESIAN_POINT('',(-1.993031070878E-2,1.643251466623E0,
2.847255368209E-1));
#3191=CARTESIAN_POINT('',(1.776878479202E-2,1.645132435769E0,
2.823530920570E-1));
#3192=CARTESIAN_POINT('',(-1.712076185340E-2,1.453180920904E0,
2.722246747310E-1));
#3193=CARTESIAN_POINT('',(1.922601209405E-2,1.458277008825E0,
2.745105970542E-1));
#3194=CARTESIAN_POINT('',(9.282914549994E-2,1.468268239745E0,
2.643268121826E-1));
#3195=CARTESIAN_POINT('',(1.885525448318E-1,1.482652251354E0,
2.072067943653E-1));
#3196=CARTESIAN_POINT('',(2.544225800285E-1,1.496433428193E0,
1.172838884937E-1));
#3197=CARTESIAN_POINT('',(2.800163291085E-1,1.509611770261E0,
8.793983179347E-3));
#3198=CARTESIAN_POINT('',(2.612807703539E-1,1.522187277558E0,
-1.010881038884E-1));
#3199=CARTESIAN_POINT('',(2.011822567579E-1,1.534159950085E0,
-1.949670562065E-1));
#3200=CARTESIAN_POINT('',(1.092348143729E-1,1.545529787841E0,
-2.579810212793E-1));
#3201=CARTESIAN_POINT('',(-5.448619563542E-6,1.556296790827E0,
-2.801543362459E-1));
#3202=CARTESIAN_POINT('',(-1.092448490479E-1,1.566460959042E0,
-2.579767721480E-1));
#3203=CARTESIAN_POINT('',(-2.011898402921E-1,1.576022292487E0,
-1.949592306183E-1));
#3204=CARTESIAN_POINT('',(-2.612847022076E-1,1.584980791161E0,
-1.010779407030E-1));
#3205=CARTESIAN_POINT('',(-2.800159868347E-1,1.593336455064E0,
8.804875043717E-3));
#3206=CARTESIAN_POINT('',(-2.544180178128E-1,1.601089284197E0,
1.172937847490E-1));
#3207=CARTESIAN_POINT('',(-1.885444849103E-1,1.608239278559E0,
2.072141283880E-1));
#3208=CARTESIAN_POINT('',(-9.281886383809E-2,1.614786438151E0,
2.643304227830E-1));
#3209=CARTESIAN_POINT('',(-1.921533436644E-2,1.618749321365E0,
2.745113446859E-1));
#3210=CARTESIAN_POINT('',(1.713135063737E-2,1.620630290510E0,
2.722240085742E-1));
#3211=CARTESIAN_POINT('',(-1.490740331065E-2,1.438574705584E0,
2.370316842250E-1));
#3212=CARTESIAN_POINT('',(1.674048846632E-2,1.443670793505E0,
2.390220843194E-1));
#3213=CARTESIAN_POINT('',(8.082826703626E-2,1.453662024425E0,
2.301548510963E-1));
#3214=CARTESIAN_POINT('',(1.641766210596E-1,1.468046036034E0,
1.804192639767E-1));
#3215=CARTESIAN_POINT('',(2.215310302367E-1,1.481827212873E0,
1.021215202097E-1));
#3216=CARTESIAN_POINT('',(2.438160396910E-1,1.495005554941E0,
7.657103993628E-3));
#3217=CARTESIAN_POINT('',(2.275025991446E-1,1.507581062238E0,
-8.801951382054E-2));
#3218=CARTESIAN_POINT('',(1.751735738233E-1,1.519553734765E0,
-1.697618694804E-1));
#3219=CARTESIAN_POINT('',(9.511302402101E-2,1.530923572521E0,
-2.246294390189E-1));
#3220=CARTESIAN_POINT('',(-4.744226338479E-6,1.541690575507E0,
-2.439362053749E-1));
#3221=CARTESIAN_POINT('',(-9.512176142121E-2,1.551854743722E0,
-2.246257392119E-1));
#3222=CARTESIAN_POINT('',(-1.751801769642E-1,1.561416077167E0,
-1.697550555780E-1));
#3223=CARTESIAN_POINT('',(-2.275060226914E-1,1.570374575841E0,
-8.801066452371E-2));
#3224=CARTESIAN_POINT('',(-2.438157416661E-1,1.578730239744E0,
7.666587766392E-3));
#3225=CARTESIAN_POINT('',(-2.215270578207E-1,1.586483068877E0,
1.021301370850E-1));
#3226=CARTESIAN_POINT('',(-1.641696031184E-1,1.593633063239E0,
1.804256498628E-1));
#3227=CARTESIAN_POINT('',(-8.081931457951E-2,1.600180222831E0,
2.301579949212E-1));
#3228=CARTESIAN_POINT('',(-1.673119114688E-2,1.604143106045E0,
2.390227352979E-1));
#3229=CARTESIAN_POINT('',(1.491662318502E-2,1.606024075190E0,
2.370311041884E-1));
#3230=CARTESIAN_POINT('',(-1.269404476790E-2,1.453180920904E0,
2.018386937190E-1));
#3231=CARTESIAN_POINT('',(1.425496483859E-2,1.458277008825E0,
2.035335715845E-1));
#3232=CARTESIAN_POINT('',(6.882738857258E-2,1.468268239745E0,
1.959828900100E-1));
#3233=CARTESIAN_POINT('',(1.398006972874E-1,1.482652251354E0,
1.536317335881E-1));
#3234=CARTESIAN_POINT('',(1.886394804449E-1,1.496433428193E0,
8.695915192569E-2));
#3235=CARTESIAN_POINT('',(2.076157502735E-1,1.509611770261E0,
6.520224807909E-3));
#3236=CARTESIAN_POINT('',(1.937244279352E-1,1.522187277558E0,
-7.495092375267E-2));
#3237=CARTESIAN_POINT('',(1.491648908887E-1,1.534159950085E0,
-1.445566827542E-1));
#3238=CARTESIAN_POINT('',(8.099123366916E-2,1.545529787841E0,
-1.912778567584E-1));
#3239=CARTESIAN_POINT('',(-4.039833113362E-6,1.556296790827E0,
-2.077180745039E-1));
#3240=CARTESIAN_POINT('',(-8.099867379451E-2,1.566460959042E0,
-1.912747062757E-1));
#3241=CARTESIAN_POINT('',(-1.491705136363E-1,1.576022292487E0,
-1.445508805377E-1));
#3242=CARTESIAN_POINT('',(-1.937273431751E-1,1.584980791161E0,
-7.494338834441E-2));
#3243=CARTESIAN_POINT('',(-2.076154964975E-1,1.593336455064E0,
6.528300489067E-3));
#3244=CARTESIAN_POINT('',(-1.886360978285E-1,1.601089284197E0,
8.696648942089E-2));
#3245=CARTESIAN_POINT('',(-1.397947213265E-1,1.608239278559E0,
1.536371713375E-1));
#3246=CARTESIAN_POINT('',(-6.881976532094E-2,1.614786438151E0,
1.959855670594E-1));
#3247=CARTESIAN_POINT('',(-1.424704792733E-2,1.618749321365E0,
2.035341259098E-1));
#3248=CARTESIAN_POINT('',(1.270189573265E-2,1.620630290510E0,
2.018381998026E-1));
#3249=CARTESIAN_POINT('',(-1.205700460744E-2,1.477683066162E0,
1.917095854493E-1));
#3250=CARTESIAN_POINT('',(1.353959119259E-2,1.482779154084E0,
1.933194072680E-1));
#3251=CARTESIAN_POINT('',(6.537334287935E-2,1.492770385004E0,
1.861476504168E-1));
#3252=CARTESIAN_POINT('',(1.327849146696E-1,1.507154396613E0,
1.459218518281E-1));
#3253=CARTESIAN_POINT('',(1.791727638003E-1,1.520935573452E0,
8.259517865247E-2));
#3254=CARTESIAN_POINT('',(1.971967251884E-1,1.534113915520E0,
6.193012706974E-3));
#3255=CARTESIAN_POINT('',(1.840025273974E-1,1.546689422817E0,
-7.118957350010E-2));
#3256=CARTESIAN_POINT('',(1.416791739431E-1,1.558662095344E0,
-1.373022249308E-1));
#3257=CARTESIAN_POINT('',(7.692675544841E-2,1.570031933100E0,
-1.816787353759E-1));
#3258=CARTESIAN_POINT('',(-3.837097422700E-6,1.580798936086E0,
-1.972939143618E-1));
#3259=CARTESIAN_POINT('',(-7.693382219721E-2,1.590963104301E0,
-1.816757429976E-1));
#3260=CARTESIAN_POINT('',(-1.416845145178E-1,1.600524437745E0,
-1.372967138937E-1));
#3261=CARTESIAN_POINT('',(-1.840052963383E-1,1.609482936419E0,
-7.118241625008E-2));
#3262=CARTESIAN_POINT('',(-1.971964841479E-1,1.617838600323E0,
6.200683116738E-3));
#3263=CARTESIAN_POINT('',(-1.791695509378E-1,1.625591429456E0,
8.260214792153E-2));
#3264=CARTESIAN_POINT('',(-1.327792386074E-1,1.632741423818E0,
1.459270166885E-1));
#3265=CARTESIAN_POINT('',(-6.536610219430E-2,1.639288583409E0,
1.861501931206E-1));
#3266=CARTESIAN_POINT('',(-1.353207158499E-2,1.643251466623E0,
1.933199337749E-1));
#3267=CARTESIAN_POINT('',(1.206446157801E-2,1.645132435769E0,
1.917091163197E-1));
#3268=CARTESIAN_POINT('',(-1.208502725107E-2,1.490431037048E0,
1.921551529488E-1));
#3269=CARTESIAN_POINT('',(1.357105963366E-2,1.495527124970E0,
1.937687162824E-1));
#3270=CARTESIAN_POINT('',(6.552528226646E-2,1.505518355889E0,
1.865802909806E-1));
#3271=CARTESIAN_POINT('',(1.330935306538E-1,1.519902367499E0,
1.462610004131E-1));
#3272=CARTESIAN_POINT('',(1.795891934752E-1,1.533683544337E0,
8.278714467823E-2));
#3273=CARTESIAN_POINT('',(1.976550457858E-1,1.546861886405E0,
6.207406380506E-3));
#3274=CARTESIAN_POINT('',(1.844301823100E-1,1.559437393703E0,
-7.135503085152E-2));
#3275=CARTESIAN_POINT('',(1.420084617829E-1,1.571410066229E0,
-1.376213399552E-1));
#3276=CARTESIAN_POINT('',(7.710554704083E-2,1.582779903986E0,
-1.821009893787E-1));
#3277=CARTESIAN_POINT('',(-3.846015526219E-6,1.593546906971E0,
-1.977524608443E-1));
#3278=CARTESIAN_POINT('',(-7.711263021402E-2,1.603711075186E0,
-1.820979900456E-1));
#3279=CARTESIAN_POINT('',(-1.420138147700E-1,1.613272408631E0,
-1.376158161094E-1));
#3280=CARTESIAN_POINT('',(-1.844329576865E-1,1.622230907305E0,
-7.134785696677E-2));
#3281=CARTESIAN_POINT('',(-1.976548041851E-1,1.630586571208E0,
6.215094617679E-3));
#3282=CARTESIAN_POINT('',(-1.795859731453E-1,1.638339400341E0,
8.279413014512E-2));
#3283=CARTESIAN_POINT('',(-1.330878413994E-1,1.645489394703E0,
1.462661772776E-1));
#3284=CARTESIAN_POINT('',(-6.551802475276E-2,1.652036554295E0,
1.865828395941E-1));
#3285=CARTESIAN_POINT('',(-1.356352254913E-2,1.655999437509E0,
1.937692440130E-1));
#3286=CARTESIAN_POINT('',(1.209250155298E-2,1.657880406654E0,
1.921546827288E-1));
#3287=CARTESIAN_POINT('',(-1.208934228861E-2,1.491422752822E0,
1.922237631953E-1));
#3288=CARTESIAN_POINT('',(1.357590526872E-2,1.496518840743E0,
1.938379026621E-1));
#3289=CARTESIAN_POINT('',(6.554867849445E-2,1.506510071663E0,
1.866469106864E-1));
#3290=CARTESIAN_POINT('',(1.331410525641E-1,1.520894083272E0,
1.463132238541E-1));
#3291=CARTESIAN_POINT('',(1.796533169642E-1,1.534675260111E0,
8.281670436640E-2));
#3292=CARTESIAN_POINT('',(1.977256198048E-1,1.547853602179E0,
6.209622775306E-3));
#3293=CARTESIAN_POINT('',(1.844960343055E-1,1.560429109476E0,
-7.138050862914E-2));
#3294=CARTESIAN_POINT('',(1.420591668273E-1,1.572401782003E0,
-1.376704785492E-1));
#3295=CARTESIAN_POINT('',(7.713307807763E-2,1.583771619759E0,
-1.821660097207E-1));
#3296=CARTESIAN_POINT('',(-3.847388771062E-6,1.594538622745E0,
-1.978230696460E-1));
#3297=CARTESIAN_POINT('',(-7.714016377992E-2,1.604702790960E0,
-1.821630093167E-1));
#3298=CARTESIAN_POINT('',(-1.420645217257E-1,1.614264124405E0,
-1.376649527312E-1));
#3299=CARTESIAN_POINT('',(-1.844988106730E-1,1.623222623079E0,
-7.137333218290E-2));
#3300=CARTESIAN_POINT('',(-1.977253781178E-1,1.631578286982E0,
6.217313757614E-3));
#3301=CARTESIAN_POINT('',(-1.796500954845E-1,1.639331116115E0,
8.282369232750E-2));
#3302=CARTESIAN_POINT('',(-1.331353612783E-1,1.646481110477E0,
1.463184025670E-1));
#3303=CARTESIAN_POINT('',(-6.554141838940E-2,1.653028270069E0,
1.866494602099E-1));
#3304=CARTESIAN_POINT('',(-1.356836549303E-2,1.656991153283E0,
1.938384305811E-1));
#3305=CARTESIAN_POINT('',(1.209681925927E-2,1.658872122428E0,
1.922232928074E-1));
#3306=B_SPLINE_SURFACE_WITH_KNOTS('',3,3,((#3135,#3136,#3137,#3138,#3139,#3140,
#3141,#3142,#3143,#3144,#3145,#3146,#3147,#3148,#3149,#3150,#3151,#3152,#3153),(
#3154,#3155,#3156,#3157,#3158,#3159,#3160,#3161,#3162,#3163,#3164,#3165,#3166,
#3167,#3168,#3169,#3170,#3171,#3172),(#3173,#3174,#3175,#3176,#3177,#3178,#3179,
#3180,#3181,#3182,#3183,#3184,#3185,#3186,#3187,#3188,#3189,#3190,#3191),(#3192,
#3193,#3194,#3195,#3196,#3197,#3198,#3199,#3200,#3201,#3202,#3203,#3204,#3205,
#3206,#3207,#3208,#3209,#3210),(#3211,#3212,#3213,#3214,#3215,#3216,#3217,#3218,
#3219,#3220,#3221,#3222,#3223,#3224,#3225,#3226,#3227,#3228,#3229),(#3230,#3231,
#3232,#3233,#3234,#3235,#3236,#3237,#3238,#3239,#3240,#3241,#3242,#3243,#3244,
#3245,#3246,#3247,#3248),(#3249,#3250,#3251,#3252,#3253,#3254,#3255,#3256,#3257,
#3258,#3259,#3260,#3261,#3262,#3263,#3264,#3265,#3266,#3267),(#3268,#3269,#3270,
#3271,#3272,#3273,#3274,#3275,#3276,#3277,#3278,#3279,#3280,#3281,#3282,#3283,
#3284,#3285,#3286),(#3287,#3288,#3289,#3290,#3291,#3292,#3293,#3294,#3295,#3296,
#3297,#3298,#3299,#3300,#3301,#3302,#3303,#3304,#3305)),.UNSPECIFIED.,.F.,.F.,
.F.,(4,1,1,1,1,1,4),(4,1,1,1,1,1,1,1,1,1,1,1,1,1,1,1,4),(4.894314513237E-1,
5.E-1,6.25E-1,7.5E-1,8.75E-1,1.E0,1.010568548676E0),(4.391948784726E1,
4.432004052291E1,4.472059319856E1,4.512114587422E1,4.552169854987E1,
4.592225122552E1,4.632280390118E1,4.672335657683E1,4.712390925248E1,
4.752446192814E1,4.792501460379E1,4.832556727944E1,4.872611995510E1,
4.912667263075E1,4.952722530640E1,4.992777798206E1,5.032833065771E1),
.UNSPECIFIED.);
#3307=ORIENTED_EDGE('',*,*,#2622,.F.);
#3308=ORIENTED_EDGE('',*,*,#3130,.T.);
#3310=ORIENTED_EDGE('',*,*,#3309,.T.);
#3311=ORIENTED_EDGE('',*,*,#3126,.F.);
#3312=EDGE_LOOP('',(#3307,#3308,#3310,#3311));
#3313=FACE_OUTER_BOUND('',#3312,.F.);
#3315=CARTESIAN_POINT('',(-3.539366027071E-2,1.656179308798E0,
2.801696700012E-1));
#3316=CARTESIAN_POINT('',(2.747428734119E-3,1.658129308798E0,
2.849880100684E-1));
#3317=CARTESIAN_POINT('',(8.100412185047E-2,1.662029308798E0,
2.788272696312E-1));
#3318=CARTESIAN_POINT('',(1.850810185871E-1,1.667879308798E0,
2.237237100180E-1));
#3319=CARTESIAN_POINT('',(2.587094362772E-1,1.673729308798E0,
1.318191185883E-1));
#3320=CARTESIAN_POINT('',(2.897837143748E-1,1.679579308798E0,
1.823164937036E-2));
#3321=CARTESIAN_POINT('',(2.731909390592E-1,1.685429308798E0,
-9.835479708172E-2));
#3322=CARTESIAN_POINT('',(2.116608655765E-1,1.691279308798E0,
-1.987627787211E-1));
#3323=CARTESIAN_POINT('',(1.153145154807E-1,1.697129308798E0,
-2.664761249448E-1));
#3324=CARTESIAN_POINT('',(0.E0,1.702979308798E0,-2.903566130676E-1));
#3325=CARTESIAN_POINT('',(-1.153145154807E-1,1.708829308798E0,
-2.664761249448E-1));
#3326=CARTESIAN_POINT('',(-2.116608655765E-1,1.714679308798E0,
-1.987627787211E-1));
#3327=CARTESIAN_POINT('',(-2.731909390592E-1,1.720529308798E0,
-9.835479708173E-2));
#3328=CARTESIAN_POINT('',(-2.897837143748E-1,1.726379308798E0,
1.823164937036E-2));
#3329=CARTESIAN_POINT('',(-2.587094362772E-1,1.732229308798E0,
1.318191185883E-1));
#3330=CARTESIAN_POINT('',(-1.850810185871E-1,1.738079308798E0,
2.237237100180E-1));
#3331=CARTESIAN_POINT('',(-8.100412185048E-2,1.743929308798E0,
2.788272696312E-1));
#3332=CARTESIAN_POINT('',(-2.747428734122E-3,1.747829308798E0,
2.849880100684E-1));
#3333=CARTESIAN_POINT('',(3.539366027071E-2,1.749779308798E0,
2.801696700012E-1));
#3334=CARTESIAN_POINT('',(-3.540227640453E-2,1.655187593024E0,
2.802378737233E-1));
#3335=CARTESIAN_POINT('',(2.748097560498E-3,1.657137593024E0,
2.850573867538E-1));
#3336=CARTESIAN_POINT('',(8.102384126770E-2,1.661037593024E0,
2.788951465631E-1));
#3337=CARTESIAN_POINT('',(1.851260741935E-1,1.666887593024E0,
2.237781726933E-1));
#3338=CARTESIAN_POINT('',(2.587724157799E-1,1.672737593024E0,
1.318512082665E-1));
#3339=CARTESIAN_POINT('',(2.898542585130E-1,1.678587593024E0,
1.823608763217E-2));
#3340=CARTESIAN_POINT('',(2.732574438986E-1,1.684437593024E0,
-9.837874029888E-2));
#3341=CARTESIAN_POINT('',(2.117123917065E-1,1.690287593024E0,
-1.988111649769E-1));
#3342=CARTESIAN_POINT('',(1.153425873244E-1,1.696137593024E0,
-2.665409951485E-1));
#3343=CARTESIAN_POINT('',(0.E0,1.701987593024E0,-2.904272966707E-1));
#3344=CARTESIAN_POINT('',(-1.153425873244E-1,1.707837593024E0,
-2.665409951485E-1));
#3345=CARTESIAN_POINT('',(-2.117123917065E-1,1.713687593024E0,
-1.988111649769E-1));
#3346=CARTESIAN_POINT('',(-2.732574438986E-1,1.719537593024E0,
-9.837874029888E-2));
#3347=CARTESIAN_POINT('',(-2.898542585130E-1,1.725387593024E0,
1.823608763217E-2));
#3348=CARTESIAN_POINT('',(-2.587724157799E-1,1.731237593024E0,
1.318512082665E-1));
#3349=CARTESIAN_POINT('',(-1.851260741935E-1,1.737087593024E0,
2.237781726933E-1));
#3350=CARTESIAN_POINT('',(-8.102384126770E-2,1.742937593024E0,
2.788951465631E-1));
#3351=CARTESIAN_POINT('',(-2.748097560501E-3,1.746837593024E0,
2.850573867538E-1));
#3352=CARTESIAN_POINT('',(3.540227640453E-2,1.748787593024E0,
2.802378737233E-1));
#3353=CARTESIAN_POINT('',(-3.545823115471E-2,1.642439622139E0,
2.806808011791E-1));
#3354=CARTESIAN_POINT('',(2.752441041428E-3,1.644389622139E0,
2.855079316476E-1));
#3355=CARTESIAN_POINT('',(8.115190277270E-2,1.648289622139E0,
2.793359517835E-1));
#3356=CARTESIAN_POINT('',(1.854186735482E-1,1.654139622139E0,
2.241318632754E-1));
#3357=CARTESIAN_POINT('',(2.591814161988E-1,1.659989622139E0,
1.320596045101E-1));
#3358=CARTESIAN_POINT('',(2.903123850594E-1,1.665839622139E0,
1.826491051678E-2));
#3359=CARTESIAN_POINT('',(2.736893384986E-1,1.671689622139E0,
-9.853423193375E-2));
#3360=CARTESIAN_POINT('',(2.120470118268E-1,1.677539622139E0,
-1.991253941791E-1));
#3361=CARTESIAN_POINT('',(1.155248910154E-1,1.683389622139E0,
-2.669622741258E-1));
#3362=CARTESIAN_POINT('',(0.E0,1.689239622139E0,-2.908863289274E-1));
#3363=CARTESIAN_POINT('',(-1.155248910154E-1,1.695089622139E0,
-2.669622741258E-1));
#3364=CARTESIAN_POINT('',(-2.120470118268E-1,1.700939622139E0,
-1.991253941791E-1));
#3365=CARTESIAN_POINT('',(-2.736893384986E-1,1.706789622139E0,
-9.853423193376E-2));
#3366=CARTESIAN_POINT('',(-2.903123850594E-1,1.712639622139E0,
1.826491051678E-2));
#3367=CARTESIAN_POINT('',(-2.591814161988E-1,1.718489622139E0,
1.320596045101E-1));
#3368=CARTESIAN_POINT('',(-1.854186735482E-1,1.724339622139E0,
2.241318632754E-1));
#3369=CARTESIAN_POINT('',(-8.115190277270E-2,1.730189622139E0,
2.793359517835E-1));
#3370=CARTESIAN_POINT('',(-2.752441041432E-3,1.734089622139E0,
2.855079316476E-1));
#3371=CARTESIAN_POINT('',(3.545823115471E-2,1.736039622139E0,
2.806808011791E-1));
#3372=CARTESIAN_POINT('',(-3.418620901781E-2,1.617937476880E0,
2.706117091551E-1));
#3373=CARTESIAN_POINT('',(2.653700471998E-3,1.619887476880E0,
2.752656720229E-1));
#3374=CARTESIAN_POINT('',(7.824067416887E-2,1.623787476880E0,
2.693151046422E-1));
#3375=CARTESIAN_POINT('',(1.787669977689E-1,1.629637476880E0,
2.160913975672E-1));
#3376=CARTESIAN_POINT('',(2.498835892022E-1,1.635487476880E0,
1.273221222710E-1));
#3377=CARTESIAN_POINT('',(2.798977713467E-1,1.641337476880E0,
1.760967843810E-2));
#3378=CARTESIAN_POINT('',(2.638710569355E-1,1.647187476880E0,
-9.499943281431E-2));
#3379=CARTESIAN_POINT('',(2.044400758820E-1,1.653037476880E0,
-1.919820059962E-1));
#3380=CARTESIAN_POINT('',(1.113805720816E-1,1.658887476880E0,
-2.573853180468E-1));
#3381=CARTESIAN_POINT('',(0.E0,1.664737476880E0,-2.804511256567E-1));
#3382=CARTESIAN_POINT('',(-1.113805720815E-1,1.670587476880E0,
-2.573853180468E-1));
#3383=CARTESIAN_POINT('',(-2.044400758820E-1,1.676437476880E0,
-1.919820059962E-1));
#3384=CARTESIAN_POINT('',(-2.638710569355E-1,1.682287476880E0,
-9.499943281431E-2));
#3385=CARTESIAN_POINT('',(-2.798977713467E-1,1.688137476880E0,
1.760967843809E-2));
#3386=CARTESIAN_POINT('',(-2.498835892022E-1,1.693987476880E0,
1.273221222710E-1));
#3387=CARTESIAN_POINT('',(-1.787669977689E-1,1.699837476880E0,
2.160913975672E-1));
#3388=CARTESIAN_POINT('',(-7.824067416887E-2,1.705687476880E0,
2.693151046422E-1));
#3389=CARTESIAN_POINT('',(-2.653700472001E-3,1.709587476880E0,
2.752656720229E-1));
#3390=CARTESIAN_POINT('',(3.418620901780E-2,1.711537476880E0,
2.706117091551E-1));
#3391=CARTESIAN_POINT('',(-2.976664297153E-2,1.603331261560E0,
2.356272415622E-1));
#3392=CARTESIAN_POINT('',(2.310632175161E-3,1.605281261560E0,
2.396795437937E-1));
#3393=CARTESIAN_POINT('',(6.812578173330E-2,1.609181261560E0,
2.344982610546E-1));
#3394=CARTESIAN_POINT('',(1.556561417766E-1,1.615031261560E0,
1.881552727081E-1));
#3395=CARTESIAN_POINT('',(2.175788365523E-1,1.620881261560E0,
1.108620190686E-1));
#3396=CARTESIAN_POINT('',(2.437128089828E-1,1.626731261560E0,
1.533311314622E-2));
#3397=CARTESIAN_POINT('',(2.297580155269E-1,1.632581261560E0,
-8.271798132423E-2));
#3398=CARTESIAN_POINT('',(1.780102246693E-1,1.638431261560E0,
-1.671627241988E-1));
#3399=CARTESIAN_POINT('',(9.698137987131E-2,1.644281261560E0,
-2.241107478288E-1));
#3400=CARTESIAN_POINT('',(0.E0,1.650131261560E0,-2.441946260856E-1));
#3401=CARTESIAN_POINT('',(-9.698137987131E-2,1.655981261560E0,
-2.241107478288E-1));
#3402=CARTESIAN_POINT('',(-1.780102246693E-1,1.661831261560E0,
-1.671627241988E-1));
#3403=CARTESIAN_POINT('',(-2.297580155269E-1,1.667681261560E0,
-8.271798132423E-2));
#3404=CARTESIAN_POINT('',(-2.437128089828E-1,1.673531261560E0,
1.533311314622E-2));
#3405=CARTESIAN_POINT('',(-2.175788365523E-1,1.679381261560E0,
1.108620190686E-1));
#3406=CARTESIAN_POINT('',(-1.556561417766E-1,1.685231261560E0,
1.881552727081E-1));
#3407=CARTESIAN_POINT('',(-6.812578173331E-2,1.691081261560E0,
2.344982610546E-1));
#3408=CARTESIAN_POINT('',(-2.310632175164E-3,1.694981261560E0,
2.396795437937E-1));
#3409=CARTESIAN_POINT('',(2.976664297152E-2,1.696931261560E0,
2.356272415622E-1));
#3410=CARTESIAN_POINT('',(-2.534707692525E-2,1.617937476880E0,
2.006427739693E-1));
#3411=CARTESIAN_POINT('',(1.967563878325E-3,1.619887476880E0,
2.040934155645E-1));
#3412=CARTESIAN_POINT('',(5.801088929774E-2,1.623787476880E0,
1.996814174669E-1));
#3413=CARTESIAN_POINT('',(1.325452857842E-1,1.629637476880E0,
1.602191478490E-1));
#3414=CARTESIAN_POINT('',(1.852740839023E-1,1.635487476880E0,
9.440191586633E-2));
#3415=CARTESIAN_POINT('',(2.075278466189E-1,1.641337476880E0,
1.305654785434E-2));
#3416=CARTESIAN_POINT('',(1.956449741183E-1,1.647187476880E0,
-7.043652983415E-2));
#3417=CARTESIAN_POINT('',(1.515803734566E-1,1.653037476880E0,
-1.423434424014E-1));
#3418=CARTESIAN_POINT('',(8.258218766107E-2,1.658887476880E0,
-1.908361776108E-1));
#3419=CARTESIAN_POINT('',(0.E0,1.664737476880E0,-2.079381265144E-1));
#3420=CARTESIAN_POINT('',(-8.258218766107E-2,1.670587476880E0,
-1.908361776108E-1));
#3421=CARTESIAN_POINT('',(-1.515803734566E-1,1.676437476880E0,
-1.423434424014E-1));
#3422=CARTESIAN_POINT('',(-1.956449741183E-1,1.682287476880E0,
-7.043652983415E-2));
#3423=CARTESIAN_POINT('',(-2.075278466189E-1,1.688137476880E0,
1.305654785433E-2));
#3424=CARTESIAN_POINT('',(-1.852740839023E-1,1.693987476880E0,
9.440191586633E-2));
#3425=CARTESIAN_POINT('',(-1.325452857842E-1,1.699837476880E0,
1.602191478490E-1));
#3426=CARTESIAN_POINT('',(-5.801088929774E-2,1.705687476880E0,
1.996814174669E-1));
#3427=CARTESIAN_POINT('',(-1.967563878327E-3,1.709587476880E0,
2.040934155645E-1));
#3428=CARTESIAN_POINT('',(2.534707692524E-2,1.711537476880E0,
2.006427739693E-1));
#3429=CARTESIAN_POINT('',(-2.407505478834E-2,1.642439622139E0,
1.905736819453E-1));
#3430=CARTESIAN_POINT('',(1.868823308894E-3,1.644389622139E0,
1.938511559398E-1));
#3431=CARTESIAN_POINT('',(5.509966069391E-2,1.648289622139E0,
1.896605703257E-1));
#3432=CARTESIAN_POINT('',(1.258936100049E-1,1.654139622139E0,
1.521786821408E-1));
#3433=CARTESIAN_POINT('',(1.759762569058E-1,1.659989622139E0,
8.966443362716E-2));
#3434=CARTESIAN_POINT('',(1.971132329062E-1,1.665839622139E0,
1.240131577565E-2));
#3435=CARTESIAN_POINT('',(1.858266925552E-1,1.671689622139E0,
-6.690173071471E-2));
#3436=CARTESIAN_POINT('',(1.439734375119E-1,1.677539622139E0,
-1.352000542186E-1));
#3437=CARTESIAN_POINT('',(7.843786872723E-2,1.683389622139E0,
-1.812592215318E-1));
#3438=CARTESIAN_POINT('',(0.E0,1.689239622139E0,-1.975029232437E-1));
#3439=CARTESIAN_POINT('',(-7.843786872723E-2,1.695089622139E0,
-1.812592215318E-1));
#3440=CARTESIAN_POINT('',(-1.439734375119E-1,1.700939622139E0,
-1.352000542186E-1));
#3441=CARTESIAN_POINT('',(-1.858266925552E-1,1.706789622139E0,
-6.690173071471E-2));
#3442=CARTESIAN_POINT('',(-1.971132329062E-1,1.712639622139E0,
1.240131577565E-2));
#3443=CARTESIAN_POINT('',(-1.759762569058E-1,1.718489622139E0,
8.966443362716E-2));
#3444=CARTESIAN_POINT('',(-1.258936100049E-1,1.724339622139E0,
1.521786821408E-1));
#3445=CARTESIAN_POINT('',(-5.509966069391E-2,1.730189622139E0,
1.896605703257E-1));
#3446=CARTESIAN_POINT('',(-1.868823308896E-3,1.734089622139E0,
1.938511559398E-1));
#3447=CARTESIAN_POINT('',(2.407505478834E-2,1.736039622139E0,
1.905736819453E-1));
#3448=CARTESIAN_POINT('',(-2.413100953852E-2,1.655187593024E0,
1.910166094011E-1));
#3449=CARTESIAN_POINT('',(1.873166789825E-3,1.657137593024E0,
1.943017008336E-1));
#3450=CARTESIAN_POINT('',(5.522772219891E-2,1.661037593024E0,
1.901013755460E-1));
#3451=CARTESIAN_POINT('',(1.261862093597E-1,1.666887593024E0,
1.525323727229E-1));
#3452=CARTESIAN_POINT('',(1.763852573246E-1,1.672737593024E0,
8.987282987081E-2));
#3453=CARTESIAN_POINT('',(1.975713594526E-1,1.678587593024E0,
1.243013866026E-2));
#3454=CARTESIAN_POINT('',(1.862585871553E-1,1.684437593024E0,
-6.705722234958E-2));
#3455=CARTESIAN_POINT('',(1.443080576321E-1,1.690287593024E0,
-1.355142834207E-1));
#3456=CARTESIAN_POINT('',(7.862017241824E-2,1.696137593024E0,
-1.816805005091E-1));
#3457=CARTESIAN_POINT('',(0.E0,1.701987593024E0,-1.979619555005E-1));
#3458=CARTESIAN_POINT('',(-7.862017241824E-2,1.707837593024E0,
-1.816805005091E-1));
#3459=CARTESIAN_POINT('',(-1.443080576321E-1,1.713687593024E0,
-1.355142834207E-1));
#3460=CARTESIAN_POINT('',(-1.862585871553E-1,1.719537593024E0,
-6.705722234958E-2));
#3461=CARTESIAN_POINT('',(-1.975713594526E-1,1.725387593024E0,
1.243013866026E-2));
#3462=CARTESIAN_POINT('',(-1.763852573246E-1,1.731237593024E0,
8.987282987081E-2));
#3463=CARTESIAN_POINT('',(-1.261862093597E-1,1.737087593024E0,
1.525323727229E-1));
#3464=CARTESIAN_POINT('',(-5.522772219891E-2,1.742937593024E0,
1.901013755460E-1));
#3465=CARTESIAN_POINT('',(-1.873166789827E-3,1.746837593024E0,
1.943017008336E-1));
#3466=CARTESIAN_POINT('',(2.413100953852E-2,1.748787593024E0,
1.910166094011E-1));
#3467=CARTESIAN_POINT('',(-2.413962567234E-2,1.656179308798E0,
1.910848131232E-1));
#3468=CARTESIAN_POINT('',(1.873835616204E-3,1.658129308798E0,
1.943710775190E-1));
#3469=CARTESIAN_POINT('',(5.524744161614E-2,1.662029308798E0,
1.901692524779E-1));
#3470=CARTESIAN_POINT('',(1.262312649660E-1,1.667879308798E0,
1.525868353981E-1));
#3471=CARTESIAN_POINT('',(1.764482368274E-1,1.673729308798E0,
8.990491954895E-2));
#3472=CARTESIAN_POINT('',(1.976419035908E-1,1.679579308798E0,
1.243457692208E-2));
#3473=CARTESIAN_POINT('',(1.863250919946E-1,1.685429308798E0,
-6.708116556673E-2));
#3474=CARTESIAN_POINT('',(1.443595837622E-1,1.691279308798E0,
-1.355626696766E-1));
#3475=CARTESIAN_POINT('',(7.864824426188E-2,1.697129308798E0,
-1.817453707128E-1));
#3476=CARTESIAN_POINT('',(0.E0,1.702979308798E0,-1.980326391035E-1));
#3477=CARTESIAN_POINT('',(-7.864824426188E-2,1.708829308798E0,
-1.817453707128E-1));
#3478=CARTESIAN_POINT('',(-1.443595837622E-1,1.714679308798E0,
-1.355626696766E-1));
#3479=CARTESIAN_POINT('',(-1.863250919946E-1,1.720529308798E0,
-6.708116556674E-2));
#3480=CARTESIAN_POINT('',(-1.976419035908E-1,1.726379308798E0,
1.243457692207E-2));
#3481=CARTESIAN_POINT('',(-1.764482368274E-1,1.732229308798E0,
8.990491954895E-2));
#3482=CARTESIAN_POINT('',(-1.262312649660E-1,1.738079308798E0,
1.525868353981E-1));
#3483=CARTESIAN_POINT('',(-5.524744161614E-2,1.743929308798E0,
1.901692524779E-1));
#3484=CARTESIAN_POINT('',(-1.873835616206E-3,1.747829308798E0,
1.943710775190E-1));
#3485=CARTESIAN_POINT('',(2.413962567234E-2,1.749779308798E0,
1.910848131232E-1));
#3486=B_SPLINE_SURFACE_WITH_KNOTS('',3,3,((#3315,#3316,#3317,#3318,#3319,#3320,
#3321,#3322,#3323,#3324,#3325,#3326,#3327,#3328,#3329,#3330,#3331,#3332,#3333),(
#3334,#3335,#3336,#3337,#3338,#3339,#3340,#3341,#3342,#3343,#3344,#3345,#3346,
#3347,#3348,#3349,#3350,#3351,#3352),(#3353,#3354,#3355,#3356,#3357,#3358,#3359,
#3360,#3361,#3362,#3363,#3364,#3365,#3366,#3367,#3368,#3369,#3370,#3371),(#3372,
#3373,#3374,#3375,#3376,#3377,#3378,#3379,#3380,#3381,#3382,#3383,#3384,#3385,
#3386,#3387,#3388,#3389,#3390),(#3391,#3392,#3393,#3394,#3395,#3396,#3397,#3398,
#3399,#3400,#3401,#3402,#3403,#3404,#3405,#3406,#3407,#3408,#3409),(#3410,#3411,
#3412,#3413,#3414,#3415,#3416,#3417,#3418,#3419,#3420,#3421,#3422,#3423,#3424,
#3425,#3426,#3427,#3428),(#3429,#3430,#3431,#3432,#3433,#3434,#3435,#3436,#3437,
#3438,#3439,#3440,#3441,#3442,#3443,#3444,#3445,#3446,#3447),(#3448,#3449,#3450,
#3451,#3452,#3453,#3454,#3455,#3456,#3457,#3458,#3459,#3460,#3461,#3462,#3463,
#3464,#3465,#3466),(#3467,#3468,#3469,#3470,#3471,#3472,#3473,#3474,#3475,#3476,
#3477,#3478,#3479,#3480,#3481,#3482,#3483,#3484,#3485)),.UNSPECIFIED.,.F.,.F.,
.F.,(4,1,1,1,1,1,4),(4,1,1,1,1,1,1,1,1,1,1,1,1,1,1,1,4),(4.894314513237E-1,
5.E-1,6.25E-1,7.5E-1,8.75E-1,1.E0,1.010568548676E0),(-2.E-2,4.5E-2,1.1E-1,
1.75E-1,2.4E-1,3.05E-1,3.7E-1,4.35E-1,5.E-1,5.65E-1,6.3E-1,6.95E-1,7.6E-1,
8.25E-1,8.9E-1,9.55E-1,1.02E0),.UNSPECIFIED.);
#3487=ORIENTED_EDGE('',*,*,#3309,.F.);
#3489=ORIENTED_EDGE('',*,*,#3488,.T.);
#3491=ORIENTED_EDGE('',*,*,#3490,.T.);
#3493=ORIENTED_EDGE('',*,*,#3492,.F.);
#3494=EDGE_LOOP('',(#3487,#3489,#3491,#3493));
#3495=FACE_OUTER_BOUND('',#3494,.F.);
#3497=CARTESIAN_POINT('',(-2.413962567234E-2,1.650220691202E0,
1.910848131232E-1));
#3498=CARTESIAN_POINT('',(1.873835616204E-3,1.652170691202E0,
1.943710775190E-1));
#3499=CARTESIAN_POINT('',(5.524744161614E-2,1.656070691202E0,
1.901692524779E-1));
#3500=CARTESIAN_POINT('',(1.262312649660E-1,1.661920691202E0,
1.525868353981E-1));
#3501=CARTESIAN_POINT('',(1.764482368274E-1,1.667770691202E0,
8.990491954895E-2));
#3502=CARTESIAN_POINT('',(1.976419035908E-1,1.673620691202E0,
1.243457692208E-2));
#3503=CARTESIAN_POINT('',(1.863250919946E-1,1.679470691202E0,
-6.708116556673E-2));
#3504=CARTESIAN_POINT('',(1.443595837622E-1,1.685320691202E0,
-1.355626696766E-1));
#3505=CARTESIAN_POINT('',(7.864824426188E-2,1.691170691202E0,
-1.817453707128E-1));
#3506=CARTESIAN_POINT('',(0.E0,1.697020691202E0,-1.980326391035E-1));
#3507=CARTESIAN_POINT('',(-7.864824426188E-2,1.702870691202E0,
-1.817453707128E-1));
#3508=CARTESIAN_POINT('',(-1.443595837622E-1,1.708720691202E0,
-1.355626696766E-1));
#3509=CARTESIAN_POINT('',(-1.863250919946E-1,1.714570691202E0,
-6.708116556674E-2));
#3510=CARTESIAN_POINT('',(-1.976419035908E-1,1.720420691202E0,
1.243457692207E-2));
#3511=CARTESIAN_POINT('',(-1.764482368274E-1,1.726270691202E0,
8.990491954895E-2));
#3512=CARTESIAN_POINT('',(-1.262312649660E-1,1.732120691202E0,
1.525868353981E-1));
#3513=CARTESIAN_POINT('',(-5.524744161614E-2,1.737970691202E0,
1.901692524779E-1));
#3514=CARTESIAN_POINT('',(-1.873835616206E-3,1.741870691202E0,
1.943710775190E-1));
#3515=CARTESIAN_POINT('',(2.413962567234E-2,1.743820691202E0,
1.910848131232E-1));
#3516=CARTESIAN_POINT('',(-2.413100953852E-2,1.651212406976E0,
1.910166094011E-1));
#3517=CARTESIAN_POINT('',(1.873166789825E-3,1.653162406976E0,
1.943017008336E-1));
#3518=CARTESIAN_POINT('',(5.522772219891E-2,1.657062406976E0,
1.901013755460E-1));
#3519=CARTESIAN_POINT('',(1.261862093597E-1,1.662912406976E0,
1.525323727229E-1));
#3520=CARTESIAN_POINT('',(1.763852573246E-1,1.668762406976E0,
8.987282987081E-2));
#3521=CARTESIAN_POINT('',(1.975713594526E-1,1.674612406976E0,
1.243013866026E-2));
#3522=CARTESIAN_POINT('',(1.862585871553E-1,1.680462406976E0,
-6.705722234958E-2));
#3523=CARTESIAN_POINT('',(1.443080576321E-1,1.686312406976E0,
-1.355142834207E-1));
#3524=CARTESIAN_POINT('',(7.862017241824E-2,1.692162406976E0,
-1.816805005091E-1));
#3525=CARTESIAN_POINT('',(0.E0,1.698012406976E0,-1.979619555005E-1));
#3526=CARTESIAN_POINT('',(-7.862017241824E-2,1.703862406976E0,
-1.816805005091E-1));
#3527=CARTESIAN_POINT('',(-1.443080576321E-1,1.709712406976E0,
-1.355142834207E-1));
#3528=CARTESIAN_POINT('',(-1.862585871553E-1,1.715562406976E0,
-6.705722234958E-2));
#3529=CARTESIAN_POINT('',(-1.975713594526E-1,1.721412406976E0,
1.243013866026E-2));
#3530=CARTESIAN_POINT('',(-1.763852573246E-1,1.727262406976E0,
8.987282987081E-2));
#3531=CARTESIAN_POINT('',(-1.261862093597E-1,1.733112406976E0,
1.525323727229E-1));
#3532=CARTESIAN_POINT('',(-5.522772219891E-2,1.738962406976E0,
1.901013755460E-1));
#3533=CARTESIAN_POINT('',(-1.873166789827E-3,1.742862406976E0,
1.943017008336E-1));
#3534=CARTESIAN_POINT('',(2.413100953852E-2,1.744812406976E0,
1.910166094011E-1));
#3535=CARTESIAN_POINT('',(-2.407505478834E-2,1.663960377861E0,
1.905736819453E-1));
#3536=CARTESIAN_POINT('',(1.868823308894E-3,1.665910377861E0,
1.938511559398E-1));
#3537=CARTESIAN_POINT('',(5.509966069391E-2,1.669810377861E0,
1.896605703257E-1));
#3538=CARTESIAN_POINT('',(1.258936100049E-1,1.675660377861E0,
1.521786821408E-1));
#3539=CARTESIAN_POINT('',(1.759762569058E-1,1.681510377861E0,
8.966443362716E-2));
#3540=CARTESIAN_POINT('',(1.971132329062E-1,1.687360377861E0,
1.240131577565E-2));
#3541=CARTESIAN_POINT('',(1.858266925552E-1,1.693210377861E0,
-6.690173071470E-2));
#3542=CARTESIAN_POINT('',(1.439734375119E-1,1.699060377861E0,
-1.352000542186E-1));
#3543=CARTESIAN_POINT('',(7.843786872723E-2,1.704910377861E0,
-1.812592215318E-1));
#3544=CARTESIAN_POINT('',(0.E0,1.710760377861E0,-1.975029232437E-1));
#3545=CARTESIAN_POINT('',(-7.843786872723E-2,1.716610377861E0,
-1.812592215318E-1));
#3546=CARTESIAN_POINT('',(-1.439734375119E-1,1.722460377861E0,
-1.352000542186E-1));
#3547=CARTESIAN_POINT('',(-1.858266925552E-1,1.728310377861E0,
-6.690173071471E-2));
#3548=CARTESIAN_POINT('',(-1.971132329062E-1,1.734160377861E0,
1.240131577565E-2));
#3549=CARTESIAN_POINT('',(-1.759762569058E-1,1.740010377861E0,
8.966443362716E-2));
#3550=CARTESIAN_POINT('',(-1.258936100049E-1,1.745860377861E0,
1.521786821408E-1));
#3551=CARTESIAN_POINT('',(-5.509966069391E-2,1.751710377861E0,
1.896605703257E-1));
#3552=CARTESIAN_POINT('',(-1.868823308896E-3,1.755610377861E0,
1.938511559398E-1));
#3553=CARTESIAN_POINT('',(2.407505478834E-2,1.757560377861E0,
1.905736819453E-1));
#3554=CARTESIAN_POINT('',(-2.534707692525E-2,1.688462523120E0,
2.006427739693E-1));
#3555=CARTESIAN_POINT('',(1.967563878325E-3,1.690412523120E0,
2.040934155645E-1));
#3556=CARTESIAN_POINT('',(5.801088929774E-2,1.694312523120E0,
1.996814174669E-1));
#3557=CARTESIAN_POINT('',(1.325452857842E-1,1.700162523120E0,
1.602191478490E-1));
#3558=CARTESIAN_POINT('',(1.852740839023E-1,1.706012523120E0,
9.440191586633E-2));
#3559=CARTESIAN_POINT('',(2.075278466189E-1,1.711862523120E0,
1.305654785434E-2));
#3560=CARTESIAN_POINT('',(1.956449741183E-1,1.717712523120E0,
-7.043652983415E-2));
#3561=CARTESIAN_POINT('',(1.515803734566E-1,1.723562523120E0,
-1.423434424014E-1));
#3562=CARTESIAN_POINT('',(8.258218766107E-2,1.729412523120E0,
-1.908361776108E-1));
#3563=CARTESIAN_POINT('',(0.E0,1.735262523120E0,-2.079381265144E-1));
#3564=CARTESIAN_POINT('',(-8.258218766107E-2,1.741112523120E0,
-1.908361776108E-1));
#3565=CARTESIAN_POINT('',(-1.515803734566E-1,1.746962523120E0,
-1.423434424014E-1));
#3566=CARTESIAN_POINT('',(-1.956449741183E-1,1.752812523120E0,
-7.043652983415E-2));
#3567=CARTESIAN_POINT('',(-2.075278466189E-1,1.758662523120E0,
1.305654785433E-2));
#3568=CARTESIAN_POINT('',(-1.852740839023E-1,1.764512523120E0,
9.440191586633E-2));
#3569=CARTESIAN_POINT('',(-1.325452857842E-1,1.770362523120E0,
1.602191478490E-1));
#3570=CARTESIAN_POINT('',(-5.801088929775E-2,1.776212523120E0,
1.996814174669E-1));
#3571=CARTESIAN_POINT('',(-1.967563878327E-3,1.780112523120E0,
2.040934155645E-1));
#3572=CARTESIAN_POINT('',(2.534707692524E-2,1.782062523120E0,
2.006427739693E-1));
#3573=CARTESIAN_POINT('',(-2.976664297153E-2,1.703068738440E0,
2.356272415622E-1));
#3574=CARTESIAN_POINT('',(2.310632175161E-3,1.705018738440E0,
2.396795437937E-1));
#3575=CARTESIAN_POINT('',(6.812578173330E-2,1.708918738440E0,
2.344982610546E-1));
#3576=CARTESIAN_POINT('',(1.556561417766E-1,1.714768738440E0,
1.881552727081E-1));
#3577=CARTESIAN_POINT('',(2.175788365523E-1,1.720618738440E0,
1.108620190686E-1));
#3578=CARTESIAN_POINT('',(2.437128089828E-1,1.726468738440E0,
1.533311314622E-2));
#3579=CARTESIAN_POINT('',(2.297580155269E-1,1.732318738440E0,
-8.271798132423E-2));
#3580=CARTESIAN_POINT('',(1.780102246693E-1,1.738168738440E0,
-1.671627241988E-1));
#3581=CARTESIAN_POINT('',(9.698137987131E-2,1.744018738440E0,
-2.241107478288E-1));
#3582=CARTESIAN_POINT('',(0.E0,1.749868738440E0,-2.441946260856E-1));
#3583=CARTESIAN_POINT('',(-9.698137987131E-2,1.755718738440E0,
-2.241107478288E-1));
#3584=CARTESIAN_POINT('',(-1.780102246693E-1,1.761568738440E0,
-1.671627241988E-1));
#3585=CARTESIAN_POINT('',(-2.297580155269E-1,1.767418738440E0,
-8.271798132423E-2));
#3586=CARTESIAN_POINT('',(-2.437128089828E-1,1.773268738440E0,
1.533311314622E-2));
#3587=CARTESIAN_POINT('',(-2.175788365523E-1,1.779118738440E0,
1.108620190686E-1));
#3588=CARTESIAN_POINT('',(-1.556561417766E-1,1.784968738440E0,
1.881552727081E-1));
#3589=CARTESIAN_POINT('',(-6.812578173331E-2,1.790818738440E0,
2.344982610546E-1));
#3590=CARTESIAN_POINT('',(-2.310632175164E-3,1.794718738440E0,
2.396795437937E-1));
#3591=CARTESIAN_POINT('',(2.976664297152E-2,1.796668738440E0,
2.356272415622E-1));
#3592=CARTESIAN_POINT('',(-3.418620901781E-2,1.688462523120E0,
2.706117091551E-1));
#3593=CARTESIAN_POINT('',(2.653700471998E-3,1.690412523120E0,
2.752656720229E-1));
#3594=CARTESIAN_POINT('',(7.824067416887E-2,1.694312523120E0,
2.693151046422E-1));
#3595=CARTESIAN_POINT('',(1.787669977689E-1,1.700162523120E0,
2.160913975672E-1));
#3596=CARTESIAN_POINT('',(2.498835892022E-1,1.706012523120E0,
1.273221222710E-1));
#3597=CARTESIAN_POINT('',(2.798977713467E-1,1.711862523120E0,
1.760967843810E-2));
#3598=CARTESIAN_POINT('',(2.638710569355E-1,1.717712523120E0,
-9.499943281431E-2));
#3599=CARTESIAN_POINT('',(2.044400758820E-1,1.723562523120E0,
-1.919820059962E-1));
#3600=CARTESIAN_POINT('',(1.113805720816E-1,1.729412523120E0,
-2.573853180468E-1));
#3601=CARTESIAN_POINT('',(0.E0,1.735262523120E0,-2.804511256567E-1));
#3602=CARTESIAN_POINT('',(-1.113805720815E-1,1.741112523120E0,
-2.573853180468E-1));
#3603=CARTESIAN_POINT('',(-2.044400758820E-1,1.746962523120E0,
-1.919820059962E-1));
#3604=CARTESIAN_POINT('',(-2.638710569355E-1,1.752812523120E0,
-9.499943281431E-2));
#3605=CARTESIAN_POINT('',(-2.798977713467E-1,1.758662523120E0,
1.760967843810E-2));
#3606=CARTESIAN_POINT('',(-2.498835892022E-1,1.764512523120E0,
1.273221222710E-1));
#3607=CARTESIAN_POINT('',(-1.787669977689E-1,1.770362523120E0,
2.160913975672E-1));
#3608=CARTESIAN_POINT('',(-7.824067416887E-2,1.776212523120E0,
2.693151046422E-1));
#3609=CARTESIAN_POINT('',(-2.653700472001E-3,1.780112523120E0,
2.752656720229E-1));
#3610=CARTESIAN_POINT('',(3.418620901780E-2,1.782062523120E0,
2.706117091551E-1));
#3611=CARTESIAN_POINT('',(-3.545823115471E-2,1.663960377861E0,
2.806808011791E-1));
#3612=CARTESIAN_POINT('',(2.752441041428E-3,1.665910377861E0,
2.855079316476E-1));
#3613=CARTESIAN_POINT('',(8.115190277270E-2,1.669810377861E0,
2.793359517835E-1));
#3614=CARTESIAN_POINT('',(1.854186735482E-1,1.675660377861E0,
2.241318632754E-1));
#3615=CARTESIAN_POINT('',(2.591814161988E-1,1.681510377861E0,
1.320596045101E-1));
#3616=CARTESIAN_POINT('',(2.903123850594E-1,1.687360377861E0,
1.826491051678E-2));
#3617=CARTESIAN_POINT('',(2.736893384986E-1,1.693210377861E0,
-9.853423193375E-2));
#3618=CARTESIAN_POINT('',(2.120470118268E-1,1.699060377861E0,
-1.991253941791E-1));
#3619=CARTESIAN_POINT('',(1.155248910154E-1,1.704910377861E0,
-2.669622741258E-1));
#3620=CARTESIAN_POINT('',(0.E0,1.710760377861E0,-2.908863289274E-1));
#3621=CARTESIAN_POINT('',(-1.155248910154E-1,1.716610377861E0,
-2.669622741258E-1));
#3622=CARTESIAN_POINT('',(-2.120470118268E-1,1.722460377861E0,
-1.991253941791E-1));
#3623=CARTESIAN_POINT('',(-2.736893384986E-1,1.728310377861E0,
-9.853423193375E-2));
#3624=CARTESIAN_POINT('',(-2.903123850594E-1,1.734160377861E0,
1.826491051678E-2));
#3625=CARTESIAN_POINT('',(-2.591814161988E-1,1.740010377861E0,
1.320596045101E-1));
#3626=CARTESIAN_POINT('',(-1.854186735482E-1,1.745860377861E0,
2.241318632754E-1));
#3627=CARTESIAN_POINT('',(-8.115190277270E-2,1.751710377861E0,
2.793359517835E-1));
#3628=CARTESIAN_POINT('',(-2.752441041432E-3,1.755610377861E0,
2.855079316476E-1));
#3629=CARTESIAN_POINT('',(3.545823115471E-2,1.757560377861E0,
2.806808011791E-1));
#3630=CARTESIAN_POINT('',(-3.540227640453E-2,1.651212406976E0,
2.802378737233E-1));
#3631=CARTESIAN_POINT('',(2.748097560498E-3,1.653162406976E0,
2.850573867538E-1));
#3632=CARTESIAN_POINT('',(8.102384126770E-2,1.657062406976E0,
2.788951465631E-1));
#3633=CARTESIAN_POINT('',(1.851260741935E-1,1.662912406976E0,
2.237781726933E-1));
#3634=CARTESIAN_POINT('',(2.587724157799E-1,1.668762406976E0,
1.318512082665E-1));
#3635=CARTESIAN_POINT('',(2.898542585130E-1,1.674612406976E0,
1.823608763217E-2));
#3636=CARTESIAN_POINT('',(2.732574438986E-1,1.680462406976E0,
-9.837874029888E-2));
#3637=CARTESIAN_POINT('',(2.117123917065E-1,1.686312406976E0,
-1.988111649769E-1));
#3638=CARTESIAN_POINT('',(1.153425873244E-1,1.692162406976E0,
-2.665409951485E-1));
#3639=CARTESIAN_POINT('',(0.E0,1.698012406976E0,-2.904272966707E-1));
#3640=CARTESIAN_POINT('',(-1.153425873244E-1,1.703862406976E0,
-2.665409951485E-1));
#3641=CARTESIAN_POINT('',(-2.117123917065E-1,1.709712406976E0,
-1.988111649769E-1));
#3642=CARTESIAN_POINT('',(-2.732574438986E-1,1.715562406976E0,
-9.837874029888E-2));
#3643=CARTESIAN_POINT('',(-2.898542585130E-1,1.721412406976E0,
1.823608763217E-2));
#3644=CARTESIAN_POINT('',(-2.587724157799E-1,1.727262406976E0,
1.318512082665E-1));
#3645=CARTESIAN_POINT('',(-1.851260741935E-1,1.733112406976E0,
2.237781726933E-1));
#3646=CARTESIAN_POINT('',(-8.102384126770E-2,1.738962406976E0,
2.788951465631E-1));
#3647=CARTESIAN_POINT('',(-2.748097560501E-3,1.742862406976E0,
2.850573867538E-1));
#3648=CARTESIAN_POINT('',(3.540227640453E-2,1.744812406976E0,
2.802378737233E-1));
#3649=CARTESIAN_POINT('',(-3.539366027071E-2,1.650220691202E0,
2.801696700012E-1));
#3650=CARTESIAN_POINT('',(2.747428734119E-3,1.652170691202E0,
2.849880100684E-1));
#3651=CARTESIAN_POINT('',(8.100412185047E-2,1.656070691202E0,
2.788272696312E-1));
#3652=CARTESIAN_POINT('',(1.850810185871E-1,1.661920691202E0,
2.237237100180E-1));
#3653=CARTESIAN_POINT('',(2.587094362772E-1,1.667770691202E0,
1.318191185883E-1));
#3654=CARTESIAN_POINT('',(2.897837143748E-1,1.673620691202E0,
1.823164937036E-2));
#3655=CARTESIAN_POINT('',(2.731909390592E-1,1.679470691202E0,
-9.835479708172E-2));
#3656=CARTESIAN_POINT('',(2.116608655765E-1,1.685320691202E0,
-1.987627787211E-1));
#3657=CARTESIAN_POINT('',(1.153145154807E-1,1.691170691202E0,
-2.664761249448E-1));
#3658=CARTESIAN_POINT('',(0.E0,1.697020691202E0,-2.903566130676E-1));
#3659=CARTESIAN_POINT('',(-1.153145154807E-1,1.702870691202E0,
-2.664761249448E-1));
#3660=CARTESIAN_POINT('',(-2.116608655765E-1,1.708720691202E0,
-1.987627787211E-1));
#3661=CARTESIAN_POINT('',(-2.731909390592E-1,1.714570691202E0,
-9.835479708173E-2));
#3662=CARTESIAN_POINT('',(-2.897837143748E-1,1.720420691202E0,
1.823164937036E-2));
#3663=CARTESIAN_POINT('',(-2.587094362772E-1,1.726270691202E0,
1.318191185883E-1));
#3664=CARTESIAN_POINT('',(-1.850810185871E-1,1.732120691202E0,
2.237237100180E-1));
#3665=CARTESIAN_POINT('',(-8.100412185048E-2,1.737970691202E0,
2.788272696312E-1));
#3666=CARTESIAN_POINT('',(-2.747428734122E-3,1.741870691202E0,
2.849880100684E-1));
#3667=CARTESIAN_POINT('',(3.539366027071E-2,1.743820691202E0,
2.801696700012E-1));
#3668=B_SPLINE_SURFACE_WITH_KNOTS('',3,3,((#3497,#3498,#3499,#3500,#3501,#3502,
#3503,#3504,#3505,#3506,#3507,#3508,#3509,#3510,#3511,#3512,#3513,#3514,#3515),(
#3516,#3517,#3518,#3519,#3520,#3521,#3522,#3523,#3524,#3525,#3526,#3527,#3528,
#3529,#3530,#3531,#3532,#3533,#3534),(#3535,#3536,#3537,#3538,#3539,#3540,#3541,
#3542,#3543,#3544,#3545,#3546,#3547,#3548,#3549,#3550,#3551,#3552,#3553),(#3554,
#3555,#3556,#3557,#3558,#3559,#3560,#3561,#3562,#3563,#3564,#3565,#3566,#3567,
#3568,#3569,#3570,#3571,#3572),(#3573,#3574,#3575,#3576,#3577,#3578,#3579,#3580,
#3581,#3582,#3583,#3584,#3585,#3586,#3587,#3588,#3589,#3590,#3591),(#3592,#3593,
#3594,#3595,#3596,#3597,#3598,#3599,#3600,#3601,#3602,#3603,#3604,#3605,#3606,
#3607,#3608,#3609,#3610),(#3611,#3612,#3613,#3614,#3615,#3616,#3617,#3618,#3619,
#3620,#3621,#3622,#3623,#3624,#3625,#3626,#3627,#3628,#3629),(#3630,#3631,#3632,
#3633,#3634,#3635,#3636,#3637,#3638,#3639,#3640,#3641,#3642,#3643,#3644,#3645,
#3646,#3647,#3648),(#3649,#3650,#3651,#3652,#3653,#3654,#3655,#3656,#3657,#3658,
#3659,#3660,#3661,#3662,#3663,#3664,#3665,#3666,#3667)),.UNSPECIFIED.,.F.,.F.,
.F.,(4,1,1,1,1,1,4),(4,1,1,1,1,1,1,1,1,1,1,1,1,1,1,1,4),(-1.056854867632E-2,
0.E0,1.25E-1,2.5E-1,3.75E-1,5.E-1,5.105685486763E-1),(-2.E-2,4.5E-2,1.1E-1,
1.75E-1,2.4E-1,3.05E-1,3.7E-1,4.35E-1,5.E-1,5.65E-1,6.3E-1,6.95E-1,7.6E-1,
8.25E-1,8.9E-1,9.55E-1,1.02E0),.UNSPECIFIED.);
#3669=ORIENTED_EDGE('',*,*,#3128,.F.);
#3670=ORIENTED_EDGE('',*,*,#3492,.T.);
#3672=ORIENTED_EDGE('',*,*,#3671,.T.);
#3673=ORIENTED_EDGE('',*,*,#3488,.F.);
#3674=EDGE_LOOP('',(#3669,#3670,#3672,#3673));
#3675=FACE_OUTER_BOUND('',#3674,.F.);
#3677=CARTESIAN_POINT('',(0.E0,1.745E0,2.375E-1));
#3678=DIRECTION('',(1.E0,0.E0,0.E0));
#3679=DIRECTION('',(0.E0,0.E0,-1.E0));
#3680=AXIS2_PLACEMENT_3D('',#3677,#3678,#3679);
#3681=PLANE('',#3680);
#3682=ORIENTED_EDGE('',*,*,#3671,.F.);
#3683=ORIENTED_EDGE('',*,*,#3490,.F.);
#3684=EDGE_LOOP('',(#3682,#3683));
#3685=FACE_OUTER_BOUND('',#3684,.F.);
#3687=CLOSED_SHELL('',(#928,#1110,#1290,#1472,#1652,#1978,#2302,#2628,#2952,
#3134,#3314,#3496,#3676,#3686));
#3688=MANIFOLD_SOLID_BREP('',#3687);
#3689=FILL_AREA_STYLE_COLOUR('',#8);
#3690=FILL_AREA_STYLE('',(#3689));
#3691=SURFACE_STYLE_FILL_AREA(#3690);
#3692=SURFACE_SIDE_STYLE('',(#3691));
#3693=SURFACE_STYLE_USAGE(.BOTH.,#3692);
#3694=PRESENTATION_STYLE_ASSIGNMENT((#3693));
#15=STYLED_ITEM('',(#3694),#3688);
#3696=LENGTH_MEASURE_WITH_UNIT(LENGTH_MEASURE(2.54E1),#3695);
#3697=(CONVERSION_BASED_UNIT('INCH',#3696)LENGTH_UNIT()NAMED_UNIT(*));
#3699=PLANE_ANGLE_MEASURE_WITH_UNIT(PLANE_ANGLE_MEASURE(1.745329251994E-2),
#3698);
#3700=(CONVERSION_BASED_UNIT('DEGREE',#3699)NAMED_UNIT(*)PLANE_ANGLE_UNIT());
#3702=UNCERTAINTY_MEASURE_WITH_UNIT(LENGTH_MEASURE(2.484391900646E-4),#3697,
'distance_accuracy_value',
'Maximum model space distance between geometric entities at asserted connectivities');
#3705=MECHANICAL_DESIGN_GEOMETRIC_PRESENTATION_REPRESENTATION('',(#33,#50,#87,
#127,#144,#184,#201,#238,#255,#336,#353,#442,#459,#548,#565,#646,#663,#700,#717,
#757,#774,#814,#831,#868,#885,#902,#15),#3703);
#3706=APPLICATION_CONTEXT('automotive_design');
#3707=APPLICATION_PROTOCOL_DEFINITION('international standard',
'automotive_design',2001,#3706);
#3708=PRODUCT_DEFINITION_CONTEXT('part definition',#3706,'design');
#3709=PRODUCT_CONTEXT('',#3706,'mechanical');
#3710=PRODUCT('ANIMATE_PC','ANIMATE_PC','NOT SPECIFIED',(#3709));
#3711=PRODUCT_DEFINITION_FORMATION('130','LAST_VERSION',#3710);
#3719=LENGTH_MEASURE_WITH_UNIT(LENGTH_MEASURE(2.54E1),#3718);
#3720=(CONVERSION_BASED_UNIT('INCH',#3719)LENGTH_UNIT()NAMED_UNIT(*));
#3721=DERIVED_UNIT_ELEMENT(#3720,2.E0);
#3722=DERIVED_UNIT((#3721));
#3723=MEASURE_REPRESENTATION_ITEM('surface area measure',AREA_MEASURE(
3.824756142348E0),#3722);
#3728=LENGTH_MEASURE_WITH_UNIT(LENGTH_MEASURE(2.54E1),#3727);
#3729=(CONVERSION_BASED_UNIT('INCH',#3728)LENGTH_UNIT()NAMED_UNIT(*));
#3730=DERIVED_UNIT_ELEMENT(#3729,3.E0);
#3731=DERIVED_UNIT((#3730));
#3732=MEASURE_REPRESENTATION_ITEM('volume measure',VOLUME_MEASURE(
8.533567701060E-2),#3731);
#3736=CARTESIAN_POINT('centre point',(-3.307272812144E-8,8.950000000041E-1,
-6.233937325488E-8));
#3741=LENGTH_MEASURE_WITH_UNIT(LENGTH_MEASURE(2.54E1),#3740);
#3742=(CONVERSION_BASED_UNIT('INCH',#3741)LENGTH_UNIT()NAMED_UNIT(*));
#3743=DERIVED_UNIT_ELEMENT(#3742,2.E0);
#3744=DERIVED_UNIT((#3743));
#3745=MEASURE_REPRESENTATION_ITEM('surface area measure',AREA_MEASURE(
3.824756142348E0),#3744);
#3750=LENGTH_MEASURE_WITH_UNIT(LENGTH_MEASURE(2.54E1),#3749);
#3751=(CONVERSION_BASED_UNIT('INCH',#3750)LENGTH_UNIT()NAMED_UNIT(*));
#3752=DERIVED_UNIT_ELEMENT(#3751,3.E0);
#3753=DERIVED_UNIT((#3752));
#3754=MEASURE_REPRESENTATION_ITEM('volume measure',VOLUME_MEASURE(
8.533567701060E-2),#3753);
#3758=CARTESIAN_POINT('centre point',(-3.307272812144E-8,8.950000000041E-1,
-6.233937325488E-8));
#3763=PRODUCT_RELATED_PRODUCT_CATEGORY('part','',(#3710));
#3765=GENERAL_PROPERTY('','DESCRIPTION','user defined attribute');
#3766=GENERAL_PROPERTY_ASSOCIATION('user defined attribute','',#3765,#3764);
#3767=DESCRIPTIVE_REPRESENTATION_ITEM('DESCRIPTION','');
#3771=GENERAL_PROPERTY('','MODELED_BY','user defined attribute');
#3772=GENERAL_PROPERTY_ASSOCIATION('user defined attribute','',#3771,#3770);
#3773=DESCRIPTIVE_REPRESENTATION_ITEM('MODELED_BY','');
#1=DRAUGHTING_PRE_DEFINED_COLOUR('green');
#2=COLOUR_RGB('',1.1E-2,1.2E-2,1.E0);
#3=COLOUR_RGB('',4.1E-1,2.61589E-1,1.12848E-1);
#4=COLOUR_RGB('',5.04854E-1,1.5455E-2,1.5455E-2);
#5=COLOUR_RGB('',6.35294E-1,6.86275E-1,7.4902E-1);
#6=COLOUR_RGB('',6.40777E-1,6.40777E-1,6.40777E-1);
#7=COLOUR_RGB('',6.69062E-1,6.69903E-1,6.55217E-1);
#8=COLOUR_RGB('',7.92157E-1,8.E-1,8.07843E-1);
#9=COLOUR_RGB('',9.21569E-1,7.05882E-1,4.70588E-1);
#10=DRAUGHTING_PRE_DEFINED_COLOUR('red');
#11=DRAUGHTING_PRE_DEFINED_COLOUR('yellow');
#12=COLOUR_RGB('',1.E0,1.E0,5.3E-1);
#13=COLOUR_RGB('',1.E0,1.E0,9.49E-1);
#14=DRAUGHTING_PRE_DEFINED_COLOUR('white');
#29=B_SPLINE_CURVE_WITH_KNOTS('',3,(#16,#17,#18,#19,#20,#21,#22,#23,#24,#25,#26,
#27,#28),.UNSPECIFIED.,.F.,.F.,(4,1,1,1,1,1,1,1,1,1,4),(0.E0,1.E-1,2.E-1,3.E-1,
4.E-1,5.E-1,6.E-1,7.E-1,8.E-1,9.E-1,1.E0),.UNSPECIFIED.);
#47=B_SPLINE_CURVE_WITH_KNOTS('',3,(#34,#35,#36,#37,#38,#39,#40,#41,#42,#43,#44,
#45,#46),.UNSPECIFIED.,.F.,.F.,(4,1,1,1,1,1,1,1,1,1,4),(0.E0,1.E-1,2.E-1,3.E-1,
4.E-1,5.E-1,6.E-1,7.E-1,8.E-1,9.E-1,1.E0),.UNSPECIFIED.);
#84=B_SPLINE_CURVE_WITH_KNOTS('',3,(#51,#52,#53,#54,#55,#56,#57,#58,#59,#60,#61,
#62,#63,#64,#65,#66,#67,#68,#69,#70,#71,#72,#73,#74,#75,#76,#77,#78,#79,#80,#81,
#82,#83),.UNSPECIFIED.,.F.,.F.,(4,1,1,1,1,1,1,1,1,1,1,1,1,1,1,1,1,1,1,1,1,1,1,1,
1,1,1,1,1,1,4),(0.E0,3.333333333333E-2,6.666666666667E-2,1.E-1,
1.333333333333E-1,1.666666666667E-1,2.E-1,2.333333333333E-1,2.666666666667E-1,
3.E-1,3.333333333333E-1,3.666666666667E-1,4.E-1,4.333333333333E-1,
4.666666666667E-1,5.E-1,5.333333333333E-1,5.666666666667E-1,6.E-1,
6.333333333333E-1,6.666666666667E-1,7.E-1,7.333333333333E-1,7.666666666667E-1,
8.E-1,8.333333333333E-1,8.666666666667E-1,9.E-1,9.333333333333E-1,
9.666666666667E-1,1.E0),.UNSPECIFIED.);
#124=B_SPLINE_CURVE_WITH_KNOTS('',3,(#88,#89,#90,#91,#92,#93,#94,#95,#96,#97,
#98,#99,#100,#101,#102,#103,#104,#105,#106,#107,#108,#109,#110,#111,#112,#113,
#114,#115,#116,#117,#118,#119,#120,#121,#122,#123),.UNSPECIFIED.,.F.,.F.,(4,1,1,
1,1,1,1,1,1,1,1,1,1,1,1,1,1,1,1,1,1,1,1,1,1,1,1,1,1,1,1,1,1,4),(0.E0,
3.030303030303E-2,6.060606060606E-2,9.090909090909E-2,1.212121212121E-1,
1.515151515152E-1,1.818181818182E-1,2.121212121212E-1,2.424242424242E-1,
2.727272727273E-1,3.030303030303E-1,3.333333333333E-1,3.636363636364E-1,
3.939393939394E-1,4.242424242424E-1,4.545454545455E-1,4.848484848485E-1,
5.151515151515E-1,5.454545454545E-1,5.757575757576E-1,6.060606060606E-1,
6.363636363636E-1,6.666666666667E-1,6.969696969697E-1,7.272727272727E-1,
7.575757575758E-1,7.878787878788E-1,8.181818181818E-1,8.484848484848E-1,
8.787878787879E-1,9.090909090909E-1,9.393939393939E-1,9.696969696970E-1,1.E0),
.UNSPECIFIED.);
#141=B_SPLINE_CURVE_WITH_KNOTS('',3,(#128,#129,#130,#131,#132,#133,#134,#135,
#136,#137,#138,#139,#140),.UNSPECIFIED.,.F.,.F.,(4,1,1,1,1,1,1,1,1,1,4),(0.E0,
1.E-1,2.E-1,3.E-1,4.E-1,5.E-1,6.E-1,7.E-1,8.E-1,9.E-1,1.E0),.UNSPECIFIED.);
#181=B_SPLINE_CURVE_WITH_KNOTS('',3,(#145,#146,#147,#148,#149,#150,#151,#152,
#153,#154,#155,#156,#157,#158,#159,#160,#161,#162,#163,#164,#165,#166,#167,#168,
#169,#170,#171,#172,#173,#174,#175,#176,#177,#178,#179,#180),.UNSPECIFIED.,.F.,
.F.,(4,1,1,1,1,1,1,1,1,1,1,1,1,1,1,1,1,1,1,1,1,1,1,1,1,1,1,1,1,1,1,1,1,4),(0.E0,
3.030303030303E-2,6.060606060606E-2,9.090909090909E-2,1.212121212121E-1,
1.515151515152E-1,1.818181818182E-1,2.121212121212E-1,2.424242424242E-1,
2.727272727273E-1,3.030303030303E-1,3.333333333333E-1,3.636363636364E-1,
3.939393939394E-1,4.242424242424E-1,4.545454545455E-1,4.848484848485E-1,
5.151515151515E-1,5.454545454545E-1,5.757575757576E-1,6.060606060606E-1,
6.363636363636E-1,6.666666666667E-1,6.969696969697E-1,7.272727272727E-1,
7.575757575758E-1,7.878787878788E-1,8.181818181818E-1,8.484848484848E-1,
8.787878787879E-1,9.090909090909E-1,9.393939393939E-1,9.696969696970E-1,1.E0),
.UNSPECIFIED.);
#198=B_SPLINE_CURVE_WITH_KNOTS('',3,(#185,#186,#187,#188,#189,#190,#191,#192,
#193,#194,#195,#196,#197),.UNSPECIFIED.,.F.,.F.,(4,1,1,1,1,1,1,1,1,1,4),(0.E0,
1.E-1,2.E-1,3.E-1,4.E-1,5.E-1,6.E-1,7.E-1,8.E-1,9.E-1,1.E0),.UNSPECIFIED.);
#235=B_SPLINE_CURVE_WITH_KNOTS('',3,(#202,#203,#204,#205,#206,#207,#208,#209,
#210,#211,#212,#213,#214,#215,#216,#217,#218,#219,#220,#221,#222,#223,#224,#225,
#226,#227,#228,#229,#230,#231,#232,#233,#234),.UNSPECIFIED.,.F.,.F.,(4,1,1,1,1,
1,1,1,1,1,1,1,1,1,1,1,1,1,1,1,1,1,1,1,1,1,1,1,1,1,4),(0.E0,3.333333333333E-2,
6.666666666667E-2,1.E-1,1.333333333333E-1,1.666666666667E-1,2.E-1,
2.333333333333E-1,2.666666666667E-1,3.E-1,3.333333333333E-1,3.666666666667E-1,
4.E-1,4.333333333333E-1,4.666666666667E-1,5.E-1,5.333333333333E-1,
5.666666666667E-1,6.E-1,6.333333333333E-1,6.666666666667E-1,7.E-1,
7.333333333333E-1,7.666666666667E-1,8.E-1,8.333333333333E-1,8.666666666667E-1,
9.E-1,9.333333333333E-1,9.666666666667E-1,1.E0),.UNSPECIFIED.);
#252=B_SPLINE_CURVE_WITH_KNOTS('',3,(#239,#240,#241,#242,#243,#244,#245,#246,
#247,#248,#249,#250,#251),.UNSPECIFIED.,.F.,.F.,(4,1,1,1,1,1,1,1,1,1,4),(0.E0,
1.E-1,2.E-1,3.E-1,4.E-1,5.E-1,6.E-1,7.E-1,8.E-1,9.E-1,1.E0),.UNSPECIFIED.);
#333=B_SPLINE_CURVE_WITH_KNOTS('',3,(#256,#257,#258,#259,#260,#261,#262,#263,
#264,#265,#266,#267,#268,#269,#270,#271,#272,#273,#274,#275,#276,#277,#278,#279,
#280,#281,#282,#283,#284,#285,#286,#287,#288,#289,#290,#291,#292,#293,#294,#295,
#296,#297,#298,#299,#300,#301,#302,#303,#304,#305,#306,#307,#308,#309,#310,#311,
#312,#313,#314,#315,#316,#317,#318,#319,#320,#321,#322,#323,#324,#325,#326,#327,
#328,#329,#330,#331,#332),.UNSPECIFIED.,.F.,.F.,(4,1,1,1,1,1,1,1,1,1,1,1,1,1,1,
1,1,1,1,1,1,1,1,1,1,1,1,1,1,1,1,1,1,1,1,1,1,1,1,1,1,1,1,1,1,1,1,1,1,1,1,1,1,1,1,
1,1,1,1,1,1,1,1,1,1,1,1,1,1,1,1,1,1,1,4),(0.E0,1.351351351351E-2,
2.702702702703E-2,4.054054054054E-2,5.405405405405E-2,6.756756756757E-2,
8.108108108108E-2,9.459459459459E-2,1.081081081081E-1,1.216216216216E-1,
1.351351351351E-1,1.486486486486E-1,1.621621621622E-1,1.756756756757E-1,
1.891891891892E-1,2.027027027027E-1,2.162162162162E-1,2.297297297297E-1,
2.432432432432E-1,2.567567567568E-1,2.702702702703E-1,2.837837837838E-1,
2.972972972973E-1,3.108108108108E-1,3.243243243243E-1,3.378378378378E-1,
3.513513513514E-1,3.648648648649E-1,3.783783783784E-1,3.918918918919E-1,
4.054054054054E-1,4.189189189189E-1,4.324324324324E-1,4.459459459459E-1,
4.594594594595E-1,4.729729729730E-1,4.864864864865E-1,5.E-1,5.135135135135E-1,
5.270270270270E-1,5.405405405405E-1,5.540540540541E-1,5.675675675676E-1,
5.810810810811E-1,5.945945945946E-1,6.081081081081E-1,6.216216216216E-1,
6.351351351351E-1,6.486486486486E-1,6.621621621622E-1,6.756756756757E-1,
6.891891891892E-1,7.027027027027E-1,7.162162162162E-1,7.297297297297E-1,
7.432432432432E-1,7.567567567568E-1,7.702702702703E-1,7.837837837838E-1,
7.972972972973E-1,8.108108108108E-1,8.243243243243E-1,8.378378378378E-1,
8.513513513514E-1,8.648648648649E-1,8.783783783784E-1,8.918918918919E-1,
9.054054054054E-1,9.189189189189E-1,9.324324324324E-1,9.459459459459E-1,
9.594594594595E-1,9.729729729730E-1,9.864864864865E-1,1.E0),.UNSPECIFIED.);
#350=B_SPLINE_CURVE_WITH_KNOTS('',3,(#337,#338,#339,#340,#341,#342,#343,#344,
#345,#346,#347,#348,#349),.UNSPECIFIED.,.F.,.F.,(4,1,1,1,1,1,1,1,1,1,4),(0.E0,
1.E-1,2.E-1,3.E-1,4.E-1,5.E-1,6.E-1,7.E-1,8.E-1,9.E-1,1.E0),.UNSPECIFIED.);
#439=B_SPLINE_CURVE_WITH_KNOTS('',3,(#354,#355,#356,#357,#358,#359,#360,#361,
#362,#363,#364,#365,#366,#367,#368,#369,#370,#371,#372,#373,#374,#375,#376,#377,
#378,#379,#380,#381,#382,#383,#384,#385,#386,#387,#388,#389,#390,#391,#392,#393,
#394,#395,#396,#397,#398,#399,#400,#401,#402,#403,#404,#405,#406,#407,#408,#409,
#410,#411,#412,#413,#414,#415,#416,#417,#418,#419,#420,#421,#422,#423,#424,#425,
#426,#427,#428,#429,#430,#431,#432,#433,#434,#435,#436,#437,#438),.UNSPECIFIED.,
.F.,.F.,(4,1,1,1,1,1,1,1,1,1,1,1,1,1,1,1,1,1,1,1,1,1,1,1,1,1,1,1,1,1,1,1,1,1,1,
1,1,1,1,1,1,1,1,1,1,1,1,1,1,1,1,1,1,1,1,1,1,1,1,1,1,1,1,1,1,1,1,1,1,1,1,1,1,1,1,
1,1,1,1,1,1,1,4),(0.E0,1.219512195122E-2,2.439024390244E-2,3.658536585366E-2,
4.878048780488E-2,6.097560975610E-2,7.317073170732E-2,8.536585365854E-2,
9.756097560976E-2,1.097560975610E-1,1.219512195122E-1,1.341463414634E-1,
1.463414634146E-1,1.585365853659E-1,1.707317073171E-1,1.829268292683E-1,
1.951219512195E-1,2.073170731707E-1,2.195121951220E-1,2.317073170732E-1,
2.439024390244E-1,2.560975609756E-1,2.682926829268E-1,2.804878048780E-1,
2.926829268293E-1,3.048780487805E-1,3.170731707317E-1,3.292682926829E-1,
3.414634146341E-1,3.536585365854E-1,3.658536585366E-1,3.780487804878E-1,
3.902439024390E-1,4.024390243902E-1,4.146341463415E-1,4.268292682927E-1,
4.390243902439E-1,4.512195121951E-1,4.634146341463E-1,4.756097560976E-1,
4.878048780488E-1,5.E-1,5.121951219512E-1,5.243902439024E-1,5.365853658537E-1,
5.487804878049E-1,5.609756097561E-1,5.731707317073E-1,5.853658536585E-1,
5.975609756098E-1,6.097560975610E-1,6.219512195122E-1,6.341463414634E-1,
6.463414634146E-1,6.585365853659E-1,6.707317073171E-1,6.829268292683E-1,
6.951219512195E-1,7.073170731707E-1,7.195121951220E-1,7.317073170732E-1,
7.439024390244E-1,7.560975609756E-1,7.682926829268E-1,7.804878048780E-1,
7.926829268293E-1,8.048780487805E-1,8.170731707317E-1,8.292682926829E-1,
8.414634146341E-1,8.536585365854E-1,8.658536585366E-1,8.780487804878E-1,
8.902439024390E-1,9.024390243902E-1,9.146341463415E-1,9.268292682927E-1,
9.390243902439E-1,9.512195121951E-1,9.634146341463E-1,9.756097560976E-1,
9.878048780488E-1,1.E0),.UNSPECIFIED.);
#456=B_SPLINE_CURVE_WITH_KNOTS('',3,(#443,#444,#445,#446,#447,#448,#449,#450,
#451,#452,#453,#454,#455),.UNSPECIFIED.,.F.,.F.,(4,1,1,1,1,1,1,1,1,1,4),(0.E0,
1.E-1,2.E-1,3.E-1,4.E-1,5.E-1,6.E-1,7.E-1,8.E-1,9.E-1,1.E0),.UNSPECIFIED.);
#545=B_SPLINE_CURVE_WITH_KNOTS('',3,(#460,#461,#462,#463,#464,#465,#466,#467,
#468,#469,#470,#471,#472,#473,#474,#475,#476,#477,#478,#479,#480,#481,#482,#483,
#484,#485,#486,#487,#488,#489,#490,#491,#492,#493,#494,#495,#496,#497,#498,#499,
#500,#501,#502,#503,#504,#505,#506,#507,#508,#509,#510,#511,#512,#513,#514,#515,
#516,#517,#518,#519,#520,#521,#522,#523,#524,#525,#526,#527,#528,#529,#530,#531,
#532,#533,#534,#535,#536,#537,#538,#539,#540,#541,#542,#543,#544),.UNSPECIFIED.,
.F.,.F.,(4,1,1,1,1,1,1,1,1,1,1,1,1,1,1,1,1,1,1,1,1,1,1,1,1,1,1,1,1,1,1,1,1,1,1,
1,1,1,1,1,1,1,1,1,1,1,1,1,1,1,1,1,1,1,1,1,1,1,1,1,1,1,1,1,1,1,1,1,1,1,1,1,1,1,1,
1,1,1,1,1,1,1,4),(0.E0,1.219512195122E-2,2.439024390244E-2,3.658536585366E-2,
4.878048780488E-2,6.097560975610E-2,7.317073170732E-2,8.536585365854E-2,
9.756097560976E-2,1.097560975610E-1,1.219512195122E-1,1.341463414634E-1,
1.463414634146E-1,1.585365853659E-1,1.707317073171E-1,1.829268292683E-1,
1.951219512195E-1,2.073170731707E-1,2.195121951220E-1,2.317073170732E-1,
2.439024390244E-1,2.560975609756E-1,2.682926829268E-1,2.804878048780E-1,
2.926829268293E-1,3.048780487805E-1,3.170731707317E-1,3.292682926829E-1,
3.414634146341E-1,3.536585365854E-1,3.658536585366E-1,3.780487804878E-1,
3.902439024390E-1,4.024390243902E-1,4.146341463415E-1,4.268292682927E-1,
4.390243902439E-1,4.512195121951E-1,4.634146341463E-1,4.756097560976E-1,
4.878048780488E-1,5.E-1,5.121951219512E-1,5.243902439024E-1,5.365853658537E-1,
5.487804878049E-1,5.609756097561E-1,5.731707317073E-1,5.853658536585E-1,
5.975609756098E-1,6.097560975610E-1,6.219512195122E-1,6.341463414634E-1,
6.463414634146E-1,6.585365853659E-1,6.707317073171E-1,6.829268292683E-1,
6.951219512195E-1,7.073170731707E-1,7.195121951220E-1,7.317073170732E-1,
7.439024390244E-1,7.560975609756E-1,7.682926829268E-1,7.804878048780E-1,
7.926829268293E-1,8.048780487805E-1,8.170731707317E-1,8.292682926829E-1,
8.414634146341E-1,8.536585365854E-1,8.658536585366E-1,8.780487804878E-1,
8.902439024390E-1,9.024390243902E-1,9.146341463415E-1,9.268292682927E-1,
9.390243902439E-1,9.512195121951E-1,9.634146341463E-1,9.756097560976E-1,
9.878048780488E-1,1.E0),.UNSPECIFIED.);
#562=B_SPLINE_CURVE_WITH_KNOTS('',3,(#549,#550,#551,#552,#553,#554,#555,#556,
#557,#558,#559,#560,#561),.UNSPECIFIED.,.F.,.F.,(4,1,1,1,1,1,1,1,1,1,4),(0.E0,
1.E-1,2.E-1,3.E-1,4.E-1,5.E-1,6.E-1,7.E-1,8.E-1,9.E-1,1.E0),.UNSPECIFIED.);
#643=B_SPLINE_CURVE_WITH_KNOTS('',3,(#566,#567,#568,#569,#570,#571,#572,#573,
#574,#575,#576,#577,#578,#579,#580,#581,#582,#583,#584,#585,#586,#587,#588,#589,
#590,#591,#592,#593,#594,#595,#596,#597,#598,#599,#600,#601,#602,#603,#604,#605,
#606,#607,#608,#609,#610,#611,#612,#613,#614,#615,#616,#617,#618,#619,#620,#621,
#622,#623,#624,#625,#626,#627,#628,#629,#630,#631,#632,#633,#634,#635,#636,#637,
#638,#639,#640,#641,#642),.UNSPECIFIED.,.F.,.F.,(4,1,1,1,1,1,1,1,1,1,1,1,1,1,1,
1,1,1,1,1,1,1,1,1,1,1,1,1,1,1,1,1,1,1,1,1,1,1,1,1,1,1,1,1,1,1,1,1,1,1,1,1,1,1,1,
1,1,1,1,1,1,1,1,1,1,1,1,1,1,1,1,1,1,1,4),(0.E0,1.351351351351E-2,
2.702702702703E-2,4.054054054054E-2,5.405405405405E-2,6.756756756757E-2,
8.108108108108E-2,9.459459459459E-2,1.081081081081E-1,1.216216216216E-1,
1.351351351351E-1,1.486486486486E-1,1.621621621622E-1,1.756756756757E-1,
1.891891891892E-1,2.027027027027E-1,2.162162162162E-1,2.297297297297E-1,
2.432432432432E-1,2.567567567568E-1,2.702702702703E-1,2.837837837838E-1,
2.972972972973E-1,3.108108108108E-1,3.243243243243E-1,3.378378378378E-1,
3.513513513514E-1,3.648648648649E-1,3.783783783784E-1,3.918918918919E-1,
4.054054054054E-1,4.189189189189E-1,4.324324324324E-1,4.459459459459E-1,
4.594594594595E-1,4.729729729730E-1,4.864864864865E-1,5.E-1,5.135135135135E-1,
5.270270270270E-1,5.405405405405E-1,5.540540540541E-1,5.675675675676E-1,
5.810810810811E-1,5.945945945946E-1,6.081081081081E-1,6.216216216216E-1,
6.351351351351E-1,6.486486486486E-1,6.621621621622E-1,6.756756756757E-1,
6.891891891892E-1,7.027027027027E-1,7.162162162162E-1,7.297297297297E-1,
7.432432432432E-1,7.567567567568E-1,7.702702702703E-1,7.837837837838E-1,
7.972972972973E-1,8.108108108108E-1,8.243243243243E-1,8.378378378378E-1,
8.513513513514E-1,8.648648648649E-1,8.783783783784E-1,8.918918918919E-1,
9.054054054054E-1,9.189189189189E-1,9.324324324324E-1,9.459459459459E-1,
9.594594594595E-1,9.729729729730E-1,9.864864864865E-1,1.E0),.UNSPECIFIED.);
#660=B_SPLINE_CURVE_WITH_KNOTS('',3,(#647,#648,#649,#650,#651,#652,#653,#654,
#655,#656,#657,#658,#659),.UNSPECIFIED.,.F.,.F.,(4,1,1,1,1,1,1,1,1,1,4),(0.E0,
1.E-1,2.E-1,3.E-1,4.E-1,5.E-1,6.E-1,7.E-1,8.E-1,9.E-1,1.E0),.UNSPECIFIED.);
#697=B_SPLINE_CURVE_WITH_KNOTS('',3,(#664,#665,#666,#667,#668,#669,#670,#671,
#672,#673,#674,#675,#676,#677,#678,#679,#680,#681,#682,#683,#684,#685,#686,#687,
#688,#689,#690,#691,#692,#693,#694,#695,#696),.UNSPECIFIED.,.F.,.F.,(4,1,1,1,1,
1,1,1,1,1,1,1,1,1,1,1,1,1,1,1,1,1,1,1,1,1,1,1,1,1,4),(0.E0,3.333333333333E-2,
6.666666666667E-2,1.E-1,1.333333333333E-1,1.666666666667E-1,2.E-1,
2.333333333333E-1,2.666666666667E-1,3.E-1,3.333333333333E-1,3.666666666667E-1,
4.E-1,4.333333333333E-1,4.666666666667E-1,5.E-1,5.333333333333E-1,
5.666666666667E-1,6.E-1,6.333333333333E-1,6.666666666667E-1,7.E-1,
7.333333333333E-1,7.666666666667E-1,8.E-1,8.333333333333E-1,8.666666666667E-1,
9.E-1,9.333333333333E-1,9.666666666667E-1,1.E0),.UNSPECIFIED.);
#714=B_SPLINE_CURVE_WITH_KNOTS('',3,(#701,#702,#703,#704,#705,#706,#707,#708,
#709,#710,#711,#712,#713),.UNSPECIFIED.,.F.,.F.,(4,1,1,1,1,1,1,1,1,1,4),(0.E0,
1.E-1,2.E-1,3.E-1,4.E-1,5.E-1,6.E-1,7.E-1,8.E-1,9.E-1,1.E0),.UNSPECIFIED.);
#754=B_SPLINE_CURVE_WITH_KNOTS('',3,(#718,#719,#720,#721,#722,#723,#724,#725,
#726,#727,#728,#729,#730,#731,#732,#733,#734,#735,#736,#737,#738,#739,#740,#741,
#742,#743,#744,#745,#746,#747,#748,#749,#750,#751,#752,#753),.UNSPECIFIED.,.F.,
.F.,(4,1,1,1,1,1,1,1,1,1,1,1,1,1,1,1,1,1,1,1,1,1,1,1,1,1,1,1,1,1,1,1,1,4),(0.E0,
3.030303030303E-2,6.060606060606E-2,9.090909090909E-2,1.212121212121E-1,
1.515151515152E-1,1.818181818182E-1,2.121212121212E-1,2.424242424242E-1,
2.727272727273E-1,3.030303030303E-1,3.333333333333E-1,3.636363636364E-1,
3.939393939394E-1,4.242424242424E-1,4.545454545455E-1,4.848484848485E-1,
5.151515151515E-1,5.454545454545E-1,5.757575757576E-1,6.060606060606E-1,
6.363636363636E-1,6.666666666667E-1,6.969696969697E-1,7.272727272727E-1,
7.575757575758E-1,7.878787878788E-1,8.181818181818E-1,8.484848484848E-1,
8.787878787879E-1,9.090909090909E-1,9.393939393939E-1,9.696969696970E-1,1.E0),
.UNSPECIFIED.);
#771=B_SPLINE_CURVE_WITH_KNOTS('',3,(#758,#759,#760,#761,#762,#763,#764,#765,
#766,#767,#768,#769,#770),.UNSPECIFIED.,.F.,.F.,(4,1,1,1,1,1,1,1,1,1,4),(0.E0,
1.E-1,2.E-1,3.E-1,4.E-1,5.E-1,6.E-1,7.E-1,8.E-1,9.E-1,1.E0),.UNSPECIFIED.);
#811=B_SPLINE_CURVE_WITH_KNOTS('',3,(#775,#776,#777,#778,#779,#780,#781,#782,
#783,#784,#785,#786,#787,#788,#789,#790,#791,#792,#793,#794,#795,#796,#797,#798,
#799,#800,#801,#802,#803,#804,#805,#806,#807,#808,#809,#810),.UNSPECIFIED.,.F.,
.F.,(4,1,1,1,1,1,1,1,1,1,1,1,1,1,1,1,1,1,1,1,1,1,1,1,1,1,1,1,1,1,1,1,1,4),(0.E0,
3.030303030303E-2,6.060606060606E-2,9.090909090909E-2,1.212121212121E-1,
1.515151515152E-1,1.818181818182E-1,2.121212121212E-1,2.424242424242E-1,
2.727272727273E-1,3.030303030303E-1,3.333333333333E-1,3.636363636364E-1,
3.939393939394E-1,4.242424242424E-1,4.545454545455E-1,4.848484848485E-1,
5.151515151515E-1,5.454545454545E-1,5.757575757576E-1,6.060606060606E-1,
6.363636363636E-1,6.666666666667E-1,6.969696969697E-1,7.272727272727E-1,
7.575757575758E-1,7.878787878788E-1,8.181818181818E-1,8.484848484848E-1,
8.787878787879E-1,9.090909090909E-1,9.393939393939E-1,9.696969696970E-1,1.E0),
.UNSPECIFIED.);
#828=B_SPLINE_CURVE_WITH_KNOTS('',3,(#815,#816,#817,#818,#819,#820,#821,#822,
#823,#824,#825,#826,#827),.UNSPECIFIED.,.F.,.F.,(4,1,1,1,1,1,1,1,1,1,4),(0.E0,
1.E-1,2.E-1,3.E-1,4.E-1,5.E-1,6.E-1,7.E-1,8.E-1,9.E-1,1.E0),.UNSPECIFIED.);
#865=B_SPLINE_CURVE_WITH_KNOTS('',3,(#832,#833,#834,#835,#836,#837,#838,#839,
#840,#841,#842,#843,#844,#845,#846,#847,#848,#849,#850,#851,#852,#853,#854,#855,
#856,#857,#858,#859,#860,#861,#862,#863,#864),.UNSPECIFIED.,.F.,.F.,(4,1,1,1,1,
1,1,1,1,1,1,1,1,1,1,1,1,1,1,1,1,1,1,1,1,1,1,1,1,1,4),(0.E0,3.333333333333E-2,
6.666666666667E-2,1.E-1,1.333333333333E-1,1.666666666667E-1,2.E-1,
2.333333333333E-1,2.666666666667E-1,3.E-1,3.333333333333E-1,3.666666666667E-1,
4.E-1,4.333333333333E-1,4.666666666667E-1,5.E-1,5.333333333333E-1,
5.666666666667E-1,6.E-1,6.333333333333E-1,6.666666666667E-1,7.E-1,
7.333333333333E-1,7.666666666667E-1,8.E-1,8.333333333333E-1,8.666666666667E-1,
9.E-1,9.333333333333E-1,9.666666666667E-1,1.E0),.UNSPECIFIED.);
#882=B_SPLINE_CURVE_WITH_KNOTS('',3,(#869,#870,#871,#872,#873,#874,#875,#876,
#877,#878,#879,#880,#881),.UNSPECIFIED.,.F.,.F.,(4,1,1,1,1,1,1,1,1,1,4),(0.E0,
1.E-1,2.E-1,3.E-1,4.E-1,5.E-1,6.E-1,7.E-1,8.E-1,9.E-1,1.E0),.UNSPECIFIED.);
#899=B_SPLINE_CURVE_WITH_KNOTS('',3,(#886,#887,#888,#889,#890,#891,#892,#893,
#894,#895,#896,#897,#898),.UNSPECIFIED.,.F.,.F.,(4,1,1,1,1,1,1,1,1,1,4),(0.E0,
1.E-1,2.E-1,3.E-1,4.E-1,5.E-1,6.E-1,7.E-1,8.E-1,9.E-1,1.E0),.UNSPECIFIED.);
#922=EDGE_CURVE('',#903,#904,#29,.T.);
#924=EDGE_CURVE('',#904,#903,#47,.T.);
#928=ADVANCED_FACE('',(#927),#921,.F.);
#1102=EDGE_CURVE('',#903,#905,#84,.T.);
#1104=EDGE_CURVE('',#905,#906,#198,.T.);
#1106=EDGE_CURVE('',#904,#906,#124,.T.);
#1110=ADVANCED_FACE('',(#1109),#1100,.T.);
#1285=EDGE_CURVE('',#906,#905,#141,.T.);
#1290=ADVANCED_FACE('',(#1289),#1282,.T.);
#1464=EDGE_CURVE('',#906,#908,#181,.T.);
#1466=EDGE_CURVE('',#908,#907,#350,.T.);
#1468=EDGE_CURVE('',#905,#907,#235,.T.);
#1472=ADVANCED_FACE('',(#1471),#1462,.T.);
#1647=EDGE_CURVE('',#907,#908,#252,.T.);
#1652=ADVANCED_FACE('',(#1651),#1644,.T.);
#1970=EDGE_CURVE('',#907,#909,#333,.T.);
#1972=EDGE_CURVE('',#909,#910,#562,.T.);
#1974=EDGE_CURVE('',#908,#910,#439,.T.);
#1978=ADVANCED_FACE('',(#1977),#1968,.T.);
#2297=EDGE_CURVE('',#910,#909,#456,.T.);
#2302=ADVANCED_FACE('',(#2301),#2294,.T.);
#2620=EDGE_CURVE('',#910,#914,#545,.T.);
#2622=EDGE_CURVE('',#914,#913,#714,.T.);
#2624=EDGE_CURVE('',#909,#913,#643,.T.);
#2628=ADVANCED_FACE('',(#2627),#2618,.T.);
#2947=EDGE_CURVE('',#913,#914,#660,.T.);
#2952=ADVANCED_FACE('',(#2951),#2944,.T.);
#3126=EDGE_CURVE('',#913,#911,#697,.T.);
#3128=EDGE_CURVE('',#911,#912,#828,.T.);
#3130=EDGE_CURVE('',#914,#912,#754,.T.);
#3134=ADVANCED_FACE('',(#3133),#3124,.T.);
#3309=EDGE_CURVE('',#912,#911,#771,.T.);
#3314=ADVANCED_FACE('',(#3313),#3306,.T.);
#3488=EDGE_CURVE('',#912,#916,#811,.T.);
#3490=EDGE_CURVE('',#916,#915,#899,.T.);
#3492=EDGE_CURVE('',#911,#915,#865,.T.);
#3496=ADVANCED_FACE('',(#3495),#3486,.T.);
#3671=EDGE_CURVE('',#915,#916,#882,.T.);
#3676=ADVANCED_FACE('',(#3675),#3668,.T.);
#3686=ADVANCED_FACE('',(#3685),#3681,.T.);
#3695=(LENGTH_UNIT()NAMED_UNIT(*)SI_UNIT(.MILLI.,.METRE.));
#3698=(NAMED_UNIT(*)PLANE_ANGLE_UNIT()SI_UNIT($,.RADIAN.));
#3701=(NAMED_UNIT(*)SI_UNIT($,.STERADIAN.)SOLID_ANGLE_UNIT());
#3703=(GEOMETRIC_REPRESENTATION_CONTEXT(3)GLOBAL_UNCERTAINTY_ASSIGNED_CONTEXT((
#3702))GLOBAL_UNIT_ASSIGNED_CONTEXT((#3697,#3700,#3701))REPRESENTATION_CONTEXT(
'ID1','3'));
#3704=ADVANCED_BREP_SHAPE_REPRESENTATION('',(#3688),#3703);
#3712=PRODUCT_DEFINITION('part definition','',#3711,#3708);
#3713=PRODUCT_DEFINITION_SHAPE('','SHAPE FOR ANIMATE_PC.',#3712);
#3714=SHAPE_ASPECT('','solid data associated with ANIMATE_PC',#3713,.F.);
#3715=PROPERTY_DEFINITION('',
'shape for solid data with which properties are associated',#3714);
#3716=SHAPE_REPRESENTATION('',(#3688),#3703);
#3717=SHAPE_DEFINITION_REPRESENTATION(#3715,#3716);
#3718=(LENGTH_UNIT()NAMED_UNIT(*)SI_UNIT(.MILLI.,.METRE.));
#3724=PROPERTY_DEFINITION('geometric validation property','area of ANIMATE_PC',
#3714);
#3725=REPRESENTATION('surface area',(#3723),#3703);
#3726=PROPERTY_DEFINITION_REPRESENTATION(#3724,#3725);
#3727=(LENGTH_UNIT()NAMED_UNIT(*)SI_UNIT(.MILLI.,.METRE.));
#3733=PROPERTY_DEFINITION('geometric validation property',
'volume of ANIMATE_PC',#3714);
#3734=REPRESENTATION('volume',(#3732),#3703);
#3735=PROPERTY_DEFINITION_REPRESENTATION(#3733,#3734);
#3737=PROPERTY_DEFINITION('geometric validation property',
'centroid of ANIMATE_PC',#3714);
#3738=REPRESENTATION('centroid',(#3736),#3703);
#3739=PROPERTY_DEFINITION_REPRESENTATION(#3737,#3738);
#3740=(LENGTH_UNIT()NAMED_UNIT(*)SI_UNIT(.MILLI.,.METRE.));
#3746=PROPERTY_DEFINITION('geometric validation property','area of ANIMATE_PC',
#3713);
#3747=REPRESENTATION('surface area',(#3745),#3703);
#3748=PROPERTY_DEFINITION_REPRESENTATION(#3746,#3747);
#3749=(LENGTH_UNIT()NAMED_UNIT(*)SI_UNIT(.MILLI.,.METRE.));
#3755=PROPERTY_DEFINITION('geometric validation property',
'volume of ANIMATE_PC',#3713);
#3756=REPRESENTATION('volume',(#3754),#3703);
#3757=PROPERTY_DEFINITION_REPRESENTATION(#3755,#3756);
#3759=PROPERTY_DEFINITION('geometric validation property',
'centroid of ANIMATE_PC',#3713);
#3760=REPRESENTATION('centroid',(#3758),#3703);
#3761=PROPERTY_DEFINITION_REPRESENTATION(#3759,#3760);
#3762=SHAPE_DEFINITION_REPRESENTATION(#3713,#3704);
#3764=PROPERTY_DEFINITION('DESCRIPTION','user defined attribute',#3712);
#3768=REPRESENTATION('',(#3767),#3703);
#3769=PROPERTY_DEFINITION_REPRESENTATION(#3764,#3768);
#3770=PROPERTY_DEFINITION('MODELED_BY','user defined attribute',#3712);
#3774=REPRESENTATION('',(#3773),#3703);
#3775=PROPERTY_DEFINITION_REPRESENTATION(#3770,#3774);
ENDSEC;
END-ISO-10303-21;
