ISO-10303-21;
HEADER;
/****************************************************************
 * Generated by software with PDE/Lib inside                    *
 * PDE/Lib Version 3.2.2, created Thu Mar 23, 2000 at 18:38:49  *
 * International Technegroup Inc. (www.iti-oh.com)              *
 ****************************************************************/
FILE_DESCRIPTION((''),'2;1');
FILE_NAME('PROTOTYPE GEAR CLUTCH.stp','2026-09-13T19:47:29',(''),(''),'Mechanical Desktop.R8.0.24.0','Mechanical Desktop.R8.0.24.0',', , ');
FILE_SCHEMA(('CONFIG_CONTROL_DESIGN'));
ENDSEC;
DATA;
#8=(NAMED_UNIT(*)PLANE_ANGLE_UNIT()SI_UNIT($,.RADIAN.));
#9=DIMENSIONAL_EXPONENTS(0.0,0.0,0.0,0.0,0.0,0.0,0.0);
#10=PLANE_ANGLE_MEASURE_WITH_UNIT(PLANE_ANGLE_MEASURE(0.017453292500000),#8);
#14=(CONVERSION_BASED_UNIT('DEGREE',#10)NAMED_UNIT(#9)PLANE_ANGLE_UNIT());
#18=(NAMED_UNIT(*)SI_UNIT($,.STERADIAN.)SOLID_ANGLE_UNIT());
#20=DIMENSIONAL_EXPONENTS(1.0,0.0,0.0,0.0,0.0,0.0,0.0);
#24=(LENGTH_UNIT()NAMED_UNIT(*)SI_UNIT(.MILLI.,.METRE.));
#25=LENGTH_MEASURE_WITH_UNIT(LENGTH_MEASURE(25.399999999999999),#24);
#27=(CONVERSION_BASED_UNIT('INCH',#25)LENGTH_UNIT()NAMED_UNIT(#20));
#28=UNCERTAINTY_MEASURE_WITH_UNIT(LENGTH_MEASURE(0.000001000000000),#27,'DISTANCE_ACCURACY_VALUE','');
#33=(GEOMETRIC_REPRESENTATION_CONTEXT(3)GLOBAL_UNCERTAINTY_ASSIGNED_CONTEXT((#28))GLOBAL_UNIT_ASSIGNED_CONTEXT((#14,#18,#27))REPRESENTATION_CONTEXT('None','None'));
#34=APPLICATION_CONTEXT('CONFIGURATION CONTROLLED 3D DESIGNS OF MECHANICAL PARTS AND ASSEMBLIES');
#35=APPLICATION_PROTOCOL_DEFINITION('INTERNATIONAL STANDARD','config_control_design',1995,#34);
#36=MECHANICAL_CONTEXT('3D Mechanical Parts',#34,'mechanical');
#37=PRODUCT('PROTOTYPEA-GEAR CLUTCH','PROTOTYPEA-GEAR CLUTCH',' ',(#36));
#38=PRODUCT_RELATED_PRODUCT_CATEGORY('detail',$,(#37,#135,#8026,#8925,#9551));
#39=PRODUCT_CATEGORY('part',$);
#40=PRODUCT_CATEGORY_RELATIONSHIP('None','None',#39,#38);
#41=PERSON('1','Design','Joe',$,$,$);
#42=ORGANIZATION($,'None','None');
#43=PERSON_AND_ORGANIZATION(#41,#42);
#44=PERSON_AND_ORGANIZATION_ROLE('design_owner');
#45=CC_DESIGN_PERSON_AND_ORGANIZATION_ASSIGNMENT(#43,#44,(#37,#135,#8026,#8925,#9551));
#46=PRODUCT_DEFINITION_FORMATION_WITH_SPECIFIED_SOURCE('None','None',#37,.NOT_KNOWN.);
#47=PERSON('2','Creator','Joe',$,$,$);
#48=ORGANIZATION($,'None','None');
#49=PERSON_AND_ORGANIZATION(#47,#48);
#50=PERSON_AND_ORGANIZATION_ROLE('creator');
#51=CC_DESIGN_PERSON_AND_ORGANIZATION_ASSIGNMENT(#49,#50,(#46,#136,#8027,#8926,#9552));
#52=PERSON('3','Supplier','Joe',$,$,$);
#53=ORGANIZATION($,'None','None');
#54=PERSON_AND_ORGANIZATION(#52,#53);
#55=PERSON_AND_ORGANIZATION_ROLE('design_supplier');
#56=CC_DESIGN_PERSON_AND_ORGANIZATION_ASSIGNMENT(#54,#55,(#46,#136,#8027,#8926,#9552));
#57=APPROVAL_STATUS('approved');
#58=APPROVAL(#57,'None');
#59=PERSON('4','Approver','Joe',$,$,$);
#60=ORGANIZATION($,'None','None');
#61=PERSON_AND_ORGANIZATION(#59,#60);
#62=APPROVAL_ROLE('approver');
#63=APPROVAL_PERSON_ORGANIZATION(#61,#58,#62);
#64=COORDINATED_UNIVERSAL_TIME_OFFSET(8,$,.BEHIND.);
#65=CALENDAR_DATE(1996,29,5);
#66=LOCAL_TIME(12,0,0.0,#64);
#67=DATE_AND_TIME(#65,#66);
#68=APPROVAL_DATE_TIME(#67,#58);
#69=CC_DESIGN_APPROVAL(#58,(#46,#136,#8027,#8926,#9552));
#70=SECURITY_CLASSIFICATION_LEVEL('unclassified');
#71=SECURITY_CLASSIFICATION('security','None',#70);
#72=CC_DESIGN_SECURITY_CLASSIFICATION(#71,(#46,#136,#7994,#8006,#8018,#8027,#8917,#8926,#9543,#9552,#9836));
#73=APPROVAL_STATUS('approved');
#74=APPROVAL(#73,'None');
#75=PERSON('5','Approver','Joe',$,$,$);
#76=ORGANIZATION($,'None','None');
#77=PERSON_AND_ORGANIZATION(#75,#76);
#78=APPROVAL_ROLE('approver');
#79=APPROVAL_PERSON_ORGANIZATION(#77,#74,#78);
#80=COORDINATED_UNIVERSAL_TIME_OFFSET(8,$,.BEHIND.);
#81=CALENDAR_DATE(1996,29,5);
#82=LOCAL_TIME(12,0,0.0,#80);
#83=DATE_AND_TIME(#81,#82);
#84=APPROVAL_DATE_TIME(#83,#74);
#85=CC_DESIGN_APPROVAL(#74,(#71));
#86=PERSON('6','Classifier','Joe',$,$,$);
#87=ORGANIZATION($,'None','None');
#88=PERSON_AND_ORGANIZATION(#86,#87);
#89=PERSON_AND_ORGANIZATION_ROLE('classification_officer');
#90=CC_DESIGN_PERSON_AND_ORGANIZATION_ASSIGNMENT(#88,#89,(#71));
#91=COORDINATED_UNIVERSAL_TIME_OFFSET(8,$,.BEHIND.);
#92=CALENDAR_DATE(1996,29,5);
#93=LOCAL_TIME(12,0,0.0,#91);
#94=DATE_AND_TIME(#92,#93);
#95=DATE_TIME_ROLE('classification_date');
#96=CC_DESIGN_DATE_AND_TIME_ASSIGNMENT(#94,#95,(#71));
#97=DESIGN_CONTEXT('Design Context',#34,'design');
#98=PRODUCT_DEFINITION('None','None',#46,#97);
#99=PERSON('7','Creator','Joe',$,$,$);
#100=ORGANIZATION($,'None','None');
#101=PERSON_AND_ORGANIZATION(#99,#100);
#102=PERSON_AND_ORGANIZATION_ROLE('creator');
#103=CC_DESIGN_PERSON_AND_ORGANIZATION_ASSIGNMENT(#101,#102,(#98,#137,#8028,#8927,#9553));
#104=COORDINATED_UNIVERSAL_TIME_OFFSET(8,$,.BEHIND.);
#105=CALENDAR_DATE(1996,29,5);
#106=LOCAL_TIME(12,0,0.0,#104);
#107=DATE_AND_TIME(#105,#106);
#108=DATE_TIME_ROLE('creation_date');
#109=CC_DESIGN_DATE_AND_TIME_ASSIGNMENT(#107,#108,(#98,#137,#8028,#8927,#9553));
#110=APPROVAL_STATUS('approved');
#111=APPROVAL(#110,'None');
#112=PERSON('8','Approver','Joe',$,$,$);
#113=ORGANIZATION($,'None','None');
#114=PERSON_AND_ORGANIZATION(#112,#113);
#115=APPROVAL_ROLE('approver');
#116=APPROVAL_PERSON_ORGANIZATION(#114,#111,#115);
#117=COORDINATED_UNIVERSAL_TIME_OFFSET(8,$,.BEHIND.);
#118=CALENDAR_DATE(1996,29,5);
#119=LOCAL_TIME(12,0,0.0,#117);
#120=DATE_AND_TIME(#118,#119);
#121=APPROVAL_DATE_TIME(#120,#111);
#122=CC_DESIGN_APPROVAL(#111,(#98,#137,#8028,#8927,#9553));
#123=CARTESIAN_POINT('NONE',(0.0,0.0,0.0));
#124=DIRECTION('NONE',(0.0,0.0,1.0));
#125=DIRECTION('NONE',(1.0,0.0,0.0));
#126=AXIS2_PLACEMENT_3D('NONE',#123,#124,#125);
#127=SHAPE_REPRESENTATION('SR1',(#126,#7988,#8000,#8012,#8911,#9537,#9830),#33);
#128=PRODUCT_DEFINITION_SHAPE('PDS1','Test Part',#98);
#129=SHAPE_DEFINITION_REPRESENTATION(#128,#127);
#134=(GEOMETRIC_REPRESENTATION_CONTEXT(3)GLOBAL_UNCERTAINTY_ASSIGNED_CONTEXT((#28))GLOBAL_UNIT_ASSIGNED_CONTEXT((#14,#18,#27))REPRESENTATION_CONTEXT('Component','Component'));
#135=PRODUCT('_GEAKB2.0-15-20-A-12N_B','_GEAKB2.0-15-20-A-12N_B',' ',(#36));
#136=PRODUCT_DEFINITION_FORMATION_WITH_SPECIFIED_SOURCE('None','None',#135,.NOT_KNOWN.);
#137=PRODUCT_DEFINITION('None','None',#136,#97);
#138=SHAPE_REPRESENTATION('SR2',(#126),#134);
#139=PRODUCT_DEFINITION_SHAPE('PDS2','Test Part',#137);
#140=SHAPE_DEFINITION_REPRESENTATION(#139,#138);
#141=CARTESIAN_POINT('',(-0.209206775468323,-0.488590400491792,19.173228362000000));
#142=DIRECTION('',(0.0,0.0,1.0));
#143=DIRECTION('',(-1.0,0.0,0.0));
#144=AXIS2_PLACEMENT_3D('',#141,#142,#143);
#145=CYLINDRICAL_SURFACE('',#144,0.039370078000000);
#146=CARTESIAN_POINT('',(-0.169836697468322,-0.488590400491792,19.212598440000001));
#147=VERTEX_POINT('',#146);
#148=CARTESIAN_POINT('',(-0.169836697468322,-0.488590400491792,20.000000000000007));
#149=VERTEX_POINT('',#148);
#150=CARTESIAN_POINT('',(-0.169836697468322,-0.488590400491792,19.212598440000001));
#151=DIRECTION('',(0.0,0.0,1.0));
#152=VECTOR('',#151,0.787401560000006);
#153=LINE('',#150,#152);
#154=EDGE_CURVE('',#147,#149,#153,.T.);
#155=ORIENTED_EDGE('',*,*,#154,.F.);
#156=CARTESIAN_POINT('',(-0.170006255151295,-0.492240366053330,19.212598440000001));
#157=VERTEX_POINT('',#156);
#158=CARTESIAN_POINT('',(-0.209206775468323,-0.488590400491792,19.212598440000001));
#159=DIRECTION('',(0.0,0.0,1.0));
#160=DIRECTION('',(1.0,0.0,0.0));
#161=AXIS2_PLACEMENT_3D('',#158,#159,#160);
#162=CIRCLE('',#161,0.039370078000000);
#163=EDGE_CURVE('',#147,#157,#162,.F.);
#164=ORIENTED_EDGE('',*,*,#163,.T.);
#165=CARTESIAN_POINT('',(-0.170006255151295,-0.492240366053330,20.000000000000007));
#166=VERTEX_POINT('',#165);
#167=CARTESIAN_POINT('',(-0.170006255151295,-0.492240366053330,20.000000000000007));
#168=DIRECTION('',(0.0,0.0,-1.0));
#169=VECTOR('',#168,0.787401560000006);
#170=LINE('',#167,#169);
#171=EDGE_CURVE('',#166,#157,#170,.T.);
#172=ORIENTED_EDGE('',*,*,#171,.F.);
#173=CARTESIAN_POINT('',(-0.209206775468323,-0.488590400491792,20.000000000000007));
#174=DIRECTION('',(0.0,0.0,-1.0));
#175=DIRECTION('',(-1.0,0.0,0.0));
#176=AXIS2_PLACEMENT_3D('',#173,#174,#175);
#177=CIRCLE('',#176,0.039370078000000);
#178=EDGE_CURVE('',#166,#149,#177,.F.);
#179=ORIENTED_EDGE('',*,*,#178,.T.);
#180=EDGE_LOOP('',(#155,#164,#172,#179));
#181=FACE_OUTER_BOUND('',#180,.T.);
#182=ADVANCED_FACE('',(#181),#145,.F.);
#183=CARTESIAN_POINT('',(-0.118909935592909,-0.559427250573237,19.173228362000000));
#184=DIRECTION('',(0.0,0.0,1.0));
#185=DIRECTION('',(-1.0,0.0,0.0));
#186=AXIS2_PLACEMENT_3D('',#183,#184,#185);
#187=CYLINDRICAL_SURFACE('',#186,0.063619167445692);
#188=CARTESIAN_POINT('',(-0.182529103038602,-0.559427250573237,19.212598440000001));
#189=VERTEX_POINT('',#188);
#190=CARTESIAN_POINT('',(-0.182529103038602,-0.559427250573237,20.000000000000007));
#191=VERTEX_POINT('',#190);
#192=CARTESIAN_POINT('',(-0.182529103038602,-0.559427250573237,19.212598440000001));
#193=DIRECTION('',(0.0,0.0,1.0));
#194=VECTOR('',#193,0.787401560000006);
#195=LINE('',#192,#194);
#196=EDGE_CURVE('',#189,#191,#195,.T.);
#197=ORIENTED_EDGE('',*,*,#196,.F.);
#198=CARTESIAN_POINT('',(-0.182490347513265,-0.561647540288283,19.212598440000001));
#199=VERTEX_POINT('',#198);
#200=CARTESIAN_POINT('',(-0.118909935592909,-0.559427250573237,19.212598440000001));
#201=DIRECTION('',(0.0,0.0,1.0));
#202=DIRECTION('',(1.0,0.0,0.0));
#203=AXIS2_PLACEMENT_3D('',#200,#201,#202);
#204=CIRCLE('',#203,0.063619167445692);
#205=EDGE_CURVE('',#199,#189,#204,.F.);
#206=ORIENTED_EDGE('',*,*,#205,.F.);
#207=CARTESIAN_POINT('',(-0.182490347513265,-0.561647540288283,19.999999999532893));
#208=VERTEX_POINT('',#207);
#209=CARTESIAN_POINT('',(-0.182490347513265,-0.561647540288283,19.999999999532893));
#210=DIRECTION('',(0.0,0.0,-1.0));
#211=VECTOR('',#210,0.787401559532892);
#212=LINE('',#209,#211);
#213=EDGE_CURVE('',#208,#199,#212,.T.);
#214=ORIENTED_EDGE('',*,*,#213,.F.);
#215=CARTESIAN_POINT('',(-0.118909935592909,-0.559427250573237,20.000000000000007));
#216=DIRECTION('',(0.0,0.0,-1.0));
#217=DIRECTION('',(-1.0,0.0,0.0));
#218=AXIS2_PLACEMENT_3D('',#215,#216,#217);
#219=CIRCLE('',#218,0.063619167445692);
#220=EDGE_CURVE('',#191,#208,#219,.F.);
#221=ORIENTED_EDGE('',*,*,#220,.F.);
#222=EDGE_LOOP('',(#197,#206,#214,#221));
#223=FACE_OUTER_BOUND('',#222,.T.);
#224=ADVANCED_FACE('',(#223),#187,.T.);
#225=CARTESIAN_POINT('',(0.118909935592904,-0.559427250573237,19.173228362000000));
#226=DIRECTION('',(0.0,0.0,1.0));
#227=DIRECTION('',(-1.0,0.0,0.0));
#228=AXIS2_PLACEMENT_3D('',#225,#226,#227);
#229=CYLINDRICAL_SURFACE('',#228,0.063619167445692);
#230=CARTESIAN_POINT('',(0.182529103038597,-0.559427250573237,20.000000000000007));
#231=VERTEX_POINT('',#230);
#232=CARTESIAN_POINT('',(0.182529103038597,-0.559427250573237,19.212598440000001));
#233=VERTEX_POINT('',#232);
#234=CARTESIAN_POINT('',(0.182529103038597,-0.559427250573237,20.000000000000007));
#235=DIRECTION('',(0.0,0.0,-1.0));
#236=VECTOR('',#235,0.787401560000006);
#237=LINE('',#234,#236);
#238=EDGE_CURVE('',#231,#233,#237,.T.);
#239=ORIENTED_EDGE('',*,*,#238,.F.);
#240=CARTESIAN_POINT('',(0.182490347578010,-0.561647538434232,20.000000000000007));
#241=VERTEX_POINT('',#240);
#242=CARTESIAN_POINT('',(0.118909935592904,-0.559427250573237,20.000000000000007));
#243=DIRECTION('',(0.0,0.0,-1.0));
#244=DIRECTION('',(-1.0,0.0,0.0));
#245=AXIS2_PLACEMENT_3D('',#242,#243,#244);
#246=CIRCLE('',#245,0.063619167445692);
#247=EDGE_CURVE('',#241,#231,#246,.F.);
#248=ORIENTED_EDGE('',*,*,#247,.F.);
#249=CARTESIAN_POINT('',(0.182490347578010,-0.561647538434232,19.212598440000001));
#250=VERTEX_POINT('',#249);
#251=CARTESIAN_POINT('',(0.182490347578010,-0.561647538434232,20.000000000000007));
#252=DIRECTION('',(0.0,0.0,-1.0));
#253=VECTOR('',#252,0.787401560000006);
#254=LINE('',#251,#253);
#255=EDGE_CURVE('',#241,#250,#254,.T.);
#256=ORIENTED_EDGE('',*,*,#255,.T.);
#257=CARTESIAN_POINT('',(0.118909935592904,-0.559427250573237,19.212598440000001));
#258=DIRECTION('',(0.0,0.0,1.0));
#259=DIRECTION('',(1.0,0.0,0.0));
#260=AXIS2_PLACEMENT_3D('',#257,#258,#259);
#261=CIRCLE('',#260,0.063619167445692);
#262=EDGE_CURVE('',#233,#250,#261,.F.);
#263=ORIENTED_EDGE('',*,*,#262,.F.);
#264=EDGE_LOOP('',(#239,#248,#256,#263));
#265=FACE_OUTER_BOUND('',#264,.T.);
#266=ADVANCED_FACE('',(#265),#229,.T.);
#267=CARTESIAN_POINT('',(0.209206775468322,-0.488590400491792,19.173228362000000));
#268=DIRECTION('',(0.0,0.0,1.0));
#269=DIRECTION('',(-1.0,0.0,0.0));
#270=AXIS2_PLACEMENT_3D('',#267,#268,#269);
#271=CYLINDRICAL_SURFACE('',#270,0.039370078000000);
#272=CARTESIAN_POINT('',(0.169836697468322,-0.488590400491792,20.000000000000007));
#273=VERTEX_POINT('',#272);
#274=CARTESIAN_POINT('',(0.169836697468322,-0.488590400491792,19.212598440000001));
#275=VERTEX_POINT('',#274);
#276=CARTESIAN_POINT('',(0.169836697468322,-0.488590400491792,20.000000000000007));
#277=DIRECTION('',(0.0,0.0,-1.0));
#278=VECTOR('',#277,0.787401560000006);
#279=LINE('',#276,#278);
#280=EDGE_CURVE('',#273,#275,#279,.T.);
#281=ORIENTED_EDGE('',*,*,#280,.F.);
#282=CARTESIAN_POINT('',(0.170006255331682,-0.492240367990681,20.000000000000007));
#283=VERTEX_POINT('',#282);
#284=CARTESIAN_POINT('',(0.209206775468322,-0.488590400491792,20.000000000000007));
#285=DIRECTION('',(0.0,0.0,-1.0));
#286=DIRECTION('',(-1.0,0.0,0.0));
#287=AXIS2_PLACEMENT_3D('',#284,#285,#286);
#288=CIRCLE('',#287,0.039370078000000);
#289=EDGE_CURVE('',#273,#283,#288,.F.);
#290=ORIENTED_EDGE('',*,*,#289,.T.);
#291=CARTESIAN_POINT('',(0.170006255331682,-0.492240367990681,19.212598440000001));
#292=VERTEX_POINT('',#291);
#293=CARTESIAN_POINT('',(0.170006255331682,-0.492240367990681,20.000000000000007));
#294=DIRECTION('',(0.0,0.0,-1.0));
#295=VECTOR('',#294,0.787401560000006);
#296=LINE('',#293,#295);
#297=EDGE_CURVE('',#283,#292,#296,.T.);
#298=ORIENTED_EDGE('',*,*,#297,.T.);
#299=CARTESIAN_POINT('',(0.209206775468322,-0.488590400491792,19.212598440000001));
#300=DIRECTION('',(0.0,0.0,1.0));
#301=DIRECTION('',(1.0,0.0,0.0));
#302=AXIS2_PLACEMENT_3D('',#299,#300,#301);
#303=CIRCLE('',#302,0.039370078000000);
#304=EDGE_CURVE('',#292,#275,#303,.F.);
#305=ORIENTED_EDGE('',*,*,#304,.T.);
#306=EDGE_LOOP('',(#281,#290,#298,#305));
#307=FACE_OUTER_BOUND('',#306,.T.);
#308=ADVANCED_FACE('',(#307),#271,.F.);
#309=CARTESIAN_POINT('',(0.389847518772234,-0.361257479454359,19.173228362000000));
#310=DIRECTION('',(0.0,0.0,1.0));
#311=DIRECTION('',(-1.0,0.0,0.0));
#312=AXIS2_PLACEMENT_3D('',#309,#310,#311);
#313=CYLINDRICAL_SURFACE('',#312,0.039370078000000);
#314=CARTESIAN_POINT('',(0.350477440772233,-0.361257479454359,20.000000000000007));
#315=VERTEX_POINT('',#314);
#316=CARTESIAN_POINT('',(0.350477440772233,-0.361257479454359,19.212598440000001));
#317=VERTEX_POINT('',#316);
#318=CARTESIAN_POINT('',(0.350477440772233,-0.361257479454359,20.000000000000007));
#319=DIRECTION('',(0.0,0.0,-1.0));
#320=VECTOR('',#319,0.787401560000006);
#321=LINE('',#318,#320);
#322=EDGE_CURVE('',#315,#317,#321,.T.);
#323=ORIENTED_EDGE('',*,*,#322,.F.);
#324=CARTESIAN_POINT('',(0.355520637192012,-0.380536178650714,20.000000000000007));
#325=VERTEX_POINT('',#324);
#326=CARTESIAN_POINT('',(0.389847518772234,-0.361257479454359,20.000000000000007));
#327=DIRECTION('',(0.0,0.0,-1.0));
#328=DIRECTION('',(-1.0,0.0,0.0));
#329=AXIS2_PLACEMENT_3D('',#326,#327,#328);
#330=CIRCLE('',#329,0.039370078000000);
#331=EDGE_CURVE('',#315,#325,#330,.F.);
#332=ORIENTED_EDGE('',*,*,#331,.T.);
#333=CARTESIAN_POINT('',(0.355520637192012,-0.380536178650714,19.212598440000001));
#334=VERTEX_POINT('',#333);
#335=CARTESIAN_POINT('',(0.355520637192012,-0.380536178650714,20.000000000000007));
#336=DIRECTION('',(0.0,0.0,-1.0));
#337=VECTOR('',#336,0.787401560000006);
#338=LINE('',#335,#337);
#339=EDGE_CURVE('',#325,#334,#338,.T.);
#340=ORIENTED_EDGE('',*,*,#339,.T.);
#341=CARTESIAN_POINT('',(0.389847518772234,-0.361257479454359,19.212598440000001));
#342=DIRECTION('',(0.0,0.0,1.0));
#343=DIRECTION('',(1.0,0.0,0.0));
#344=AXIS2_PLACEMENT_3D('',#341,#342,#343);
#345=CIRCLE('',#344,0.039370078000000);
#346=EDGE_CURVE('',#334,#317,#345,.F.);
#347=ORIENTED_EDGE('',*,*,#346,.T.);
#348=EDGE_LOOP('',(#323,#332,#340,#347));
#349=FACE_OUTER_BOUND('',#348,.T.);
#350=ADVANCED_FACE('',(#349),#313,.F.);
#351=CARTESIAN_POINT('',(0.503080084426906,-0.171459858298096,19.173228362000000));
#352=DIRECTION('',(0.0,0.0,1.0));
#353=DIRECTION('',(-1.0,0.0,0.0));
#354=AXIS2_PLACEMENT_3D('',#351,#352,#353);
#355=CYLINDRICAL_SURFACE('',#354,0.039370078000000);
#356=CARTESIAN_POINT('',(0.463710006426905,-0.171459858298096,20.000000000000007));
#357=VERTEX_POINT('',#356);
#358=CARTESIAN_POINT('',(0.463710006426905,-0.171459858298096,19.212598440000001));
#359=VERTEX_POINT('',#358);
#360=CARTESIAN_POINT('',(0.463710006426905,-0.171459858298096,20.000000000000007));
#361=DIRECTION('',(0.0,0.0,-1.0));
#362=VECTOR('',#361,0.787401560000006);
#363=LINE('',#360,#362);
#364=EDGE_CURVE('',#357,#359,#363,.T.);
#365=ORIENTED_EDGE('',*,*,#364,.F.);
#366=CARTESIAN_POINT('',(0.479562271078249,-0.203033826959385,20.000000000000007));
#367=VERTEX_POINT('',#366);
#368=CARTESIAN_POINT('',(0.503080084426906,-0.171459858298096,20.000000000000007));
#369=DIRECTION('',(0.0,0.0,-1.0));
#370=DIRECTION('',(-1.0,0.0,0.0));
#371=AXIS2_PLACEMENT_3D('',#368,#369,#370);
#372=CIRCLE('',#371,0.039370078000000);
#373=EDGE_CURVE('',#357,#367,#372,.F.);
#374=ORIENTED_EDGE('',*,*,#373,.T.);
#375=CARTESIAN_POINT('',(0.479562271078249,-0.203033826959385,19.212598440000001));
#376=VERTEX_POINT('',#375);
#377=CARTESIAN_POINT('',(0.479562271078249,-0.203033826959385,20.000000000000007));
#378=DIRECTION('',(0.0,0.0,-1.0));
#379=VECTOR('',#378,0.787401560000006);
#380=LINE('',#377,#379);
#381=EDGE_CURVE('',#367,#376,#380,.T.);
#382=ORIENTED_EDGE('',*,*,#381,.T.);
#383=CARTESIAN_POINT('',(0.503080084426906,-0.171459858298096,19.212598440000001));
#384=DIRECTION('',(0.0,0.0,1.0));
#385=DIRECTION('',(1.0,0.0,0.0));
#386=AXIS2_PLACEMENT_3D('',#383,#384,#385);
#387=CIRCLE('',#386,0.039370078000000);
#388=EDGE_CURVE('',#376,#359,#387,.F.);
#389=ORIENTED_EDGE('',*,*,#388,.T.);
#390=EDGE_LOOP('',(#365,#374,#382,#389));
#391=FACE_OUTER_BOUND('',#390,.T.);
#392=ADVANCED_FACE('',(#391),#355,.F.);
#393=CARTESIAN_POINT('',(0.527735086605266,0.063116818046502,19.173228362000000));
#394=DIRECTION('',(0.0,0.0,1.0));
#395=DIRECTION('',(-1.0,0.0,0.0));
#396=AXIS2_PLACEMENT_3D('',#393,#394,#395);
#397=CYLINDRICAL_SURFACE('',#396,0.039370078000000);
#398=CARTESIAN_POINT('',(0.488365008605266,0.063116818046502,20.000000000000007));
#399=VERTEX_POINT('',#398);
#400=CARTESIAN_POINT('',(0.488365008605266,0.063116818046502,19.212598440000001));
#401=VERTEX_POINT('',#400);
#402=CARTESIAN_POINT('',(0.488365008605266,0.063116818046502,20.000000000000007));
#403=DIRECTION('',(0.0,0.0,-1.0));
#404=VECTOR('',#403,0.787401560000006);
#405=LINE('',#402,#404);
#406=EDGE_CURVE('',#399,#401,#405,.T.);
#407=ORIENTED_EDGE('',*,*,#406,.F.);
#408=CARTESIAN_POINT('',(0.488643598708579,0.058441498191205,20.000000000000007));
#409=VERTEX_POINT('',#408);
#410=CARTESIAN_POINT('',(0.527735086605266,0.063116818046502,20.000000000000007));
#411=DIRECTION('',(0.0,0.0,-1.0));
#412=DIRECTION('',(-1.0,0.0,0.0));
#413=AXIS2_PLACEMENT_3D('',#410,#411,#412);
#414=CIRCLE('',#413,0.039370078000000);
#415=EDGE_CURVE('',#399,#409,#414,.F.);
#416=ORIENTED_EDGE('',*,*,#415,.T.);
#417=CARTESIAN_POINT('',(0.488643598708579,0.058441498191205,19.212598440000001));
#418=VERTEX_POINT('',#417);
#419=CARTESIAN_POINT('',(0.488643598708579,0.058441498191205,20.000000000000007));
#420=DIRECTION('',(0.0,0.0,-1.0));
#421=VECTOR('',#420,0.787401560000006);
#422=LINE('',#419,#421);
#423=EDGE_CURVE('',#409,#418,#422,.T.);
#424=ORIENTED_EDGE('',*,*,#423,.T.);
#425=CARTESIAN_POINT('',(0.527735086605266,0.063116818046502,19.212598440000001));
#426=DIRECTION('',(0.0,0.0,1.0));
#427=DIRECTION('',(1.0,0.0,0.0));
#428=AXIS2_PLACEMENT_3D('',#425,#426,#427);
#429=CIRCLE('',#428,0.039370078000000);
#430=EDGE_CURVE('',#418,#401,#429,.F.);
#431=ORIENTED_EDGE('',*,*,#430,.T.);
#432=EDGE_LOOP('',(#407,#416,#424,#431));
#433=FACE_OUTER_BOUND('',#432,.T.);
#434=ADVANCED_FACE('',(#433),#397,.F.);
#435=CARTESIAN_POINT('',(0.456438068513008,0.272309279986380,19.173228362000000));
#436=DIRECTION('',(0.0,0.0,1.0));
#437=DIRECTION('',(-1.0,0.0,0.0));
#438=AXIS2_PLACEMENT_3D('',#435,#436,#437);
#439=CYLINDRICAL_SURFACE('',#438,0.039370078000000);
#440=CARTESIAN_POINT('',(0.417067990513007,0.272309279986380,20.000000000000007));
#441=VERTEX_POINT('',#440);
#442=CARTESIAN_POINT('',(0.417067990513007,0.272309279986380,19.212598440000001));
#443=VERTEX_POINT('',#442);
#444=CARTESIAN_POINT('',(0.417067990513007,0.272309279986380,20.000000000000007));
#445=DIRECTION('',(0.0,0.0,-1.0));
#446=VECTOR('',#445,0.787401560000006);
#447=LINE('',#444,#446);
#448=EDGE_CURVE('',#441,#443,#447,.T.);
#449=ORIENTED_EDGE('',*,*,#448,.F.);
#450=CARTESIAN_POINT('',(0.422627841215746,0.252138222209611,20.000000000000007));
#451=VERTEX_POINT('',#450);
#452=CARTESIAN_POINT('',(0.456438068513008,0.272309279986380,20.000000000000007));
#453=DIRECTION('',(0.0,0.0,-1.0));
#454=DIRECTION('',(-1.0,0.0,0.0));
#455=AXIS2_PLACEMENT_3D('',#452,#453,#454);
#456=CIRCLE('',#455,0.039370078000000);
#457=EDGE_CURVE('',#441,#451,#456,.F.);
#458=ORIENTED_EDGE('',*,*,#457,.T.);
#459=CARTESIAN_POINT('',(0.422627841215746,0.252138222209611,19.212598440000001));
#460=VERTEX_POINT('',#459);
#461=CARTESIAN_POINT('',(0.422627841215746,0.252138222209611,20.000000000000007));
#462=DIRECTION('',(0.0,0.0,-1.0));
#463=VECTOR('',#462,0.787401560000006);
#464=LINE('',#461,#463);
#465=EDGE_CURVE('',#451,#460,#464,.T.);
#466=ORIENTED_EDGE('',*,*,#465,.T.);
#467=CARTESIAN_POINT('',(0.456438068513008,0.272309279986380,19.212598440000001));
#468=DIRECTION('',(0.0,0.0,1.0));
#469=DIRECTION('',(1.0,0.0,0.0));
#470=AXIS2_PLACEMENT_3D('',#467,#468,#469);
#471=CIRCLE('',#470,0.039370078000000);
#472=EDGE_CURVE('',#460,#443,#471,.F.);
#473=ORIENTED_EDGE('',*,*,#472,.T.);
#474=EDGE_LOOP('',(#449,#458,#466,#473));
#475=FACE_OUTER_BOUND('',#474,.T.);
#476=ADVANCED_FACE('',(#475),#439,.F.);
#477=CARTESIAN_POINT('',(0.306218761765170,0.434416993564464,19.173228362000000));
#478=DIRECTION('',(0.0,0.0,1.0));
#479=DIRECTION('',(-1.0,0.0,0.0));
#480=AXIS2_PLACEMENT_3D('',#477,#478,#479);
#481=CYLINDRICAL_SURFACE('',#480,0.039370078000000);
#482=CARTESIAN_POINT('',(0.266848683765170,0.434416993564464,20.000000000000007));
#483=VERTEX_POINT('',#482);
#484=CARTESIAN_POINT('',(0.266848683765170,0.434416993564464,19.212598440000001));
#485=VERTEX_POINT('',#484);
#486=CARTESIAN_POINT('',(0.266848683765170,0.434416993564464,20.000000000000007));
#487=DIRECTION('',(0.0,0.0,-1.0));
#488=VECTOR('',#487,0.787401560000006);
#489=LINE('',#486,#488);
#490=EDGE_CURVE('',#483,#485,#489,.T.);
#491=ORIENTED_EDGE('',*,*,#490,.F.);
#492=CARTESIAN_POINT('',(0.283535882851226,0.402237962412154,20.000000000000007));
#493=VERTEX_POINT('',#492);
#494=CARTESIAN_POINT('',(0.306218761765170,0.434416993564464,20.000000000000007));
#495=DIRECTION('',(0.0,0.0,-1.0));
#496=DIRECTION('',(-1.0,0.0,0.0));
#497=AXIS2_PLACEMENT_3D('',#494,#495,#496);
#498=CIRCLE('',#497,0.039370078000000);
#499=EDGE_CURVE('',#483,#493,#498,.F.);
#500=ORIENTED_EDGE('',*,*,#499,.T.);
#501=CARTESIAN_POINT('',(0.283535882851226,0.402237962412154,19.212598440000001));
#502=VERTEX_POINT('',#501);
#503=CARTESIAN_POINT('',(0.283535882851226,0.402237962412154,20.000000000000007));
#504=DIRECTION('',(0.0,0.0,-1.0));
#505=VECTOR('',#504,0.787401560000006);
#506=LINE('',#503,#505);
#507=EDGE_CURVE('',#493,#502,#506,.T.);
#508=ORIENTED_EDGE('',*,*,#507,.T.);
#509=CARTESIAN_POINT('',(0.306218761765170,0.434416993564464,19.212598440000001));
#510=DIRECTION('',(0.0,0.0,1.0));
#511=DIRECTION('',(1.0,0.0,0.0));
#512=AXIS2_PLACEMENT_3D('',#509,#510,#511);
#513=CIRCLE('',#512,0.039370078000000);
#514=EDGE_CURVE('',#502,#485,#513,.F.);
#515=ORIENTED_EDGE('',*,*,#514,.T.);
#516=EDGE_LOOP('',(#491,#500,#508,#515));
#517=FACE_OUTER_BOUND('',#516,.T.);
#518=ADVANCED_FACE('',(#517),#481,.F.);
#519=CARTESIAN_POINT('',(0.0,0.0,20.118867631088072));
#520=DIRECTION('',(0.0,0.0,-1.0));
#521=DIRECTION('',(0.994521895368273,0.104528463267653,0.0));
#522=AXIS2_PLACEMENT_3D('',#519,#520,#521);
#523=CONICAL_SURFACE('',#522,0.146931131396451,75.000000000243702);
#524=CARTESIAN_POINT('',(-0.665624878087071,-0.069959993785151,19.978901638787775));
#525=VERTEX_POINT('',#524);
#526=CARTESIAN_POINT('',(-0.587316068900356,-0.061729406281015,20.000000000000007));
#527=VERTEX_POINT('',#526);
#528=CARTESIAN_POINT('',(-0.665624878087071,-0.069959993785151,19.978901638787775));
#529=DIRECTION('',(0.960634383545770,0.100966742252492,0.258819045104021));
#530=VECTOR('',#529,0.081517807948609);
#531=LINE('',#528,#530);
#532=EDGE_CURVE('',#525,#527,#531,.T.);
#533=ORIENTED_EDGE('',*,*,#532,.F.);
#534=CARTESIAN_POINT('',(-0.663811628363516,-0.085469299214517,19.978901638787779));
#535=VERTEX_POINT('',#534);
#536=CARTESIAN_POINT('',(0.0,0.0,19.978901638787779));
#537=DIRECTION('',(0.0,0.0,-1.0));
#538=DIRECTION('',(-1.0,0.0,0.0));
#539=AXIS2_PLACEMENT_3D('',#536,#537,#538);
#540=CIRCLE('',#539,0.669291326000006);
#541=EDGE_CURVE('',#525,#535,#540,.F.);
#542=ORIENTED_EDGE('',*,*,#541,.T.);
#543=CARTESIAN_POINT('',(-0.660408417842961,-0.090989443275602,19.979610156766640));
#544=VERTEX_POINT('',#543);
#545=CARTESIAN_POINT('',(-0.663811628363520,-0.085469299214512,19.978901638787910));
#546=CARTESIAN_POINT('',(-0.663522734269656,-0.087713043583958,19.978901638787903));
#547=CARTESIAN_POINT('',(-0.662246380309931,-0.089748392184805,19.979167672578647));
#548=CARTESIAN_POINT('',(-0.660408417842961,-0.090989443275602,19.979610156766640));
#549=B_SPLINE_CURVE_WITH_KNOTS('',3,(#545,#546,#547,#548),.UNSPECIFIED.,.F.,.U.,(4,4),(0.0,0.000170132576523),.UNSPECIFIED.);
#550=EDGE_CURVE('',#535,#544,#549,.T.);
#551=ORIENTED_EDGE('',*,*,#550,.T.);
#552=CARTESIAN_POINT('',(-0.577646210046047,-0.122782492269107,20.000000000000007));
#553=VERTEX_POINT('',#552);
#554=CARTESIAN_POINT('',(-0.660408417842961,-0.090989443275602,19.979610156766640));
#555=CARTESIAN_POINT('',(-0.647887494751162,-0.099443975340383,19.982624532913007));
#556=CARTESIAN_POINT('',(-0.634686792376252,-0.106286009249144,19.985818064903064));
#557=CARTESIAN_POINT('',(-0.607015154805463,-0.116917861710223,19.992611682168555));
#558=CARTESIAN_POINT('',(-0.592437041034173,-0.120703776536094,19.996239218792891));
#559=CARTESIAN_POINT('',(-0.577646210046047,-0.122782492269107,20.000000000000007));
#560=B_SPLINE_CURVE_WITH_KNOTS('',3,(#554,#555,#556,#557,#558,#559),.UNSPECIFIED.,.F.,.U.,(4,2,4),(0.0,0.001157266898156,0.002314291254746),.UNSPECIFIED.);
#561=EDGE_CURVE('',#544,#553,#560,.T.);
#562=ORIENTED_EDGE('',*,*,#561,.T.);
#563=CARTESIAN_POINT('',(0.0,0.0,20.000000000000007));
#564=DIRECTION('',(0.0,0.0,-1.0));
#565=DIRECTION('',(-1.0,0.0,0.0));
#566=AXIS2_PLACEMENT_3D('',#563,#564,#565);
#567=CIRCLE('',#566,0.590551170000005);
#568=EDGE_CURVE('',#553,#527,#567,.T.);
#569=ORIENTED_EDGE('',*,*,#568,.T.);
#570=EDGE_LOOP('',(#533,#542,#551,#562,#569));
#571=FACE_OUTER_BOUND('',#570,.T.);
#572=ADVANCED_FACE('',(#571),#523,.T.);
#573=CARTESIAN_POINT('',(-0.456438068513004,0.272309279986380,19.173228362000000));
#574=DIRECTION('',(0.0,0.0,1.0));
#575=DIRECTION('',(-1.0,0.0,0.0));
#576=AXIS2_PLACEMENT_3D('',#573,#574,#575);
#577=CYLINDRICAL_SURFACE('',#576,0.039370078000000);
#578=CARTESIAN_POINT('',(-0.417067990513003,0.272309279986380,19.212598440000001));
#579=VERTEX_POINT('',#578);
#580=CARTESIAN_POINT('',(-0.417067990513003,0.272309279986380,20.000000000000007));
#581=VERTEX_POINT('',#580);
#582=CARTESIAN_POINT('',(-0.417067990513003,0.272309279986380,19.212598440000001));
#583=DIRECTION('',(0.0,0.0,1.0));
#584=VECTOR('',#583,0.787401560000006);
#585=LINE('',#582,#584);
#586=EDGE_CURVE('',#579,#581,#585,.T.);
#587=ORIENTED_EDGE('',*,*,#586,.F.);
#588=CARTESIAN_POINT('',(-0.422627841215746,0.252138222209611,19.212598440000001));
#589=VERTEX_POINT('',#588);
#590=CARTESIAN_POINT('',(-0.456438068513004,0.272309279986380,19.212598440000001));
#591=DIRECTION('',(0.0,0.0,1.0));
#592=DIRECTION('',(1.0,0.0,0.0));
#593=AXIS2_PLACEMENT_3D('',#590,#591,#592);
#594=CIRCLE('',#593,0.039370078000000);
#595=EDGE_CURVE('',#579,#589,#594,.F.);
#596=ORIENTED_EDGE('',*,*,#595,.T.);
#597=CARTESIAN_POINT('',(-0.422627841215746,0.252138222209611,20.000000000000007));
#598=VERTEX_POINT('',#597);
#599=CARTESIAN_POINT('',(-0.422627841215746,0.252138222209611,20.000000000000007));
#600=DIRECTION('',(0.0,0.0,-1.0));
#601=VECTOR('',#600,0.787401560000006);
#602=LINE('',#599,#601);
#603=EDGE_CURVE('',#598,#589,#602,.T.);
#604=ORIENTED_EDGE('',*,*,#603,.F.);
#605=CARTESIAN_POINT('',(-0.456438068513004,0.272309279986380,20.000000000000007));
#606=DIRECTION('',(0.0,0.0,-1.0));
#607=DIRECTION('',(-1.0,0.0,0.0));
#608=AXIS2_PLACEMENT_3D('',#605,#606,#607);
#609=CIRCLE('',#608,0.039370078000000);
#610=EDGE_CURVE('',#598,#581,#609,.F.);
#611=ORIENTED_EDGE('',*,*,#610,.T.);
#612=EDGE_LOOP('',(#587,#596,#604,#611));
#613=FACE_OUTER_BOUND('',#612,.T.);
#614=ADVANCED_FACE('',(#613),#577,.F.);
#615=CARTESIAN_POINT('',(-0.306218761765171,0.434416993564468,19.173228362000000));
#616=DIRECTION('',(0.0,0.0,1.0));
#617=DIRECTION('',(-1.0,0.0,0.0));
#618=AXIS2_PLACEMENT_3D('',#615,#616,#617);
#619=CYLINDRICAL_SURFACE('',#618,0.039370078000000);
#620=CARTESIAN_POINT('',(-0.266848683765170,0.434416993564468,19.212598440000001));
#621=VERTEX_POINT('',#620);
#622=CARTESIAN_POINT('',(-0.266848683765170,0.434416993564468,20.000000000000007));
#623=VERTEX_POINT('',#622);
#624=CARTESIAN_POINT('',(-0.266848683765170,0.434416993564468,19.212598440000001));
#625=DIRECTION('',(0.0,0.0,1.0));
#626=VECTOR('',#625,0.787401560000006);
#627=LINE('',#624,#626);
#628=EDGE_CURVE('',#621,#623,#627,.T.);
#629=ORIENTED_EDGE('',*,*,#628,.F.);
#630=CARTESIAN_POINT('',(-0.283535890523306,0.402237957004135,19.212598440000001));
#631=VERTEX_POINT('',#630);
#632=CARTESIAN_POINT('',(-0.306218761765171,0.434416993564468,19.212598440000001));
#633=DIRECTION('',(0.0,0.0,1.0));
#634=DIRECTION('',(1.0,0.0,0.0));
#635=AXIS2_PLACEMENT_3D('',#632,#633,#634);
#636=CIRCLE('',#635,0.039370078000000);
#637=EDGE_CURVE('',#621,#631,#636,.F.);
#638=ORIENTED_EDGE('',*,*,#637,.T.);
#639=CARTESIAN_POINT('',(-0.283535890523306,0.402237957004135,20.000000000000007));
#640=VERTEX_POINT('',#639);
#641=CARTESIAN_POINT('',(-0.283535890523306,0.402237957004135,20.000000000000007));
#642=DIRECTION('',(0.0,0.0,-1.0));
#643=VECTOR('',#642,0.787401560000006);
#644=LINE('',#641,#643);
#645=EDGE_CURVE('',#640,#631,#644,.T.);
#646=ORIENTED_EDGE('',*,*,#645,.F.);
#647=CARTESIAN_POINT('',(-0.306218761765171,0.434416993564468,20.000000000000007));
#648=DIRECTION('',(0.0,0.0,-1.0));
#649=DIRECTION('',(-1.0,0.0,0.0));
#650=AXIS2_PLACEMENT_3D('',#647,#648,#649);
#651=CIRCLE('',#650,0.039370078000000);
#652=EDGE_CURVE('',#640,#623,#651,.F.);
#653=ORIENTED_EDGE('',*,*,#652,.T.);
#654=EDGE_LOOP('',(#629,#638,#646,#653));
#655=FACE_OUTER_BOUND('',#654,.T.);
#656=ADVANCED_FACE('',(#655),#619,.F.);
#657=CARTESIAN_POINT('',(-0.298565276818312,0.544310264417712,19.173228362000000));
#658=DIRECTION('',(0.0,0.0,1.0));
#659=DIRECTION('',(-1.0,0.0,0.0));
#660=AXIS2_PLACEMENT_3D('',#657,#658,#659);
#661=CYLINDRICAL_SURFACE('',#660,0.236220468000002);
#662=CARTESIAN_POINT('',(-0.062344808818310,0.544310264417712,19.212598440000001));
#663=VERTEX_POINT('',#662);
#664=CARTESIAN_POINT('',(-0.062344808818310,0.544310264417712,20.000000000000007));
#665=VERTEX_POINT('',#664);
#666=CARTESIAN_POINT('',(-0.062344808818310,0.544310264417712,19.212598440000001));
#667=DIRECTION('',(0.0,0.0,1.0));
#668=VECTOR('',#667,0.787401560000006);
#669=LINE('',#666,#668);
#670=EDGE_CURVE('',#663,#665,#669,.T.);
#671=ORIENTED_EDGE('',*,*,#670,.F.);
#672=CARTESIAN_POINT('',(-0.063948683950793,0.516830019633899,19.212598440000001));
#673=VERTEX_POINT('',#672);
#674=CARTESIAN_POINT('',(-0.298565276818312,0.544310264417712,19.212598440000001));
#675=DIRECTION('',(0.0,0.0,1.0));
#676=DIRECTION('',(1.0,0.0,0.0));
#677=AXIS2_PLACEMENT_3D('',#674,#675,#676);
#678=CIRCLE('',#677,0.236220468000002);
#679=EDGE_CURVE('',#663,#673,#678,.F.);
#680=ORIENTED_EDGE('',*,*,#679,.T.);
#681=CARTESIAN_POINT('',(-0.063948683950793,0.516830019633899,20.000000000000007));
#682=VERTEX_POINT('',#681);
#683=CARTESIAN_POINT('',(-0.063948683950793,0.516830019633899,20.000000000000007));
#684=DIRECTION('',(0.0,0.0,-1.0));
#685=VECTOR('',#684,0.787401560000006);
#686=LINE('',#683,#685);
#687=EDGE_CURVE('',#682,#673,#686,.T.);
#688=ORIENTED_EDGE('',*,*,#687,.F.);
#689=CARTESIAN_POINT('',(-0.298565276818312,0.544310264417712,20.000000000000007));
#690=DIRECTION('',(0.0,0.0,-1.0));
#691=DIRECTION('',(-1.0,0.0,0.0));
#692=AXIS2_PLACEMENT_3D('',#689,#690,#691);
#693=CIRCLE('',#692,0.236220468000002);
#694=EDGE_CURVE('',#682,#665,#693,.F.);
#695=ORIENTED_EDGE('',*,*,#694,.T.);
#696=EDGE_LOOP('',(#671,#680,#688,#695));
#697=FACE_OUTER_BOUND('',#696,.T.);
#698=ADVANCED_FACE('',(#697),#661,.F.);
#699=CARTESIAN_POINT('',(0.0,0.571925188697473,19.173228362000000));
#700=DIRECTION('',(0.0,0.0,1.0));
#701=DIRECTION('',(-1.0,0.0,0.0));
#702=AXIS2_PLACEMENT_3D('',#699,#700,#701);
#703=CYLINDRICAL_SURFACE('',#702,0.063619167445692);
#704=CARTESIAN_POINT('',(-0.063619167445692,0.571925188697473,19.212598440000001));
#705=VERTEX_POINT('',#704);
#706=CARTESIAN_POINT('',(-0.063619167445692,0.571925188697473,20.000000000000007));
#707=VERTEX_POINT('',#706);
#708=CARTESIAN_POINT('',(-0.063619167445692,0.571925188697473,19.212598440000001));
#709=DIRECTION('',(0.0,0.0,1.0));
#710=VECTOR('',#709,0.787401560000006);
#711=LINE('',#708,#710);
#712=EDGE_CURVE('',#705,#707,#711,.T.);
#713=ORIENTED_EDGE('',*,*,#712,.F.);
#714=CARTESIAN_POINT('',(-0.063348780204217,0.566065935465343,19.212598440000001));
#715=VERTEX_POINT('',#714);
#716=CARTESIAN_POINT('',(0.0,0.571925188697473,19.212598440000001));
#717=DIRECTION('',(0.0,0.0,1.0));
#718=DIRECTION('',(1.0,0.0,0.0));
#719=AXIS2_PLACEMENT_3D('',#716,#717,#718);
#720=CIRCLE('',#719,0.063619167445692);
#721=EDGE_CURVE('',#715,#705,#720,.F.);
#722=ORIENTED_EDGE('',*,*,#721,.F.);
#723=CARTESIAN_POINT('',(-0.063348780204217,0.566065935465343,20.000000000000007));
#724=VERTEX_POINT('',#723);
#725=CARTESIAN_POINT('',(-0.063348780204217,0.566065935465343,20.000000000000007));
#726=DIRECTION('',(0.0,0.0,-1.0));
#727=VECTOR('',#726,0.787401560000006);
#728=LINE('',#725,#727);
#729=EDGE_CURVE('',#724,#715,#728,.T.);
#730=ORIENTED_EDGE('',*,*,#729,.F.);
#731=CARTESIAN_POINT('',(0.0,0.571925188697473,20.000000000000007));
#732=DIRECTION('',(0.0,0.0,-1.0));
#733=DIRECTION('',(-1.0,0.0,0.0));
#734=AXIS2_PLACEMENT_3D('',#731,#732,#733);
#735=CIRCLE('',#734,0.063619167445692);
#736=EDGE_CURVE('',#707,#724,#735,.F.);
#737=ORIENTED_EDGE('',*,*,#736,.F.);
#738=EDGE_LOOP('',(#713,#722,#730,#737));
#739=FACE_OUTER_BOUND('',#738,.T.);
#740=ADVANCED_FACE('',(#739),#703,.T.);
#741=CARTESIAN_POINT('',(0.0,0.571925188697473,19.173228362000000));
#742=DIRECTION('',(0.0,0.0,1.0));
#743=DIRECTION('',(-1.0,0.0,0.0));
#744=AXIS2_PLACEMENT_3D('',#741,#742,#743);
#745=CYLINDRICAL_SURFACE('',#744,0.063619167445692);
#746=CARTESIAN_POINT('',(0.063619167445692,0.571925188697473,20.000000000000007));
#747=VERTEX_POINT('',#746);
#748=CARTESIAN_POINT('',(0.063619167445692,0.571925188697473,19.212598440000001));
#749=VERTEX_POINT('',#748);
#750=CARTESIAN_POINT('',(0.063619167445692,0.571925188697473,20.000000000000007));
#751=DIRECTION('',(0.0,0.0,-1.0));
#752=VECTOR('',#751,0.787401560000006);
#753=LINE('',#750,#752);
#754=EDGE_CURVE('',#747,#749,#753,.T.);
#755=ORIENTED_EDGE('',*,*,#754,.F.);
#756=CARTESIAN_POINT('',(0.063348780204217,0.566065935465343,20.000000000000007));
#757=VERTEX_POINT('',#756);
#758=CARTESIAN_POINT('',(0.0,0.571925188697473,20.000000000000007));
#759=DIRECTION('',(0.0,0.0,-1.0));
#760=DIRECTION('',(-1.0,0.0,0.0));
#761=AXIS2_PLACEMENT_3D('',#758,#759,#760);
#762=CIRCLE('',#761,0.063619167445692);
#763=EDGE_CURVE('',#757,#747,#762,.F.);
#764=ORIENTED_EDGE('',*,*,#763,.F.);
#765=CARTESIAN_POINT('',(0.063348780204217,0.566065935465343,19.212598440000001));
#766=VERTEX_POINT('',#765);
#767=CARTESIAN_POINT('',(0.063348780204217,0.566065935465343,20.000000000000007));
#768=DIRECTION('',(0.0,0.0,-1.0));
#769=VECTOR('',#768,0.787401560000006);
#770=LINE('',#767,#769);
#771=EDGE_CURVE('',#757,#766,#770,.T.);
#772=ORIENTED_EDGE('',*,*,#771,.T.);
#773=CARTESIAN_POINT('',(0.0,0.571925188697473,19.212598440000001));
#774=DIRECTION('',(0.0,0.0,1.0));
#775=DIRECTION('',(1.0,0.0,0.0));
#776=AXIS2_PLACEMENT_3D('',#773,#774,#775);
#777=CIRCLE('',#776,0.063619167445692);
#778=EDGE_CURVE('',#749,#766,#777,.F.);
#779=ORIENTED_EDGE('',*,*,#778,.F.);
#780=EDGE_LOOP('',(#755,#764,#772,#779));
#781=FACE_OUTER_BOUND('',#780,.T.);
#782=ADVANCED_FACE('',(#781),#745,.T.);
#783=CARTESIAN_POINT('',(0.298565276818318,0.544310264417712,19.173228362000000));
#784=DIRECTION('',(0.0,0.0,1.0));
#785=DIRECTION('',(-1.0,0.0,0.0));
#786=AXIS2_PLACEMENT_3D('',#783,#784,#785);
#787=CYLINDRICAL_SURFACE('',#786,0.236220468000002);
#788=CARTESIAN_POINT('',(0.062344808818316,0.544310264417712,20.000000000000007));
#789=VERTEX_POINT('',#788);
#790=CARTESIAN_POINT('',(0.062344808818316,0.544310264417712,19.212598440000001));
#791=VERTEX_POINT('',#790);
#792=CARTESIAN_POINT('',(0.062344808818316,0.544310264417712,20.000000000000007));
#793=DIRECTION('',(0.0,0.0,-1.0));
#794=VECTOR('',#793,0.787401560000006);
#795=LINE('',#792,#794);
#796=EDGE_CURVE('',#789,#791,#795,.T.);
#797=ORIENTED_EDGE('',*,*,#796,.F.);
#798=CARTESIAN_POINT('',(0.063948683144016,0.516830026521875,20.000000000000007));
#799=VERTEX_POINT('',#798);
#800=CARTESIAN_POINT('',(0.298565276818318,0.544310264417712,20.000000000000007));
#801=DIRECTION('',(0.0,0.0,-1.0));
#802=DIRECTION('',(-1.0,0.0,0.0));
#803=AXIS2_PLACEMENT_3D('',#800,#801,#802);
#804=CIRCLE('',#803,0.236220468000002);
#805=EDGE_CURVE('',#789,#799,#804,.F.);
#806=ORIENTED_EDGE('',*,*,#805,.T.);
#807=CARTESIAN_POINT('',(0.063948683144016,0.516830026521875,19.212598440000001));
#808=VERTEX_POINT('',#807);
#809=CARTESIAN_POINT('',(0.063948683144016,0.516830026521875,20.000000000000007));
#810=DIRECTION('',(0.0,0.0,-1.0));
#811=VECTOR('',#810,0.787401560000006);
#812=LINE('',#809,#811);
#813=EDGE_CURVE('',#799,#808,#812,.T.);
#814=ORIENTED_EDGE('',*,*,#813,.T.);
#815=CARTESIAN_POINT('',(0.298565276818318,0.544310264417712,19.212598440000001));
#816=DIRECTION('',(0.0,0.0,1.0));
#817=DIRECTION('',(1.0,0.0,0.0));
#818=AXIS2_PLACEMENT_3D('',#815,#816,#817);
#819=CIRCLE('',#818,0.236220468000002);
#820=EDGE_CURVE('',#808,#791,#819,.F.);
#821=ORIENTED_EDGE('',*,*,#820,.T.);
#822=EDGE_LOOP('',(#797,#806,#814,#821));
#823=FACE_OUTER_BOUND('',#822,.T.);
#824=ADVANCED_FACE('',(#823),#787,.F.);
#825=CARTESIAN_POINT('',(-0.389847518772234,-0.361257479454357,19.173228362000000));
#826=DIRECTION('',(0.0,0.0,1.0));
#827=DIRECTION('',(-1.0,0.0,0.0));
#828=AXIS2_PLACEMENT_3D('',#825,#826,#827);
#829=CYLINDRICAL_SURFACE('',#828,0.039370078000000);
#830=CARTESIAN_POINT('',(-0.350477440772233,-0.361257479454357,19.212598440000001));
#831=VERTEX_POINT('',#830);
#832=CARTESIAN_POINT('',(-0.350477440772233,-0.361257479454357,20.000000000000007));
#833=VERTEX_POINT('',#832);
#834=CARTESIAN_POINT('',(-0.350477440772233,-0.361257479454357,19.212598440000001));
#835=DIRECTION('',(0.0,0.0,1.0));
#836=VECTOR('',#835,0.787401560000006);
#837=LINE('',#834,#836);
#838=EDGE_CURVE('',#831,#833,#837,.T.);
#839=ORIENTED_EDGE('',*,*,#838,.F.);
#840=CARTESIAN_POINT('',(-0.355520635939810,-0.380536176421091,19.212598440000001));
#841=VERTEX_POINT('',#840);
#842=CARTESIAN_POINT('',(-0.389847518772234,-0.361257479454357,19.212598440000001));
#843=DIRECTION('',(0.0,0.0,1.0));
#844=DIRECTION('',(1.0,0.0,0.0));
#845=AXIS2_PLACEMENT_3D('',#842,#843,#844);
#846=CIRCLE('',#845,0.039370078000000);
#847=EDGE_CURVE('',#831,#841,#846,.F.);
#848=ORIENTED_EDGE('',*,*,#847,.T.);
#849=CARTESIAN_POINT('',(-0.355520635939810,-0.380536176421091,20.000000000000007));
#850=VERTEX_POINT('',#849);
#851=CARTESIAN_POINT('',(-0.355520635939810,-0.380536176421091,20.000000000000007));
#852=DIRECTION('',(0.0,0.0,-1.0));
#853=VECTOR('',#852,0.787401560000006);
#854=LINE('',#851,#853);
#855=EDGE_CURVE('',#850,#841,#854,.T.);
#856=ORIENTED_EDGE('',*,*,#855,.F.);
#857=CARTESIAN_POINT('',(-0.389847518772234,-0.361257479454357,20.000000000000007));
#858=DIRECTION('',(0.0,0.0,-1.0));
#859=DIRECTION('',(-1.0,0.0,0.0));
#860=AXIS2_PLACEMENT_3D('',#857,#858,#859);
#861=CIRCLE('',#860,0.039370078000000);
#862=EDGE_CURVE('',#850,#833,#861,.F.);
#863=ORIENTED_EDGE('',*,*,#862,.T.);
#864=EDGE_LOOP('',(#839,#848,#856,#863));
#865=FACE_OUTER_BOUND('',#864,.T.);
#866=ADVANCED_FACE('',(#865),#829,.F.);
#867=CARTESIAN_POINT('',(0.0,0.0,19.212598440000001));
#868=DIRECTION('',(0.0,0.0,1.0));
#869=DIRECTION('',(-1.0,0.0,0.0));
#870=AXIS2_PLACEMENT_3D('',#867,#868,#869);
#871=CYLINDRICAL_SURFACE('',#870,0.236220468000002);
#872=CARTESIAN_POINT('',(-0.236220468000002,2.892771E-017,20.000000000000007));
#873=VERTEX_POINT('',#872);
#874=CARTESIAN_POINT('',(-0.236220468000002,2.892771E-017,19.200000000000003));
#875=VERTEX_POINT('',#874);
#876=CARTESIAN_POINT('',(-0.236220468000002,2.892771E-017,20.000000000000007));
#877=DIRECTION('',(0.0,0.0,-1.0));
#878=VECTOR('',#877,0.800000000000004);
#879=LINE('',#876,#878);
#880=EDGE_CURVE('',#873,#875,#879,.T.);
#881=ORIENTED_EDGE('',*,*,#880,.F.);
#882=CARTESIAN_POINT('',(0.236220468000002,0.0,20.000000000000007));
#883=VERTEX_POINT('',#882);
#884=CARTESIAN_POINT('',(0.0,0.0,20.000000000000007));
#885=DIRECTION('',(0.0,0.0,-1.0));
#886=DIRECTION('',(1.0,0.0,0.0));
#887=AXIS2_PLACEMENT_3D('',#884,#885,#886);
#888=CIRCLE('',#887,0.236220468000002);
#889=EDGE_CURVE('',#883,#873,#888,.T.);
#890=ORIENTED_EDGE('',*,*,#889,.F.);
#891=CARTESIAN_POINT('',(0.236220468000002,0.0,19.199999999999999));
#892=VERTEX_POINT('',#891);
#893=CARTESIAN_POINT('',(0.236220468000002,0.0,19.199999999999999));
#894=DIRECTION('',(0.0,0.0,1.0));
#895=VECTOR('',#894,0.800000000000008);
#896=LINE('',#893,#895);
#897=EDGE_CURVE('',#892,#883,#896,.T.);
#898=ORIENTED_EDGE('',*,*,#897,.F.);
#899=CARTESIAN_POINT('',(0.0,0.0,19.200000000000006));
#900=DIRECTION('',(0.0,0.0,-1.0));
#901=DIRECTION('',(1.0,0.0,0.0));
#902=AXIS2_PLACEMENT_3D('',#899,#900,#901);
#903=CIRCLE('',#902,0.236220468000002);
#904=EDGE_CURVE('',#892,#875,#903,.T.);
#905=ORIENTED_EDGE('',*,*,#904,.T.);
#906=EDGE_LOOP('',(#881,#890,#898,#905));
#907=FACE_OUTER_BOUND('',#906,.T.);
#908=ADVANCED_FACE('',(#907),#871,.F.);
#909=CARTESIAN_POINT('',(0.0,0.0,19.093730808913193));
#910=DIRECTION('',(0.0,0.0,1.0));
#911=DIRECTION('',(-0.994521895368273,0.104528463267653,0.0));
#912=AXIS2_PLACEMENT_3D('',#909,#910,#911);
#913=CONICAL_SURFACE('',#912,0.146931131396451,75.000000000243702);
#914=CARTESIAN_POINT('',(0.665624878087071,-0.069959993785151,19.233696801212119));
#915=VERTEX_POINT('',#914);
#916=CARTESIAN_POINT('',(0.587316068900356,-0.061729406281015,19.212598440000001));
#917=VERTEX_POINT('',#916);
#918=CARTESIAN_POINT('',(0.665624878087071,-0.069959993785151,19.233696801212119));
#919=DIRECTION('',(-0.960634383546117,0.100966742252529,-0.258819045102720));
#920=VECTOR('',#919,0.081517807948579);
#921=LINE('',#918,#920);
#922=EDGE_CURVE('',#915,#917,#921,.T.);
#923=ORIENTED_EDGE('',*,*,#922,.F.);
#924=CARTESIAN_POINT('',(0.663811628363516,-0.085469299214518,19.233696801212101));
#925=VERTEX_POINT('',#924);
#926=CARTESIAN_POINT('',(0.0,0.0,19.233696801212115));
#927=DIRECTION('',(0.0,0.0,1.0));
#928=DIRECTION('',(1.0,0.0,0.0));
#929=AXIS2_PLACEMENT_3D('',#926,#927,#928);
#930=CIRCLE('',#929,0.669291326000006);
#931=EDGE_CURVE('',#915,#925,#930,.F.);
#932=ORIENTED_EDGE('',*,*,#931,.T.);
#933=CARTESIAN_POINT('',(0.660408419334119,-0.090989442268726,19.232988283592363));
#934=VERTEX_POINT('',#933);
#935=CARTESIAN_POINT('',(0.663811628363516,-0.085469299214518,19.233696801212101));
#936=CARTESIAN_POINT('',(0.663522734348530,-0.087713042971346,19.233696801212101));
#937=CARTESIAN_POINT('',(0.662246381030601,-0.089748391086711,19.233430767573211));
#938=CARTESIAN_POINT('',(0.660408419334119,-0.090989442268726,19.232988283592363));
#939=B_SPLINE_CURVE_WITH_KNOTS('',3,(#935,#936,#937,#938),.UNSPECIFIED.,.F.,.U.,(4,4),(0.0,0.000170132530125),.UNSPECIFIED.);
#940=EDGE_CURVE('',#925,#934,#939,.T.);
#941=ORIENTED_EDGE('',*,*,#940,.T.);
#942=CARTESIAN_POINT('',(0.577646210046047,-0.122782492269107,19.212598440000001));
#943=VERTEX_POINT('',#942);
#944=CARTESIAN_POINT('',(0.660408419334119,-0.090989442268726,19.232988283592363));
#945=CARTESIAN_POINT('',(0.647887496067099,-0.099443974618445,19.229973907405032));
#946=CARTESIAN_POINT('',(0.634686793475346,-0.106286008754002,19.226780375364850));
#947=CARTESIAN_POINT('',(0.607015155392601,-0.116917861557491,19.219986757977530));
#948=CARTESIAN_POINT('',(0.592437041328681,-0.120703776494704,19.216359221282001));
#949=CARTESIAN_POINT('',(0.577646210046047,-0.122782492269107,19.212598440000001));
#950=B_SPLINE_CURVE_WITH_KNOTS('',3,(#944,#945,#946,#947,#948,#949),.UNSPECIFIED.,.F.,.U.,(4,2,4),(0.0,0.001157266921188,0.002314291300809),.UNSPECIFIED.);
#951=EDGE_CURVE('',#934,#943,#950,.T.);
#952=ORIENTED_EDGE('',*,*,#951,.T.);
#953=CARTESIAN_POINT('',(0.0,0.0,19.212598440000001));
#954=DIRECTION('',(0.0,0.0,-1.0));
#955=DIRECTION('',(-1.0,0.0,0.0));
#956=AXIS2_PLACEMENT_3D('',#953,#954,#955);
#957=CIRCLE('',#956,0.590551170000005);
#958=EDGE_CURVE('',#917,#943,#957,.T.);
#959=ORIENTED_EDGE('',*,*,#958,.F.);
#960=EDGE_LOOP('',(#923,#932,#941,#952,#959));
#961=FACE_OUTER_BOUND('',#960,.T.);
#962=ADVANCED_FACE('',(#961),#913,.T.);
#963=CARTESIAN_POINT('',(0.659227867334081,-0.053772459744181,19.195657189464487));
#964=DIRECTION('',(0.0,0.0,1.0));
#965=DIRECTION('',(-1.0,0.0,0.0));
#966=AXIS2_PLACEMENT_3D('',#963,#964,#965);
#967=CYLINDRICAL_SURFACE('',#966,0.007874015600000);
#968=CARTESIAN_POINT('',(0.667101167175418,-0.053772459744181,19.978908722265828));
#969=VERTEX_POINT('',#968);
#970=CARTESIAN_POINT('',(0.667101182584076,-0.053772459744181,19.233689721798793));
#971=VERTEX_POINT('',#970);
#972=CARTESIAN_POINT('',(0.667101167175418,-0.053772459744181,19.978908722265828));
#973=DIRECTION('',(0.000000020676684,9.311214E-018,-1.000000000000000));
#974=VECTOR('',#973,0.745219000467035);
#975=LINE('',#972,#974);
#976=EDGE_CURVE('',#969,#971,#975,.T.);
#977=ORIENTED_EDGE('',*,*,#976,.F.);
#978=CARTESIAN_POINT('',(0.667075818135673,-0.054412608074469,19.978901638787892));
#979=VERTEX_POINT('',#978);
#980=CARTESIAN_POINT('',(0.667075818135673,-0.054412608074470,19.978901638787910));
#981=CARTESIAN_POINT('',(0.667093237727181,-0.054199051167941,19.978901638787910));
#982=CARTESIAN_POINT('',(0.667101603910502,-0.053985480989798,19.978904025325491));
#983=CARTESIAN_POINT('',(0.667101167175418,-0.053772459744181,19.978908722265828));
#984=B_SPLINE_CURVE_WITH_KNOTS('',3,(#980,#981,#982,#983),.UNSPECIFIED.,.F.,.U.,(4,4),(0.0,0.000016113674282),.UNSPECIFIED.);
#985=EDGE_CURVE('',#979,#969,#984,.T.);
#986=ORIENTED_EDGE('',*,*,#985,.F.);
#987=CARTESIAN_POINT('',(0.667075818135673,-0.054412608074469,19.233696801212119));
#988=VERTEX_POINT('',#987);
#989=CARTESIAN_POINT('',(0.667075818135673,-0.054412608074469,19.978901638787892));
#990=DIRECTION('',(0.0,0.0,-1.0));
#991=VECTOR('',#990,0.745204837575773);
#992=LINE('',#989,#991);
#993=EDGE_CURVE('',#979,#988,#992,.T.);
#994=ORIENTED_EDGE('',*,*,#993,.T.);
#995=CARTESIAN_POINT('',(0.667101182584076,-0.053772459744181,19.233689721798793));
#996=CARTESIAN_POINT('',(0.667101610144398,-0.053985469018046,19.233694416060857));
#997=CARTESIAN_POINT('',(0.667093238770019,-0.054199038383185,19.233696801212101));
#998=CARTESIAN_POINT('',(0.667075818135673,-0.054412608074470,19.233696801212101));
#999=B_SPLINE_CURVE_WITH_KNOTS('',3,(#995,#996,#997,#998),.UNSPECIFIED.,.F.,.U.,(4,4),(0.000154151653948,0.000170274538036),.UNSPECIFIED.);
#1000=EDGE_CURVE('',#971,#988,#999,.T.);
#1001=ORIENTED_EDGE('',*,*,#1000,.F.);
#1002=EDGE_LOOP('',(#977,#986,#994,#1001));
#1003=FACE_OUTER_BOUND('',#1002,.T.);
#1004=ADVANCED_FACE('',(#1003),#967,.T.);
#1005=CARTESIAN_POINT('',(-0.659227867334077,-0.053772459744181,19.195657189951596));
#1006=DIRECTION('',(0.0,0.0,1.0));
#1007=DIRECTION('',(-1.0,0.0,0.0));
#1008=AXIS2_PLACEMENT_3D('',#1005,#1006,#1007);
#1009=CYLINDRICAL_SURFACE('',#1008,0.007874015600000);
#1010=CARTESIAN_POINT('',(-0.667101167174339,-0.053772459744181,19.233689717733910));
#1011=VERTEX_POINT('',#1010);
#1012=CARTESIAN_POINT('',(-0.667101182583037,-0.053772459744181,19.978908718201485));
#1013=VERTEX_POINT('',#1012);
#1014=CARTESIAN_POINT('',(-0.667101167174339,-0.053772459744181,19.233689717733910));
#1015=DIRECTION('',(-0.000000020676737,-9.311214E-018,1.000000000000000));
#1016=VECTOR('',#1015,0.745219000467575);
#1017=LINE('',#1014,#1016);
#1018=EDGE_CURVE('',#1011,#1013,#1017,.T.);
#1019=ORIENTED_EDGE('',*,*,#1018,.F.);
#1020=CARTESIAN_POINT('',(-0.667075818074878,-0.054412608819841,19.233696801212101));
#1021=VERTEX_POINT('',#1020);
#1022=CARTESIAN_POINT('',(-0.667075818074878,-0.054412608819841,19.233696801212101));
#1023=CARTESIAN_POINT('',(-0.667093237707041,-0.054199051665207,19.233696801217491));
#1024=CARTESIAN_POINT('',(-0.667101603910014,-0.053985481237935,19.233694414679739));
#1025=CARTESIAN_POINT('',(-0.667101167174339,-0.053772459744181,19.233689717733910));
#1026=B_SPLINE_CURVE_WITH_KNOTS('',3,(#1022,#1023,#1024,#1025),.UNSPECIFIED.,.F.,.U.,(4,4),(0.0,0.000016113693132),.UNSPECIFIED.);
#1027=EDGE_CURVE('',#1021,#1011,#1026,.T.);
#1028=ORIENTED_EDGE('',*,*,#1027,.F.);
#1029=CARTESIAN_POINT('',(-0.667075818074878,-0.054412608819841,19.978901638787910));
#1030=VERTEX_POINT('',#1029);
#1031=CARTESIAN_POINT('',(-0.667075818074878,-0.054412608819841,19.978901638787910));
#1032=DIRECTION('',(0.0,0.0,-1.0));
#1033=VECTOR('',#1032,0.745204837575809);
#1034=LINE('',#1031,#1033);
#1035=EDGE_CURVE('',#1030,#1021,#1034,.T.);
#1036=ORIENTED_EDGE('',*,*,#1035,.F.);
#1037=CARTESIAN_POINT('',(-0.667101182583037,-0.053772459744181,19.978908718201485));
#1038=CARTESIAN_POINT('',(-0.667101610143928,-0.053985469266147,19.978904023933929));
#1039=CARTESIAN_POINT('',(-0.667093238749883,-0.054199038880411,19.978901638782521));
#1040=CARTESIAN_POINT('',(-0.667075818074878,-0.054412608819841,19.978901638787910));
#1041=B_SPLINE_CURVE_WITH_KNOTS('',3,(#1037,#1038,#1039,#1040),.UNSPECIFIED.,.F.,.U.,(4,4),(0.000154151596872,0.000170274499833),.UNSPECIFIED.);
#1042=EDGE_CURVE('',#1013,#1030,#1041,.T.);
#1043=ORIENTED_EDGE('',*,*,#1042,.F.);
#1044=EDGE_LOOP('',(#1019,#1028,#1036,#1043));
#1045=FACE_OUTER_BOUND('',#1044,.T.);
#1046=ADVANCED_FACE('',(#1045),#1009,.T.);
#1047=CARTESIAN_POINT('',(-0.503080084426902,-0.171459858298095,19.173228362000000));
#1048=DIRECTION('',(0.0,0.0,1.0));
#1049=DIRECTION('',(-1.0,0.0,0.0));
#1050=AXIS2_PLACEMENT_3D('',#1047,#1048,#1049);
#1051=CYLINDRICAL_SURFACE('',#1050,0.039370078000000);
#1052=CARTESIAN_POINT('',(-0.463710006426902,-0.171459858298095,19.212598440000001));
#1053=VERTEX_POINT('',#1052);
#1054=CARTESIAN_POINT('',(-0.463710006426902,-0.171459858298095,20.000000000000007));
#1055=VERTEX_POINT('',#1054);
#1056=CARTESIAN_POINT('',(-0.463710006426902,-0.171459858298095,19.212598440000001));
#1057=DIRECTION('',(0.0,0.0,1.0));
#1058=VECTOR('',#1057,0.787401560000006);
#1059=LINE('',#1056,#1058);
#1060=EDGE_CURVE('',#1053,#1055,#1059,.T.);
#1061=ORIENTED_EDGE('',*,*,#1060,.F.);
#1062=CARTESIAN_POINT('',(-0.479562269027438,-0.203033825431839,19.212598440000001));
#1063=VERTEX_POINT('',#1062);
#1064=CARTESIAN_POINT('',(-0.503080084426902,-0.171459858298095,19.212598440000001));
#1065=DIRECTION('',(0.0,0.0,1.0));
#1066=DIRECTION('',(1.0,0.0,0.0));
#1067=AXIS2_PLACEMENT_3D('',#1064,#1065,#1066);
#1068=CIRCLE('',#1067,0.039370078000000);
#1069=EDGE_CURVE('',#1053,#1063,#1068,.F.);
#1070=ORIENTED_EDGE('',*,*,#1069,.T.);
#1071=CARTESIAN_POINT('',(-0.479562269027438,-0.203033825431839,20.000000000000007));
#1072=VERTEX_POINT('',#1071);
#1073=CARTESIAN_POINT('',(-0.479562269027438,-0.203033825431839,20.000000000000007));
#1074=DIRECTION('',(0.0,0.0,-1.0));
#1075=VECTOR('',#1074,0.787401560000006);
#1076=LINE('',#1073,#1075);
#1077=EDGE_CURVE('',#1072,#1063,#1076,.T.);
#1078=ORIENTED_EDGE('',*,*,#1077,.F.);
#1079=CARTESIAN_POINT('',(-0.503080084426902,-0.171459858298095,20.000000000000007));
#1080=DIRECTION('',(0.0,0.0,-1.0));
#1081=DIRECTION('',(-1.0,0.0,0.0));
#1082=AXIS2_PLACEMENT_3D('',#1079,#1080,#1081);
#1083=CIRCLE('',#1082,0.039370078000000);
#1084=EDGE_CURVE('',#1072,#1055,#1083,.F.);
#1085=ORIENTED_EDGE('',*,*,#1084,.T.);
#1086=EDGE_LOOP('',(#1061,#1070,#1078,#1085));
#1087=FACE_OUTER_BOUND('',#1086,.T.);
#1088=ADVANCED_FACE('',(#1087),#1051,.F.);
#1089=CARTESIAN_POINT('',(-0.527735086605266,0.063116818046502,19.173228362000000));
#1090=DIRECTION('',(0.0,0.0,1.0));
#1091=DIRECTION('',(-1.0,0.0,0.0));
#1092=AXIS2_PLACEMENT_3D('',#1089,#1090,#1091);
#1093=CYLINDRICAL_SURFACE('',#1092,0.039370078000000);
#1094=CARTESIAN_POINT('',(-0.488365008605266,0.063116818046502,19.212598440000001));
#1095=VERTEX_POINT('',#1094);
#1096=CARTESIAN_POINT('',(-0.488365008605266,0.063116818046502,20.000000000000007));
#1097=VERTEX_POINT('',#1096);
#1098=CARTESIAN_POINT('',(-0.488365008605266,0.063116818046502,19.212598440000001));
#1099=DIRECTION('',(0.0,0.0,1.0));
#1100=VECTOR('',#1099,0.787401560000006);
#1101=LINE('',#1098,#1100);
#1102=EDGE_CURVE('',#1095,#1097,#1101,.T.);
#1103=ORIENTED_EDGE('',*,*,#1102,.F.);
#1104=CARTESIAN_POINT('',(-0.488643598708579,0.058441498191206,19.212598440000001));
#1105=VERTEX_POINT('',#1104);
#1106=CARTESIAN_POINT('',(-0.527735086605266,0.063116818046502,19.212598440000001));
#1107=DIRECTION('',(0.0,0.0,1.0));
#1108=DIRECTION('',(1.0,0.0,0.0));
#1109=AXIS2_PLACEMENT_3D('',#1106,#1107,#1108);
#1110=CIRCLE('',#1109,0.039370078000000);
#1111=EDGE_CURVE('',#1095,#1105,#1110,.F.);
#1112=ORIENTED_EDGE('',*,*,#1111,.T.);
#1113=CARTESIAN_POINT('',(-0.488643598708579,0.058441498191206,20.000000000000007));
#1114=VERTEX_POINT('',#1113);
#1115=CARTESIAN_POINT('',(-0.488643598708579,0.058441498191206,20.000000000000007));
#1116=DIRECTION('',(0.0,0.0,-1.0));
#1117=VECTOR('',#1116,0.787401560000006);
#1118=LINE('',#1115,#1117);
#1119=EDGE_CURVE('',#1114,#1105,#1118,.T.);
#1120=ORIENTED_EDGE('',*,*,#1119,.F.);
#1121=CARTESIAN_POINT('',(-0.527735086605266,0.063116818046502,20.000000000000007));
#1122=DIRECTION('',(0.0,0.0,-1.0));
#1123=DIRECTION('',(-1.0,0.0,0.0));
#1124=AXIS2_PLACEMENT_3D('',#1121,#1122,#1123);
#1125=CIRCLE('',#1124,0.039370078000000);
#1126=EDGE_CURVE('',#1114,#1097,#1125,.F.);
#1127=ORIENTED_EDGE('',*,*,#1126,.T.);
#1128=EDGE_LOOP('',(#1103,#1112,#1120,#1127));
#1129=FACE_OUTER_BOUND('',#1128,.T.);
#1130=ADVANCED_FACE('',(#1129),#1093,.F.);
#1131=CARTESIAN_POINT('',(0.0,0.0,20.000000000000007));
#1132=DIRECTION('',(0.0,0.0,-1.0));
#1133=DIRECTION('',(1.0,0.0,0.0));
#1134=AXIS2_PLACEMENT_3D('',#1131,#1132,#1133);
#1135=CYLINDRICAL_SURFACE('',#1134,0.331717525946847);
#1136=CARTESIAN_POINT('',(0.331717525946847,4.062234E-017,19.212598440000001));
#1137=VERTEX_POINT('',#1136);
#1138=CARTESIAN_POINT('',(0.331717525946847,0.0,19.199999999999999));
#1139=VERTEX_POINT('',#1138);
#1140=CARTESIAN_POINT('',(0.331717525946847,4.062234E-017,19.212598440000001));
#1141=DIRECTION('',(0.0,0.0,-1.0));
#1142=VECTOR('',#1141,0.012598440000001);
#1143=LINE('',#1140,#1142);
#1144=EDGE_CURVE('',#1137,#1139,#1143,.T.);
#1145=ORIENTED_EDGE('',*,*,#1144,.F.);
#1146=CARTESIAN_POINT('',(-0.331717525946847,-4.062234E-017,19.212598440000001));
#1147=VERTEX_POINT('',#1146);
#1148=CARTESIAN_POINT('',(0.0,0.0,19.212598440000001));
#1149=DIRECTION('',(0.0,0.0,1.0));
#1150=DIRECTION('',(1.0,0.0,0.0));
#1151=AXIS2_PLACEMENT_3D('',#1148,#1149,#1150);
#1152=CIRCLE('',#1151,0.331717525946847);
#1153=EDGE_CURVE('',#1147,#1137,#1152,.T.);
#1154=ORIENTED_EDGE('',*,*,#1153,.F.);
#1155=CARTESIAN_POINT('',(-0.331717525946847,-4.062234E-017,19.200000000000003));
#1156=VERTEX_POINT('',#1155);
#1157=CARTESIAN_POINT('',(-0.331717525946847,-4.062234E-017,19.200000000000003));
#1158=DIRECTION('',(0.0,0.0,1.0));
#1159=VECTOR('',#1158,0.012598439999998);
#1160=LINE('',#1157,#1159);
#1161=EDGE_CURVE('',#1156,#1147,#1160,.T.);
#1162=ORIENTED_EDGE('',*,*,#1161,.F.);
#1163=CARTESIAN_POINT('',(0.0,0.0,19.200000000000006));
#1164=DIRECTION('',(0.0,0.0,1.0));
#1165=DIRECTION('',(1.0,0.0,0.0));
#1166=AXIS2_PLACEMENT_3D('',#1163,#1164,#1165);
#1167=CIRCLE('',#1166,0.331717525946847);
#1168=EDGE_CURVE('',#1156,#1139,#1167,.T.);
#1169=ORIENTED_EDGE('',*,*,#1168,.T.);
#1170=EDGE_LOOP('',(#1145,#1154,#1162,#1169));
#1171=FACE_OUTER_BOUND('',#1170,.T.);
#1172=ADVANCED_FACE('',(#1171),#1135,.T.);
#1173=CARTESIAN_POINT('',(0.0,0.0,20.000000000000007));
#1174=DIRECTION('',(0.0,0.0,-1.0));
#1175=DIRECTION('',(1.0,0.0,0.0));
#1176=AXIS2_PLACEMENT_3D('',#1173,#1174,#1175);
#1177=CYLINDRICAL_SURFACE('',#1176,0.331717525946847);
#1178=ORIENTED_EDGE('',*,*,#1144,.T.);
#1179=CARTESIAN_POINT('',(0.0,0.0,19.200000000000006));
#1180=DIRECTION('',(0.0,0.0,1.0));
#1181=DIRECTION('',(1.0,0.0,0.0));
#1182=AXIS2_PLACEMENT_3D('',#1179,#1180,#1181);
#1183=CIRCLE('',#1182,0.331717525946847);
#1184=EDGE_CURVE('',#1139,#1156,#1183,.T.);
#1185=ORIENTED_EDGE('',*,*,#1184,.T.);
#1186=ORIENTED_EDGE('',*,*,#1161,.T.);
#1187=CARTESIAN_POINT('',(0.0,0.0,19.212598440000001));
#1188=DIRECTION('',(0.0,0.0,1.0));
#1189=DIRECTION('',(1.0,0.0,0.0));
#1190=AXIS2_PLACEMENT_3D('',#1187,#1188,#1189);
#1191=CIRCLE('',#1190,0.331717525946847);
#1192=EDGE_CURVE('',#1137,#1147,#1191,.T.);
#1193=ORIENTED_EDGE('',*,*,#1192,.F.);
#1194=EDGE_LOOP('',(#1178,#1185,#1186,#1193));
#1195=FACE_OUTER_BOUND('',#1194,.T.);
#1196=ADVANCED_FACE('',(#1195),#1177,.T.);
#1197=CARTESIAN_POINT('',(0.026545251624768,-5.073805E-018,19.199999999999999));
#1198=DIRECTION('',(0.0,0.0,1.0));
#1199=DIRECTION('',(1.0,0.0,0.0));
#1200=AXIS2_PLACEMENT_3D('',#1197,#1198,#1199);
#1201=PLANE('',#1200);
#1202=ORIENTED_EDGE('',*,*,#1184,.F.);
#1203=ORIENTED_EDGE('',*,*,#1168,.F.);
#1204=EDGE_LOOP('',(#1202,#1203));
#1205=FACE_OUTER_BOUND('',#1204,.T.);
#1206=ORIENTED_EDGE('',*,*,#904,.F.);
#1207=CARTESIAN_POINT('',(0.0,0.0,19.200000000000006));
#1208=DIRECTION('',(0.0,0.0,-1.0));
#1209=DIRECTION('',(1.0,0.0,0.0));
#1210=AXIS2_PLACEMENT_3D('',#1207,#1208,#1209);
#1211=CIRCLE('',#1210,0.236220468000002);
#1212=EDGE_CURVE('',#875,#892,#1211,.T.);
#1213=ORIENTED_EDGE('',*,*,#1212,.F.);
#1214=EDGE_LOOP('',(#1206,#1213));
#1215=FACE_BOUND('',#1214,.T.);
#1216=ADVANCED_FACE('',(#1205,#1215),#1201,.F.);
#1217=CARTESIAN_POINT('',(-0.649606288754333,-0.646207432066500,19.212598440000001));
#1218=DIRECTION('',(0.0,0.0,1.0));
#1219=DIRECTION('',(1.0,0.0,0.0));
#1220=AXIS2_PLACEMENT_3D('',#1217,#1218,#1219);
#1221=PLANE('',#1220);
#1222=ORIENTED_EDGE('',*,*,#721,.T.);
#1223=CARTESIAN_POINT('',(-0.061729405478161,0.587316072120427,19.212598440000001));
#1224=VERTEX_POINT('',#1223);
#1225=CARTESIAN_POINT('',(0.0,0.571925188697473,19.212598440000001));
#1226=DIRECTION('',(0.0,0.0,1.0));
#1227=DIRECTION('',(1.0,0.0,0.0));
#1228=AXIS2_PLACEMENT_3D('',#1225,#1226,#1227);
#1229=CIRCLE('',#1228,0.063619167445692);
#1230=EDGE_CURVE('',#705,#1224,#1229,.F.);
#1231=ORIENTED_EDGE('',*,*,#1230,.T.);
#1232=CARTESIAN_POINT('',(0.061729405646303,0.587316071446046,19.212598440000001));
#1233=VERTEX_POINT('',#1232);
#1234=CARTESIAN_POINT('',(0.0,0.0,19.212598440000001));
#1235=DIRECTION('',(0.0,0.0,-1.0));
#1236=DIRECTION('',(-1.0,0.0,0.0));
#1237=AXIS2_PLACEMENT_3D('',#1234,#1235,#1236);
#1238=CIRCLE('',#1237,0.590551170000005);
#1239=EDGE_CURVE('',#1224,#1233,#1238,.T.);
#1240=ORIENTED_EDGE('',*,*,#1239,.T.);
#1241=CARTESIAN_POINT('',(0.0,0.571925188697473,19.212598440000001));
#1242=DIRECTION('',(0.0,0.0,1.0));
#1243=DIRECTION('',(1.0,0.0,0.0));
#1244=AXIS2_PLACEMENT_3D('',#1241,#1242,#1243);
#1245=CIRCLE('',#1244,0.063619167445692);
#1246=EDGE_CURVE('',#1233,#749,#1245,.F.);
#1247=ORIENTED_EDGE('',*,*,#1246,.T.);
#1248=ORIENTED_EDGE('',*,*,#778,.T.);
#1249=CARTESIAN_POINT('',(0.298565276818318,0.544310264417712,19.212598440000001));
#1250=DIRECTION('',(0.0,0.0,1.0));
#1251=DIRECTION('',(1.0,0.0,0.0));
#1252=AXIS2_PLACEMENT_3D('',#1249,#1250,#1251);
#1253=CIRCLE('',#1252,0.236220468000002);
#1254=EDGE_CURVE('',#791,#766,#1253,.F.);
#1255=ORIENTED_EDGE('',*,*,#1254,.F.);
#1256=ORIENTED_EDGE('',*,*,#820,.F.);
#1257=CARTESIAN_POINT('',(0.095417999308253,0.482787096635481,19.212598440000001));
#1258=VERTEX_POINT('',#1257);
#1259=CARTESIAN_POINT('',(0.103051449198021,0.521410062400767,19.212598440000001));
#1260=DIRECTION('',(0.0,0.0,1.0));
#1261=DIRECTION('',(1.0,0.0,0.0));
#1262=AXIS2_PLACEMENT_3D('',#1259,#1260,#1261);
#1263=CIRCLE('',#1262,0.039370078000000);
#1264=EDGE_CURVE('',#1258,#808,#1263,.F.);
#1265=ORIENTED_EDGE('',*,*,#1264,.F.);
#1266=CARTESIAN_POINT('',(0.109198514007864,0.479857957950245,19.212598440000001));
#1267=VERTEX_POINT('',#1266);
#1268=CARTESIAN_POINT('',(0.0,0.0,19.212598440000001));
#1269=DIRECTION('',(0.0,0.0,1.0));
#1270=DIRECTION('',(1.0,0.0,0.0));
#1271=AXIS2_PLACEMENT_3D('',#1268,#1269,#1270);
#1272=CIRCLE('',#1271,0.492125975000004);
#1273=EDGE_CURVE('',#1258,#1267,#1272,.F.);
#1274=ORIENTED_EDGE('',*,*,#1273,.T.);
#1275=CARTESIAN_POINT('',(0.151793679174566,0.498157992703272,19.212598440000001));
#1276=VERTEX_POINT('',#1275);
#1277=CARTESIAN_POINT('',(0.117934395128493,0.518246594586264,19.212598440000001));
#1278=DIRECTION('',(0.0,0.0,1.0));
#1279=DIRECTION('',(1.0,0.0,0.0));
#1280=AXIS2_PLACEMENT_3D('',#1277,#1278,#1279);
#1281=CIRCLE('',#1280,0.039370078000000);
#1282=EDGE_CURVE('',#1276,#1267,#1281,.F.);
#1283=ORIENTED_EDGE('',*,*,#1282,.F.);
#1284=CARTESIAN_POINT('',(0.172367767947974,0.542893234273785,19.212598440000001));
#1285=VERTEX_POINT('',#1284);
#1286=CARTESIAN_POINT('',(-0.051362022706198,0.618689608039113,19.212598440000001));
#1287=DIRECTION('',(0.0,0.0,1.0));
#1288=DIRECTION('',(1.0,0.0,0.0));
#1289=AXIS2_PLACEMENT_3D('',#1286,#1287,#1288);
#1290=CIRCLE('',#1289,0.236220468000002);
#1291=EDGE_CURVE('',#1285,#1276,#1290,.F.);
#1292=ORIENTED_EDGE('',*,*,#1291,.F.);
#1293=CARTESIAN_POINT('',(0.182490347578011,0.561647538434232,19.212598440000001));
#1294=VERTEX_POINT('',#1293);
#1295=CARTESIAN_POINT('',(0.232622928922787,0.522479659322753,19.212598440000001));
#1296=DIRECTION('',(0.0,0.0,1.0));
#1297=DIRECTION('',(1.0,0.0,0.0));
#1298=AXIS2_PLACEMENT_3D('',#1295,#1296,#1297);
#1299=CIRCLE('',#1298,0.063619167445692);
#1300=EDGE_CURVE('',#1285,#1294,#1299,.F.);
#1301=ORIENTED_EDGE('',*,*,#1300,.T.);
#1302=CARTESIAN_POINT('',(0.295275585000003,0.511432315454628,19.212598440000001));
#1303=VERTEX_POINT('',#1302);
#1304=CARTESIAN_POINT('',(0.0,0.0,19.212598440000001));
#1305=DIRECTION('',(0.0,0.0,-1.0));
#1306=DIRECTION('',(-1.0,0.0,0.0));
#1307=AXIS2_PLACEMENT_3D('',#1304,#1305,#1306);
#1308=CIRCLE('',#1307,0.590551170000005);
#1309=EDGE_CURVE('',#1294,#1303,#1308,.T.);
#1310=ORIENTED_EDGE('',*,*,#1309,.T.);
#1311=CARTESIAN_POINT('',(0.288111748753498,0.491360693867364,19.212598440000001));
#1312=VERTEX_POINT('',#1311);
#1313=CARTESIAN_POINT('',(0.232622933759824,0.522479657169170,19.212598440000001));
#1314=DIRECTION('',(0.0,0.0,1.0));
#1315=DIRECTION('',(1.0,0.0,0.0));
#1316=AXIS2_PLACEMENT_3D('',#1313,#1314,#1315);
#1317=CIRCLE('',#1316,0.063619167445692);
#1318=EDGE_CURVE('',#1303,#1312,#1317,.F.);
#1319=ORIENTED_EDGE('',*,*,#1318,.T.);
#1320=CARTESIAN_POINT('',(0.268633737380879,0.446137445081293,19.212598440000001));
#1321=VERTEX_POINT('',#1320);
#1322=CARTESIAN_POINT('',(0.494143882188123,0.375814731174969,19.212598440000001));
#1323=DIRECTION('',(0.0,0.0,1.0));
#1324=DIRECTION('',(1.0,0.0,0.0));
#1325=AXIS2_PLACEMENT_3D('',#1322,#1323,#1324);
#1326=CIRCLE('',#1325,0.236220468000002);
#1327=EDGE_CURVE('',#1321,#1312,#1326,.F.);
#1328=ORIENTED_EDGE('',*,*,#1327,.F.);
#1329=CARTESIAN_POINT('',(0.306218761765170,0.434416993564464,19.212598440000001));
#1330=DIRECTION('',(0.0,0.0,1.0));
#1331=DIRECTION('',(1.0,0.0,0.0));
#1332=AXIS2_PLACEMENT_3D('',#1329,#1330,#1331);
#1333=CIRCLE('',#1332,0.039370078000000);
#1334=EDGE_CURVE('',#485,#1321,#1333,.F.);
#1335=ORIENTED_EDGE('',*,*,#1334,.F.);
#1336=ORIENTED_EDGE('',*,*,#514,.F.);
#1337=CARTESIAN_POINT('',(0.294933621423097,0.393957020782678,19.212598440000001));
#1338=VERTEX_POINT('',#1337);
#1339=CARTESIAN_POINT('',(0.0,0.0,19.212598440000001));
#1340=DIRECTION('',(0.0,0.0,1.0));
#1341=DIRECTION('',(1.0,0.0,0.0));
#1342=AXIS2_PLACEMENT_3D('',#1339,#1340,#1341);
#1343=CIRCLE('',#1342,0.492125975000004);
#1344=EDGE_CURVE('',#502,#1338,#1343,.F.);
#1345=ORIENTED_EDGE('',*,*,#1344,.T.);
#1346=CARTESIAN_POINT('',(0.341289535782290,0.393349919914841,19.212598440000001));
#1347=VERTEX_POINT('',#1346);
#1348=CARTESIAN_POINT('',(0.318528311136945,0.425473582445289,19.212598440000001));
#1349=DIRECTION('',(0.0,0.0,1.0));
#1350=DIRECTION('',(1.0,0.0,0.0));
#1351=AXIS2_PLACEMENT_3D('',#1348,#1349,#1350);
#1352=CIRCLE('',#1351,0.039370078000000);
#1353=EDGE_CURVE('',#1347,#1338,#1352,.F.);
#1354=ORIENTED_EDGE('',*,*,#1353,.F.);
#1355=CARTESIAN_POINT('',(0.378280363109948,0.425849360846087,19.212598440000001));
#1356=VERTEX_POINT('',#1355);
#1357=CARTESIAN_POINT('',(0.204722191741115,0.586091897811930,19.212598440000001));
#1358=DIRECTION('',(0.0,0.0,1.0));
#1359=DIRECTION('',(1.0,0.0,0.0));
#1360=AXIS2_PLACEMENT_3D('',#1357,#1358,#1359);
#1361=CIRCLE('',#1360,0.236220468000002);
#1362=EDGE_CURVE('',#1356,#1347,#1361,.F.);
#1363=ORIENTED_EDGE('',*,*,#1362,.F.);
#1364=CARTESIAN_POINT('',(0.395155862468038,0.438865046165124,19.212598440000001));
#1365=VERTEX_POINT('',#1364);
#1366=CARTESIAN_POINT('',(0.425023242769252,0.382692650272445,19.212598440000001));
#1367=DIRECTION('',(0.0,0.0,1.0));
#1368=DIRECTION('',(1.0,0.0,0.0));
#1369=AXIS2_PLACEMENT_3D('',#1366,#1367,#1368);
#1370=CIRCLE('',#1369,0.063619167445692);
#1371=EDGE_CURVE('',#1356,#1365,#1370,.F.);
#1372=ORIENTED_EDGE('',*,*,#1371,.T.);
#1373=CARTESIAN_POINT('',(0.477765932578012,0.347117268450068,19.212598440000001));
#1374=VERTEX_POINT('',#1373);
#1375=CARTESIAN_POINT('',(0.0,0.0,19.212598440000001));
#1376=DIRECTION('',(0.0,0.0,-1.0));
#1377=DIRECTION('',(-1.0,0.0,0.0));
#1378=AXIS2_PLACEMENT_3D('',#1375,#1376,#1377);
#1379=CIRCLE('',#1378,0.590551170000005);
#1380=EDGE_CURVE('',#1365,#1374,#1379,.T.);
#1381=ORIENTED_EDGE('',*,*,#1380,.T.);
#1382=CARTESIAN_POINT('',(0.463057578530230,0.331694724427950,19.212598440000001));
#1383=VERTEX_POINT('',#1382);
#1384=CARTESIAN_POINT('',(0.425023246312169,0.382692646337641,19.212598440000001));
#1385=DIRECTION('',(0.0,0.0,1.0));
#1386=DIRECTION('',(1.0,0.0,0.0));
#1387=AXIS2_PLACEMENT_3D('',#1384,#1385,#1386);
#1388=CIRCLE('',#1387,0.063619167445692);
#1389=EDGE_CURVE('',#1374,#1383,#1388,.F.);
#1390=ORIENTED_EDGE('',*,*,#1389,.T.);
#1391=CARTESIAN_POINT('',(0.426869578601320,0.298303653340408,19.212598440000001));
#1392=VERTEX_POINT('',#1391);
#1393=CARTESIAN_POINT('',(0.604280521171378,0.142337416742433,19.212598440000001));
#1394=DIRECTION('',(0.0,0.0,1.0));
#1395=DIRECTION('',(1.0,0.0,0.0));
#1396=AXIS2_PLACEMENT_3D('',#1393,#1394,#1395);
#1397=CIRCLE('',#1396,0.236220468000002);
#1398=EDGE_CURVE('',#1392,#1383,#1397,.F.);
#1399=ORIENTED_EDGE('',*,*,#1398,.F.);
#1400=CARTESIAN_POINT('',(0.456438068513008,0.272309279986380,19.212598440000001));
#1401=DIRECTION('',(0.0,0.0,1.0));
#1402=DIRECTION('',(1.0,0.0,0.0));
#1403=AXIS2_PLACEMENT_3D('',#1400,#1401,#1402);
#1404=CIRCLE('',#1403,0.039370078000000);
#1405=EDGE_CURVE('',#443,#1392,#1404,.F.);
#1406=ORIENTED_EDGE('',*,*,#1405,.F.);
#1407=ORIENTED_EDGE('',*,*,#472,.F.);
#1408=CARTESIAN_POINT('',(0.429672026306441,0.239937335734607,19.212598440000001));
#1409=VERTEX_POINT('',#1408);
#1410=CARTESIAN_POINT('',(0.0,0.0,19.212598440000001));
#1411=DIRECTION('',(0.0,0.0,1.0));
#1412=DIRECTION('',(1.0,0.0,0.0));
#1413=AXIS2_PLACEMENT_3D('',#1410,#1411,#1412);
#1414=CIRCLE('',#1413,0.492125975000004);
#1415=EDGE_CURVE('',#460,#1409,#1414,.F.);
#1416=ORIENTED_EDGE('',*,*,#1415,.T.);
#1417=CARTESIAN_POINT('',(0.471773331135161,0.220528072501297,19.212598440000001));
#1418=VERTEX_POINT('',#1417);
#1419=CARTESIAN_POINT('',(0.464045788410959,0.259132322593375,19.212598440000001));
#1420=DIRECTION('',(0.0,0.0,1.0));
#1421=DIRECTION('',(1.0,0.0,0.0));
#1422=AXIS2_PLACEMENT_3D('',#1419,#1420,#1421);
#1423=CIRCLE('',#1422,0.039370078000000);
#1424=EDGE_CURVE('',#1418,#1409,#1423,.F.);
#1425=ORIENTED_EDGE('',*,*,#1424,.F.);
#1426=CARTESIAN_POINT('',(0.518784846920999,0.235172264208113,19.212598440000001));
#1427=VERTEX_POINT('',#1426);
#1428=CARTESIAN_POINT('',(0.425408079393678,0.452153573975328,19.212598440000001));
#1429=DIRECTION('',(0.0,0.0,1.0));
#1430=DIRECTION('',(1.0,0.0,0.0));
#1431=AXIS2_PLACEMENT_3D('',#1428,#1429,#1430);
#1432=CIRCLE('',#1431,0.236220468000002);
#1433=EDGE_CURVE('',#1427,#1418,#1432,.F.);
#1434=ORIENTED_EDGE('',*,*,#1433,.F.);
#1435=CARTESIAN_POINT('',(0.539495338859028,0.240198800450288,19.212598440000001));
#1436=VERTEX_POINT('',#1435);
#1437=CARTESIAN_POINT('',(0.543933176725974,0.176734605336444,19.212598440000001));
#1438=DIRECTION('',(0.0,0.0,1.0));
#1439=DIRECTION('',(1.0,0.0,0.0));
#1440=AXIS2_PLACEMENT_3D('',#1437,#1438,#1439);
#1441=CIRCLE('',#1440,0.063619167445692);
#1442=EDGE_CURVE('',#1427,#1436,#1441,.F.);
#1443=ORIENTED_EDGE('',*,*,#1442,.T.);
#1444=CARTESIAN_POINT('',(0.577646210046047,0.122782492269107,19.212598440000001));
#1445=VERTEX_POINT('',#1444);
#1446=CARTESIAN_POINT('',(0.0,0.0,19.212598440000001));
#1447=DIRECTION('',(0.0,0.0,-1.0));
#1448=DIRECTION('',(-1.0,0.0,0.0));
#1449=AXIS2_PLACEMENT_3D('',#1446,#1447,#1448);
#1450=CIRCLE('',#1449,0.590551170000005);
#1451=EDGE_CURVE('',#1436,#1445,#1450,.T.);
#1452=ORIENTED_EDGE('',*,*,#1451,.T.);
#1453=CARTESIAN_POINT('',(0.557936546233054,0.114675723782973,19.212598440000001));
#1454=VERTEX_POINT('',#1453);
#1455=CARTESIAN_POINT('',(0.543933178362159,0.176734600300789,19.212598440000001));
#1456=DIRECTION('',(0.0,0.0,1.0));
#1457=DIRECTION('',(1.0,0.0,0.0));
#1458=AXIS2_PLACEMENT_3D('',#1455,#1456,#1457);
#1459=CIRCLE('',#1458,0.063619167445692);
#1460=EDGE_CURVE('',#1445,#1454,#1459,.F.);
#1461=ORIENTED_EDGE('',*,*,#1460,.T.);
#1462=CARTESIAN_POINT('',(0.511295791113970,0.098890448075840,19.212598440000001));
#1463=VERTEX_POINT('',#1462);
#1464=CARTESIAN_POINT('',(0.609931568327918,-0.115751330139719,19.212598440000001));
#1465=DIRECTION('',(0.0,0.0,1.0));
#1466=DIRECTION('',(1.0,0.0,0.0));
#1467=AXIS2_PLACEMENT_3D('',#1464,#1465,#1466);
#1468=CIRCLE('',#1467,0.236220468000002);
#1469=EDGE_CURVE('',#1463,#1454,#1468,.F.);
#1470=ORIENTED_EDGE('',*,*,#1469,.F.);
#1471=CARTESIAN_POINT('',(0.527735086605266,0.063116818046502,19.212598440000001));
#1472=DIRECTION('',(0.0,0.0,1.0));
#1473=DIRECTION('',(1.0,0.0,0.0));
#1474=AXIS2_PLACEMENT_3D('',#1471,#1472,#1473);
#1475=CIRCLE('',#1474,0.039370078000000);
#1476=EDGE_CURVE('',#401,#1463,#1475,.F.);
#1477=ORIENTED_EDGE('',*,*,#1476,.F.);
#1478=ORIENTED_EDGE('',*,*,#430,.F.);
#1479=CARTESIAN_POINT('',(0.490116234393587,0.044430305575758,19.212598440000001));
#1480=VERTEX_POINT('',#1479);
#1481=CARTESIAN_POINT('',(0.0,0.0,19.212598440000001));
#1482=DIRECTION('',(0.0,0.0,1.0));
#1483=DIRECTION('',(1.0,0.0,0.0));
#1484=AXIS2_PLACEMENT_3D('',#1481,#1482,#1483);
#1485=CIRCLE('',#1484,0.492125975000004);
#1486=EDGE_CURVE('',#418,#1480,#1485,.F.);
#1487=ORIENTED_EDGE('',*,*,#1486,.T.);
#1488=CARTESIAN_POINT('',(0.520683231608597,0.009574917917635,19.212598440000001));
#1489=VERTEX_POINT('',#1488);
#1490=CARTESIAN_POINT('',(0.529325533145074,0.047984730021819,19.212598440000001));
#1491=DIRECTION('',(0.0,0.0,1.0));
#1492=DIRECTION('',(1.0,0.0,0.0));
#1493=AXIS2_PLACEMENT_3D('',#1490,#1491,#1492);
#1494=CIRCLE('',#1493,0.039370078000000);
#1495=EDGE_CURVE('',#1489,#1480,#1494,.F.);
#1496=ORIENTED_EDGE('',*,*,#1495,.F.);
#1497=CARTESIAN_POINT('',(0.569586717687035,0.003831746615607,19.212598440000001));
#1498=VERTEX_POINT('',#1497);
#1499=CARTESIAN_POINT('',(0.572537045408005,0.240033789512105,19.212598440000001));
#1500=DIRECTION('',(0.0,0.0,1.0));
#1501=DIRECTION('',(1.0,0.0,0.0));
#1502=AXIS2_PLACEMENT_3D('',#1499,#1500,#1501);
#1503=CIRCLE('',#1502,0.236220468000002);
#1504=EDGE_CURVE('',#1498,#1489,#1503,.F.);
#1505=ORIENTED_EDGE('',*,*,#1504,.F.);
#1506=CARTESIAN_POINT('',(0.590551173118517,0.0,19.212598440000001));
#1507=VERTEX_POINT('',#1506);
#1508=CARTESIAN_POINT('',(0.568792122948997,-0.059782458445710,19.212598440000001));
#1509=DIRECTION('',(0.0,0.0,1.0));
#1510=DIRECTION('',(1.0,0.0,0.0));
#1511=AXIS2_PLACEMENT_3D('',#1508,#1509,#1510);
#1512=CIRCLE('',#1511,0.063619167445692);
#1513=EDGE_CURVE('',#1498,#1507,#1512,.F.);
#1514=ORIENTED_EDGE('',*,*,#1513,.T.);
#1515=CARTESIAN_POINT('',(0.0,0.0,19.212598440000001));
#1516=DIRECTION('',(0.0,0.0,-1.0));
#1517=DIRECTION('',(-1.0,0.0,0.0));
#1518=AXIS2_PLACEMENT_3D('',#1515,#1516,#1517);
#1519=CIRCLE('',#1518,0.590551170000005);
#1520=EDGE_CURVE('',#1507,#917,#1519,.T.);
#1521=ORIENTED_EDGE('',*,*,#1520,.T.);
#1522=ORIENTED_EDGE('',*,*,#958,.T.);
#1523=CARTESIAN_POINT('',(0.556343216397780,-0.122171751300325,19.212598440000001));
#1524=VERTEX_POINT('',#1523);
#1525=CARTESIAN_POINT('',(0.568792122395540,-0.059782463711508,19.212598440000001));
#1526=DIRECTION('',(0.0,0.0,1.0));
#1527=DIRECTION('',(1.0,0.0,0.0));
#1528=AXIS2_PLACEMENT_3D('',#1525,#1526,#1527);
#1529=CIRCLE('',#1528,0.063619167445692);
#1530=EDGE_CURVE('',#943,#1524,#1529,.F.);
#1531=ORIENTED_EDGE('',*,*,#1530,.T.);
#1532=CARTESIAN_POINT('',(0.507314316366578,-0.117621814052557,19.212598440000001));
#1533=VERTEX_POINT('',#1532);
#1534=CARTESIAN_POINT('',(0.510119906266207,-0.353825620472883,19.212598440000001));
#1535=DIRECTION('',(0.0,0.0,1.0));
#1536=DIRECTION('',(1.0,0.0,0.0));
#1537=AXIS2_PLACEMENT_3D('',#1534,#1535,#1536);
#1538=CIRCLE('',#1537,0.236220468000002);
#1539=EDGE_CURVE('',#1533,#1524,#1538,.F.);
#1540=ORIENTED_EDGE('',*,*,#1539,.F.);
#1541=CARTESIAN_POINT('',(0.470168441569495,-0.145360282821052,19.212598440000001));
#1542=VERTEX_POINT('',#1541);
#1543=CARTESIAN_POINT('',(0.507781913900724,-0.156989115131906,19.212598440000001));
#1544=DIRECTION('',(0.0,0.0,1.0));
#1545=DIRECTION('',(1.0,0.0,0.0));
#1546=AXIS2_PLACEMENT_3D('',#1543,#1544,#1545);
#1547=CIRCLE('',#1546,0.039370078000000);
#1548=EDGE_CURVE('',#1542,#1533,#1547,.F.);
#1549=ORIENTED_EDGE('',*,*,#1548,.F.);
#1550=CARTESIAN_POINT('',(0.465814892987873,-0.158759128053793,19.212598440000001));
#1551=VERTEX_POINT('',#1550);
#1552=CARTESIAN_POINT('',(0.0,0.0,19.212598440000001));
#1553=DIRECTION('',(0.0,0.0,1.0));
#1554=DIRECTION('',(1.0,0.0,0.0));
#1555=AXIS2_PLACEMENT_3D('',#1552,#1553,#1554);
#1556=CIRCLE('',#1555,0.492125975000004);
#1557=EDGE_CURVE('',#1542,#1551,#1556,.F.);
#1558=ORIENTED_EDGE('',*,*,#1557,.T.);
#1559=CARTESIAN_POINT('',(0.503080084426906,-0.171459858298096,19.212598440000001));
#1560=DIRECTION('',(0.0,0.0,1.0));
#1561=DIRECTION('',(1.0,0.0,0.0));
#1562=AXIS2_PLACEMENT_3D('',#1559,#1560,#1561);
#1563=CIRCLE('',#1562,0.039370078000000);
#1564=EDGE_CURVE('',#359,#1551,#1563,.F.);
#1565=ORIENTED_EDGE('',*,*,#1564,.F.);
#1566=ORIENTED_EDGE('',*,*,#388,.F.);
#1567=CARTESIAN_POINT('',(0.521901870432100,-0.228171314777063,19.212598440000001));
#1568=VERTEX_POINT('',#1567);
#1569=CARTESIAN_POINT('',(0.620669154935508,-0.013590017796280,19.212598440000001));
#1570=DIRECTION('',(0.0,0.0,1.0));
#1571=DIRECTION('',(1.0,0.0,0.0));
#1572=AXIS2_PLACEMENT_3D('',#1569,#1570,#1571);
#1573=CIRCLE('',#1572,0.236220468000002);
#1574=EDGE_CURVE('',#1568,#376,#1573,.F.);
#1575=ORIENTED_EDGE('',*,*,#1574,.F.);
#1576=CARTESIAN_POINT('',(0.539495341246264,-0.240198802755617,19.212598440000001));
#1577=VERTEX_POINT('',#1576);
#1578=CARTESIAN_POINT('',(0.495301743799918,-0.285962592056022,19.212598440000001));
#1579=DIRECTION('',(0.0,0.0,1.0));
#1580=DIRECTION('',(1.0,0.0,0.0));
#1581=AXIS2_PLACEMENT_3D('',#1578,#1579,#1580);
#1582=CIRCLE('',#1581,0.063619167445692);
#1583=EDGE_CURVE('',#1568,#1577,#1582,.F.);
#1584=ORIENTED_EDGE('',*,*,#1583,.T.);
#1585=CARTESIAN_POINT('',(0.477765932578012,-0.347117268450068,19.212598440000001));
#1586=VERTEX_POINT('',#1585);
#1587=CARTESIAN_POINT('',(0.0,0.0,19.212598440000001));
#1588=DIRECTION('',(0.0,0.0,-1.0));
#1589=DIRECTION('',(-1.0,0.0,0.0));
#1590=AXIS2_PLACEMENT_3D('',#1587,#1588,#1589);
#1591=CIRCLE('',#1590,0.590551170000005);
#1592=EDGE_CURVE('',#1577,#1586,#1591,.T.);
#1593=ORIENTED_EDGE('',*,*,#1592,.T.);
#1594=CARTESIAN_POINT('',(0.458553090227879,-0.337894620688280,19.212598440000001));
#1595=VERTEX_POINT('',#1594);
#1596=CARTESIAN_POINT('',(0.495301741152521,-0.285962596641452,19.212598440000001));
#1597=DIRECTION('',(0.0,0.0,1.0));
#1598=DIRECTION('',(1.0,0.0,0.0));
#1599=AXIS2_PLACEMENT_3D('',#1596,#1597,#1598);
#1600=CIRCLE('',#1599,0.063619167445692);
#1601=EDGE_CURVE('',#1586,#1595,#1600,.F.);
#1602=ORIENTED_EDGE('',*,*,#1601,.T.);
#1603=CARTESIAN_POINT('',(0.415613587513527,-0.313796195970632,19.212598440000001));
#1604=VERTEX_POINT('',#1603);
#1605=CARTESIAN_POINT('',(0.322103878117211,-0.530720246621436,19.212598440000001));
#1606=DIRECTION('',(0.0,0.0,1.0));
#1607=DIRECTION('',(1.0,0.0,0.0));
#1608=AXIS2_PLACEMENT_3D('',#1605,#1606,#1607);
#1609=CIRCLE('',#1608,0.236220468000002);
#1610=EDGE_CURVE('',#1604,#1595,#1609,.F.);
#1611=ORIENTED_EDGE('',*,*,#1610,.F.);
#1612=CARTESIAN_POINT('',(0.370396890651531,-0.324027959696973,19.212598440000001));
#1613=VERTEX_POINT('',#1612);
#1614=CARTESIAN_POINT('',(0.400028635228882,-0.349950204102670,19.212598440000001));
#1615=DIRECTION('',(0.0,0.0,1.0));
#1616=DIRECTION('',(1.0,0.0,0.0));
#1617=AXIS2_PLACEMENT_3D('',#1614,#1615,#1616);
#1618=CIRCLE('',#1617,0.039370078000000);
#1619=EDGE_CURVE('',#1613,#1604,#1618,.F.);
#1620=ORIENTED_EDGE('',*,*,#1619,.F.);
#1621=CARTESIAN_POINT('',(0.360969924789106,-0.334497666161443,19.212598440000001));
#1622=VERTEX_POINT('',#1621);
#1623=CARTESIAN_POINT('',(0.0,0.0,19.212598440000001));
#1624=DIRECTION('',(0.0,0.0,1.0));
#1625=DIRECTION('',(1.0,0.0,0.0));
#1626=AXIS2_PLACEMENT_3D('',#1623,#1624,#1625);
#1627=CIRCLE('',#1626,0.492125975000004);
#1628=EDGE_CURVE('',#1613,#1622,#1627,.F.);
#1629=ORIENTED_EDGE('',*,*,#1628,.T.);
#1630=CARTESIAN_POINT('',(0.389847518772234,-0.361257479454359,19.212598440000001));
#1631=DIRECTION('',(0.0,0.0,1.0));
#1632=DIRECTION('',(1.0,0.0,0.0));
#1633=AXIS2_PLACEMENT_3D('',#1630,#1631,#1632);
#1634=CIRCLE('',#1633,0.039370078000000);
#1635=EDGE_CURVE('',#317,#1622,#1634,.F.);
#1636=ORIENTED_EDGE('',*,*,#1635,.F.);
#1637=ORIENTED_EDGE('',*,*,#346,.F.);
#1638=CARTESIAN_POINT('',(0.383975448449806,-0.420721482973459,19.212598440000001));
#1639=VERTEX_POINT('',#1638);
#1640=CARTESIAN_POINT('',(0.561481928972412,-0.264863987566231,19.212598440000001));
#1641=DIRECTION('',(0.0,0.0,1.0));
#1642=DIRECTION('',(1.0,0.0,0.0));
#1643=AXIS2_PLACEMENT_3D('',#1640,#1641,#1642);
#1644=CIRCLE('',#1643,0.236220468000002);
#1645=EDGE_CURVE('',#1639,#334,#1644,.F.);
#1646=ORIENTED_EDGE('',*,*,#1645,.F.);
#1647=CARTESIAN_POINT('',(0.395155862468038,-0.438865046165124,19.212598440000001));
#1648=VERTEX_POINT('',#1647);
#1649=CARTESIAN_POINT('',(0.336169193472750,-0.462697195611253,19.212598440000001));
#1650=DIRECTION('',(0.0,0.0,1.0));
#1651=DIRECTION('',(1.0,0.0,0.0));
#1652=AXIS2_PLACEMENT_3D('',#1649,#1650,#1651);
#1653=CIRCLE('',#1652,0.063619167445692);
#1654=EDGE_CURVE('',#1639,#1648,#1653,.F.);
#1655=ORIENTED_EDGE('',*,*,#1654,.T.);
#1656=CARTESIAN_POINT('',(0.295275585000003,-0.511432315454628,19.212598440000001));
#1657=VERTEX_POINT('',#1656);
#1658=CARTESIAN_POINT('',(0.0,0.0,19.212598440000001));
#1659=DIRECTION('',(0.0,0.0,-1.0));
#1660=DIRECTION('',(-1.0,0.0,0.0));
#1661=AXIS2_PLACEMENT_3D('',#1658,#1659,#1660);
#1662=CIRCLE('',#1661,0.590551170000005);
#1663=EDGE_CURVE('',#1648,#1657,#1662,.T.);
#1664=ORIENTED_EDGE('',*,*,#1663,.T.);
#1665=CARTESIAN_POINT('',(0.281474968933536,-0.495192440482969,19.212598440000001));
#1666=VERTEX_POINT('',#1665);
#1667=CARTESIAN_POINT('',(0.336169189189170,-0.462697198723458,19.212598440000001));
#1668=DIRECTION('',(0.0,0.0,1.0));
#1669=DIRECTION('',(1.0,0.0,0.0));
#1670=AXIS2_PLACEMENT_3D('',#1667,#1668,#1669);
#1671=CIRCLE('',#1670,0.063619167445692);
#1672=EDGE_CURVE('',#1657,#1666,#1671,.F.);
#1673=ORIENTED_EDGE('',*,*,#1672,.T.);
#1674=CARTESIAN_POINT('',(0.252049493648476,-0.455712364856438,19.212598440000001));
#1675=VERTEX_POINT('',#1674);
#1676=CARTESIAN_POINT('',(0.078393163219871,-0.615848520687073,19.212598440000001));
#1677=DIRECTION('',(0.0,0.0,1.0));
#1678=DIRECTION('',(1.0,0.0,0.0));
#1679=AXIS2_PLACEMENT_3D('',#1676,#1677,#1678);
#1680=CIRCLE('',#1679,0.236220468000002);
#1681=EDGE_CURVE('',#1675,#1666,#1680,.F.);
#1682=ORIENTED_EDGE('',*,*,#1681,.F.);
#1683=CARTESIAN_POINT('',(0.206580335350760,-0.446668266520101,19.212598440000001));
#1684=VERTEX_POINT('',#1683);
#1685=CARTESIAN_POINT('',(0.223106771379903,-0.482401723586285,19.212598440000001));
#1686=DIRECTION('',(0.0,0.0,1.0));
#1687=DIRECTION('',(1.0,0.0,0.0));
#1688=AXIS2_PLACEMENT_3D('',#1685,#1686,#1687);
#1689=CIRCLE('',#1688,0.039370078000000);
#1690=EDGE_CURVE('',#1684,#1675,#1689,.F.);
#1691=ORIENTED_EDGE('',*,*,#1690,.F.);
#1692=CARTESIAN_POINT('',(0.193709977285484,-0.452398518973884,19.212598440000001));
#1693=VERTEX_POINT('',#1692);
#1694=CARTESIAN_POINT('',(0.0,0.0,19.212598440000001));
#1695=DIRECTION('',(0.0,0.0,1.0));
#1696=DIRECTION('',(1.0,0.0,0.0));
#1697=AXIS2_PLACEMENT_3D('',#1694,#1695,#1696);
#1698=CIRCLE('',#1697,0.492125975000004);
#1699=EDGE_CURVE('',#1684,#1693,#1698,.F.);
#1700=ORIENTED_EDGE('',*,*,#1699,.T.);
#1701=CARTESIAN_POINT('',(0.209206775468322,-0.488590400491792,19.212598440000001));
#1702=DIRECTION('',(0.0,0.0,1.0));
#1703=DIRECTION('',(1.0,0.0,0.0));
#1704=AXIS2_PLACEMENT_3D('',#1701,#1702,#1703);
#1705=CIRCLE('',#1704,0.039370078000000);
#1706=EDGE_CURVE('',#275,#1693,#1705,.F.);
#1707=ORIENTED_EDGE('',*,*,#1706,.F.);
#1708=ORIENTED_EDGE('',*,*,#304,.F.);
#1709=CARTESIAN_POINT('',(0.179656183123104,-0.540525084629062,19.212598440000001));
#1710=VERTEX_POINT('',#1709);
#1711=CARTESIAN_POINT('',(0.405209376586788,-0.470340567672204,19.212598440000001));
#1712=DIRECTION('',(0.0,0.0,1.0));
#1713=DIRECTION('',(1.0,0.0,0.0));
#1714=AXIS2_PLACEMENT_3D('',#1711,#1712,#1713);
#1715=CIRCLE('',#1714,0.236220468000002);
#1716=EDGE_CURVE('',#1710,#292,#1715,.F.);
#1717=ORIENTED_EDGE('',*,*,#1716,.F.);
#1718=CARTESIAN_POINT('',(0.118909935592904,-0.559427250573237,19.212598440000001));
#1719=DIRECTION('',(0.0,0.0,1.0));
#1720=DIRECTION('',(1.0,0.0,0.0));
#1721=AXIS2_PLACEMENT_3D('',#1718,#1719,#1720);
#1722=CIRCLE('',#1721,0.063619167445692);
#1723=EDGE_CURVE('',#1710,#233,#1722,.F.);
#1724=ORIENTED_EDGE('',*,*,#1723,.T.);
#1725=ORIENTED_EDGE('',*,*,#262,.T.);
#1726=CARTESIAN_POINT('',(0.061729406281015,-0.587316068900357,19.212598440000001));
#1727=VERTEX_POINT('',#1726);
#1728=CARTESIAN_POINT('',(0.0,0.0,19.212598440000001));
#1729=DIRECTION('',(0.0,0.0,-1.0));
#1730=DIRECTION('',(-1.0,0.0,0.0));
#1731=AXIS2_PLACEMENT_3D('',#1728,#1729,#1730);
#1732=CIRCLE('',#1731,0.590551170000005);
#1733=EDGE_CURVE('',#250,#1727,#1732,.T.);
#1734=ORIENTED_EDGE('',*,*,#1733,.T.);
#1735=CARTESIAN_POINT('',(0.055727268390768,-0.566866988636063,19.212598440000001));
#1736=VERTEX_POINT('',#1735);
#1737=CARTESIAN_POINT('',(0.118909930413807,-0.559427251674087,19.212598440000001));
#1738=DIRECTION('',(0.0,0.0,1.0));
#1739=DIRECTION('',(1.0,0.0,0.0));
#1740=AXIS2_PLACEMENT_3D('',#1737,#1738,#1739);
#1741=CIRCLE('',#1740,0.063619167445692);
#1742=EDGE_CURVE('',#1727,#1736,#1741,.F.);
#1743=ORIENTED_EDGE('',*,*,#1742,.T.);
#1744=CARTESIAN_POINT('',(0.044903752533840,-0.518831725841704,19.212598440000001));
#1745=VERTEX_POINT('',#1744);
#1746=CARTESIAN_POINT('',(-0.178872441777707,-0.594490990717732,19.212598440000001));
#1747=DIRECTION('',(0.0,0.0,1.0));
#1748=DIRECTION('',(1.0,0.0,0.0));
#1749=AXIS2_PLACEMENT_3D('',#1746,#1747,#1748);
#1750=CIRCLE('',#1749,0.236220468000002);
#1751=EDGE_CURVE('',#1745,#1736,#1750,.F.);
#1752=ORIENTED_EDGE('',*,*,#1751,.F.);
#1753=CARTESIAN_POINT('',(0.007044175705099,-0.492075558078574,19.212598440000001));
#1754=VERTEX_POINT('',#1753);
#1755=CARTESIAN_POINT('',(0.007607719897951,-0.531441602579753,19.212598440000001));
#1756=DIRECTION('',(0.0,0.0,1.0));
#1757=DIRECTION('',(1.0,0.0,0.0));
#1758=AXIS2_PLACEMENT_3D('',#1755,#1756,#1757);
#1759=CIRCLE('',#1758,0.039370078000000);
#1760=EDGE_CURVE('',#1754,#1745,#1759,.F.);
#1761=ORIENTED_EDGE('',*,*,#1760,.F.);
#1762=CARTESIAN_POINT('',(-0.007044185090696,-0.492075557944216,19.212598440000001));
#1763=VERTEX_POINT('',#1762);
#1764=CARTESIAN_POINT('',(6.416641E-015,0.0,19.212598440000001));
#1765=DIRECTION('',(0.0,0.0,1.0));
#1766=DIRECTION('',(1.0,0.0,0.0));
#1767=AXIS2_PLACEMENT_3D('',#1764,#1765,#1766);
#1768=CIRCLE('',#1767,0.492125975000004);
#1769=EDGE_CURVE('',#1754,#1763,#1768,.F.);
#1770=ORIENTED_EDGE('',*,*,#1769,.T.);
#1771=CARTESIAN_POINT('',(-0.044903752533841,-0.518831725841704,19.212598440000001));
#1772=VERTEX_POINT('',#1771);
#1773=CARTESIAN_POINT('',(-0.007607719897951,-0.531441602579753,19.212598440000001));
#1774=DIRECTION('',(0.0,0.0,1.0));
#1775=DIRECTION('',(1.0,0.0,0.0));
#1776=AXIS2_PLACEMENT_3D('',#1773,#1774,#1775);
#1777=CIRCLE('',#1776,0.039370078000000);
#1778=EDGE_CURVE('',#1772,#1763,#1777,.F.);
#1779=ORIENTED_EDGE('',*,*,#1778,.F.);
#1780=CARTESIAN_POINT('',(-0.055727268390768,-0.566866988636063,19.212598440000001));
#1781=VERTEX_POINT('',#1780);
#1782=CARTESIAN_POINT('',(0.178872441777711,-0.594490990717736,19.212598440000001));
#1783=DIRECTION('',(0.0,0.0,1.0));
#1784=DIRECTION('',(1.0,0.0,0.0));
#1785=AXIS2_PLACEMENT_3D('',#1782,#1783,#1784);
#1786=CIRCLE('',#1785,0.236220468000002);
#1787=EDGE_CURVE('',#1781,#1772,#1786,.F.);
#1788=ORIENTED_EDGE('',*,*,#1787,.F.);
#1789=CARTESIAN_POINT('',(-0.061729406281016,-0.587316068900357,19.212598440000001));
#1790=VERTEX_POINT('',#1789);
#1791=CARTESIAN_POINT('',(-0.118909930413809,-0.559427251674087,19.212598440000001));
#1792=DIRECTION('',(0.0,0.0,1.0));
#1793=DIRECTION('',(1.0,0.0,0.0));
#1794=AXIS2_PLACEMENT_3D('',#1791,#1792,#1793);
#1795=CIRCLE('',#1794,0.063619167445692);
#1796=EDGE_CURVE('',#1781,#1790,#1795,.F.);
#1797=ORIENTED_EDGE('',*,*,#1796,.T.);
#1798=CARTESIAN_POINT('',(0.0,0.0,19.212598440000001));
#1799=DIRECTION('',(0.0,0.0,-1.0));
#1800=DIRECTION('',(-1.0,0.0,0.0));
#1801=AXIS2_PLACEMENT_3D('',#1798,#1799,#1800);
#1802=CIRCLE('',#1801,0.590551170000005);
#1803=EDGE_CURVE('',#1790,#199,#1802,.T.);
#1804=ORIENTED_EDGE('',*,*,#1803,.T.);
#1805=ORIENTED_EDGE('',*,*,#205,.T.);
#1806=CARTESIAN_POINT('',(-0.179656183123105,-0.540525084629062,19.212598440000001));
#1807=VERTEX_POINT('',#1806);
#1808=CARTESIAN_POINT('',(-0.118909935592909,-0.559427250573237,19.212598440000001));
#1809=DIRECTION('',(0.0,0.0,1.0));
#1810=DIRECTION('',(1.0,0.0,0.0));
#1811=AXIS2_PLACEMENT_3D('',#1808,#1809,#1810);
#1812=CIRCLE('',#1811,0.063619167445692);
#1813=EDGE_CURVE('',#189,#1807,#1812,.F.);
#1814=ORIENTED_EDGE('',*,*,#1813,.T.);
#1815=CARTESIAN_POINT('',(-0.405209376586811,-0.470340567672196,19.212598440000001));
#1816=DIRECTION('',(0.0,0.0,1.0));
#1817=DIRECTION('',(1.0,0.0,0.0));
#1818=AXIS2_PLACEMENT_3D('',#1815,#1816,#1817);
#1819=CIRCLE('',#1818,0.236220468000002);
#1820=EDGE_CURVE('',#157,#1807,#1819,.F.);
#1821=ORIENTED_EDGE('',*,*,#1820,.F.);
#1822=ORIENTED_EDGE('',*,*,#163,.F.);
#1823=CARTESIAN_POINT('',(-0.193709977285484,-0.452398518973884,19.212598440000001));
#1824=VERTEX_POINT('',#1823);
#1825=CARTESIAN_POINT('',(-0.209206775468323,-0.488590400491792,19.212598440000001));
#1826=DIRECTION('',(0.0,0.0,1.0));
#1827=DIRECTION('',(1.0,0.0,0.0));
#1828=AXIS2_PLACEMENT_3D('',#1825,#1826,#1827);
#1829=CIRCLE('',#1828,0.039370078000000);
#1830=EDGE_CURVE('',#1824,#147,#1829,.F.);
#1831=ORIENTED_EDGE('',*,*,#1830,.F.);
#1832=CARTESIAN_POINT('',(-0.206580343870281,-0.446668262579892,19.212598440000001));
#1833=VERTEX_POINT('',#1832);
#1834=CARTESIAN_POINT('',(0.0,0.0,19.212598440000001));
#1835=DIRECTION('',(0.0,0.0,1.0));
#1836=DIRECTION('',(1.0,0.0,0.0));
#1837=AXIS2_PLACEMENT_3D('',#1834,#1835,#1836);
#1838=CIRCLE('',#1837,0.492125975000004);
#1839=EDGE_CURVE('',#1824,#1833,#1838,.F.);
#1840=ORIENTED_EDGE('',*,*,#1839,.T.);
#1841=CARTESIAN_POINT('',(-0.252049493648477,-0.455712364856442,19.212598440000001));
#1842=VERTEX_POINT('',#1841);
#1843=CARTESIAN_POINT('',(-0.223106771379904,-0.482401723586285,19.212598440000001));
#1844=DIRECTION('',(0.0,0.0,1.0));
#1845=DIRECTION('',(1.0,0.0,0.0));
#1846=AXIS2_PLACEMENT_3D('',#1843,#1844,#1845);
#1847=CIRCLE('',#1846,0.039370078000000);
#1848=EDGE_CURVE('',#1842,#1833,#1847,.F.);
#1849=ORIENTED_EDGE('',*,*,#1848,.F.);
#1850=CARTESIAN_POINT('',(-0.281474968933536,-0.495192440482969,19.212598440000001));
#1851=VERTEX_POINT('',#1850);
#1852=CARTESIAN_POINT('',(-0.078393163219884,-0.615848520687065,19.212598440000001));
#1853=DIRECTION('',(0.0,0.0,1.0));
#1854=DIRECTION('',(1.0,0.0,0.0));
#1855=AXIS2_PLACEMENT_3D('',#1852,#1853,#1854);
#1856=CIRCLE('',#1855,0.236220468000002);
#1857=EDGE_CURVE('',#1851,#1842,#1856,.F.);
#1858=ORIENTED_EDGE('',*,*,#1857,.F.);
#1859=CARTESIAN_POINT('',(-0.295275585000003,-0.511432315454628,19.212598440000001));
#1860=VERTEX_POINT('',#1859);
#1861=CARTESIAN_POINT('',(-0.336169189189172,-0.462697198723454,19.212598440000001));
#1862=DIRECTION('',(0.0,0.0,1.0));
#1863=DIRECTION('',(1.0,0.0,0.0));
#1864=AXIS2_PLACEMENT_3D('',#1861,#1862,#1863);
#1865=CIRCLE('',#1864,0.063619167445692);
#1866=EDGE_CURVE('',#1851,#1860,#1865,.F.);
#1867=ORIENTED_EDGE('',*,*,#1866,.T.);
#1868=CARTESIAN_POINT('',(-0.395155862468038,-0.438865046165124,19.212598440000001));
#1869=VERTEX_POINT('',#1868);
#1870=CARTESIAN_POINT('',(0.0,0.0,19.212598440000001));
#1871=DIRECTION('',(0.0,0.0,-1.0));
#1872=DIRECTION('',(-1.0,0.0,0.0));
#1873=AXIS2_PLACEMENT_3D('',#1870,#1871,#1872);
#1874=CIRCLE('',#1873,0.590551170000005);
#1875=EDGE_CURVE('',#1860,#1869,#1874,.T.);
#1876=ORIENTED_EDGE('',*,*,#1875,.T.);
#1877=CARTESIAN_POINT('',(-0.383975448449807,-0.420721482973459,19.212598440000001));
#1878=VERTEX_POINT('',#1877);
#1879=CARTESIAN_POINT('',(-0.336169193472755,-0.462697195611253,19.212598440000001));
#1880=DIRECTION('',(0.0,0.0,1.0));
#1881=DIRECTION('',(1.0,0.0,0.0));
#1882=AXIS2_PLACEMENT_3D('',#1879,#1880,#1881);
#1883=CIRCLE('',#1882,0.063619167445692);
#1884=EDGE_CURVE('',#1869,#1878,#1883,.F.);
#1885=ORIENTED_EDGE('',*,*,#1884,.T.);
#1886=CARTESIAN_POINT('',(-0.561481928972416,-0.264863987566229,19.212598440000001));
#1887=DIRECTION('',(0.0,0.0,1.0));
#1888=DIRECTION('',(1.0,0.0,0.0));
#1889=AXIS2_PLACEMENT_3D('',#1886,#1887,#1888);
#1890=CIRCLE('',#1889,0.236220468000002);
#1891=EDGE_CURVE('',#841,#1878,#1890,.F.);
#1892=ORIENTED_EDGE('',*,*,#1891,.F.);
#1893=ORIENTED_EDGE('',*,*,#847,.F.);
#1894=CARTESIAN_POINT('',(-0.360969918409069,-0.334497673046398,19.212598440000001));
#1895=VERTEX_POINT('',#1894);
#1896=CARTESIAN_POINT('',(-0.389847518772234,-0.361257479454357,19.212598440000001));
#1897=DIRECTION('',(0.0,0.0,1.0));
#1898=DIRECTION('',(1.0,0.0,0.0));
#1899=AXIS2_PLACEMENT_3D('',#1896,#1897,#1898);
#1900=CIRCLE('',#1899,0.039370078000000);
#1901=EDGE_CURVE('',#1895,#831,#1900,.F.);
#1902=ORIENTED_EDGE('',*,*,#1901,.F.);
#1903=CARTESIAN_POINT('',(-0.370396884471188,-0.324027966761732,19.212598440000001));
#1904=VERTEX_POINT('',#1903);
#1905=CARTESIAN_POINT('',(0.0,0.0,19.212598440000001));
#1906=DIRECTION('',(0.0,0.0,1.0));
#1907=DIRECTION('',(1.0,0.0,0.0));
#1908=AXIS2_PLACEMENT_3D('',#1905,#1906,#1907);
#1909=CIRCLE('',#1908,0.492125975000004);
#1910=EDGE_CURVE('',#1895,#1904,#1909,.F.);
#1911=ORIENTED_EDGE('',*,*,#1910,.T.);
#1912=CARTESIAN_POINT('',(-0.415613587513527,-0.313796195970633,19.212598440000001));
#1913=VERTEX_POINT('',#1912);
#1914=CARTESIAN_POINT('',(-0.400028635228882,-0.349950204102671,19.212598440000001));
#1915=DIRECTION('',(0.0,0.0,1.0));
#1916=DIRECTION('',(1.0,0.0,0.0));
#1917=AXIS2_PLACEMENT_3D('',#1914,#1915,#1916);
#1918=CIRCLE('',#1917,0.039370078000000);
#1919=EDGE_CURVE('',#1913,#1904,#1918,.F.);
#1920=ORIENTED_EDGE('',*,*,#1919,.F.);
#1921=CARTESIAN_POINT('',(-0.458553090227879,-0.337894620688280,19.212598440000001));
#1922=VERTEX_POINT('',#1921);
#1923=CARTESIAN_POINT('',(-0.322103878117207,-0.530720246621448,19.212598440000001));
#1924=DIRECTION('',(0.0,0.0,1.0));
#1925=DIRECTION('',(1.0,0.0,0.0));
#1926=AXIS2_PLACEMENT_3D('',#1923,#1924,#1925);
#1927=CIRCLE('',#1926,0.236220468000002);
#1928=EDGE_CURVE('',#1922,#1913,#1927,.F.);
#1929=ORIENTED_EDGE('',*,*,#1928,.F.);
#1930=CARTESIAN_POINT('',(-0.477765932578012,-0.347117268450068,19.212598440000001));
#1931=VERTEX_POINT('',#1930);
#1932=CARTESIAN_POINT('',(-0.495301741152521,-0.285962596641451,19.212598440000001));
#1933=DIRECTION('',(0.0,0.0,1.0));
#1934=DIRECTION('',(1.0,0.0,0.0));
#1935=AXIS2_PLACEMENT_3D('',#1932,#1933,#1934);
#1936=CIRCLE('',#1935,0.063619167445692);
#1937=EDGE_CURVE('',#1922,#1931,#1936,.F.);
#1938=ORIENTED_EDGE('',*,*,#1937,.T.);
#1939=CARTESIAN_POINT('',(-0.539495338859028,-0.240198800450289,19.212598440000001));
#1940=VERTEX_POINT('',#1939);
#1941=CARTESIAN_POINT('',(0.0,0.0,19.212598440000001));
#1942=DIRECTION('',(0.0,0.0,-1.0));
#1943=DIRECTION('',(-1.0,0.0,0.0));
#1944=AXIS2_PLACEMENT_3D('',#1941,#1942,#1943);
#1945=CIRCLE('',#1944,0.590551170000005);
#1946=EDGE_CURVE('',#1931,#1940,#1945,.T.);
#1947=ORIENTED_EDGE('',*,*,#1946,.T.);
#1948=CARTESIAN_POINT('',(-0.521901870432100,-0.228171314777062,19.212598440000001));
#1949=VERTEX_POINT('',#1948);
#1950=CARTESIAN_POINT('',(-0.495301743799922,-0.285962592056018,19.212598440000001));
#1951=DIRECTION('',(0.0,0.0,1.0));
#1952=DIRECTION('',(1.0,0.0,0.0));
#1953=AXIS2_PLACEMENT_3D('',#1950,#1951,#1952);
#1954=CIRCLE('',#1953,0.063619167445692);
#1955=EDGE_CURVE('',#1940,#1949,#1954,.F.);
#1956=ORIENTED_EDGE('',*,*,#1955,.T.);
#1957=CARTESIAN_POINT('',(-0.620669154935520,-0.013590017796260,19.212598440000001));
#1958=DIRECTION('',(0.0,0.0,1.0));
#1959=DIRECTION('',(1.0,0.0,0.0));
#1960=AXIS2_PLACEMENT_3D('',#1957,#1958,#1959);
#1961=CIRCLE('',#1960,0.236220468000002);
#1962=EDGE_CURVE('',#1063,#1949,#1961,.F.);
#1963=ORIENTED_EDGE('',*,*,#1962,.F.);
#1964=ORIENTED_EDGE('',*,*,#1069,.F.);
#1965=CARTESIAN_POINT('',(-0.465814889959782,-0.158759136938506,19.212598440000001));
#1966=VERTEX_POINT('',#1965);
#1967=CARTESIAN_POINT('',(-0.503080084426902,-0.171459858298095,19.212598440000001));
#1968=DIRECTION('',(0.0,0.0,1.0));
#1969=DIRECTION('',(1.0,0.0,0.0));
#1970=AXIS2_PLACEMENT_3D('',#1967,#1968,#1969);
#1971=CIRCLE('',#1970,0.039370078000000);
#1972=EDGE_CURVE('',#1966,#1053,#1971,.F.);
#1973=ORIENTED_EDGE('',*,*,#1972,.F.);
#1974=CARTESIAN_POINT('',(-0.470168438796967,-0.145360291788802,19.212598440000001));
#1975=VERTEX_POINT('',#1974);
#1976=CARTESIAN_POINT('',(0.0,0.0,19.212598440000001));
#1977=DIRECTION('',(0.0,0.0,1.0));
#1978=DIRECTION('',(1.0,0.0,0.0));
#1979=AXIS2_PLACEMENT_3D('',#1976,#1977,#1978);
#1980=CIRCLE('',#1979,0.492125975000004);
#1981=EDGE_CURVE('',#1966,#1975,#1980,.F.);
#1982=ORIENTED_EDGE('',*,*,#1981,.T.);
#1983=CARTESIAN_POINT('',(-0.507314313048165,-0.117621814091972,19.212598440000001));
#1984=VERTEX_POINT('',#1983);
#1985=CARTESIAN_POINT('',(-0.507781913900728,-0.156989115131906,19.212598440000001));
#1986=DIRECTION('',(0.0,0.0,1.0));
#1987=DIRECTION('',(1.0,0.0,0.0));
#1988=AXIS2_PLACEMENT_3D('',#1985,#1986,#1987);
#1989=CIRCLE('',#1988,0.039370078000000);
#1990=EDGE_CURVE('',#1984,#1975,#1989,.F.);
#1991=ORIENTED_EDGE('',*,*,#1990,.F.);
#1992=CARTESIAN_POINT('',(-0.556343216397780,-0.122171751300325,19.212598440000001));
#1993=VERTEX_POINT('',#1992);
#1994=CARTESIAN_POINT('',(-0.510119906266207,-0.353825620472898,19.212598440000001));
#1995=DIRECTION('',(0.0,0.0,1.0));
#1996=DIRECTION('',(1.0,0.0,0.0));
#1997=AXIS2_PLACEMENT_3D('',#1994,#1995,#1996);
#1998=CIRCLE('',#1997,0.236220468000002);
#1999=EDGE_CURVE('',#1993,#1984,#1998,.F.);
#2000=ORIENTED_EDGE('',*,*,#1999,.F.);
#2001=CARTESIAN_POINT('',(-0.577646210046047,-0.122782492269107,19.212598440000001));
#2002=VERTEX_POINT('',#2001);
#2003=CARTESIAN_POINT('',(-0.568792122395540,-0.059782463711509,19.212598440000001));
#2004=DIRECTION('',(0.0,0.0,1.0));
#2005=DIRECTION('',(1.0,0.0,0.0));
#2006=AXIS2_PLACEMENT_3D('',#2003,#2004,#2005);
#2007=CIRCLE('',#2006,0.063619167445692);
#2008=EDGE_CURVE('',#1993,#2002,#2007,.F.);
#2009=ORIENTED_EDGE('',*,*,#2008,.T.);
#2010=CARTESIAN_POINT('',(-0.590551171743304,0.0,19.212598440000001));
#2011=VERTEX_POINT('',#2010);
#2012=CARTESIAN_POINT('',(0.0,0.0,19.212598440000001));
#2013=DIRECTION('',(0.0,0.0,-1.0));
#2014=DIRECTION('',(-1.0,0.0,0.0));
#2015=AXIS2_PLACEMENT_3D('',#2012,#2013,#2014);
#2016=CIRCLE('',#2015,0.590551170000005);
#2017=EDGE_CURVE('',#2002,#2011,#2016,.T.);
#2018=ORIENTED_EDGE('',*,*,#2017,.T.);
#2019=CARTESIAN_POINT('',(-0.569586717687035,0.003831746615607,19.212598440000001));
#2020=VERTEX_POINT('',#2019);
#2021=CARTESIAN_POINT('',(-0.568792122948997,-0.059782458445712,19.212598440000001));
#2022=DIRECTION('',(0.0,0.0,1.0));
#2023=DIRECTION('',(1.0,0.0,0.0));
#2024=AXIS2_PLACEMENT_3D('',#2021,#2022,#2023);
#2025=CIRCLE('',#2024,0.063619167445692);
#2026=EDGE_CURVE('',#2011,#2020,#2025,.F.);
#2027=ORIENTED_EDGE('',*,*,#2026,.T.);
#2028=CARTESIAN_POINT('',(-0.520683229113778,0.009574918478976,19.212598440000001));
#2029=VERTEX_POINT('',#2028);
#2030=CARTESIAN_POINT('',(-0.572537045408005,0.240033789512106,19.212598440000001));
#2031=DIRECTION('',(0.0,0.0,1.0));
#2032=DIRECTION('',(1.0,0.0,0.0));
#2033=AXIS2_PLACEMENT_3D('',#2030,#2031,#2032);
#2034=CIRCLE('',#2033,0.236220468000002);
#2035=EDGE_CURVE('',#2029,#2020,#2034,.F.);
#2036=ORIENTED_EDGE('',*,*,#2035,.F.);
#2037=CARTESIAN_POINT('',(-0.490116234393587,0.044430305575759,19.212598440000001));
#2038=VERTEX_POINT('',#2037);
#2039=CARTESIAN_POINT('',(-0.529325533145074,0.047984730021820,19.212598440000001));
#2040=DIRECTION('',(0.0,0.0,1.0));
#2041=DIRECTION('',(1.0,0.0,0.0));
#2042=AXIS2_PLACEMENT_3D('',#2039,#2040,#2041);
#2043=CIRCLE('',#2042,0.039370078000000);
#2044=EDGE_CURVE('',#2038,#2029,#2043,.F.);
#2045=ORIENTED_EDGE('',*,*,#2044,.F.);
#2046=CARTESIAN_POINT('',(0.0,0.0,19.212598440000001));
#2047=DIRECTION('',(0.0,0.0,1.0));
#2048=DIRECTION('',(1.0,0.0,0.0));
#2049=AXIS2_PLACEMENT_3D('',#2046,#2047,#2048);
#2050=CIRCLE('',#2049,0.492125975000004);
#2051=EDGE_CURVE('',#2038,#1105,#2050,.F.);
#2052=ORIENTED_EDGE('',*,*,#2051,.T.);
#2053=ORIENTED_EDGE('',*,*,#1111,.F.);
#2054=CARTESIAN_POINT('',(-0.511295788098482,0.098890446690112,19.212598440000001));
#2055=VERTEX_POINT('',#2054);
#2056=CARTESIAN_POINT('',(-0.527735086605266,0.063116818046502,19.212598440000001));
#2057=DIRECTION('',(0.0,0.0,1.0));
#2058=DIRECTION('',(1.0,0.0,0.0));
#2059=AXIS2_PLACEMENT_3D('',#2056,#2057,#2058);
#2060=CIRCLE('',#2059,0.039370078000000);
#2061=EDGE_CURVE('',#2055,#1095,#2060,.F.);
#2062=ORIENTED_EDGE('',*,*,#2061,.F.);
#2063=CARTESIAN_POINT('',(-0.557936546233054,0.114675723782973,19.212598440000001));
#2064=VERTEX_POINT('',#2063);
#2065=CARTESIAN_POINT('',(-0.609931568327922,-0.115751330139734,19.212598440000001));
#2066=DIRECTION('',(0.0,0.0,1.0));
#2067=DIRECTION('',(1.0,0.0,0.0));
#2068=AXIS2_PLACEMENT_3D('',#2065,#2066,#2067);
#2069=CIRCLE('',#2068,0.236220468000002);
#2070=EDGE_CURVE('',#2064,#2055,#2069,.F.);
#2071=ORIENTED_EDGE('',*,*,#2070,.F.);
#2072=CARTESIAN_POINT('',(-0.577646210046047,0.122782492269108,19.212598440000001));
#2073=VERTEX_POINT('',#2072);
#2074=CARTESIAN_POINT('',(-0.543933178362159,0.176734600300786,19.212598440000001));
#2075=DIRECTION('',(0.0,0.0,1.0));
#2076=DIRECTION('',(1.0,0.0,0.0));
#2077=AXIS2_PLACEMENT_3D('',#2074,#2075,#2076);
#2078=CIRCLE('',#2077,0.063619167445692);
#2079=EDGE_CURVE('',#2064,#2073,#2078,.F.);
#2080=ORIENTED_EDGE('',*,*,#2079,.T.);
#2081=CARTESIAN_POINT('',(-0.539495340709689,0.240198800579699,19.212598440000001));
#2082=VERTEX_POINT('',#2081);
#2083=CARTESIAN_POINT('',(0.0,0.0,19.212598440000001));
#2084=DIRECTION('',(0.0,0.0,-1.0));
#2085=DIRECTION('',(-1.0,0.0,0.0));
#2086=AXIS2_PLACEMENT_3D('',#2083,#2084,#2085);
#2087=CIRCLE('',#2086,0.590551170000005);
#2088=EDGE_CURVE('',#2073,#2082,#2087,.T.);
#2089=ORIENTED_EDGE('',*,*,#2088,.T.);
#2090=CARTESIAN_POINT('',(-0.518784846920999,0.235172264208114,19.212598440000001));
#2091=VERTEX_POINT('',#2090);
#2092=CARTESIAN_POINT('',(-0.543933176725974,0.176734605336446,19.212598440000001));
#2093=DIRECTION('',(0.0,0.0,1.0));
#2094=DIRECTION('',(1.0,0.0,0.0));
#2095=AXIS2_PLACEMENT_3D('',#2092,#2093,#2094);
#2096=CIRCLE('',#2095,0.063619167445692);
#2097=EDGE_CURVE('',#2082,#2091,#2096,.F.);
#2098=ORIENTED_EDGE('',*,*,#2097,.T.);
#2099=CARTESIAN_POINT('',(-0.471773328627713,0.220528071999373,19.212598440000001));
#2100=VERTEX_POINT('',#2099);
#2101=CARTESIAN_POINT('',(-0.425408079393686,0.452153573975304,19.212598440000001));
#2102=DIRECTION('',(0.0,0.0,1.0));
#2103=DIRECTION('',(1.0,0.0,0.0));
#2104=AXIS2_PLACEMENT_3D('',#2101,#2102,#2103);
#2105=CIRCLE('',#2104,0.236220468000002);
#2106=EDGE_CURVE('',#2100,#2091,#2105,.F.);
#2107=ORIENTED_EDGE('',*,*,#2106,.F.);
#2108=CARTESIAN_POINT('',(-0.429672030882882,0.239937327539263,19.212598440000001));
#2109=VERTEX_POINT('',#2108);
#2110=CARTESIAN_POINT('',(-0.464045788410955,0.259132322593375,19.212598440000001));
#2111=DIRECTION('',(0.0,0.0,1.0));
#2112=DIRECTION('',(1.0,0.0,0.0));
#2113=AXIS2_PLACEMENT_3D('',#2110,#2111,#2112);
#2114=CIRCLE('',#2113,0.039370078000000);
#2115=EDGE_CURVE('',#2109,#2100,#2114,.F.);
#2116=ORIENTED_EDGE('',*,*,#2115,.F.);
#2117=CARTESIAN_POINT('',(0.0,0.0,19.212598440000001));
#2118=DIRECTION('',(0.0,0.0,1.0));
#2119=DIRECTION('',(1.0,0.0,0.0));
#2120=AXIS2_PLACEMENT_3D('',#2117,#2118,#2119);
#2121=CIRCLE('',#2120,0.492125975000004);
#2122=EDGE_CURVE('',#2109,#589,#2121,.F.);
#2123=ORIENTED_EDGE('',*,*,#2122,.T.);
#2124=ORIENTED_EDGE('',*,*,#595,.F.);
#2125=CARTESIAN_POINT('',(-0.426869578601320,0.298303653340408,19.212598440000001));
#2126=VERTEX_POINT('',#2125);
#2127=CARTESIAN_POINT('',(-0.456438068513004,0.272309279986380,19.212598440000001));
#2128=DIRECTION('',(0.0,0.0,1.0));
#2129=DIRECTION('',(1.0,0.0,0.0));
#2130=AXIS2_PLACEMENT_3D('',#2127,#2128,#2129);
#2131=CIRCLE('',#2130,0.039370078000000);
#2132=EDGE_CURVE('',#2126,#579,#2131,.F.);
#2133=ORIENTED_EDGE('',*,*,#2132,.F.);
#2134=CARTESIAN_POINT('',(-0.463057578530230,0.331694724427950,19.212598440000001));
#2135=VERTEX_POINT('',#2134);
#2136=CARTESIAN_POINT('',(-0.604280521171386,0.142337416742428,19.212598440000001));
#2137=DIRECTION('',(0.0,0.0,1.0));
#2138=DIRECTION('',(1.0,0.0,0.0));
#2139=AXIS2_PLACEMENT_3D('',#2136,#2137,#2138);
#2140=CIRCLE('',#2139,0.236220468000002);
#2141=EDGE_CURVE('',#2135,#2126,#2140,.F.);
#2142=ORIENTED_EDGE('',*,*,#2141,.F.);
#2143=CARTESIAN_POINT('',(-0.477765932578012,0.347117268450069,19.212598440000001));
#2144=VERTEX_POINT('',#2143);
#2145=CARTESIAN_POINT('',(-0.425023246312165,0.382692646337641,19.212598440000001));
#2146=DIRECTION('',(0.0,0.0,1.0));
#2147=DIRECTION('',(1.0,0.0,0.0));
#2148=AXIS2_PLACEMENT_3D('',#2145,#2146,#2147);
#2149=CIRCLE('',#2148,0.063619167445692);
#2150=EDGE_CURVE('',#2135,#2144,#2149,.F.);
#2151=ORIENTED_EDGE('',*,*,#2150,.T.);
#2152=CARTESIAN_POINT('',(-0.395155862468038,0.438865046165124,19.212598440000001));
#2153=VERTEX_POINT('',#2152);
#2154=CARTESIAN_POINT('',(0.0,0.0,19.212598440000001));
#2155=DIRECTION('',(0.0,0.0,-1.0));
#2156=DIRECTION('',(-1.0,0.0,0.0));
#2157=AXIS2_PLACEMENT_3D('',#2154,#2155,#2156);
#2158=CIRCLE('',#2157,0.590551170000005);
#2159=EDGE_CURVE('',#2144,#2153,#2158,.T.);
#2160=ORIENTED_EDGE('',*,*,#2159,.T.);
#2161=CARTESIAN_POINT('',(-0.378280363109948,0.425849360846087,19.212598440000001));
#2162=VERTEX_POINT('',#2161);
#2163=CARTESIAN_POINT('',(-0.425023242769252,0.382692650272446,19.212598440000001));
#2164=DIRECTION('',(0.0,0.0,1.0));
#2165=DIRECTION('',(1.0,0.0,0.0));
#2166=AXIS2_PLACEMENT_3D('',#2163,#2164,#2165);
#2167=CIRCLE('',#2166,0.063619167445692);
#2168=EDGE_CURVE('',#2153,#2162,#2167,.F.);
#2169=ORIENTED_EDGE('',*,*,#2168,.T.);
#2170=CARTESIAN_POINT('',(-0.341289533695772,0.393349918436439,19.212598440000001));
#2171=VERTEX_POINT('',#2170);
#2172=CARTESIAN_POINT('',(-0.204722191741117,0.586091897811926,19.212598440000001));
#2173=DIRECTION('',(0.0,0.0,1.0));
#2174=DIRECTION('',(1.0,0.0,0.0));
#2175=AXIS2_PLACEMENT_3D('',#2172,#2173,#2174);
#2176=CIRCLE('',#2175,0.236220468000002);
#2177=EDGE_CURVE('',#2171,#2162,#2176,.F.);
#2178=ORIENTED_EDGE('',*,*,#2177,.F.);
#2179=CARTESIAN_POINT('',(-0.294933628937231,0.393957015157265,19.212598440000001));
#2180=VERTEX_POINT('',#2179);
#2181=CARTESIAN_POINT('',(-0.318528311136943,0.425473582445289,19.212598440000001));
#2182=DIRECTION('',(0.0,0.0,1.0));
#2183=DIRECTION('',(1.0,0.0,0.0));
#2184=AXIS2_PLACEMENT_3D('',#2181,#2182,#2183);
#2185=CIRCLE('',#2184,0.039370078000000);
#2186=EDGE_CURVE('',#2180,#2171,#2185,.F.);
#2187=ORIENTED_EDGE('',*,*,#2186,.F.);
#2188=CARTESIAN_POINT('',(0.0,0.0,19.212598440000001));
#2189=DIRECTION('',(0.0,0.0,1.0));
#2190=DIRECTION('',(1.0,0.0,0.0));
#2191=AXIS2_PLACEMENT_3D('',#2188,#2189,#2190);
#2192=CIRCLE('',#2191,0.492125975000004);
#2193=EDGE_CURVE('',#2180,#631,#2192,.F.);
#2194=ORIENTED_EDGE('',*,*,#2193,.T.);
#2195=ORIENTED_EDGE('',*,*,#637,.F.);
#2196=CARTESIAN_POINT('',(-0.268633736972162,0.446137443770624,19.212598440000001));
#2197=VERTEX_POINT('',#2196);
#2198=CARTESIAN_POINT('',(-0.306218761765171,0.434416993564468,19.212598440000001));
#2199=DIRECTION('',(0.0,0.0,1.0));
#2200=DIRECTION('',(1.0,0.0,0.0));
#2201=AXIS2_PLACEMENT_3D('',#2198,#2199,#2200);
#2202=CIRCLE('',#2201,0.039370078000000);
#2203=EDGE_CURVE('',#2197,#621,#2202,.F.);
#2204=ORIENTED_EDGE('',*,*,#2203,.F.);
#2205=CARTESIAN_POINT('',(-0.288111748753498,0.491360693867364,19.212598440000001));
#2206=VERTEX_POINT('',#2205);
#2207=CARTESIAN_POINT('',(-0.494143882188123,0.375814731174971,19.212598440000001));
#2208=DIRECTION('',(0.0,0.0,1.0));
#2209=DIRECTION('',(1.0,0.0,0.0));
#2210=AXIS2_PLACEMENT_3D('',#2207,#2208,#2209);
#2211=CIRCLE('',#2210,0.236220468000002);
#2212=EDGE_CURVE('',#2206,#2197,#2211,.F.);
#2213=ORIENTED_EDGE('',*,*,#2212,.F.);
#2214=CARTESIAN_POINT('',(-0.295275585576280,0.511432318722860,19.212598440000001));
#2215=VERTEX_POINT('',#2214);
#2216=CARTESIAN_POINT('',(-0.232622933759824,0.522479657169170,19.212598440000001));
#2217=DIRECTION('',(0.0,0.0,1.0));
#2218=DIRECTION('',(1.0,0.0,0.0));
#2219=AXIS2_PLACEMENT_3D('',#2216,#2217,#2218);
#2220=CIRCLE('',#2219,0.063619167445692);
#2221=EDGE_CURVE('',#2206,#2215,#2220,.F.);
#2222=ORIENTED_EDGE('',*,*,#2221,.T.);
#2223=CARTESIAN_POINT('',(-0.182490347578011,0.561647538434232,19.212598440000001));
#2224=VERTEX_POINT('',#2223);
#2225=CARTESIAN_POINT('',(0.0,0.0,19.212598440000001));
#2226=DIRECTION('',(0.0,0.0,-1.0));
#2227=DIRECTION('',(-1.0,0.0,0.0));
#2228=AXIS2_PLACEMENT_3D('',#2225,#2226,#2227);
#2229=CIRCLE('',#2228,0.590551170000005);
#2230=EDGE_CURVE('',#2215,#2224,#2229,.T.);
#2231=ORIENTED_EDGE('',*,*,#2230,.T.);
#2232=CARTESIAN_POINT('',(-0.172367767947974,0.542893234273785,19.212598440000001));
#2233=VERTEX_POINT('',#2232);
#2234=CARTESIAN_POINT('',(-0.232622928922781,0.522479659322757,19.212598440000001));
#2235=DIRECTION('',(0.0,0.0,1.0));
#2236=DIRECTION('',(1.0,0.0,0.0));
#2237=AXIS2_PLACEMENT_3D('',#2234,#2235,#2236);
#2238=CIRCLE('',#2237,0.063619167445692);
#2239=EDGE_CURVE('',#2224,#2233,#2238,.F.);
#2240=ORIENTED_EDGE('',*,*,#2239,.T.);
#2241=CARTESIAN_POINT('',(-0.151793677534994,0.498157989939776,19.212598440000001));
#2242=VERTEX_POINT('',#2241);
#2243=CARTESIAN_POINT('',(0.051362022706215,0.618689608039121,19.212598440000001));
#2244=DIRECTION('',(0.0,0.0,1.0));
#2245=DIRECTION('',(1.0,0.0,0.0));
#2246=AXIS2_PLACEMENT_3D('',#2243,#2244,#2245);
#2247=CIRCLE('',#2246,0.236220468000002);
#2248=EDGE_CURVE('',#2242,#2233,#2247,.F.);
#2249=ORIENTED_EDGE('',*,*,#2248,.F.);
#2250=CARTESIAN_POINT('',(-0.109198523160427,0.479857955867450,19.212598440000001));
#2251=VERTEX_POINT('',#2250);
#2252=CARTESIAN_POINT('',(-0.117934395128492,0.518246594586264,19.212598440000001));
#2253=DIRECTION('',(0.0,0.0,1.0));
#2254=DIRECTION('',(1.0,0.0,0.0));
#2255=AXIS2_PLACEMENT_3D('',#2252,#2253,#2254);
#2256=CIRCLE('',#2255,0.039370078000000);
#2257=EDGE_CURVE('',#2251,#2242,#2256,.F.);
#2258=ORIENTED_EDGE('',*,*,#2257,.F.);
#2259=CARTESIAN_POINT('',(-0.095418008516686,0.482787094815524,19.212598440000001));
#2260=VERTEX_POINT('',#2259);
#2261=CARTESIAN_POINT('',(1.785946E-014,0.0,19.212598440000001));
#2262=DIRECTION('',(0.0,0.0,1.0));
#2263=DIRECTION('',(1.0,0.0,0.0));
#2264=AXIS2_PLACEMENT_3D('',#2261,#2262,#2263);
#2265=CIRCLE('',#2264,0.492125975000004);
#2266=EDGE_CURVE('',#2251,#2260,#2265,.F.);
#2267=ORIENTED_EDGE('',*,*,#2266,.T.);
#2268=CARTESIAN_POINT('',(-0.103051449198021,0.521410062400767,19.212598440000001));
#2269=DIRECTION('',(0.0,0.0,1.0));
#2270=DIRECTION('',(1.0,0.0,0.0));
#2271=AXIS2_PLACEMENT_3D('',#2268,#2269,#2270);
#2272=CIRCLE('',#2271,0.039370078000000);
#2273=EDGE_CURVE('',#673,#2260,#2272,.F.);
#2274=ORIENTED_EDGE('',*,*,#2273,.F.);
#2275=ORIENTED_EDGE('',*,*,#679,.F.);
#2276=CARTESIAN_POINT('',(-0.298565276818312,0.544310264417712,19.212598440000001));
#2277=DIRECTION('',(0.0,0.0,1.0));
#2278=DIRECTION('',(1.0,0.0,0.0));
#2279=AXIS2_PLACEMENT_3D('',#2276,#2277,#2278);
#2280=CIRCLE('',#2279,0.236220468000002);
#2281=EDGE_CURVE('',#715,#663,#2280,.F.);
#2282=ORIENTED_EDGE('',*,*,#2281,.F.);
#2283=EDGE_LOOP('',(#1222,#1231,#1240,#1247,#1248,#1255,#1256,#1265,#1274,#1283,#1292,#1301,#1310,#1319,#1328,#1335,#1336,#1345,#1354,#1363,#1372,#1381,#1390,#1399,#1406,#1407,#1416,#1425,#1434,#1443,#1452,#1461,#1470,#1477,#1478,#1487,#1496,#1505,#1514,#1521,#1522,#1531,#1540,#1549,#1558,#1565,#1566,#1575,#1584,#1593,#1602,#1611,#1620,#1629,#1636,#1637,#1646,#1655,#1664,#1673,#1682,#1691,#1700,#1707,#1708,#1717,#1724,#1725,#1734,#1743,#1752,#1761,#1770,#1779,#1788,#1797,#1804,#1805,#1814,#1821,#1822,#1831,#1840,#1849,#1858,#1867,#1876,#1885,#1892,#1893,#1902,#1911,#1920,#1929,#1938,#1947,#1956,#1963,#1964,#1973,#1982,#1991,#2000,#2009,#2018,#2027,#2036,#2045,#2052,#2053,#2062,#2071,#2080,#2089,#2098,#2107,#2116,#2123,#2124,#2133,#2142,#2151,#2160,#2169,#2178,#2187,#2194,#2195,#2204,#2213,#2222,#2231,#2240,#2249,#2258,#2267,#2274,#2275,#2282));
#2284=FACE_OUTER_BOUND('',#2283,.T.);
#2285=ORIENTED_EDGE('',*,*,#1153,.T.);
#2286=ORIENTED_EDGE('',*,*,#1192,.T.);
#2287=EDGE_LOOP('',(#2285,#2286));
#2288=FACE_BOUND('',#2287,.T.);
#2289=ADVANCED_FACE('',(#2284,#2288),#1221,.F.);
#2290=CARTESIAN_POINT('',(0.649606289968676,-0.646207432066500,20.000000000000007));
#2291=DIRECTION('',(0.0,0.0,-1.0));
#2292=DIRECTION('',(-1.0,0.0,0.0));
#2293=AXIS2_PLACEMENT_3D('',#2290,#2291,#2292);
#2294=PLANE('',#2293);
#2295=CARTESIAN_POINT('',(-0.061729405478161,0.587316072120427,19.999999999164405));
#2296=VERTEX_POINT('',#2295);
#2297=CARTESIAN_POINT('',(0.061729405646303,0.587316071446046,19.999999999339405));
#2298=VERTEX_POINT('',#2297);
#2299=CARTESIAN_POINT('',(0.0,0.0,20.000000000000007));
#2300=DIRECTION('',(0.0,0.0,-1.0));
#2301=DIRECTION('',(-1.0,0.0,0.0));
#2302=AXIS2_PLACEMENT_3D('',#2299,#2300,#2301);
#2303=CIRCLE('',#2302,0.590551170000005);
#2304=EDGE_CURVE('',#2296,#2298,#2303,.T.);
#2305=ORIENTED_EDGE('',*,*,#2304,.F.);
#2306=CARTESIAN_POINT('',(0.0,0.571925188697473,20.000000000000007));
#2307=DIRECTION('',(0.0,0.0,-1.0));
#2308=DIRECTION('',(-1.0,0.0,0.0));
#2309=AXIS2_PLACEMENT_3D('',#2306,#2307,#2308);
#2310=CIRCLE('',#2309,0.063619167445692);
#2311=EDGE_CURVE('',#2296,#707,#2310,.F.);
#2312=ORIENTED_EDGE('',*,*,#2311,.T.);
#2313=ORIENTED_EDGE('',*,*,#736,.T.);
#2314=CARTESIAN_POINT('',(-0.298565276818312,0.544310264417712,20.000000000000007));
#2315=DIRECTION('',(0.0,0.0,-1.0));
#2316=DIRECTION('',(-1.0,0.0,0.0));
#2317=AXIS2_PLACEMENT_3D('',#2314,#2315,#2316);
#2318=CIRCLE('',#2317,0.236220468000002);
#2319=EDGE_CURVE('',#665,#724,#2318,.F.);
#2320=ORIENTED_EDGE('',*,*,#2319,.F.);
#2321=ORIENTED_EDGE('',*,*,#694,.F.);
#2322=CARTESIAN_POINT('',(-0.095418008516686,0.482787094815524,20.000000000000007));
#2323=VERTEX_POINT('',#2322);
#2324=CARTESIAN_POINT('',(-0.103051449198021,0.521410062400767,20.000000000000007));
#2325=DIRECTION('',(0.0,0.0,-1.0));
#2326=DIRECTION('',(-1.0,0.0,0.0));
#2327=AXIS2_PLACEMENT_3D('',#2324,#2325,#2326);
#2328=CIRCLE('',#2327,0.039370078000000);
#2329=EDGE_CURVE('',#2323,#682,#2328,.F.);
#2330=ORIENTED_EDGE('',*,*,#2329,.F.);
#2331=CARTESIAN_POINT('',(-0.109198523160427,0.479857955867450,20.000000000000007));
#2332=VERTEX_POINT('',#2331);
#2333=CARTESIAN_POINT('',(1.785946E-014,0.0,20.000000000000007));
#2334=DIRECTION('',(0.0,0.0,-1.0));
#2335=DIRECTION('',(-1.0,0.0,0.0));
#2336=AXIS2_PLACEMENT_3D('',#2333,#2334,#2335);
#2337=CIRCLE('',#2336,0.492125975000004);
#2338=EDGE_CURVE('',#2323,#2332,#2337,.F.);
#2339=ORIENTED_EDGE('',*,*,#2338,.T.);
#2340=CARTESIAN_POINT('',(-0.151793677534994,0.498157989939776,20.000000000000007));
#2341=VERTEX_POINT('',#2340);
#2342=CARTESIAN_POINT('',(-0.117934395128492,0.518246594586264,20.000000000000007));
#2343=DIRECTION('',(0.0,0.0,-1.0));
#2344=DIRECTION('',(-1.0,0.0,0.0));
#2345=AXIS2_PLACEMENT_3D('',#2342,#2343,#2344);
#2346=CIRCLE('',#2345,0.039370078000000);
#2347=EDGE_CURVE('',#2341,#2332,#2346,.F.);
#2348=ORIENTED_EDGE('',*,*,#2347,.F.);
#2349=CARTESIAN_POINT('',(-0.172367767947974,0.542893234273785,20.000000000000007));
#2350=VERTEX_POINT('',#2349);
#2351=CARTESIAN_POINT('',(0.051362022706215,0.618689608039121,20.000000000000007));
#2352=DIRECTION('',(0.0,0.0,-1.0));
#2353=DIRECTION('',(-1.0,0.0,0.0));
#2354=AXIS2_PLACEMENT_3D('',#2351,#2352,#2353);
#2355=CIRCLE('',#2354,0.236220468000002);
#2356=EDGE_CURVE('',#2350,#2341,#2355,.F.);
#2357=ORIENTED_EDGE('',*,*,#2356,.F.);
#2358=CARTESIAN_POINT('',(-0.182490347578011,0.561647538434232,20.000000000000007));
#2359=VERTEX_POINT('',#2358);
#2360=CARTESIAN_POINT('',(-0.232622928922781,0.522479659322757,20.000000000000007));
#2361=DIRECTION('',(0.0,0.0,-1.0));
#2362=DIRECTION('',(-1.0,0.0,0.0));
#2363=AXIS2_PLACEMENT_3D('',#2360,#2361,#2362);
#2364=CIRCLE('',#2363,0.063619167445692);
#2365=EDGE_CURVE('',#2350,#2359,#2364,.F.);
#2366=ORIENTED_EDGE('',*,*,#2365,.T.);
#2367=CARTESIAN_POINT('',(-0.295275585576280,0.511432318722860,19.999999999164405));
#2368=VERTEX_POINT('',#2367);
#2369=CARTESIAN_POINT('',(0.0,0.0,20.000000000000007));
#2370=DIRECTION('',(0.0,0.0,-1.0));
#2371=DIRECTION('',(-1.0,0.0,0.0));
#2372=AXIS2_PLACEMENT_3D('',#2369,#2370,#2371);
#2373=CIRCLE('',#2372,0.590551170000005);
#2374=EDGE_CURVE('',#2368,#2359,#2373,.T.);
#2375=ORIENTED_EDGE('',*,*,#2374,.F.);
#2376=CARTESIAN_POINT('',(-0.288111748753498,0.491360693867364,20.000000000000007));
#2377=VERTEX_POINT('',#2376);
#2378=CARTESIAN_POINT('',(-0.232622933759824,0.522479657169170,20.000000000000007));
#2379=DIRECTION('',(0.0,0.0,-1.0));
#2380=DIRECTION('',(-1.0,0.0,0.0));
#2381=AXIS2_PLACEMENT_3D('',#2378,#2379,#2380);
#2382=CIRCLE('',#2381,0.063619167445692);
#2383=EDGE_CURVE('',#2368,#2377,#2382,.F.);
#2384=ORIENTED_EDGE('',*,*,#2383,.T.);
#2385=CARTESIAN_POINT('',(-0.268633736972162,0.446137443770624,20.000000000000007));
#2386=VERTEX_POINT('',#2385);
#2387=CARTESIAN_POINT('',(-0.494143882188123,0.375814731174971,20.000000000000007));
#2388=DIRECTION('',(0.0,0.0,-1.0));
#2389=DIRECTION('',(-1.0,0.0,0.0));
#2390=AXIS2_PLACEMENT_3D('',#2387,#2388,#2389);
#2391=CIRCLE('',#2390,0.236220468000002);
#2392=EDGE_CURVE('',#2386,#2377,#2391,.F.);
#2393=ORIENTED_EDGE('',*,*,#2392,.F.);
#2394=CARTESIAN_POINT('',(-0.306218761765171,0.434416993564468,20.000000000000007));
#2395=DIRECTION('',(0.0,0.0,-1.0));
#2396=DIRECTION('',(-1.0,0.0,0.0));
#2397=AXIS2_PLACEMENT_3D('',#2394,#2395,#2396);
#2398=CIRCLE('',#2397,0.039370078000000);
#2399=EDGE_CURVE('',#623,#2386,#2398,.F.);
#2400=ORIENTED_EDGE('',*,*,#2399,.F.);
#2401=ORIENTED_EDGE('',*,*,#652,.F.);
#2402=CARTESIAN_POINT('',(-0.294933628937231,0.393957015157265,20.000000000000007));
#2403=VERTEX_POINT('',#2402);
#2404=CARTESIAN_POINT('',(0.0,0.0,20.000000000000007));
#2405=DIRECTION('',(0.0,0.0,-1.0));
#2406=DIRECTION('',(-1.0,0.0,0.0));
#2407=AXIS2_PLACEMENT_3D('',#2404,#2405,#2406);
#2408=CIRCLE('',#2407,0.492125975000004);
#2409=EDGE_CURVE('',#640,#2403,#2408,.F.);
#2410=ORIENTED_EDGE('',*,*,#2409,.T.);
#2411=CARTESIAN_POINT('',(-0.341289533695772,0.393349918436439,20.000000000000007));
#2412=VERTEX_POINT('',#2411);
#2413=CARTESIAN_POINT('',(-0.318528311136943,0.425473582445289,20.000000000000007));
#2414=DIRECTION('',(0.0,0.0,-1.0));
#2415=DIRECTION('',(-1.0,0.0,0.0));
#2416=AXIS2_PLACEMENT_3D('',#2413,#2414,#2415);
#2417=CIRCLE('',#2416,0.039370078000000);
#2418=EDGE_CURVE('',#2412,#2403,#2417,.F.);
#2419=ORIENTED_EDGE('',*,*,#2418,.F.);
#2420=CARTESIAN_POINT('',(-0.378280363109948,0.425849360846087,20.000000000000007));
#2421=VERTEX_POINT('',#2420);
#2422=CARTESIAN_POINT('',(-0.204722191741117,0.586091897811926,20.000000000000007));
#2423=DIRECTION('',(0.0,0.0,-1.0));
#2424=DIRECTION('',(-1.0,0.0,0.0));
#2425=AXIS2_PLACEMENT_3D('',#2422,#2423,#2424);
#2426=CIRCLE('',#2425,0.236220468000002);
#2427=EDGE_CURVE('',#2421,#2412,#2426,.F.);
#2428=ORIENTED_EDGE('',*,*,#2427,.F.);
#2429=CARTESIAN_POINT('',(-0.395155862468038,0.438865046165124,20.000000000000007));
#2430=VERTEX_POINT('',#2429);
#2431=CARTESIAN_POINT('',(-0.425023242769252,0.382692650272446,20.000000000000007));
#2432=DIRECTION('',(0.0,0.0,-1.0));
#2433=DIRECTION('',(-1.0,0.0,0.0));
#2434=AXIS2_PLACEMENT_3D('',#2431,#2432,#2433);
#2435=CIRCLE('',#2434,0.063619167445692);
#2436=EDGE_CURVE('',#2421,#2430,#2435,.F.);
#2437=ORIENTED_EDGE('',*,*,#2436,.T.);
#2438=CARTESIAN_POINT('',(-0.477765932578012,0.347117268450069,20.000000000000007));
#2439=VERTEX_POINT('',#2438);
#2440=CARTESIAN_POINT('',(0.0,0.0,20.000000000000007));
#2441=DIRECTION('',(0.0,0.0,-1.0));
#2442=DIRECTION('',(-1.0,0.0,0.0));
#2443=AXIS2_PLACEMENT_3D('',#2440,#2441,#2442);
#2444=CIRCLE('',#2443,0.590551170000005);
#2445=EDGE_CURVE('',#2439,#2430,#2444,.T.);
#2446=ORIENTED_EDGE('',*,*,#2445,.F.);
#2447=CARTESIAN_POINT('',(-0.463057578530230,0.331694724427950,20.000000000000007));
#2448=VERTEX_POINT('',#2447);
#2449=CARTESIAN_POINT('',(-0.425023246312165,0.382692646337641,20.000000000000007));
#2450=DIRECTION('',(0.0,0.0,-1.0));
#2451=DIRECTION('',(-1.0,0.0,0.0));
#2452=AXIS2_PLACEMENT_3D('',#2449,#2450,#2451);
#2453=CIRCLE('',#2452,0.063619167445692);
#2454=EDGE_CURVE('',#2439,#2448,#2453,.F.);
#2455=ORIENTED_EDGE('',*,*,#2454,.T.);
#2456=CARTESIAN_POINT('',(-0.426869578601320,0.298303653340408,20.000000000000007));
#2457=VERTEX_POINT('',#2456);
#2458=CARTESIAN_POINT('',(-0.604280521171386,0.142337416742428,20.000000000000007));
#2459=DIRECTION('',(0.0,0.0,-1.0));
#2460=DIRECTION('',(-1.0,0.0,0.0));
#2461=AXIS2_PLACEMENT_3D('',#2458,#2459,#2460);
#2462=CIRCLE('',#2461,0.236220468000002);
#2463=EDGE_CURVE('',#2457,#2448,#2462,.F.);
#2464=ORIENTED_EDGE('',*,*,#2463,.F.);
#2465=CARTESIAN_POINT('',(-0.456438068513004,0.272309279986380,20.000000000000007));
#2466=DIRECTION('',(0.0,0.0,-1.0));
#2467=DIRECTION('',(-1.0,0.0,0.0));
#2468=AXIS2_PLACEMENT_3D('',#2465,#2466,#2467);
#2469=CIRCLE('',#2468,0.039370078000000);
#2470=EDGE_CURVE('',#581,#2457,#2469,.F.);
#2471=ORIENTED_EDGE('',*,*,#2470,.F.);
#2472=ORIENTED_EDGE('',*,*,#610,.F.);
#2473=CARTESIAN_POINT('',(-0.429672030882882,0.239937327539263,20.000000000000007));
#2474=VERTEX_POINT('',#2473);
#2475=CARTESIAN_POINT('',(0.0,0.0,20.000000000000007));
#2476=DIRECTION('',(0.0,0.0,-1.0));
#2477=DIRECTION('',(-1.0,0.0,0.0));
#2478=AXIS2_PLACEMENT_3D('',#2475,#2476,#2477);
#2479=CIRCLE('',#2478,0.492125975000004);
#2480=EDGE_CURVE('',#598,#2474,#2479,.F.);
#2481=ORIENTED_EDGE('',*,*,#2480,.T.);
#2482=CARTESIAN_POINT('',(-0.471773328627713,0.220528071999373,20.000000000000007));
#2483=VERTEX_POINT('',#2482);
#2484=CARTESIAN_POINT('',(-0.464045788410955,0.259132322593375,20.000000000000007));
#2485=DIRECTION('',(0.0,0.0,-1.0));
#2486=DIRECTION('',(-1.0,0.0,0.0));
#2487=AXIS2_PLACEMENT_3D('',#2484,#2485,#2486);
#2488=CIRCLE('',#2487,0.039370078000000);
#2489=EDGE_CURVE('',#2483,#2474,#2488,.F.);
#2490=ORIENTED_EDGE('',*,*,#2489,.F.);
#2491=CARTESIAN_POINT('',(-0.518784846920999,0.235172264208114,20.000000000000007));
#2492=VERTEX_POINT('',#2491);
#2493=CARTESIAN_POINT('',(-0.425408079393686,0.452153573975304,20.000000000000007));
#2494=DIRECTION('',(0.0,0.0,-1.0));
#2495=DIRECTION('',(-1.0,0.0,0.0));
#2496=AXIS2_PLACEMENT_3D('',#2493,#2494,#2495);
#2497=CIRCLE('',#2496,0.236220468000002);
#2498=EDGE_CURVE('',#2492,#2483,#2497,.F.);
#2499=ORIENTED_EDGE('',*,*,#2498,.F.);
#2500=CARTESIAN_POINT('',(-0.539495340709689,0.240198800579699,19.999999999532893));
#2501=VERTEX_POINT('',#2500);
#2502=CARTESIAN_POINT('',(-0.543933176725974,0.176734605336446,20.000000000000007));
#2503=DIRECTION('',(0.0,0.0,-1.0));
#2504=DIRECTION('',(-1.0,0.0,0.0));
#2505=AXIS2_PLACEMENT_3D('',#2502,#2503,#2504);
#2506=CIRCLE('',#2505,0.063619167445692);
#2507=EDGE_CURVE('',#2492,#2501,#2506,.F.);
#2508=ORIENTED_EDGE('',*,*,#2507,.T.);
#2509=CARTESIAN_POINT('',(-0.577646210046047,0.122782492269108,20.000000000000007));
#2510=VERTEX_POINT('',#2509);
#2511=CARTESIAN_POINT('',(0.0,0.0,20.000000000000007));
#2512=DIRECTION('',(0.0,0.0,-1.0));
#2513=DIRECTION('',(-1.0,0.0,0.0));
#2514=AXIS2_PLACEMENT_3D('',#2511,#2512,#2513);
#2515=CIRCLE('',#2514,0.590551170000005);
#2516=EDGE_CURVE('',#2510,#2501,#2515,.T.);
#2517=ORIENTED_EDGE('',*,*,#2516,.F.);
#2518=CARTESIAN_POINT('',(-0.557936546233054,0.114675723782973,20.000000000000007));
#2519=VERTEX_POINT('',#2518);
#2520=CARTESIAN_POINT('',(-0.543933178362159,0.176734600300786,20.000000000000007));
#2521=DIRECTION('',(0.0,0.0,-1.0));
#2522=DIRECTION('',(-1.0,0.0,0.0));
#2523=AXIS2_PLACEMENT_3D('',#2520,#2521,#2522);
#2524=CIRCLE('',#2523,0.063619167445692);
#2525=EDGE_CURVE('',#2510,#2519,#2524,.F.);
#2526=ORIENTED_EDGE('',*,*,#2525,.T.);
#2527=CARTESIAN_POINT('',(-0.511295788098482,0.098890446690112,20.000000000000007));
#2528=VERTEX_POINT('',#2527);
#2529=CARTESIAN_POINT('',(-0.609931568327922,-0.115751330139734,20.000000000000007));
#2530=DIRECTION('',(0.0,0.0,-1.0));
#2531=DIRECTION('',(-1.0,0.0,0.0));
#2532=AXIS2_PLACEMENT_3D('',#2529,#2530,#2531);
#2533=CIRCLE('',#2532,0.236220468000002);
#2534=EDGE_CURVE('',#2528,#2519,#2533,.F.);
#2535=ORIENTED_EDGE('',*,*,#2534,.F.);
#2536=CARTESIAN_POINT('',(-0.527735086605266,0.063116818046502,20.000000000000007));
#2537=DIRECTION('',(0.0,0.0,-1.0));
#2538=DIRECTION('',(-1.0,0.0,0.0));
#2539=AXIS2_PLACEMENT_3D('',#2536,#2537,#2538);
#2540=CIRCLE('',#2539,0.039370078000000);
#2541=EDGE_CURVE('',#1097,#2528,#2540,.F.);
#2542=ORIENTED_EDGE('',*,*,#2541,.F.);
#2543=ORIENTED_EDGE('',*,*,#1126,.F.);
#2544=CARTESIAN_POINT('',(-0.490116234393587,0.044430305575759,20.000000000000007));
#2545=VERTEX_POINT('',#2544);
#2546=CARTESIAN_POINT('',(0.0,0.0,20.000000000000007));
#2547=DIRECTION('',(0.0,0.0,-1.0));
#2548=DIRECTION('',(-1.0,0.0,0.0));
#2549=AXIS2_PLACEMENT_3D('',#2546,#2547,#2548);
#2550=CIRCLE('',#2549,0.492125975000004);
#2551=EDGE_CURVE('',#1114,#2545,#2550,.F.);
#2552=ORIENTED_EDGE('',*,*,#2551,.T.);
#2553=CARTESIAN_POINT('',(-0.520683229113778,0.009574918478976,20.000000000000007));
#2554=VERTEX_POINT('',#2553);
#2555=CARTESIAN_POINT('',(-0.529325533145074,0.047984730021820,20.000000000000007));
#2556=DIRECTION('',(0.0,0.0,-1.0));
#2557=DIRECTION('',(-1.0,0.0,0.0));
#2558=AXIS2_PLACEMENT_3D('',#2555,#2556,#2557);
#2559=CIRCLE('',#2558,0.039370078000000);
#2560=EDGE_CURVE('',#2554,#2545,#2559,.F.);
#2561=ORIENTED_EDGE('',*,*,#2560,.F.);
#2562=CARTESIAN_POINT('',(-0.569586717687035,0.003831746615607,20.000000000000007));
#2563=VERTEX_POINT('',#2562);
#2564=CARTESIAN_POINT('',(-0.572537045408005,0.240033789512106,20.000000000000007));
#2565=DIRECTION('',(0.0,0.0,-1.0));
#2566=DIRECTION('',(-1.0,0.0,0.0));
#2567=AXIS2_PLACEMENT_3D('',#2564,#2565,#2566);
#2568=CIRCLE('',#2567,0.236220468000002);
#2569=EDGE_CURVE('',#2563,#2554,#2568,.F.);
#2570=ORIENTED_EDGE('',*,*,#2569,.F.);
#2571=CARTESIAN_POINT('',(-0.590551171743304,0.0,19.999999999532893));
#2572=VERTEX_POINT('',#2571);
#2573=CARTESIAN_POINT('',(-0.568792122948997,-0.059782458445712,20.000000000000007));
#2574=DIRECTION('',(0.0,0.0,-1.0));
#2575=DIRECTION('',(-1.0,0.0,0.0));
#2576=AXIS2_PLACEMENT_3D('',#2573,#2574,#2575);
#2577=CIRCLE('',#2576,0.063619167445692);
#2578=EDGE_CURVE('',#2563,#2572,#2577,.F.);
#2579=ORIENTED_EDGE('',*,*,#2578,.T.);
#2580=CARTESIAN_POINT('',(0.0,0.0,20.000000000000007));
#2581=DIRECTION('',(0.0,0.0,-1.0));
#2582=DIRECTION('',(-1.0,0.0,0.0));
#2583=AXIS2_PLACEMENT_3D('',#2580,#2581,#2582);
#2584=CIRCLE('',#2583,0.590551170000005);
#2585=EDGE_CURVE('',#527,#2572,#2584,.T.);
#2586=ORIENTED_EDGE('',*,*,#2585,.F.);
#2587=ORIENTED_EDGE('',*,*,#568,.F.);
#2588=CARTESIAN_POINT('',(-0.556343216397780,-0.122171751300325,20.000000000000007));
#2589=VERTEX_POINT('',#2588);
#2590=CARTESIAN_POINT('',(-0.568792122395540,-0.059782463711509,20.000000000000007));
#2591=DIRECTION('',(0.0,0.0,-1.0));
#2592=DIRECTION('',(-1.0,0.0,0.0));
#2593=AXIS2_PLACEMENT_3D('',#2590,#2591,#2592);
#2594=CIRCLE('',#2593,0.063619167445692);
#2595=EDGE_CURVE('',#553,#2589,#2594,.F.);
#2596=ORIENTED_EDGE('',*,*,#2595,.T.);
#2597=CARTESIAN_POINT('',(-0.507314313048165,-0.117621814091972,20.000000000000007));
#2598=VERTEX_POINT('',#2597);
#2599=CARTESIAN_POINT('',(-0.510119906266207,-0.353825620472898,20.000000000000007));
#2600=DIRECTION('',(0.0,0.0,-1.0));
#2601=DIRECTION('',(-1.0,0.0,0.0));
#2602=AXIS2_PLACEMENT_3D('',#2599,#2600,#2601);
#2603=CIRCLE('',#2602,0.236220468000002);
#2604=EDGE_CURVE('',#2598,#2589,#2603,.F.);
#2605=ORIENTED_EDGE('',*,*,#2604,.F.);
#2606=CARTESIAN_POINT('',(-0.470168438796967,-0.145360291788802,20.000000000000007));
#2607=VERTEX_POINT('',#2606);
#2608=CARTESIAN_POINT('',(-0.507781913900728,-0.156989115131906,20.000000000000007));
#2609=DIRECTION('',(0.0,0.0,-1.0));
#2610=DIRECTION('',(-1.0,0.0,0.0));
#2611=AXIS2_PLACEMENT_3D('',#2608,#2609,#2610);
#2612=CIRCLE('',#2611,0.039370078000000);
#2613=EDGE_CURVE('',#2607,#2598,#2612,.F.);
#2614=ORIENTED_EDGE('',*,*,#2613,.F.);
#2615=CARTESIAN_POINT('',(-0.465814889959782,-0.158759136938506,20.000000000000007));
#2616=VERTEX_POINT('',#2615);
#2617=CARTESIAN_POINT('',(0.0,0.0,20.000000000000007));
#2618=DIRECTION('',(0.0,0.0,-1.0));
#2619=DIRECTION('',(-1.0,0.0,0.0));
#2620=AXIS2_PLACEMENT_3D('',#2617,#2618,#2619);
#2621=CIRCLE('',#2620,0.492125975000004);
#2622=EDGE_CURVE('',#2607,#2616,#2621,.F.);
#2623=ORIENTED_EDGE('',*,*,#2622,.T.);
#2624=CARTESIAN_POINT('',(-0.503080084426902,-0.171459858298095,20.000000000000007));
#2625=DIRECTION('',(0.0,0.0,-1.0));
#2626=DIRECTION('',(-1.0,0.0,0.0));
#2627=AXIS2_PLACEMENT_3D('',#2624,#2625,#2626);
#2628=CIRCLE('',#2627,0.039370078000000);
#2629=EDGE_CURVE('',#1055,#2616,#2628,.F.);
#2630=ORIENTED_EDGE('',*,*,#2629,.F.);
#2631=ORIENTED_EDGE('',*,*,#1084,.F.);
#2632=CARTESIAN_POINT('',(-0.521901870432100,-0.228171314777062,20.000000000000007));
#2633=VERTEX_POINT('',#2632);
#2634=CARTESIAN_POINT('',(-0.620669154935520,-0.013590017796260,20.000000000000007));
#2635=DIRECTION('',(0.0,0.0,-1.0));
#2636=DIRECTION('',(-1.0,0.0,0.0));
#2637=AXIS2_PLACEMENT_3D('',#2634,#2635,#2636);
#2638=CIRCLE('',#2637,0.236220468000002);
#2639=EDGE_CURVE('',#2633,#1072,#2638,.F.);
#2640=ORIENTED_EDGE('',*,*,#2639,.F.);
#2641=CARTESIAN_POINT('',(-0.539495338859028,-0.240198800450289,20.000000000000007));
#2642=VERTEX_POINT('',#2641);
#2643=CARTESIAN_POINT('',(-0.495301743799922,-0.285962592056018,20.000000000000007));
#2644=DIRECTION('',(0.0,0.0,-1.0));
#2645=DIRECTION('',(-1.0,0.0,0.0));
#2646=AXIS2_PLACEMENT_3D('',#2643,#2644,#2645);
#2647=CIRCLE('',#2646,0.063619167445692);
#2648=EDGE_CURVE('',#2633,#2642,#2647,.F.);
#2649=ORIENTED_EDGE('',*,*,#2648,.T.);
#2650=CARTESIAN_POINT('',(-0.477765932578012,-0.347117268450068,20.000000000000007));
#2651=VERTEX_POINT('',#2650);
#2652=CARTESIAN_POINT('',(0.0,0.0,20.000000000000007));
#2653=DIRECTION('',(0.0,0.0,-1.0));
#2654=DIRECTION('',(-1.0,0.0,0.0));
#2655=AXIS2_PLACEMENT_3D('',#2652,#2653,#2654);
#2656=CIRCLE('',#2655,0.590551170000005);
#2657=EDGE_CURVE('',#2651,#2642,#2656,.T.);
#2658=ORIENTED_EDGE('',*,*,#2657,.F.);
#2659=CARTESIAN_POINT('',(-0.458553090227879,-0.337894620688280,20.000000000000007));
#2660=VERTEX_POINT('',#2659);
#2661=CARTESIAN_POINT('',(-0.495301741152521,-0.285962596641451,20.000000000000007));
#2662=DIRECTION('',(0.0,0.0,-1.0));
#2663=DIRECTION('',(-1.0,0.0,0.0));
#2664=AXIS2_PLACEMENT_3D('',#2661,#2662,#2663);
#2665=CIRCLE('',#2664,0.063619167445692);
#2666=EDGE_CURVE('',#2651,#2660,#2665,.F.);
#2667=ORIENTED_EDGE('',*,*,#2666,.T.);
#2668=CARTESIAN_POINT('',(-0.415613587513527,-0.313796195970633,20.000000000000007));
#2669=VERTEX_POINT('',#2668);
#2670=CARTESIAN_POINT('',(-0.322103878117207,-0.530720246621448,20.000000000000007));
#2671=DIRECTION('',(0.0,0.0,-1.0));
#2672=DIRECTION('',(-1.0,0.0,0.0));
#2673=AXIS2_PLACEMENT_3D('',#2670,#2671,#2672);
#2674=CIRCLE('',#2673,0.236220468000002);
#2675=EDGE_CURVE('',#2669,#2660,#2674,.F.);
#2676=ORIENTED_EDGE('',*,*,#2675,.F.);
#2677=CARTESIAN_POINT('',(-0.370396884471188,-0.324027966761732,20.000000000000007));
#2678=VERTEX_POINT('',#2677);
#2679=CARTESIAN_POINT('',(-0.400028635228882,-0.349950204102671,20.000000000000007));
#2680=DIRECTION('',(0.0,0.0,-1.0));
#2681=DIRECTION('',(-1.0,0.0,0.0));
#2682=AXIS2_PLACEMENT_3D('',#2679,#2680,#2681);
#2683=CIRCLE('',#2682,0.039370078000000);
#2684=EDGE_CURVE('',#2678,#2669,#2683,.F.);
#2685=ORIENTED_EDGE('',*,*,#2684,.F.);
#2686=CARTESIAN_POINT('',(-0.360969918409069,-0.334497673046398,20.000000000000007));
#2687=VERTEX_POINT('',#2686);
#2688=CARTESIAN_POINT('',(0.0,0.0,20.000000000000007));
#2689=DIRECTION('',(0.0,0.0,-1.0));
#2690=DIRECTION('',(-1.0,0.0,0.0));
#2691=AXIS2_PLACEMENT_3D('',#2688,#2689,#2690);
#2692=CIRCLE('',#2691,0.492125975000004);
#2693=EDGE_CURVE('',#2678,#2687,#2692,.F.);
#2694=ORIENTED_EDGE('',*,*,#2693,.T.);
#2695=CARTESIAN_POINT('',(-0.389847518772234,-0.361257479454357,20.000000000000007));
#2696=DIRECTION('',(0.0,0.0,-1.0));
#2697=DIRECTION('',(-1.0,0.0,0.0));
#2698=AXIS2_PLACEMENT_3D('',#2695,#2696,#2697);
#2699=CIRCLE('',#2698,0.039370078000000);
#2700=EDGE_CURVE('',#833,#2687,#2699,.F.);
#2701=ORIENTED_EDGE('',*,*,#2700,.F.);
#2702=ORIENTED_EDGE('',*,*,#862,.F.);
#2703=CARTESIAN_POINT('',(-0.383975448449807,-0.420721482973459,20.000000000000007));
#2704=VERTEX_POINT('',#2703);
#2705=CARTESIAN_POINT('',(-0.561481928972416,-0.264863987566229,20.000000000000007));
#2706=DIRECTION('',(0.0,0.0,-1.0));
#2707=DIRECTION('',(-1.0,0.0,0.0));
#2708=AXIS2_PLACEMENT_3D('',#2705,#2706,#2707);
#2709=CIRCLE('',#2708,0.236220468000002);
#2710=EDGE_CURVE('',#2704,#850,#2709,.F.);
#2711=ORIENTED_EDGE('',*,*,#2710,.F.);
#2712=CARTESIAN_POINT('',(-0.395155862468038,-0.438865046165124,20.000000000000007));
#2713=VERTEX_POINT('',#2712);
#2714=CARTESIAN_POINT('',(-0.336169193472755,-0.462697195611253,20.000000000000007));
#2715=DIRECTION('',(0.0,0.0,-1.0));
#2716=DIRECTION('',(-1.0,0.0,0.0));
#2717=AXIS2_PLACEMENT_3D('',#2714,#2715,#2716);
#2718=CIRCLE('',#2717,0.063619167445692);
#2719=EDGE_CURVE('',#2704,#2713,#2718,.F.);
#2720=ORIENTED_EDGE('',*,*,#2719,.T.);
#2721=CARTESIAN_POINT('',(-0.295275585000003,-0.511432315454628,20.000000000000007));
#2722=VERTEX_POINT('',#2721);
#2723=CARTESIAN_POINT('',(0.0,0.0,20.000000000000007));
#2724=DIRECTION('',(0.0,0.0,-1.0));
#2725=DIRECTION('',(-1.0,0.0,0.0));
#2726=AXIS2_PLACEMENT_3D('',#2723,#2724,#2725);
#2727=CIRCLE('',#2726,0.590551170000005);
#2728=EDGE_CURVE('',#2722,#2713,#2727,.T.);
#2729=ORIENTED_EDGE('',*,*,#2728,.F.);
#2730=CARTESIAN_POINT('',(-0.281474968933536,-0.495192440482969,20.000000000000007));
#2731=VERTEX_POINT('',#2730);
#2732=CARTESIAN_POINT('',(-0.336169189189172,-0.462697198723454,20.000000000000007));
#2733=DIRECTION('',(0.0,0.0,-1.0));
#2734=DIRECTION('',(-1.0,0.0,0.0));
#2735=AXIS2_PLACEMENT_3D('',#2732,#2733,#2734);
#2736=CIRCLE('',#2735,0.063619167445692);
#2737=EDGE_CURVE('',#2722,#2731,#2736,.F.);
#2738=ORIENTED_EDGE('',*,*,#2737,.T.);
#2739=CARTESIAN_POINT('',(-0.252049493648477,-0.455712364856442,20.000000000000007));
#2740=VERTEX_POINT('',#2739);
#2741=CARTESIAN_POINT('',(-0.078393163219884,-0.615848520687065,20.000000000000007));
#2742=DIRECTION('',(0.0,0.0,-1.0));
#2743=DIRECTION('',(-1.0,0.0,0.0));
#2744=AXIS2_PLACEMENT_3D('',#2741,#2742,#2743);
#2745=CIRCLE('',#2744,0.236220468000002);
#2746=EDGE_CURVE('',#2740,#2731,#2745,.F.);
#2747=ORIENTED_EDGE('',*,*,#2746,.F.);
#2748=CARTESIAN_POINT('',(-0.206580343870281,-0.446668262579892,20.000000000000007));
#2749=VERTEX_POINT('',#2748);
#2750=CARTESIAN_POINT('',(-0.223106771379904,-0.482401723586285,20.000000000000007));
#2751=DIRECTION('',(0.0,0.0,-1.0));
#2752=DIRECTION('',(-1.0,0.0,0.0));
#2753=AXIS2_PLACEMENT_3D('',#2750,#2751,#2752);
#2754=CIRCLE('',#2753,0.039370078000000);
#2755=EDGE_CURVE('',#2749,#2740,#2754,.F.);
#2756=ORIENTED_EDGE('',*,*,#2755,.F.);
#2757=CARTESIAN_POINT('',(-0.193709977285484,-0.452398518973884,20.000000000000007));
#2758=VERTEX_POINT('',#2757);
#2759=CARTESIAN_POINT('',(0.0,0.0,20.000000000000007));
#2760=DIRECTION('',(0.0,0.0,-1.0));
#2761=DIRECTION('',(-1.0,0.0,0.0));
#2762=AXIS2_PLACEMENT_3D('',#2759,#2760,#2761);
#2763=CIRCLE('',#2762,0.492125975000004);
#2764=EDGE_CURVE('',#2749,#2758,#2763,.F.);
#2765=ORIENTED_EDGE('',*,*,#2764,.T.);
#2766=CARTESIAN_POINT('',(-0.209206775468323,-0.488590400491792,20.000000000000007));
#2767=DIRECTION('',(0.0,0.0,-1.0));
#2768=DIRECTION('',(-1.0,0.0,0.0));
#2769=AXIS2_PLACEMENT_3D('',#2766,#2767,#2768);
#2770=CIRCLE('',#2769,0.039370078000000);
#2771=EDGE_CURVE('',#149,#2758,#2770,.F.);
#2772=ORIENTED_EDGE('',*,*,#2771,.F.);
#2773=ORIENTED_EDGE('',*,*,#178,.F.);
#2774=CARTESIAN_POINT('',(-0.179656183123105,-0.540525084629062,20.000000000000007));
#2775=VERTEX_POINT('',#2774);
#2776=CARTESIAN_POINT('',(-0.405209376586811,-0.470340567672196,20.000000000000007));
#2777=DIRECTION('',(0.0,0.0,-1.0));
#2778=DIRECTION('',(-1.0,0.0,0.0));
#2779=AXIS2_PLACEMENT_3D('',#2776,#2777,#2778);
#2780=CIRCLE('',#2779,0.236220468000002);
#2781=EDGE_CURVE('',#2775,#166,#2780,.F.);
#2782=ORIENTED_EDGE('',*,*,#2781,.F.);
#2783=CARTESIAN_POINT('',(-0.118909935592909,-0.559427250573237,20.000000000000007));
#2784=DIRECTION('',(0.0,0.0,-1.0));
#2785=DIRECTION('',(-1.0,0.0,0.0));
#2786=AXIS2_PLACEMENT_3D('',#2783,#2784,#2785);
#2787=CIRCLE('',#2786,0.063619167445692);
#2788=EDGE_CURVE('',#2775,#191,#2787,.F.);
#2789=ORIENTED_EDGE('',*,*,#2788,.T.);
#2790=ORIENTED_EDGE('',*,*,#220,.T.);
#2791=CARTESIAN_POINT('',(-0.061729406281016,-0.587316068900357,20.000000000000007));
#2792=VERTEX_POINT('',#2791);
#2793=CARTESIAN_POINT('',(0.0,0.0,20.000000000000007));
#2794=DIRECTION('',(0.0,0.0,-1.0));
#2795=DIRECTION('',(-1.0,0.0,0.0));
#2796=AXIS2_PLACEMENT_3D('',#2793,#2794,#2795);
#2797=CIRCLE('',#2796,0.590551170000005);
#2798=EDGE_CURVE('',#2792,#208,#2797,.T.);
#2799=ORIENTED_EDGE('',*,*,#2798,.F.);
#2800=CARTESIAN_POINT('',(-0.055727268390768,-0.566866988636063,20.000000000000007));
#2801=VERTEX_POINT('',#2800);
#2802=CARTESIAN_POINT('',(-0.118909930413809,-0.559427251674087,20.000000000000007));
#2803=DIRECTION('',(0.0,0.0,-1.0));
#2804=DIRECTION('',(-1.0,0.0,0.0));
#2805=AXIS2_PLACEMENT_3D('',#2802,#2803,#2804);
#2806=CIRCLE('',#2805,0.063619167445692);
#2807=EDGE_CURVE('',#2792,#2801,#2806,.F.);
#2808=ORIENTED_EDGE('',*,*,#2807,.T.);
#2809=CARTESIAN_POINT('',(-0.044903752533841,-0.518831725841704,20.000000000000007));
#2810=VERTEX_POINT('',#2809);
#2811=CARTESIAN_POINT('',(0.178872441777711,-0.594490990717736,20.000000000000007));
#2812=DIRECTION('',(0.0,0.0,-1.0));
#2813=DIRECTION('',(-1.0,0.0,0.0));
#2814=AXIS2_PLACEMENT_3D('',#2811,#2812,#2813);
#2815=CIRCLE('',#2814,0.236220468000002);
#2816=EDGE_CURVE('',#2810,#2801,#2815,.F.);
#2817=ORIENTED_EDGE('',*,*,#2816,.F.);
#2818=CARTESIAN_POINT('',(-0.007044185090696,-0.492075557944216,20.000000000000007));
#2819=VERTEX_POINT('',#2818);
#2820=CARTESIAN_POINT('',(-0.007607719897951,-0.531441602579753,20.000000000000007));
#2821=DIRECTION('',(0.0,0.0,-1.0));
#2822=DIRECTION('',(-1.0,0.0,0.0));
#2823=AXIS2_PLACEMENT_3D('',#2820,#2821,#2822);
#2824=CIRCLE('',#2823,0.039370078000000);
#2825=EDGE_CURVE('',#2819,#2810,#2824,.F.);
#2826=ORIENTED_EDGE('',*,*,#2825,.F.);
#2827=CARTESIAN_POINT('',(0.007044175705099,-0.492075558078574,20.000000000000007));
#2828=VERTEX_POINT('',#2827);
#2829=CARTESIAN_POINT('',(6.416641E-015,0.0,20.000000000000007));
#2830=DIRECTION('',(0.0,0.0,-1.0));
#2831=DIRECTION('',(-1.0,0.0,0.0));
#2832=AXIS2_PLACEMENT_3D('',#2829,#2830,#2831);
#2833=CIRCLE('',#2832,0.492125975000004);
#2834=EDGE_CURVE('',#2819,#2828,#2833,.F.);
#2835=ORIENTED_EDGE('',*,*,#2834,.T.);
#2836=CARTESIAN_POINT('',(0.044903752533840,-0.518831725841704,20.000000000000007));
#2837=VERTEX_POINT('',#2836);
#2838=CARTESIAN_POINT('',(0.007607719897951,-0.531441602579753,20.000000000000007));
#2839=DIRECTION('',(0.0,0.0,-1.0));
#2840=DIRECTION('',(-1.0,0.0,0.0));
#2841=AXIS2_PLACEMENT_3D('',#2838,#2839,#2840);
#2842=CIRCLE('',#2841,0.039370078000000);
#2843=EDGE_CURVE('',#2837,#2828,#2842,.F.);
#2844=ORIENTED_EDGE('',*,*,#2843,.F.);
#2845=CARTESIAN_POINT('',(0.055727268390768,-0.566866988636063,20.000000000000007));
#2846=VERTEX_POINT('',#2845);
#2847=CARTESIAN_POINT('',(-0.178872441777707,-0.594490990717732,20.000000000000007));
#2848=DIRECTION('',(0.0,0.0,-1.0));
#2849=DIRECTION('',(-1.0,0.0,0.0));
#2850=AXIS2_PLACEMENT_3D('',#2847,#2848,#2849);
#2851=CIRCLE('',#2850,0.236220468000002);
#2852=EDGE_CURVE('',#2846,#2837,#2851,.F.);
#2853=ORIENTED_EDGE('',*,*,#2852,.F.);
#2854=CARTESIAN_POINT('',(0.061729406281015,-0.587316068900357,20.000000000000007));
#2855=VERTEX_POINT('',#2854);
#2856=CARTESIAN_POINT('',(0.118909930413807,-0.559427251674087,20.000000000000007));
#2857=DIRECTION('',(0.0,0.0,-1.0));
#2858=DIRECTION('',(-1.0,0.0,0.0));
#2859=AXIS2_PLACEMENT_3D('',#2856,#2857,#2858);
#2860=CIRCLE('',#2859,0.063619167445692);
#2861=EDGE_CURVE('',#2846,#2855,#2860,.F.);
#2862=ORIENTED_EDGE('',*,*,#2861,.T.);
#2863=CARTESIAN_POINT('',(0.0,0.0,20.000000000000007));
#2864=DIRECTION('',(0.0,0.0,-1.0));
#2865=DIRECTION('',(-1.0,0.0,0.0));
#2866=AXIS2_PLACEMENT_3D('',#2863,#2864,#2865);
#2867=CIRCLE('',#2866,0.590551170000005);
#2868=EDGE_CURVE('',#241,#2855,#2867,.T.);
#2869=ORIENTED_EDGE('',*,*,#2868,.F.);
#2870=ORIENTED_EDGE('',*,*,#247,.T.);
#2871=CARTESIAN_POINT('',(0.179656183123104,-0.540525084629062,20.000000000000007));
#2872=VERTEX_POINT('',#2871);
#2873=CARTESIAN_POINT('',(0.118909935592904,-0.559427250573237,20.000000000000007));
#2874=DIRECTION('',(0.0,0.0,-1.0));
#2875=DIRECTION('',(-1.0,0.0,0.0));
#2876=AXIS2_PLACEMENT_3D('',#2873,#2874,#2875);
#2877=CIRCLE('',#2876,0.063619167445692);
#2878=EDGE_CURVE('',#231,#2872,#2877,.F.);
#2879=ORIENTED_EDGE('',*,*,#2878,.T.);
#2880=CARTESIAN_POINT('',(0.405209376586788,-0.470340567672204,20.000000000000007));
#2881=DIRECTION('',(0.0,0.0,-1.0));
#2882=DIRECTION('',(-1.0,0.0,0.0));
#2883=AXIS2_PLACEMENT_3D('',#2880,#2881,#2882);
#2884=CIRCLE('',#2883,0.236220468000002);
#2885=EDGE_CURVE('',#283,#2872,#2884,.F.);
#2886=ORIENTED_EDGE('',*,*,#2885,.F.);
#2887=ORIENTED_EDGE('',*,*,#289,.F.);
#2888=CARTESIAN_POINT('',(0.193709977285484,-0.452398518973884,20.000000000000007));
#2889=VERTEX_POINT('',#2888);
#2890=CARTESIAN_POINT('',(0.209206775468322,-0.488590400491792,20.000000000000007));
#2891=DIRECTION('',(0.0,0.0,-1.0));
#2892=DIRECTION('',(-1.0,0.0,0.0));
#2893=AXIS2_PLACEMENT_3D('',#2890,#2891,#2892);
#2894=CIRCLE('',#2893,0.039370078000000);
#2895=EDGE_CURVE('',#2889,#273,#2894,.F.);
#2896=ORIENTED_EDGE('',*,*,#2895,.F.);
#2897=CARTESIAN_POINT('',(0.206580335350760,-0.446668266520101,20.000000000000007));
#2898=VERTEX_POINT('',#2897);
#2899=CARTESIAN_POINT('',(0.0,0.0,20.000000000000007));
#2900=DIRECTION('',(0.0,0.0,-1.0));
#2901=DIRECTION('',(-1.0,0.0,0.0));
#2902=AXIS2_PLACEMENT_3D('',#2899,#2900,#2901);
#2903=CIRCLE('',#2902,0.492125975000004);
#2904=EDGE_CURVE('',#2889,#2898,#2903,.F.);
#2905=ORIENTED_EDGE('',*,*,#2904,.T.);
#2906=CARTESIAN_POINT('',(0.252049493648476,-0.455712364856438,20.000000000000007));
#2907=VERTEX_POINT('',#2906);
#2908=CARTESIAN_POINT('',(0.223106771379903,-0.482401723586285,20.000000000000007));
#2909=DIRECTION('',(0.0,0.0,-1.0));
#2910=DIRECTION('',(-1.0,0.0,0.0));
#2911=AXIS2_PLACEMENT_3D('',#2908,#2909,#2910);
#2912=CIRCLE('',#2911,0.039370078000000);
#2913=EDGE_CURVE('',#2907,#2898,#2912,.F.);
#2914=ORIENTED_EDGE('',*,*,#2913,.F.);
#2915=CARTESIAN_POINT('',(0.281474968933536,-0.495192440482969,20.000000000000007));
#2916=VERTEX_POINT('',#2915);
#2917=CARTESIAN_POINT('',(0.078393163219871,-0.615848520687073,20.000000000000007));
#2918=DIRECTION('',(0.0,0.0,-1.0));
#2919=DIRECTION('',(-1.0,0.0,0.0));
#2920=AXIS2_PLACEMENT_3D('',#2917,#2918,#2919);
#2921=CIRCLE('',#2920,0.236220468000002);
#2922=EDGE_CURVE('',#2916,#2907,#2921,.F.);
#2923=ORIENTED_EDGE('',*,*,#2922,.F.);
#2924=CARTESIAN_POINT('',(0.295275585000003,-0.511432315454628,20.000000000000007));
#2925=VERTEX_POINT('',#2924);
#2926=CARTESIAN_POINT('',(0.336169189189170,-0.462697198723458,20.000000000000007));
#2927=DIRECTION('',(0.0,0.0,-1.0));
#2928=DIRECTION('',(-1.0,0.0,0.0));
#2929=AXIS2_PLACEMENT_3D('',#2926,#2927,#2928);
#2930=CIRCLE('',#2929,0.063619167445692);
#2931=EDGE_CURVE('',#2916,#2925,#2930,.F.);
#2932=ORIENTED_EDGE('',*,*,#2931,.T.);
#2933=CARTESIAN_POINT('',(0.395155862468038,-0.438865046165124,20.000000000000007));
#2934=VERTEX_POINT('',#2933);
#2935=CARTESIAN_POINT('',(0.0,0.0,20.000000000000007));
#2936=DIRECTION('',(0.0,0.0,-1.0));
#2937=DIRECTION('',(-1.0,0.0,0.0));
#2938=AXIS2_PLACEMENT_3D('',#2935,#2936,#2937);
#2939=CIRCLE('',#2938,0.590551170000005);
#2940=EDGE_CURVE('',#2934,#2925,#2939,.T.);
#2941=ORIENTED_EDGE('',*,*,#2940,.F.);
#2942=CARTESIAN_POINT('',(0.383975448449806,-0.420721482973459,20.000000000000007));
#2943=VERTEX_POINT('',#2942);
#2944=CARTESIAN_POINT('',(0.336169193472750,-0.462697195611253,20.000000000000007));
#2945=DIRECTION('',(0.0,0.0,-1.0));
#2946=DIRECTION('',(-1.0,0.0,0.0));
#2947=AXIS2_PLACEMENT_3D('',#2944,#2945,#2946);
#2948=CIRCLE('',#2947,0.063619167445692);
#2949=EDGE_CURVE('',#2934,#2943,#2948,.F.);
#2950=ORIENTED_EDGE('',*,*,#2949,.T.);
#2951=CARTESIAN_POINT('',(0.561481928972412,-0.264863987566231,20.000000000000007));
#2952=DIRECTION('',(0.0,0.0,-1.0));
#2953=DIRECTION('',(-1.0,0.0,0.0));
#2954=AXIS2_PLACEMENT_3D('',#2951,#2952,#2953);
#2955=CIRCLE('',#2954,0.236220468000002);
#2956=EDGE_CURVE('',#325,#2943,#2955,.F.);
#2957=ORIENTED_EDGE('',*,*,#2956,.F.);
#2958=ORIENTED_EDGE('',*,*,#331,.F.);
#2959=CARTESIAN_POINT('',(0.360969924789106,-0.334497666161443,20.000000000000007));
#2960=VERTEX_POINT('',#2959);
#2961=CARTESIAN_POINT('',(0.389847518772234,-0.361257479454359,20.000000000000007));
#2962=DIRECTION('',(0.0,0.0,-1.0));
#2963=DIRECTION('',(-1.0,0.0,0.0));
#2964=AXIS2_PLACEMENT_3D('',#2961,#2962,#2963);
#2965=CIRCLE('',#2964,0.039370078000000);
#2966=EDGE_CURVE('',#2960,#315,#2965,.F.);
#2967=ORIENTED_EDGE('',*,*,#2966,.F.);
#2968=CARTESIAN_POINT('',(0.370396890651531,-0.324027959696973,20.000000000000007));
#2969=VERTEX_POINT('',#2968);
#2970=CARTESIAN_POINT('',(0.0,0.0,20.000000000000007));
#2971=DIRECTION('',(0.0,0.0,-1.0));
#2972=DIRECTION('',(-1.0,0.0,0.0));
#2973=AXIS2_PLACEMENT_3D('',#2970,#2971,#2972);
#2974=CIRCLE('',#2973,0.492125975000004);
#2975=EDGE_CURVE('',#2960,#2969,#2974,.F.);
#2976=ORIENTED_EDGE('',*,*,#2975,.T.);
#2977=CARTESIAN_POINT('',(0.415613587513527,-0.313796195970632,20.000000000000007));
#2978=VERTEX_POINT('',#2977);
#2979=CARTESIAN_POINT('',(0.400028635228882,-0.349950204102670,20.000000000000007));
#2980=DIRECTION('',(0.0,0.0,-1.0));
#2981=DIRECTION('',(-1.0,0.0,0.0));
#2982=AXIS2_PLACEMENT_3D('',#2979,#2980,#2981);
#2983=CIRCLE('',#2982,0.039370078000000);
#2984=EDGE_CURVE('',#2978,#2969,#2983,.F.);
#2985=ORIENTED_EDGE('',*,*,#2984,.F.);
#2986=CARTESIAN_POINT('',(0.458553090227879,-0.337894620688280,20.000000000000007));
#2987=VERTEX_POINT('',#2986);
#2988=CARTESIAN_POINT('',(0.322103878117211,-0.530720246621436,20.000000000000007));
#2989=DIRECTION('',(0.0,0.0,-1.0));
#2990=DIRECTION('',(-1.0,0.0,0.0));
#2991=AXIS2_PLACEMENT_3D('',#2988,#2989,#2990);
#2992=CIRCLE('',#2991,0.236220468000002);
#2993=EDGE_CURVE('',#2987,#2978,#2992,.F.);
#2994=ORIENTED_EDGE('',*,*,#2993,.F.);
#2995=CARTESIAN_POINT('',(0.477765932578012,-0.347117268450068,20.000000000000007));
#2996=VERTEX_POINT('',#2995);
#2997=CARTESIAN_POINT('',(0.495301741152521,-0.285962596641452,20.000000000000007));
#2998=DIRECTION('',(0.0,0.0,-1.0));
#2999=DIRECTION('',(-1.0,0.0,0.0));
#3000=AXIS2_PLACEMENT_3D('',#2997,#2998,#2999);
#3001=CIRCLE('',#3000,0.063619167445692);
#3002=EDGE_CURVE('',#2987,#2996,#3001,.F.);
#3003=ORIENTED_EDGE('',*,*,#3002,.T.);
#3004=CARTESIAN_POINT('',(0.539495341246264,-0.240198802755617,19.999999999164405));
#3005=VERTEX_POINT('',#3004);
#3006=CARTESIAN_POINT('',(0.0,0.0,20.000000000000007));
#3007=DIRECTION('',(0.0,0.0,-1.0));
#3008=DIRECTION('',(-1.0,0.0,0.0));
#3009=AXIS2_PLACEMENT_3D('',#3006,#3007,#3008);
#3010=CIRCLE('',#3009,0.590551170000005);
#3011=EDGE_CURVE('',#3005,#2996,#3010,.T.);
#3012=ORIENTED_EDGE('',*,*,#3011,.F.);
#3013=CARTESIAN_POINT('',(0.521901870432100,-0.228171314777063,20.000000000000007));
#3014=VERTEX_POINT('',#3013);
#3015=CARTESIAN_POINT('',(0.495301743799918,-0.285962592056022,20.000000000000007));
#3016=DIRECTION('',(0.0,0.0,-1.0));
#3017=DIRECTION('',(-1.0,0.0,0.0));
#3018=AXIS2_PLACEMENT_3D('',#3015,#3016,#3017);
#3019=CIRCLE('',#3018,0.063619167445692);
#3020=EDGE_CURVE('',#3005,#3014,#3019,.F.);
#3021=ORIENTED_EDGE('',*,*,#3020,.T.);
#3022=CARTESIAN_POINT('',(0.620669154935508,-0.013590017796280,20.000000000000007));
#3023=DIRECTION('',(0.0,0.0,-1.0));
#3024=DIRECTION('',(-1.0,0.0,0.0));
#3025=AXIS2_PLACEMENT_3D('',#3022,#3023,#3024);
#3026=CIRCLE('',#3025,0.236220468000002);
#3027=EDGE_CURVE('',#367,#3014,#3026,.F.);
#3028=ORIENTED_EDGE('',*,*,#3027,.F.);
#3029=ORIENTED_EDGE('',*,*,#373,.F.);
#3030=CARTESIAN_POINT('',(0.465814892987873,-0.158759128053793,20.000000000000007));
#3031=VERTEX_POINT('',#3030);
#3032=CARTESIAN_POINT('',(0.503080084426906,-0.171459858298096,20.000000000000007));
#3033=DIRECTION('',(0.0,0.0,-1.0));
#3034=DIRECTION('',(-1.0,0.0,0.0));
#3035=AXIS2_PLACEMENT_3D('',#3032,#3033,#3034);
#3036=CIRCLE('',#3035,0.039370078000000);
#3037=EDGE_CURVE('',#3031,#357,#3036,.F.);
#3038=ORIENTED_EDGE('',*,*,#3037,.F.);
#3039=CARTESIAN_POINT('',(0.470168441569495,-0.145360282821052,20.000000000000007));
#3040=VERTEX_POINT('',#3039);
#3041=CARTESIAN_POINT('',(0.0,0.0,20.000000000000007));
#3042=DIRECTION('',(0.0,0.0,-1.0));
#3043=DIRECTION('',(-1.0,0.0,0.0));
#3044=AXIS2_PLACEMENT_3D('',#3041,#3042,#3043);
#3045=CIRCLE('',#3044,0.492125975000004);
#3046=EDGE_CURVE('',#3031,#3040,#3045,.F.);
#3047=ORIENTED_EDGE('',*,*,#3046,.T.);
#3048=CARTESIAN_POINT('',(0.507314316366578,-0.117621814052557,20.000000000000007));
#3049=VERTEX_POINT('',#3048);
#3050=CARTESIAN_POINT('',(0.507781913900724,-0.156989115131906,20.000000000000007));
#3051=DIRECTION('',(0.0,0.0,-1.0));
#3052=DIRECTION('',(-1.0,0.0,0.0));
#3053=AXIS2_PLACEMENT_3D('',#3050,#3051,#3052);
#3054=CIRCLE('',#3053,0.039370078000000);
#3055=EDGE_CURVE('',#3049,#3040,#3054,.F.);
#3056=ORIENTED_EDGE('',*,*,#3055,.F.);
#3057=CARTESIAN_POINT('',(0.556343216397780,-0.122171751300325,20.000000000000007));
#3058=VERTEX_POINT('',#3057);
#3059=CARTESIAN_POINT('',(0.510119906266207,-0.353825620472883,20.000000000000007));
#3060=DIRECTION('',(0.0,0.0,-1.0));
#3061=DIRECTION('',(-1.0,0.0,0.0));
#3062=AXIS2_PLACEMENT_3D('',#3059,#3060,#3061);
#3063=CIRCLE('',#3062,0.236220468000002);
#3064=EDGE_CURVE('',#3058,#3049,#3063,.F.);
#3065=ORIENTED_EDGE('',*,*,#3064,.F.);
#3066=CARTESIAN_POINT('',(0.577646210046047,-0.122782492269107,20.000000000000007));
#3067=VERTEX_POINT('',#3066);
#3068=CARTESIAN_POINT('',(0.568792122395540,-0.059782463711508,20.000000000000007));
#3069=DIRECTION('',(0.0,0.0,-1.0));
#3070=DIRECTION('',(-1.0,0.0,0.0));
#3071=AXIS2_PLACEMENT_3D('',#3068,#3069,#3070);
#3072=CIRCLE('',#3071,0.063619167445692);
#3073=EDGE_CURVE('',#3058,#3067,#3072,.F.);
#3074=ORIENTED_EDGE('',*,*,#3073,.T.);
#3075=CARTESIAN_POINT('',(0.590551173118517,0.0,19.999999999164405));
#3076=VERTEX_POINT('',#3075);
#3077=CARTESIAN_POINT('',(0.0,0.0,20.000000000000007));
#3078=DIRECTION('',(0.0,0.0,-1.0));
#3079=DIRECTION('',(-1.0,0.0,0.0));
#3080=AXIS2_PLACEMENT_3D('',#3077,#3078,#3079);
#3081=CIRCLE('',#3080,0.590551170000005);
#3082=EDGE_CURVE('',#3076,#3067,#3081,.T.);
#3083=ORIENTED_EDGE('',*,*,#3082,.F.);
#3084=CARTESIAN_POINT('',(0.569586717687035,0.003831746615607,20.000000000000007));
#3085=VERTEX_POINT('',#3084);
#3086=CARTESIAN_POINT('',(0.568792122948997,-0.059782458445710,20.000000000000007));
#3087=DIRECTION('',(0.0,0.0,-1.0));
#3088=DIRECTION('',(-1.0,0.0,0.0));
#3089=AXIS2_PLACEMENT_3D('',#3086,#3087,#3088);
#3090=CIRCLE('',#3089,0.063619167445692);
#3091=EDGE_CURVE('',#3076,#3085,#3090,.F.);
#3092=ORIENTED_EDGE('',*,*,#3091,.T.);
#3093=CARTESIAN_POINT('',(0.520683231608597,0.009574917917635,20.000000000000007));
#3094=VERTEX_POINT('',#3093);
#3095=CARTESIAN_POINT('',(0.572537045408005,0.240033789512105,20.000000000000007));
#3096=DIRECTION('',(0.0,0.0,-1.0));
#3097=DIRECTION('',(-1.0,0.0,0.0));
#3098=AXIS2_PLACEMENT_3D('',#3095,#3096,#3097);
#3099=CIRCLE('',#3098,0.236220468000002);
#3100=EDGE_CURVE('',#3094,#3085,#3099,.F.);
#3101=ORIENTED_EDGE('',*,*,#3100,.F.);
#3102=CARTESIAN_POINT('',(0.490116234393587,0.044430305575758,20.000000000000007));
#3103=VERTEX_POINT('',#3102);
#3104=CARTESIAN_POINT('',(0.529325533145074,0.047984730021819,20.000000000000007));
#3105=DIRECTION('',(0.0,0.0,-1.0));
#3106=DIRECTION('',(-1.0,0.0,0.0));
#3107=AXIS2_PLACEMENT_3D('',#3104,#3105,#3106);
#3108=CIRCLE('',#3107,0.039370078000000);
#3109=EDGE_CURVE('',#3103,#3094,#3108,.F.);
#3110=ORIENTED_EDGE('',*,*,#3109,.F.);
#3111=CARTESIAN_POINT('',(0.0,0.0,20.000000000000007));
#3112=DIRECTION('',(0.0,0.0,-1.0));
#3113=DIRECTION('',(-1.0,0.0,0.0));
#3114=AXIS2_PLACEMENT_3D('',#3111,#3112,#3113);
#3115=CIRCLE('',#3114,0.492125975000004);
#3116=EDGE_CURVE('',#3103,#409,#3115,.F.);
#3117=ORIENTED_EDGE('',*,*,#3116,.T.);
#3118=ORIENTED_EDGE('',*,*,#415,.F.);
#3119=CARTESIAN_POINT('',(0.511295791113970,0.098890448075840,20.000000000000007));
#3120=VERTEX_POINT('',#3119);
#3121=CARTESIAN_POINT('',(0.527735086605266,0.063116818046502,20.000000000000007));
#3122=DIRECTION('',(0.0,0.0,-1.0));
#3123=DIRECTION('',(-1.0,0.0,0.0));
#3124=AXIS2_PLACEMENT_3D('',#3121,#3122,#3123);
#3125=CIRCLE('',#3124,0.039370078000000);
#3126=EDGE_CURVE('',#3120,#399,#3125,.F.);
#3127=ORIENTED_EDGE('',*,*,#3126,.F.);
#3128=CARTESIAN_POINT('',(0.557936546233054,0.114675723782973,20.000000000000007));
#3129=VERTEX_POINT('',#3128);
#3130=CARTESIAN_POINT('',(0.609931568327918,-0.115751330139719,20.000000000000007));
#3131=DIRECTION('',(0.0,0.0,-1.0));
#3132=DIRECTION('',(-1.0,0.0,0.0));
#3133=AXIS2_PLACEMENT_3D('',#3130,#3131,#3132);
#3134=CIRCLE('',#3133,0.236220468000002);
#3135=EDGE_CURVE('',#3129,#3120,#3134,.F.);
#3136=ORIENTED_EDGE('',*,*,#3135,.F.);
#3137=CARTESIAN_POINT('',(0.577646210046047,0.122782492269107,20.000000000000007));
#3138=VERTEX_POINT('',#3137);
#3139=CARTESIAN_POINT('',(0.543933178362159,0.176734600300789,20.000000000000007));
#3140=DIRECTION('',(0.0,0.0,-1.0));
#3141=DIRECTION('',(-1.0,0.0,0.0));
#3142=AXIS2_PLACEMENT_3D('',#3139,#3140,#3141);
#3143=CIRCLE('',#3142,0.063619167445692);
#3144=EDGE_CURVE('',#3129,#3138,#3143,.F.);
#3145=ORIENTED_EDGE('',*,*,#3144,.T.);
#3146=CARTESIAN_POINT('',(0.539495338859028,0.240198800450288,20.000000000000007));
#3147=VERTEX_POINT('',#3146);
#3148=CARTESIAN_POINT('',(0.0,0.0,20.000000000000007));
#3149=DIRECTION('',(0.0,0.0,-1.0));
#3150=DIRECTION('',(-1.0,0.0,0.0));
#3151=AXIS2_PLACEMENT_3D('',#3148,#3149,#3150);
#3152=CIRCLE('',#3151,0.590551170000005);
#3153=EDGE_CURVE('',#3147,#3138,#3152,.T.);
#3154=ORIENTED_EDGE('',*,*,#3153,.F.);
#3155=CARTESIAN_POINT('',(0.518784846920999,0.235172264208113,20.000000000000007));
#3156=VERTEX_POINT('',#3155);
#3157=CARTESIAN_POINT('',(0.543933176725974,0.176734605336444,20.000000000000007));
#3158=DIRECTION('',(0.0,0.0,-1.0));
#3159=DIRECTION('',(-1.0,0.0,0.0));
#3160=AXIS2_PLACEMENT_3D('',#3157,#3158,#3159);
#3161=CIRCLE('',#3160,0.063619167445692);
#3162=EDGE_CURVE('',#3147,#3156,#3161,.F.);
#3163=ORIENTED_EDGE('',*,*,#3162,.T.);
#3164=CARTESIAN_POINT('',(0.471773331135161,0.220528072501297,20.000000000000007));
#3165=VERTEX_POINT('',#3164);
#3166=CARTESIAN_POINT('',(0.425408079393678,0.452153573975328,20.000000000000007));
#3167=DIRECTION('',(0.0,0.0,-1.0));
#3168=DIRECTION('',(-1.0,0.0,0.0));
#3169=AXIS2_PLACEMENT_3D('',#3166,#3167,#3168);
#3170=CIRCLE('',#3169,0.236220468000002);
#3171=EDGE_CURVE('',#3165,#3156,#3170,.F.);
#3172=ORIENTED_EDGE('',*,*,#3171,.F.);
#3173=CARTESIAN_POINT('',(0.429672026306441,0.239937335734607,20.000000000000007));
#3174=VERTEX_POINT('',#3173);
#3175=CARTESIAN_POINT('',(0.464045788410959,0.259132322593375,20.000000000000007));
#3176=DIRECTION('',(0.0,0.0,-1.0));
#3177=DIRECTION('',(-1.0,0.0,0.0));
#3178=AXIS2_PLACEMENT_3D('',#3175,#3176,#3177);
#3179=CIRCLE('',#3178,0.039370078000000);
#3180=EDGE_CURVE('',#3174,#3165,#3179,.F.);
#3181=ORIENTED_EDGE('',*,*,#3180,.F.);
#3182=CARTESIAN_POINT('',(0.0,0.0,20.000000000000007));
#3183=DIRECTION('',(0.0,0.0,-1.0));
#3184=DIRECTION('',(-1.0,0.0,0.0));
#3185=AXIS2_PLACEMENT_3D('',#3182,#3183,#3184);
#3186=CIRCLE('',#3185,0.492125975000004);
#3187=EDGE_CURVE('',#3174,#451,#3186,.F.);
#3188=ORIENTED_EDGE('',*,*,#3187,.T.);
#3189=ORIENTED_EDGE('',*,*,#457,.F.);
#3190=CARTESIAN_POINT('',(0.426869578601320,0.298303653340408,20.000000000000007));
#3191=VERTEX_POINT('',#3190);
#3192=CARTESIAN_POINT('',(0.456438068513008,0.272309279986380,20.000000000000007));
#3193=DIRECTION('',(0.0,0.0,-1.0));
#3194=DIRECTION('',(-1.0,0.0,0.0));
#3195=AXIS2_PLACEMENT_3D('',#3192,#3193,#3194);
#3196=CIRCLE('',#3195,0.039370078000000);
#3197=EDGE_CURVE('',#3191,#441,#3196,.F.);
#3198=ORIENTED_EDGE('',*,*,#3197,.F.);
#3199=CARTESIAN_POINT('',(0.463057578530230,0.331694724427950,20.000000000000007));
#3200=VERTEX_POINT('',#3199);
#3201=CARTESIAN_POINT('',(0.604280521171378,0.142337416742433,20.000000000000007));
#3202=DIRECTION('',(0.0,0.0,-1.0));
#3203=DIRECTION('',(-1.0,0.0,0.0));
#3204=AXIS2_PLACEMENT_3D('',#3201,#3202,#3203);
#3205=CIRCLE('',#3204,0.236220468000002);
#3206=EDGE_CURVE('',#3200,#3191,#3205,.F.);
#3207=ORIENTED_EDGE('',*,*,#3206,.F.);
#3208=CARTESIAN_POINT('',(0.477765932578012,0.347117268450068,20.000000000000007));
#3209=VERTEX_POINT('',#3208);
#3210=CARTESIAN_POINT('',(0.425023246312169,0.382692646337641,20.000000000000007));
#3211=DIRECTION('',(0.0,0.0,-1.0));
#3212=DIRECTION('',(-1.0,0.0,0.0));
#3213=AXIS2_PLACEMENT_3D('',#3210,#3211,#3212);
#3214=CIRCLE('',#3213,0.063619167445692);
#3215=EDGE_CURVE('',#3200,#3209,#3214,.F.);
#3216=ORIENTED_EDGE('',*,*,#3215,.T.);
#3217=CARTESIAN_POINT('',(0.395155862468038,0.438865046165124,20.000000000000007));
#3218=VERTEX_POINT('',#3217);
#3219=CARTESIAN_POINT('',(0.0,0.0,20.000000000000007));
#3220=DIRECTION('',(0.0,0.0,-1.0));
#3221=DIRECTION('',(-1.0,0.0,0.0));
#3222=AXIS2_PLACEMENT_3D('',#3219,#3220,#3221);
#3223=CIRCLE('',#3222,0.590551170000005);
#3224=EDGE_CURVE('',#3218,#3209,#3223,.T.);
#3225=ORIENTED_EDGE('',*,*,#3224,.F.);
#3226=CARTESIAN_POINT('',(0.378280363109948,0.425849360846087,20.000000000000007));
#3227=VERTEX_POINT('',#3226);
#3228=CARTESIAN_POINT('',(0.425023242769252,0.382692650272445,20.000000000000007));
#3229=DIRECTION('',(0.0,0.0,-1.0));
#3230=DIRECTION('',(-1.0,0.0,0.0));
#3231=AXIS2_PLACEMENT_3D('',#3228,#3229,#3230);
#3232=CIRCLE('',#3231,0.063619167445692);
#3233=EDGE_CURVE('',#3218,#3227,#3232,.F.);
#3234=ORIENTED_EDGE('',*,*,#3233,.T.);
#3235=CARTESIAN_POINT('',(0.341289535782290,0.393349919914841,20.000000000000007));
#3236=VERTEX_POINT('',#3235);
#3237=CARTESIAN_POINT('',(0.204722191741115,0.586091897811930,20.000000000000007));
#3238=DIRECTION('',(0.0,0.0,-1.0));
#3239=DIRECTION('',(-1.0,0.0,0.0));
#3240=AXIS2_PLACEMENT_3D('',#3237,#3238,#3239);
#3241=CIRCLE('',#3240,0.236220468000002);
#3242=EDGE_CURVE('',#3236,#3227,#3241,.F.);
#3243=ORIENTED_EDGE('',*,*,#3242,.F.);
#3244=CARTESIAN_POINT('',(0.294933621423097,0.393957020782678,20.000000000000007));
#3245=VERTEX_POINT('',#3244);
#3246=CARTESIAN_POINT('',(0.318528311136945,0.425473582445289,20.000000000000007));
#3247=DIRECTION('',(0.0,0.0,-1.0));
#3248=DIRECTION('',(-1.0,0.0,0.0));
#3249=AXIS2_PLACEMENT_3D('',#3246,#3247,#3248);
#3250=CIRCLE('',#3249,0.039370078000000);
#3251=EDGE_CURVE('',#3245,#3236,#3250,.F.);
#3252=ORIENTED_EDGE('',*,*,#3251,.F.);
#3253=CARTESIAN_POINT('',(0.0,0.0,20.000000000000007));
#3254=DIRECTION('',(0.0,0.0,-1.0));
#3255=DIRECTION('',(-1.0,0.0,0.0));
#3256=AXIS2_PLACEMENT_3D('',#3253,#3254,#3255);
#3257=CIRCLE('',#3256,0.492125975000004);
#3258=EDGE_CURVE('',#3245,#493,#3257,.F.);
#3259=ORIENTED_EDGE('',*,*,#3258,.T.);
#3260=ORIENTED_EDGE('',*,*,#499,.F.);
#3261=CARTESIAN_POINT('',(0.268633737380879,0.446137445081293,20.000000000000007));
#3262=VERTEX_POINT('',#3261);
#3263=CARTESIAN_POINT('',(0.306218761765170,0.434416993564464,20.000000000000007));
#3264=DIRECTION('',(0.0,0.0,-1.0));
#3265=DIRECTION('',(-1.0,0.0,0.0));
#3266=AXIS2_PLACEMENT_3D('',#3263,#3264,#3265);
#3267=CIRCLE('',#3266,0.039370078000000);
#3268=EDGE_CURVE('',#3262,#483,#3267,.F.);
#3269=ORIENTED_EDGE('',*,*,#3268,.F.);
#3270=CARTESIAN_POINT('',(0.288111748753498,0.491360693867364,20.000000000000007));
#3271=VERTEX_POINT('',#3270);
#3272=CARTESIAN_POINT('',(0.494143882188123,0.375814731174969,20.000000000000007));
#3273=DIRECTION('',(0.0,0.0,-1.0));
#3274=DIRECTION('',(-1.0,0.0,0.0));
#3275=AXIS2_PLACEMENT_3D('',#3272,#3273,#3274);
#3276=CIRCLE('',#3275,0.236220468000002);
#3277=EDGE_CURVE('',#3271,#3262,#3276,.F.);
#3278=ORIENTED_EDGE('',*,*,#3277,.F.);
#3279=CARTESIAN_POINT('',(0.295275585000003,0.511432315454628,20.000000000000007));
#3280=VERTEX_POINT('',#3279);
#3281=CARTESIAN_POINT('',(0.232622933759824,0.522479657169170,20.000000000000007));
#3282=DIRECTION('',(0.0,0.0,-1.0));
#3283=DIRECTION('',(-1.0,0.0,0.0));
#3284=AXIS2_PLACEMENT_3D('',#3281,#3282,#3283);
#3285=CIRCLE('',#3284,0.063619167445692);
#3286=EDGE_CURVE('',#3271,#3280,#3285,.F.);
#3287=ORIENTED_EDGE('',*,*,#3286,.T.);
#3288=CARTESIAN_POINT('',(0.182490347578011,0.561647538434232,20.000000000000007));
#3289=VERTEX_POINT('',#3288);
#3290=CARTESIAN_POINT('',(0.0,0.0,20.000000000000007));
#3291=DIRECTION('',(0.0,0.0,-1.0));
#3292=DIRECTION('',(-1.0,0.0,0.0));
#3293=AXIS2_PLACEMENT_3D('',#3290,#3291,#3292);
#3294=CIRCLE('',#3293,0.590551170000005);
#3295=EDGE_CURVE('',#3289,#3280,#3294,.T.);
#3296=ORIENTED_EDGE('',*,*,#3295,.F.);
#3297=CARTESIAN_POINT('',(0.172367767947974,0.542893234273785,20.000000000000007));
#3298=VERTEX_POINT('',#3297);
#3299=CARTESIAN_POINT('',(0.232622928922787,0.522479659322753,20.000000000000007));
#3300=DIRECTION('',(0.0,0.0,-1.0));
#3301=DIRECTION('',(-1.0,0.0,0.0));
#3302=AXIS2_PLACEMENT_3D('',#3299,#3300,#3301);
#3303=CIRCLE('',#3302,0.063619167445692);
#3304=EDGE_CURVE('',#3289,#3298,#3303,.F.);
#3305=ORIENTED_EDGE('',*,*,#3304,.T.);
#3306=CARTESIAN_POINT('',(0.151793679174566,0.498157992703272,20.000000000000007));
#3307=VERTEX_POINT('',#3306);
#3308=CARTESIAN_POINT('',(-0.051362022706198,0.618689608039113,20.000000000000007));
#3309=DIRECTION('',(0.0,0.0,-1.0));
#3310=DIRECTION('',(-1.0,0.0,0.0));
#3311=AXIS2_PLACEMENT_3D('',#3308,#3309,#3310);
#3312=CIRCLE('',#3311,0.236220468000002);
#3313=EDGE_CURVE('',#3307,#3298,#3312,.F.);
#3314=ORIENTED_EDGE('',*,*,#3313,.F.);
#3315=CARTESIAN_POINT('',(0.109198514007864,0.479857957950245,20.000000000000007));
#3316=VERTEX_POINT('',#3315);
#3317=CARTESIAN_POINT('',(0.117934395128493,0.518246594586264,20.000000000000007));
#3318=DIRECTION('',(0.0,0.0,-1.0));
#3319=DIRECTION('',(-1.0,0.0,0.0));
#3320=AXIS2_PLACEMENT_3D('',#3317,#3318,#3319);
#3321=CIRCLE('',#3320,0.039370078000000);
#3322=EDGE_CURVE('',#3316,#3307,#3321,.F.);
#3323=ORIENTED_EDGE('',*,*,#3322,.F.);
#3324=CARTESIAN_POINT('',(0.095417999308253,0.482787096635481,20.000000000000007));
#3325=VERTEX_POINT('',#3324);
#3326=CARTESIAN_POINT('',(0.0,0.0,20.000000000000007));
#3327=DIRECTION('',(0.0,0.0,-1.0));
#3328=DIRECTION('',(-1.0,0.0,0.0));
#3329=AXIS2_PLACEMENT_3D('',#3326,#3327,#3328);
#3330=CIRCLE('',#3329,0.492125975000004);
#3331=EDGE_CURVE('',#3316,#3325,#3330,.F.);
#3332=ORIENTED_EDGE('',*,*,#3331,.T.);
#3333=CARTESIAN_POINT('',(0.103051449198021,0.521410062400767,20.000000000000007));
#3334=DIRECTION('',(0.0,0.0,-1.0));
#3335=DIRECTION('',(-1.0,0.0,0.0));
#3336=AXIS2_PLACEMENT_3D('',#3333,#3334,#3335);
#3337=CIRCLE('',#3336,0.039370078000000);
#3338=EDGE_CURVE('',#799,#3325,#3337,.F.);
#3339=ORIENTED_EDGE('',*,*,#3338,.F.);
#3340=ORIENTED_EDGE('',*,*,#805,.F.);
#3341=CARTESIAN_POINT('',(0.298565276818318,0.544310264417712,20.000000000000007));
#3342=DIRECTION('',(0.0,0.0,-1.0));
#3343=DIRECTION('',(-1.0,0.0,0.0));
#3344=AXIS2_PLACEMENT_3D('',#3341,#3342,#3343);
#3345=CIRCLE('',#3344,0.236220468000002);
#3346=EDGE_CURVE('',#757,#789,#3345,.F.);
#3347=ORIENTED_EDGE('',*,*,#3346,.F.);
#3348=ORIENTED_EDGE('',*,*,#763,.T.);
#3349=CARTESIAN_POINT('',(0.0,0.571925188697473,20.000000000000007));
#3350=DIRECTION('',(0.0,0.0,-1.0));
#3351=DIRECTION('',(-1.0,0.0,0.0));
#3352=AXIS2_PLACEMENT_3D('',#3349,#3350,#3351);
#3353=CIRCLE('',#3352,0.063619167445692);
#3354=EDGE_CURVE('',#747,#2298,#3353,.F.);
#3355=ORIENTED_EDGE('',*,*,#3354,.T.);
#3356=EDGE_LOOP('',(#2305,#2312,#2313,#2320,#2321,#2330,#2339,#2348,#2357,#2366,#2375,#2384,#2393,#2400,#2401,#2410,#2419,#2428,#2437,#2446,#2455,#2464,#2471,#2472,#2481,#2490,#2499,#2508,#2517,#2526,#2535,#2542,#2543,#2552,#2561,#2570,#2579,#2586,#2587,#2596,#2605,#2614,#2623,#2630,#2631,#2640,#2649,#2658,#2667,#2676,#2685,#2694,#2701,#2702,#2711,#2720,#2729,#2738,#2747,#2756,#2765,#2772,#2773,#2782,#2789,#2790,#2799,#2808,#2817,#2826,#2835,#2844,#2853,#2862,#2869,#2870,#2879,#2886,#2887,#2896,#2905,#2914,#2923,#2932,#2941,#2950,#2957,#2958,#2967,#2976,#2985,#2994,#3003,#3012,#3021,#3028,#3029,#3038,#3047,#3056,#3065,#3074,#3083,#3092,#3101,#3110,#3117,#3118,#3127,#3136,#3145,#3154,#3163,#3172,#3181,#3188,#3189,#3198,#3207,#3216,#3225,#3234,#3243,#3252,#3259,#3260,#3269,#3278,#3287,#3296,#3305,#3314,#3323,#3332,#3339,#3340,#3347,#3348,#3355));
#3357=FACE_OUTER_BOUND('',#3356,.T.);
#3358=ORIENTED_EDGE('',*,*,#889,.T.);
#3359=CARTESIAN_POINT('',(0.0,0.0,20.000000000000007));
#3360=DIRECTION('',(0.0,0.0,-1.0));
#3361=DIRECTION('',(1.0,0.0,0.0));
#3362=AXIS2_PLACEMENT_3D('',#3359,#3360,#3361);
#3363=CIRCLE('',#3362,0.236220468000002);
#3364=EDGE_CURVE('',#873,#883,#3363,.T.);
#3365=ORIENTED_EDGE('',*,*,#3364,.T.);
#3366=EDGE_LOOP('',(#3358,#3365));
#3367=FACE_BOUND('',#3366,.T.);
#3368=ADVANCED_FACE('',(#3357,#3367),#2294,.F.);
#3369=CARTESIAN_POINT('',(0.0,0.0,19.093730808913193));
#3370=DIRECTION('',(0.0,0.0,1.0));
#3371=DIRECTION('',(1.0,0.0,0.0));
#3372=AXIS2_PLACEMENT_3D('',#3369,#3370,#3371);
#3373=CONICAL_SURFACE('',#3372,0.146931131396451,75.000000000243702);
#3374=ORIENTED_EDGE('',*,*,#1027,.T.);
#3375=CARTESIAN_POINT('',(-0.664894679664730,-0.048305526446779,19.232988283592363));
#3376=VERTEX_POINT('',#3375);
#3377=CARTESIAN_POINT('',(-0.667101167174339,-0.053772459744181,19.233689717733910));
#3378=CARTESIAN_POINT('',(-0.667096992755401,-0.051736351845650,19.233644823257166));
#3379=CARTESIAN_POINT('',(-0.666288584389413,-0.049750394355695,19.233388850561841));
#3380=CARTESIAN_POINT('',(-0.664894679664730,-0.048305526446779,19.232988283592363));
#3381=B_SPLINE_CURVE_WITH_KNOTS('',3,(#3377,#3378,#3379,#3380),.UNSPECIFIED.,.F.,.U.,(4,4),(0.000016113693132,0.000170132037869),.UNSPECIFIED.);
#3382=EDGE_CURVE('',#1011,#3376,#3381,.T.);
#3383=ORIENTED_EDGE('',*,*,#3382,.T.);
#3384=CARTESIAN_POINT('',(-0.664894679664730,-0.048305526446779,19.232988283592363));
#3385=CARTESIAN_POINT('',(-0.654405177256806,-0.037432512573382,19.229973911005434));
#3386=CARTESIAN_POINT('',(-0.642915486670647,-0.027995413523743,19.226780380496347));
#3387=CARTESIAN_POINT('',(-0.618059017594551,-0.011842626184983,19.219986760520690));
#3388=CARTESIAN_POINT('',(-0.604586597463108,-0.005108477962782,19.216359221455548));
#3389=CARTESIAN_POINT('',(-0.590551171641049,0.0,19.212598440000001));
#3390=B_SPLINE_CURVE_WITH_KNOTS('',3,(#3384,#3385,#3386,#3387,#3388,#3389),.UNSPECIFIED.,.F.,.U.,(4,2,4),(0.0,0.001157303712973,0.002314328137111),.UNSPECIFIED.);
#3391=EDGE_CURVE('',#3376,#2011,#3390,.T.);
#3392=ORIENTED_EDGE('',*,*,#3391,.T.);
#3393=ORIENTED_EDGE('',*,*,#2017,.F.);
#3394=CARTESIAN_POINT('',(-0.660408417842961,-0.090989443275602,19.232988283233372));
#3395=VERTEX_POINT('',#3394);
#3396=CARTESIAN_POINT('',(-0.577646210046047,-0.122782492269107,19.212598440000001));
#3397=CARTESIAN_POINT('',(-0.592435021804731,-0.120704060320285,19.216358707789034));
#3398=CARTESIAN_POINT('',(-0.606749107695646,-0.116997508562377,19.219920842631300));
#3399=CARTESIAN_POINT('',(-0.634435083619791,-0.106404873531402,19.226719165842024));
#3400=CARTESIAN_POINT('',(-0.647889277569794,-0.099442771523606,19.229974336295445));
#3401=CARTESIAN_POINT('',(-0.660408417842961,-0.090989443275602,19.232988283233372));
#3402=B_SPLINE_CURVE_WITH_KNOTS('',3,(#3396,#3397,#3398,#3399,#3400,#3401),.UNSPECIFIED.,.F.,.U.,(4,2,4),(0.0,0.001157297503775,0.002314389651654),.UNSPECIFIED.);
#3403=EDGE_CURVE('',#2002,#3395,#3402,.T.);
#3404=ORIENTED_EDGE('',*,*,#3403,.T.);
#3405=CARTESIAN_POINT('',(-0.663811628363516,-0.085469299214517,19.233696801212233));
#3406=VERTEX_POINT('',#3405);
#3407=CARTESIAN_POINT('',(-0.660408417842961,-0.090989443275602,19.232988283233372));
#3408=CARTESIAN_POINT('',(-0.662246465061646,-0.089748334957732,19.233430787825093));
#3409=CARTESIAN_POINT('',(-0.663522640021253,-0.087713775579954,19.233696801212101));
#3410=CARTESIAN_POINT('',(-0.663811628363520,-0.085469299214514,19.233696801212101));
#3411=B_SPLINE_CURVE_WITH_KNOTS('',3,(#3407,#3408,#3409,#3410),.UNSPECIFIED.,.F.,.U.,(4,4),(0.0,0.000170227251691),.UNSPECIFIED.);
#3412=EDGE_CURVE('',#3395,#3406,#3411,.T.);
#3413=ORIENTED_EDGE('',*,*,#3412,.T.);
#3414=CARTESIAN_POINT('',(0.0,0.0,19.233696801212229));
#3415=DIRECTION('',(0.0,0.0,1.0));
#3416=DIRECTION('',(1.0,0.0,0.0));
#3417=AXIS2_PLACEMENT_3D('',#3414,#3415,#3416);
#3418=CIRCLE('',#3417,0.669291326000006);
#3419=EDGE_CURVE('',#3406,#1021,#3418,.F.);
#3420=ORIENTED_EDGE('',*,*,#3419,.T.);
#3421=EDGE_LOOP('',(#3374,#3383,#3392,#3393,#3404,#3413,#3420));
#3422=FACE_OUTER_BOUND('',#3421,.T.);
#3423=ADVANCED_FACE('',(#3422),#3373,.T.);
#3424=CARTESIAN_POINT('',(-0.624105853520744,0.219008543435916,19.195657189951596));
#3425=DIRECTION('',(0.0,0.0,1.0));
#3426=DIRECTION('',(-1.0,0.0,0.0));
#3427=AXIS2_PLACEMENT_3D('',#3424,#3425,#3426);
#3428=CYLINDRICAL_SURFACE('',#3427,0.007874015600000);
#3429=CARTESIAN_POINT('',(-0.627059142087416,0.226307735741302,19.979610156407649));
#3430=VERTEX_POINT('',#3429);
#3431=CARTESIAN_POINT('',(-0.627059142087416,0.226307735741302,19.232988283592363));
#3432=VERTEX_POINT('',#3431);
#3433=CARTESIAN_POINT('',(-0.627059142087416,0.226307735741302,19.979610156407649));
#3434=DIRECTION('',(0.0,0.0,-1.0));
#3435=VECTOR('',#3434,0.746621872815286);
#3436=LINE('',#3433,#3435);
#3437=EDGE_CURVE('',#3430,#3432,#3436,.T.);
#3438=ORIENTED_EDGE('',*,*,#3437,.T.);
#3439=CARTESIAN_POINT('',(-0.631535685357902,0.221615787294969,19.233696801212101));
#3440=VERTEX_POINT('',#3439);
#3441=CARTESIAN_POINT('',(-0.631535685357902,0.221615787294969,19.233696801212101));
#3442=CARTESIAN_POINT('',(-0.630786611372886,0.223750414527073,19.233696801268994));
#3443=CARTESIAN_POINT('',(-0.629114993099057,0.225475928462710,19.233430772768607));
#3444=CARTESIAN_POINT('',(-0.627059142087416,0.226307735741302,19.232988283592363));
#3445=B_SPLINE_CURVE_WITH_KNOTS('',3,(#3441,#3442,#3443,#3444),.UNSPECIFIED.,.F.,.U.,(4,4),(0.0,0.000170142540778),.UNSPECIFIED.);
#3446=EDGE_CURVE('',#3440,#3432,#3445,.T.);
#3447=ORIENTED_EDGE('',*,*,#3446,.F.);
#3448=CARTESIAN_POINT('',(-0.631535685357902,0.221615787294969,19.978901638787910));
#3449=VERTEX_POINT('',#3448);
#3450=CARTESIAN_POINT('',(-0.631535685357902,0.221615787294969,19.978901638787910));
#3451=DIRECTION('',(0.0,0.0,-1.0));
#3452=VECTOR('',#3451,0.745204837575809);
#3453=LINE('',#3450,#3452);
#3454=EDGE_CURVE('',#3449,#3440,#3453,.T.);
#3455=ORIENTED_EDGE('',*,*,#3454,.F.);
#3456=CARTESIAN_POINT('',(-0.627059142087416,0.226307735741302,19.979610156407649));
#3457=CARTESIAN_POINT('',(-0.629115106086539,0.225475882747427,19.979167642912650));
#3458=CARTESIAN_POINT('',(-0.630786363858832,0.223751119864934,19.978901638730996));
#3459=CARTESIAN_POINT('',(-0.631535685357902,0.221615787294969,19.978901638787910));
#3460=B_SPLINE_CURVE_WITH_KNOTS('',3,(#3456,#3457,#3458,#3459),.UNSPECIFIED.,.F.,.U.,(4,4),(0.0,0.000170201427169),.UNSPECIFIED.);
#3461=EDGE_CURVE('',#3430,#3449,#3460,.T.);
#3462=ORIENTED_EDGE('',*,*,#3461,.F.);
#3463=EDGE_LOOP('',(#3438,#3447,#3455,#3462));
#3464=FACE_OUTER_BOUND('',#3463,.T.);
#3465=ADVANCED_FACE('',(#3464),#3428,.T.);
#3466=CARTESIAN_POINT('',(-0.633642233744850,0.189658583015940,19.195657189556709));
#3467=DIRECTION('',(0.0,0.0,1.0));
#3468=DIRECTION('',(-1.0,0.0,0.0));
#3469=AXIS2_PLACEMENT_3D('',#3466,#3467,#3468);
#3470=CYLINDRICAL_SURFACE('',#3469,0.007874015600000);
#3471=CARTESIAN_POINT('',(-0.641185593670386,0.191916423289939,19.978901638787747));
#3472=VERTEX_POINT('',#3471);
#3473=CARTESIAN_POINT('',(-0.641185593670386,0.191916423289939,19.233696801212261));
#3474=VERTEX_POINT('',#3473);
#3475=CARTESIAN_POINT('',(-0.641185593670386,0.191916423289939,19.978901638787747));
#3476=DIRECTION('',(0.0,0.0,-1.0));
#3477=VECTOR('',#3476,0.745204837575486);
#3478=LINE('',#3475,#3477);
#3479=EDGE_CURVE('',#3472,#3474,#3478,.T.);
#3480=ORIENTED_EDGE('',*,*,#3479,.T.);
#3481=CARTESIAN_POINT('',(-0.640321851022628,0.185489310334591,19.232988283233372));
#3482=VERTEX_POINT('',#3481);
#3483=CARTESIAN_POINT('',(-0.640321851022628,0.185489310334591,19.232988283233372));
#3484=CARTESIAN_POINT('',(-0.641496191845452,0.187370728953528,19.233430789847130));
#3485=CARTESIAN_POINT('',(-0.641834498268430,0.189748457293073,19.233696801212101));
#3486=CARTESIAN_POINT('',(-0.641185593670382,0.191916423289943,19.233696801212101));
#3487=B_SPLINE_CURVE_WITH_KNOTS('',3,(#3483,#3484,#3485,#3486),.UNSPECIFIED.,.F.,.U.,(4,4),(0.0,0.000170221860560),.UNSPECIFIED.);
#3488=EDGE_CURVE('',#3482,#3474,#3487,.T.);
#3489=ORIENTED_EDGE('',*,*,#3488,.F.);
#3490=CARTESIAN_POINT('',(-0.640321851022628,0.185489310334591,19.979610156766640));
#3491=VERTEX_POINT('',#3490);
#3492=CARTESIAN_POINT('',(-0.640321851022628,0.185489310334591,19.979610156766640));
#3493=DIRECTION('',(0.0,0.0,-1.0));
#3494=VECTOR('',#3493,0.746621873533268);
#3495=LINE('',#3492,#3494);
#3496=EDGE_CURVE('',#3491,#3482,#3495,.T.);
#3497=ORIENTED_EDGE('',*,*,#3496,.F.);
#3498=CARTESIAN_POINT('',(-0.641185593670382,0.191916423289946,19.978901638787910));
#3499=CARTESIAN_POINT('',(-0.641834284803970,0.189749170469861,19.978901638787903));
#3500=CARTESIAN_POINT('',(-0.641496135518732,0.187370638712151,19.979167671377503));
#3501=CARTESIAN_POINT('',(-0.640321851022628,0.185489310334591,19.979610156766640));
#3502=B_SPLINE_CURVE_WITH_KNOTS('',3,(#3498,#3499,#3500,#3501),.UNSPECIFIED.,.F.,.U.,(4,4),(0.0,0.000170139657507),.UNSPECIFIED.);
#3503=EDGE_CURVE('',#3472,#3491,#3502,.T.);
#3504=ORIENTED_EDGE('',*,*,#3503,.F.);
#3505=EDGE_LOOP('',(#3480,#3489,#3497,#3504));
#3506=FACE_OUTER_BOUND('',#3505,.T.);
#3507=ADVANCED_FACE('',(#3506),#3470,.T.);
#3508=CARTESIAN_POINT('',(-0.473331396213224,0.289721090736258,19.173228362000000));
#3509=DIRECTION('',(0.0,0.0,1.0));
#3510=DIRECTION('',(-1.0,0.0,0.0));
#3511=AXIS2_PLACEMENT_3D('',#3508,#3509,#3510);
#3512=CYLINDRICAL_SURFACE('',#3511,0.196850390000002);
#3513=ORIENTED_EDGE('',*,*,#3496,.T.);
#3514=CARTESIAN_POINT('',(-0.577646210046047,0.122782492269108,19.212598440000001));
#3515=CARTESIAN_POINT('',(-0.590311073740594,0.130696377437938,19.216358703728019));
#3516=CARTESIAN_POINT('',(-0.601880049538692,0.139904538797664,19.219920837704311));
#3517=CARTESIAN_POINT('',(-0.622864043935547,0.160842299728146,19.226719163788044));
#3518=CARTESIAN_POINT('',(-0.632323324895347,0.172674816418695,19.229974336012251));
#3519=CARTESIAN_POINT('',(-0.640321851022628,0.185489310334591,19.232988283233372));
#3520=B_SPLINE_CURVE_WITH_KNOTS('',3,(#3514,#3515,#3516,#3517,#3518,#3519),.UNSPECIFIED.,.F.,.U.,(4,2,4),(0.0,0.001157331983628,0.002314424175321),.UNSPECIFIED.);
#3521=EDGE_CURVE('',#2073,#3482,#3520,.T.);
#3522=ORIENTED_EDGE('',*,*,#3521,.F.);
#3523=CARTESIAN_POINT('',(-0.577646210046047,0.122782492269108,20.000000000000007));
#3524=DIRECTION('',(0.0,0.0,-1.0));
#3525=VECTOR('',#3524,0.787401560000006);
#3526=LINE('',#3523,#3525);
#3527=EDGE_CURVE('',#2510,#2073,#3526,.T.);
#3528=ORIENTED_EDGE('',*,*,#3527,.F.);
#3529=CARTESIAN_POINT('',(-0.640321851022628,0.185489310334591,19.979610156766640));
#3530=CARTESIAN_POINT('',(-0.632322184771939,0.172672989819117,19.982624533600880));
#3531=CARTESIAN_POINT('',(-0.623045647642223,0.161053270735292,19.985818065967347));
#3532=CARTESIAN_POINT('',(-0.602090712893652,0.140085522261594,19.992611683131660));
#3533=CARTESIAN_POINT('',(-0.590312812660136,0.130697464035468,19.996239219977753));
#3534=CARTESIAN_POINT('',(-0.577646210046047,0.122782492269108,20.000000000000007));
#3535=B_SPLINE_CURVE_WITH_KNOTS('',3,(#3529,#3530,#3531,#3532,#3533,#3534),.UNSPECIFIED.,.F.,.U.,(4,2,4),(0.0,0.001157261340125,0.002314285736225),.UNSPECIFIED.);
#3536=EDGE_CURVE('',#3491,#2510,#3535,.T.);
#3537=ORIENTED_EDGE('',*,*,#3536,.F.);
#3538=EDGE_LOOP('',(#3513,#3522,#3528,#3537));
#3539=FACE_OUTER_BOUND('',#3538,.T.);
#3540=ADVANCED_FACE('',(#3539),#3512,.T.);
#3541=CARTESIAN_POINT('',(-0.523224371398489,-0.184978858881832,19.173228362023355));
#3542=DIRECTION('',(0.0,0.0,1.0));
#3543=DIRECTION('',(-1.0,0.0,0.0));
#3544=AXIS2_PLACEMENT_3D('',#3541,#3542,#3543);
#3545=CYLINDRICAL_SURFACE('',#3544,0.196850390000002);
#3546=CARTESIAN_POINT('',(-0.590551171743304,0.0,19.999999999532893));
#3547=DIRECTION('',(0.0,0.0,-1.0));
#3548=VECTOR('',#3547,0.787401559532892);
#3549=LINE('',#3546,#3548);
#3550=EDGE_CURVE('',#2572,#2011,#3549,.T.);
#3551=ORIENTED_EDGE('',*,*,#3550,.T.);
#3552=ORIENTED_EDGE('',*,*,#3391,.F.);
#3553=CARTESIAN_POINT('',(-0.664894679664730,-0.048305526446779,19.979610156407649));
#3554=VERTEX_POINT('',#3553);
#3555=CARTESIAN_POINT('',(-0.664894679664730,-0.048305526446779,19.979610156407649));
#3556=DIRECTION('',(0.0,0.0,-1.0));
#3557=VECTOR('',#3556,0.746621872815286);
#3558=LINE('',#3555,#3557);
#3559=EDGE_CURVE('',#3554,#3376,#3558,.T.);
#3560=ORIENTED_EDGE('',*,*,#3559,.F.);
#3561=CARTESIAN_POINT('',(-0.590551171743304,0.0,19.999999999532893));
#3562=CARTESIAN_POINT('',(-0.604584677896120,-0.005107779306302,19.996239732890800));
#3563=CARTESIAN_POINT('',(-0.617815330818644,-0.011709398755983,19.992677598172222));
#3564=CARTESIAN_POINT('',(-0.642693973581351,-0.027826800127906,19.985879273736426));
#3565=CARTESIAN_POINT('',(-0.654406662088011,-0.037434051692176,19.982624102298026));
#3566=CARTESIAN_POINT('',(-0.664894679664730,-0.048305526446779,19.979610156407649));
#3567=B_SPLINE_CURVE_WITH_KNOTS('',3,(#3561,#3562,#3563,#3564,#3565,#3566),.UNSPECIFIED.,.F.,.U.,(4,2,4),(0.0,0.001157308629085,0.002314400850777),.UNSPECIFIED.);
#3568=EDGE_CURVE('',#2572,#3554,#3567,.T.);
#3569=ORIENTED_EDGE('',*,*,#3568,.F.);
#3570=EDGE_LOOP('',(#3551,#3552,#3560,#3569));
#3571=FACE_OUTER_BOUND('',#3570,.T.);
#3572=ADVANCED_FACE('',(#3571),#3545,.T.);
#3573=CARTESIAN_POINT('',(-0.568792122948997,-0.059782458445712,19.173228362000000));
#3574=DIRECTION('',(0.0,0.0,1.0));
#3575=DIRECTION('',(-1.0,0.0,0.0));
#3576=AXIS2_PLACEMENT_3D('',#3573,#3574,#3575);
#3577=CYLINDRICAL_SURFACE('',#3576,0.063619167445692);
#3578=CARTESIAN_POINT('',(-0.569586717687035,0.003831746615607,20.000000000000007));
#3579=DIRECTION('',(0.0,0.0,-1.0));
#3580=VECTOR('',#3579,0.787401560000006);
#3581=LINE('',#3578,#3580);
#3582=EDGE_CURVE('',#2563,#2020,#3581,.T.);
#3583=ORIENTED_EDGE('',*,*,#3582,.T.);
#3584=ORIENTED_EDGE('',*,*,#2026,.F.);
#3585=ORIENTED_EDGE('',*,*,#3550,.F.);
#3586=ORIENTED_EDGE('',*,*,#2578,.F.);
#3587=EDGE_LOOP('',(#3583,#3584,#3585,#3586));
#3588=FACE_OUTER_BOUND('',#3587,.T.);
#3589=ADVANCED_FACE('',(#3588),#3577,.T.);
#3590=CARTESIAN_POINT('',(-0.572537045408005,0.240033789512106,19.173228362000000));
#3591=DIRECTION('',(0.0,0.0,1.0));
#3592=DIRECTION('',(-1.0,0.0,0.0));
#3593=AXIS2_PLACEMENT_3D('',#3590,#3591,#3592);
#3594=CYLINDRICAL_SURFACE('',#3593,0.236220468000002);
#3595=ORIENTED_EDGE('',*,*,#2569,.T.);
#3596=CARTESIAN_POINT('',(-0.520683229113778,0.009574918478976,20.000000000000007));
#3597=DIRECTION('',(0.0,0.0,-1.0));
#3598=VECTOR('',#3597,0.787401560000006);
#3599=LINE('',#3596,#3598);
#3600=EDGE_CURVE('',#2554,#2029,#3599,.T.);
#3601=ORIENTED_EDGE('',*,*,#3600,.T.);
#3602=ORIENTED_EDGE('',*,*,#2035,.T.);
#3603=ORIENTED_EDGE('',*,*,#3582,.F.);
#3604=EDGE_LOOP('',(#3595,#3601,#3602,#3603));
#3605=FACE_OUTER_BOUND('',#3604,.T.);
#3606=ADVANCED_FACE('',(#3605),#3594,.F.);
#3607=CARTESIAN_POINT('',(-0.529325533145074,0.047984730021820,19.173228362000000));
#3608=DIRECTION('',(0.0,0.0,1.0));
#3609=DIRECTION('',(-1.0,0.0,0.0));
#3610=AXIS2_PLACEMENT_3D('',#3607,#3608,#3609);
#3611=CYLINDRICAL_SURFACE('',#3610,0.039370078000000);
#3612=ORIENTED_EDGE('',*,*,#2560,.T.);
#3613=CARTESIAN_POINT('',(-0.490116234393587,0.044430305575759,20.000000000000007));
#3614=DIRECTION('',(0.0,0.0,-1.0));
#3615=VECTOR('',#3614,0.787401560000006);
#3616=LINE('',#3613,#3615);
#3617=EDGE_CURVE('',#2545,#2038,#3616,.T.);
#3618=ORIENTED_EDGE('',*,*,#3617,.T.);
#3619=ORIENTED_EDGE('',*,*,#2044,.T.);
#3620=ORIENTED_EDGE('',*,*,#3600,.F.);
#3621=EDGE_LOOP('',(#3612,#3618,#3619,#3620));
#3622=FACE_OUTER_BOUND('',#3621,.T.);
#3623=ADVANCED_FACE('',(#3622),#3611,.F.);
#3624=CARTESIAN_POINT('',(0.0,0.0,19.173228362000000));
#3625=DIRECTION('',(0.0,0.0,1.0));
#3626=DIRECTION('',(-1.0,0.0,0.0));
#3627=AXIS2_PLACEMENT_3D('',#3624,#3625,#3626);
#3628=CYLINDRICAL_SURFACE('',#3627,0.492125975000004);
#3629=ORIENTED_EDGE('',*,*,#1119,.T.);
#3630=ORIENTED_EDGE('',*,*,#2051,.F.);
#3631=ORIENTED_EDGE('',*,*,#3617,.F.);
#3632=ORIENTED_EDGE('',*,*,#2551,.F.);
#3633=EDGE_LOOP('',(#3629,#3630,#3631,#3632));
#3634=FACE_OUTER_BOUND('',#3633,.T.);
#3635=ADVANCED_FACE('',(#3634),#3628,.T.);
#3636=CARTESIAN_POINT('',(-0.527735086605266,0.063116818046502,19.173228362000000));
#3637=DIRECTION('',(0.0,0.0,1.0));
#3638=DIRECTION('',(-1.0,0.0,0.0));
#3639=AXIS2_PLACEMENT_3D('',#3636,#3637,#3638);
#3640=CYLINDRICAL_SURFACE('',#3639,0.039370078000000);
#3641=ORIENTED_EDGE('',*,*,#1102,.T.);
#3642=ORIENTED_EDGE('',*,*,#2541,.T.);
#3643=CARTESIAN_POINT('',(-0.511295788098482,0.098890446690112,20.000000000000007));
#3644=DIRECTION('',(0.0,0.0,-1.0));
#3645=VECTOR('',#3644,0.787401560000006);
#3646=LINE('',#3643,#3645);
#3647=EDGE_CURVE('',#2528,#2055,#3646,.T.);
#3648=ORIENTED_EDGE('',*,*,#3647,.T.);
#3649=ORIENTED_EDGE('',*,*,#2061,.T.);
#3650=EDGE_LOOP('',(#3641,#3642,#3648,#3649));
#3651=FACE_OUTER_BOUND('',#3650,.T.);
#3652=ADVANCED_FACE('',(#3651),#3640,.F.);
#3653=CARTESIAN_POINT('',(-0.609931568327922,-0.115751330139734,19.173228362000000));
#3654=DIRECTION('',(0.0,0.0,1.0));
#3655=DIRECTION('',(-1.0,0.0,0.0));
#3656=AXIS2_PLACEMENT_3D('',#3653,#3654,#3655);
#3657=CYLINDRICAL_SURFACE('',#3656,0.236220468000002);
#3658=ORIENTED_EDGE('',*,*,#2534,.T.);
#3659=CARTESIAN_POINT('',(-0.557936546233054,0.114675723782973,20.000000000000007));
#3660=DIRECTION('',(0.0,0.0,-1.0));
#3661=VECTOR('',#3660,0.787401560000006);
#3662=LINE('',#3659,#3661);
#3663=EDGE_CURVE('',#2519,#2064,#3662,.T.);
#3664=ORIENTED_EDGE('',*,*,#3663,.T.);
#3665=ORIENTED_EDGE('',*,*,#2070,.T.);
#3666=ORIENTED_EDGE('',*,*,#3647,.F.);
#3667=EDGE_LOOP('',(#3658,#3664,#3665,#3666));
#3668=FACE_OUTER_BOUND('',#3667,.T.);
#3669=ADVANCED_FACE('',(#3668),#3657,.F.);
#3670=CARTESIAN_POINT('',(-0.543933178362159,0.176734600300786,19.173228362000000));
#3671=DIRECTION('',(0.0,0.0,1.0));
#3672=DIRECTION('',(-1.0,0.0,0.0));
#3673=AXIS2_PLACEMENT_3D('',#3670,#3671,#3672);
#3674=CYLINDRICAL_SURFACE('',#3673,0.063619167445692);
#3675=ORIENTED_EDGE('',*,*,#3527,.T.);
#3676=ORIENTED_EDGE('',*,*,#2079,.F.);
#3677=ORIENTED_EDGE('',*,*,#3663,.F.);
#3678=ORIENTED_EDGE('',*,*,#2525,.F.);
#3679=EDGE_LOOP('',(#3675,#3676,#3677,#3678));
#3680=FACE_OUTER_BOUND('',#3679,.T.);
#3681=ADVANCED_FACE('',(#3680),#3674,.T.);
#3682=CARTESIAN_POINT('',(-0.550249930844546,0.072152163267220,19.173228362000000));
#3683=DIRECTION('',(0.0,0.0,1.0));
#3684=DIRECTION('',(-1.0,0.0,0.0));
#3685=AXIS2_PLACEMENT_3D('',#3682,#3683,#3684);
#3686=CYLINDRICAL_SURFACE('',#3685,0.196850390000002);
#3687=CARTESIAN_POINT('',(-0.660408417842961,-0.090989443275602,19.979610156766640));
#3688=DIRECTION('',(0.0,0.0,-1.0));
#3689=VECTOR('',#3688,0.746621873533268);
#3690=LINE('',#3687,#3689);
#3691=EDGE_CURVE('',#544,#3395,#3690,.T.);
#3692=ORIENTED_EDGE('',*,*,#3691,.T.);
#3693=ORIENTED_EDGE('',*,*,#3403,.F.);
#3694=CARTESIAN_POINT('',(-0.577646210046047,-0.122782492269107,20.000000000000007));
#3695=DIRECTION('',(0.0,0.0,-1.0));
#3696=VECTOR('',#3695,0.787401560000006);
#3697=LINE('',#3694,#3696);
#3698=EDGE_CURVE('',#553,#2002,#3697,.T.);
#3699=ORIENTED_EDGE('',*,*,#3698,.F.);
#3700=ORIENTED_EDGE('',*,*,#561,.F.);
#3701=EDGE_LOOP('',(#3692,#3693,#3699,#3700));
#3702=FACE_OUTER_BOUND('',#3701,.T.);
#3703=ADVANCED_FACE('',(#3702),#3686,.T.);
#3704=CARTESIAN_POINT('',(-0.656002079794537,-0.084463778047288,19.195657189556709));
#3705=DIRECTION('',(0.0,0.0,1.0));
#3706=DIRECTION('',(-1.0,0.0,0.0));
#3707=AXIS2_PLACEMENT_3D('',#3704,#3705,#3706);
#3708=CYLINDRICAL_SURFACE('',#3707,0.007874015600000);
#3709=CARTESIAN_POINT('',(-0.663811628363516,-0.085469299214517,19.978901638787779));
#3710=DIRECTION('',(0.0,0.0,-1.0));
#3711=VECTOR('',#3710,0.745204837575546);
#3712=LINE('',#3709,#3711);
#3713=EDGE_CURVE('',#535,#3406,#3712,.T.);
#3714=ORIENTED_EDGE('',*,*,#3713,.T.);
#3715=ORIENTED_EDGE('',*,*,#3412,.F.);
#3716=ORIENTED_EDGE('',*,*,#3691,.F.);
#3717=ORIENTED_EDGE('',*,*,#550,.F.);
#3718=EDGE_LOOP('',(#3714,#3715,#3716,#3717));
#3719=FACE_OUTER_BOUND('',#3718,.T.);
#3720=ADVANCED_FACE('',(#3719),#3708,.T.);
#3721=CARTESIAN_POINT('',(-0.580363393988189,-0.317255716127048,19.195657189951596));
#3722=DIRECTION('',(0.0,0.0,1.0));
#3723=DIRECTION('',(-1.0,0.0,0.0));
#3724=AXIS2_PLACEMENT_3D('',#3721,#3722,#3723);
#3725=CYLINDRICAL_SURFACE('',#3724,0.007874015600000);
#3726=CARTESIAN_POINT('',(-0.587763886749473,-0.314566324270281,19.979610156407649));
#3727=VERTEX_POINT('',#3726);
#3728=CARTESIAN_POINT('',(-0.587763886749473,-0.314566324270281,19.232988283592363));
#3729=VERTEX_POINT('',#3728);
#3730=CARTESIAN_POINT('',(-0.587763886749473,-0.314566324270281,19.979610156407649));
#3731=DIRECTION('',(0.0,0.0,-1.0));
#3732=VECTOR('',#3731,0.746621872815286);
#3733=LINE('',#3730,#3732);
#3734=EDGE_CURVE('',#3727,#3729,#3733,.T.);
#3735=ORIENTED_EDGE('',*,*,#3734,.T.);
#3736=CARTESIAN_POINT('',(-0.587272482011861,-0.321032569890466,19.233696801212101));
#3737=VERTEX_POINT('',#3736);
#3738=CARTESIAN_POINT('',(-0.587272482011861,-0.321032569890466,19.233696801212101));
#3739=CARTESIAN_POINT('',(-0.588357575979288,-0.319047581801296,19.233696801212101));
#3740=CARTESIAN_POINT('',(-0.588521367815276,-0.316650711166215,19.233430773648745));
#3741=CARTESIAN_POINT('',(-0.587763886749473,-0.314566324270281,19.232988283592363));
#3742=B_SPLINE_CURVE_WITH_KNOTS('',3,(#3738,#3739,#3740,#3741),.UNSPECIFIED.,.F.,.U.,(4,4),(0.0,0.000170158515676),.UNSPECIFIED.);
#3743=EDGE_CURVE('',#3737,#3729,#3742,.T.);
#3744=ORIENTED_EDGE('',*,*,#3743,.F.);
#3745=CARTESIAN_POINT('',(-0.587272482011861,-0.321032569890466,19.978901638787910));
#3746=VERTEX_POINT('',#3745);
#3747=CARTESIAN_POINT('',(-0.587272482011861,-0.321032569890466,19.978901638787910));
#3748=DIRECTION('',(0.0,0.0,-1.0));
#3749=VECTOR('',#3748,0.745204837575809);
#3750=LINE('',#3747,#3749);
#3751=EDGE_CURVE('',#3746,#3737,#3750,.T.);
#3752=ORIENTED_EDGE('',*,*,#3751,.F.);
#3753=CARTESIAN_POINT('',(-0.587763886749473,-0.314566324270281,19.979610156407649));
#3754=CARTESIAN_POINT('',(-0.588521410177169,-0.316650827734909,19.979167641605141));
#3755=CARTESIAN_POINT('',(-0.588357941353187,-0.319046913414170,19.978901638787910));
#3756=CARTESIAN_POINT('',(-0.587272482011861,-0.321032569890466,19.978901638787910));
#3757=B_SPLINE_CURVE_WITH_KNOTS('',3,(#3753,#3754,#3755,#3756),.UNSPECIFIED.,.F.,.U.,(4,4),(0.0,0.000170198642758),.UNSPECIFIED.);
#3758=EDGE_CURVE('',#3727,#3746,#3757,.T.);
#3759=ORIENTED_EDGE('',*,*,#3758,.F.);
#3760=EDGE_LOOP('',(#3735,#3744,#3752,#3759));
#3761=FACE_OUTER_BOUND('',#3760,.T.);
#3762=ADVANCED_FACE('',(#3761),#3725,.T.);
#3763=CARTESIAN_POINT('',(-0.402751567717408,-0.381801120689476,19.173228362000000));
#3764=DIRECTION('',(0.0,0.0,1.0));
#3765=DIRECTION('',(-1.0,0.0,0.0));
#3766=AXIS2_PLACEMENT_3D('',#3763,#3764,#3765);
#3767=CYLINDRICAL_SURFACE('',#3766,0.196850390000002);
#3768=CARTESIAN_POINT('',(-0.539495338859028,-0.240198800450289,20.000000000000007));
#3769=DIRECTION('',(0.0,0.0,-1.0));
#3770=VECTOR('',#3769,0.787401560000006);
#3771=LINE('',#3768,#3770);
#3772=EDGE_CURVE('',#2642,#1940,#3771,.T.);
#3773=ORIENTED_EDGE('',*,*,#3772,.T.);
#3774=CARTESIAN_POINT('',(-0.587763886749473,-0.314566324270281,19.232988283592363));
#3775=CARTESIAN_POINT('',(-0.582603691135654,-0.300366835195908,19.229973904288112));
#3776=CARTESIAN_POINT('',(-0.575945740237820,-0.287072331500621,19.226780370739800));
#3777=CARTESIAN_POINT('',(-0.559808162884375,-0.262206008704177,19.219986754736901));
#3778=CARTESIAN_POINT('',(-0.550239526413722,-0.250574341766277,19.216359218538479));
#3779=CARTESIAN_POINT('',(-0.539495338859028,-0.240198800450289,19.212598440000001));
#3780=B_SPLINE_CURVE_WITH_KNOTS('',3,(#3774,#3775,#3776,#3777,#3778,#3779),.UNSPECIFIED.,.F.,.U.,(4,2,4),(0.0,0.001157238310554,0.002314262756140),.UNSPECIFIED.);
#3781=EDGE_CURVE('',#3729,#1940,#3780,.T.);
#3782=ORIENTED_EDGE('',*,*,#3781,.F.);
#3783=ORIENTED_EDGE('',*,*,#3734,.F.);
#3784=CARTESIAN_POINT('',(-0.539495338859028,-0.240198800450289,20.000000000000007));
#3785=CARTESIAN_POINT('',(-0.550238037837175,-0.250572904264618,19.996239742506674));
#3786=CARTESIAN_POINT('',(-0.559639718191644,-0.261985161793410,19.992677609858987));
#3787=CARTESIAN_POINT('',(-0.575811969163189,-0.286828212885009,19.985879279361342));
#3788=CARTESIAN_POINT('',(-0.582604429268093,-0.300368866340519,19.982624104524533));
#3789=CARTESIAN_POINT('',(-0.587763886749473,-0.314566324270281,19.979610156407649));
#3790=B_SPLINE_CURVE_WITH_KNOTS('',3,(#3784,#3785,#3786,#3787,#3788,#3789),.UNSPECIFIED.,.F.,.U.,(4,2,4),(0.0,0.001157385013763,0.002314477273046),.UNSPECIFIED.);
#3791=EDGE_CURVE('',#2642,#3727,#3790,.T.);
#3792=ORIENTED_EDGE('',*,*,#3791,.F.);
#3793=EDGE_LOOP('',(#3773,#3782,#3783,#3792));
#3794=FACE_OUTER_BOUND('',#3793,.T.);
#3795=ADVANCED_FACE('',(#3794),#3767,.T.);
#3796=CARTESIAN_POINT('',(-0.495301743799922,-0.285962592056018,19.173228362000000));
#3797=DIRECTION('',(0.0,0.0,1.0));
#3798=DIRECTION('',(-1.0,0.0,0.0));
#3799=AXIS2_PLACEMENT_3D('',#3796,#3797,#3798);
#3800=CYLINDRICAL_SURFACE('',#3799,0.063619167445692);
#3801=CARTESIAN_POINT('',(-0.521901870432100,-0.228171314777062,20.000000000000007));
#3802=DIRECTION('',(0.0,0.0,-1.0));
#3803=VECTOR('',#3802,0.787401560000006);
#3804=LINE('',#3801,#3803);
#3805=EDGE_CURVE('',#2633,#1949,#3804,.T.);
#3806=ORIENTED_EDGE('',*,*,#3805,.T.);
#3807=ORIENTED_EDGE('',*,*,#1955,.F.);
#3808=ORIENTED_EDGE('',*,*,#3772,.F.);
#3809=ORIENTED_EDGE('',*,*,#2648,.F.);
#3810=EDGE_LOOP('',(#3806,#3807,#3808,#3809));
#3811=FACE_OUTER_BOUND('',#3810,.T.);
#3812=ADVANCED_FACE('',(#3811),#3800,.T.);
#3813=CARTESIAN_POINT('',(-0.620669154935520,-0.013590017796260,19.173228362000000));
#3814=DIRECTION('',(0.0,0.0,1.0));
#3815=DIRECTION('',(-1.0,0.0,0.0));
#3816=AXIS2_PLACEMENT_3D('',#3813,#3814,#3815);
#3817=CYLINDRICAL_SURFACE('',#3816,0.236220468000002);
#3818=ORIENTED_EDGE('',*,*,#2639,.T.);
#3819=ORIENTED_EDGE('',*,*,#1077,.T.);
#3820=ORIENTED_EDGE('',*,*,#1962,.T.);
#3821=ORIENTED_EDGE('',*,*,#3805,.F.);
#3822=EDGE_LOOP('',(#3818,#3819,#3820,#3821));
#3823=FACE_OUTER_BOUND('',#3822,.T.);
#3824=ADVANCED_FACE('',(#3823),#3817,.F.);
#3825=CARTESIAN_POINT('',(-0.503080084426902,-0.171459858298095,19.173228362000000));
#3826=DIRECTION('',(0.0,0.0,1.0));
#3827=DIRECTION('',(-1.0,0.0,0.0));
#3828=AXIS2_PLACEMENT_3D('',#3825,#3826,#3827);
#3829=CYLINDRICAL_SURFACE('',#3828,0.039370078000000);
#3830=ORIENTED_EDGE('',*,*,#1060,.T.);
#3831=ORIENTED_EDGE('',*,*,#2629,.T.);
#3832=CARTESIAN_POINT('',(-0.465814889959782,-0.158759136938506,20.000000000000007));
#3833=DIRECTION('',(0.0,0.0,-1.0));
#3834=VECTOR('',#3833,0.787401560000006);
#3835=LINE('',#3832,#3834);
#3836=EDGE_CURVE('',#2616,#1966,#3835,.T.);
#3837=ORIENTED_EDGE('',*,*,#3836,.T.);
#3838=ORIENTED_EDGE('',*,*,#1972,.T.);
#3839=EDGE_LOOP('',(#3830,#3831,#3837,#3838));
#3840=FACE_OUTER_BOUND('',#3839,.T.);
#3841=ADVANCED_FACE('',(#3840),#3829,.F.);
#3842=CARTESIAN_POINT('',(0.0,0.0,19.173228362000000));
#3843=DIRECTION('',(0.0,0.0,1.0));
#3844=DIRECTION('',(-1.0,0.0,0.0));
#3845=AXIS2_PLACEMENT_3D('',#3842,#3843,#3844);
#3846=CYLINDRICAL_SURFACE('',#3845,0.492125975000004);
#3847=CARTESIAN_POINT('',(-0.470168438796967,-0.145360291788802,20.000000000000007));
#3848=DIRECTION('',(0.0,0.0,-1.0));
#3849=VECTOR('',#3848,0.787401560000006);
#3850=LINE('',#3847,#3849);
#3851=EDGE_CURVE('',#2607,#1975,#3850,.T.);
#3852=ORIENTED_EDGE('',*,*,#3851,.T.);
#3853=ORIENTED_EDGE('',*,*,#1981,.F.);
#3854=ORIENTED_EDGE('',*,*,#3836,.F.);
#3855=ORIENTED_EDGE('',*,*,#2622,.F.);
#3856=EDGE_LOOP('',(#3852,#3853,#3854,#3855));
#3857=FACE_OUTER_BOUND('',#3856,.T.);
#3858=ADVANCED_FACE('',(#3857),#3846,.T.);
#3859=CARTESIAN_POINT('',(-0.507781913900728,-0.156989115131906,19.173228362000000));
#3860=DIRECTION('',(0.0,0.0,1.0));
#3861=DIRECTION('',(-1.0,0.0,0.0));
#3862=AXIS2_PLACEMENT_3D('',#3859,#3860,#3861);
#3863=CYLINDRICAL_SURFACE('',#3862,0.039370078000000);
#3864=ORIENTED_EDGE('',*,*,#2613,.T.);
#3865=CARTESIAN_POINT('',(-0.507314313048165,-0.117621814091972,20.000000000000007));
#3866=DIRECTION('',(0.0,0.0,-1.0));
#3867=VECTOR('',#3866,0.787401560000006);
#3868=LINE('',#3865,#3867);
#3869=EDGE_CURVE('',#2598,#1984,#3868,.T.);
#3870=ORIENTED_EDGE('',*,*,#3869,.T.);
#3871=ORIENTED_EDGE('',*,*,#1990,.T.);
#3872=ORIENTED_EDGE('',*,*,#3851,.F.);
#3873=EDGE_LOOP('',(#3864,#3870,#3871,#3872));
#3874=FACE_OUTER_BOUND('',#3873,.T.);
#3875=ADVANCED_FACE('',(#3874),#3863,.F.);
#3876=CARTESIAN_POINT('',(-0.510119906266207,-0.353825620472898,19.173228362000000));
#3877=DIRECTION('',(0.0,0.0,1.0));
#3878=DIRECTION('',(-1.0,0.0,0.0));
#3879=AXIS2_PLACEMENT_3D('',#3876,#3877,#3878);
#3880=CYLINDRICAL_SURFACE('',#3879,0.236220468000002);
#3881=ORIENTED_EDGE('',*,*,#2604,.T.);
#3882=CARTESIAN_POINT('',(-0.556343216397780,-0.122171751300325,20.000000000000007));
#3883=DIRECTION('',(0.0,0.0,-1.0));
#3884=VECTOR('',#3883,0.787401560000006);
#3885=LINE('',#3882,#3884);
#3886=EDGE_CURVE('',#2589,#1993,#3885,.T.);
#3887=ORIENTED_EDGE('',*,*,#3886,.T.);
#3888=ORIENTED_EDGE('',*,*,#1999,.T.);
#3889=ORIENTED_EDGE('',*,*,#3869,.F.);
#3890=EDGE_LOOP('',(#3881,#3887,#3888,#3889));
#3891=FACE_OUTER_BOUND('',#3890,.T.);
#3892=ADVANCED_FACE('',(#3891),#3880,.F.);
#3893=CARTESIAN_POINT('',(-0.568792122395540,-0.059782463711509,19.173228362000000));
#3894=DIRECTION('',(0.0,0.0,1.0));
#3895=DIRECTION('',(-1.0,0.0,0.0));
#3896=AXIS2_PLACEMENT_3D('',#3893,#3894,#3895);
#3897=CYLINDRICAL_SURFACE('',#3896,0.063619167445692);
#3898=ORIENTED_EDGE('',*,*,#3698,.T.);
#3899=ORIENTED_EDGE('',*,*,#2008,.F.);
#3900=ORIENTED_EDGE('',*,*,#3886,.F.);
#3901=ORIENTED_EDGE('',*,*,#2595,.F.);
#3902=EDGE_LOOP('',(#3898,#3899,#3900,#3901));
#3903=FACE_OUTER_BOUND('',#3902,.T.);
#3904=ADVANCED_FACE('',(#3903),#3897,.T.);
#3905=CARTESIAN_POINT('',(-0.659227867334077,-0.053772459744181,19.195657189951596));
#3906=DIRECTION('',(0.0,0.0,1.0));
#3907=DIRECTION('',(-1.0,0.0,0.0));
#3908=AXIS2_PLACEMENT_3D('',#3905,#3906,#3907);
#3909=CYLINDRICAL_SURFACE('',#3908,0.007874015600000);
#3910=ORIENTED_EDGE('',*,*,#1018,.T.);
#3911=CARTESIAN_POINT('',(-0.664894679664730,-0.048305526446779,19.979610156407649));
#3912=CARTESIAN_POINT('',(-0.666288664879379,-0.049750477788488,19.979209566307734));
#3913=CARTESIAN_POINT('',(-0.667097094659519,-0.051735868812600,19.978953600245426));
#3914=CARTESIAN_POINT('',(-0.667101182583037,-0.053772459744181,19.978908718201485));
#3915=B_SPLINE_CURVE_WITH_KNOTS('',3,(#3911,#3912,#3913,#3914),.UNSPECIFIED.,.F.,.U.,(4,4),(0.0,0.000154151596872),.UNSPECIFIED.);
#3916=EDGE_CURVE('',#3554,#1013,#3915,.T.);
#3917=ORIENTED_EDGE('',*,*,#3916,.F.);
#3918=ORIENTED_EDGE('',*,*,#3559,.T.);
#3919=ORIENTED_EDGE('',*,*,#3382,.F.);
#3920=EDGE_LOOP('',(#3910,#3917,#3918,#3919));
#3921=FACE_OUTER_BOUND('',#3920,.T.);
#3922=ADVANCED_FACE('',(#3921),#3909,.T.);
#3923=CARTESIAN_POINT('',(0.0,0.0,19.196436559333311));
#3924=DIRECTION('',(0.0,0.0,1.0));
#3925=DIRECTION('',(-1.0,0.0,0.0));
#3926=AXIS2_PLACEMENT_3D('',#3923,#3924,#3925);
#3927=CYLINDRICAL_SURFACE('',#3926,0.669291326000006);
#3928=ORIENTED_EDGE('',*,*,#1035,.T.);
#3929=ORIENTED_EDGE('',*,*,#3419,.F.);
#3930=ORIENTED_EDGE('',*,*,#3713,.F.);
#3931=ORIENTED_EDGE('',*,*,#541,.F.);
#3932=CARTESIAN_POINT('',(0.0,0.0,19.978901638787779));
#3933=DIRECTION('',(0.0,0.0,-1.0));
#3934=DIRECTION('',(-1.0,0.0,0.0));
#3935=AXIS2_PLACEMENT_3D('',#3932,#3933,#3934);
#3936=CIRCLE('',#3935,0.669291326000006);
#3937=EDGE_CURVE('',#1030,#525,#3936,.F.);
#3938=ORIENTED_EDGE('',*,*,#3937,.F.);
#3939=EDGE_LOOP('',(#3928,#3929,#3930,#3931,#3938));
#3940=FACE_OUTER_BOUND('',#3939,.T.);
#3941=ADVANCED_FACE('',(#3940),#3927,.T.);
#3942=CARTESIAN_POINT('',(0.0,0.0,19.196436559333215));
#3943=DIRECTION('',(0.0,0.0,1.0));
#3944=DIRECTION('',(-1.0,0.0,0.0));
#3945=AXIS2_PLACEMENT_3D('',#3942,#3943,#3944);
#3946=CYLINDRICAL_SURFACE('',#3945,0.669291326000006);
#3947=ORIENTED_EDGE('',*,*,#3751,.T.);
#3948=CARTESIAN_POINT('',(-0.571658601973276,-0.348076603420577,19.233696801212016));
#3949=VERTEX_POINT('',#3948);
#3950=CARTESIAN_POINT('',(0.0,0.0,19.233696801212016));
#3951=DIRECTION('',(0.0,0.0,1.0));
#3952=DIRECTION('',(1.0,0.0,0.0));
#3953=AXIS2_PLACEMENT_3D('',#3950,#3951,#3952);
#3954=CIRCLE('',#3953,0.669291326000006);
#3955=EDGE_CURVE('',#3949,#3737,#3954,.F.);
#3956=ORIENTED_EDGE('',*,*,#3955,.F.);
#3957=CARTESIAN_POINT('',(-0.571658601973276,-0.348076603420577,19.978901638787995));
#3958=VERTEX_POINT('',#3957);
#3959=CARTESIAN_POINT('',(-0.571658601973276,-0.348076603420577,19.978901638787995));
#3960=DIRECTION('',(0.0,0.0,-1.0));
#3961=VECTOR('',#3960,0.745204837575979);
#3962=LINE('',#3959,#3961);
#3963=EDGE_CURVE('',#3958,#3949,#3962,.T.);
#3964=ORIENTED_EDGE('',*,*,#3963,.F.);
#3965=CARTESIAN_POINT('',(0.0,0.0,19.978901638787995));
#3966=DIRECTION('',(0.0,0.0,-1.0));
#3967=DIRECTION('',(-1.0,0.0,0.0));
#3968=AXIS2_PLACEMENT_3D('',#3965,#3966,#3967);
#3969=CIRCLE('',#3968,0.669291326000006);
#3970=EDGE_CURVE('',#3746,#3958,#3969,.F.);
#3971=ORIENTED_EDGE('',*,*,#3970,.F.);
#3972=EDGE_LOOP('',(#3947,#3956,#3964,#3971));
#3973=FACE_OUTER_BOUND('',#3972,.T.);
#3974=ADVANCED_FACE('',(#3973),#3946,.T.);
#3975=CARTESIAN_POINT('',(-0.564933206655945,-0.343981584556806,19.195657189556709));
#3976=DIRECTION('',(0.0,0.0,1.0));
#3977=DIRECTION('',(-1.0,0.0,0.0));
#3978=AXIS2_PLACEMENT_3D('',#3975,#3976,#3977);
#3979=CYLINDRICAL_SURFACE('',#3978,0.007874015600000);
#3980=ORIENTED_EDGE('',*,*,#3963,.T.);
#3981=CARTESIAN_POINT('',(-0.566304369596121,-0.351735295530303,19.232988283233372));
#3982=VERTEX_POINT('',#3981);
#3983=CARTESIAN_POINT('',(-0.566304369596121,-0.351735295530303,19.232988283233372));
#3984=CARTESIAN_POINT('',(-0.568488382269640,-0.351349075660998,19.233430801756050));
#3985=CARTESIAN_POINT('',(-0.570481706049949,-0.350009461508669,19.233696801212101));
#3986=CARTESIAN_POINT('',(-0.571658601973276,-0.348076603420579,19.233696801212101));
#3987=B_SPLINE_CURVE_WITH_KNOTS('',3,(#3983,#3984,#3985,#3986),.UNSPECIFIED.,.F.,.U.,(4,4),(0.0,0.000170188849763),.UNSPECIFIED.);
#3988=EDGE_CURVE('',#3982,#3949,#3987,.T.);
#3989=ORIENTED_EDGE('',*,*,#3988,.F.);
#3990=CARTESIAN_POINT('',(-0.566304369596121,-0.351735295530303,19.979610156766640));
#3991=VERTEX_POINT('',#3990);
#3992=CARTESIAN_POINT('',(-0.566304369596121,-0.351735295530303,19.979610156766640));
#3993=DIRECTION('',(0.0,0.0,-1.0));
#3994=VECTOR('',#3993,0.746621873533268);
#3995=LINE('',#3992,#3994);
#3996=EDGE_CURVE('',#3991,#3982,#3995,.T.);
#3997=ORIENTED_EDGE('',*,*,#3996,.F.);
#3998=CARTESIAN_POINT('',(-0.571658601973276,-0.348076603420580,19.978901638787910));
#3999=CARTESIAN_POINT('',(-0.570482105067874,-0.350008806187321,19.978901638787910));
#4000=CARTESIAN_POINT('',(-0.568488252760485,-0.351349098563342,19.979167664484741));
#4001=CARTESIAN_POINT('',(-0.566304369596121,-0.351735295530303,19.979610156766640));
#4002=B_SPLINE_CURVE_WITH_KNOTS('',3,(#3998,#3999,#4000,#4001),.UNSPECIFIED.,.F.,.U.,(4,4),(0.0,0.000170164514579),.UNSPECIFIED.);
#4003=EDGE_CURVE('',#3958,#3991,#4002,.T.);
#4004=ORIENTED_EDGE('',*,*,#4003,.F.);
#4005=EDGE_LOOP('',(#3980,#3989,#3997,#4004));
#4006=FACE_OUTER_BOUND('',#4005,.T.);
#4007=ADVANCED_FACE('',(#4006),#3979,.T.);
#4008=CARTESIAN_POINT('',(-0.401148817385831,-0.525882577013849,19.195657189951596));
#4009=DIRECTION('',(0.0,0.0,1.0));
#4010=DIRECTION('',(-1.0,0.0,0.0));
#4011=AXIS2_PLACEMENT_3D('',#4008,#4009,#4010);
#4012=CYLINDRICAL_SURFACE('',#4011,0.007874015600000);
#4013=CARTESIAN_POINT('',(-0.409003378147953,-0.526435746882111,19.979610156407649));
#4014=VERTEX_POINT('',#4013);
#4015=CARTESIAN_POINT('',(-0.409003378147953,-0.526435746882111,19.232988283592363));
#4016=VERTEX_POINT('',#4015);
#4017=CARTESIAN_POINT('',(-0.409003378147953,-0.526435746882111,19.979610156407649));
#4018=DIRECTION('',(0.0,0.0,-1.0));
#4019=VECTOR('',#4018,0.746621872815286);
#4020=LINE('',#4017,#4019);
#4021=EDGE_CURVE('',#4014,#4016,#4020,.T.);
#4022=ORIENTED_EDGE('',*,*,#4021,.T.);
#4023=CARTESIAN_POINT('',(-0.405924398545184,-0.532143083883061,19.233696801212101));
#4024=VERTEX_POINT('',#4023);
#4025=CARTESIAN_POINT('',(-0.405924398545184,-0.532143083883061,19.233696801212101));
#4026=CARTESIAN_POINT('',(-0.407723012606169,-0.530771081966599,19.233696801212101));
#4027=CARTESIAN_POINT('',(-0.408847573975429,-0.528648039001252,19.233430776575474));
#4028=CARTESIAN_POINT('',(-0.409003378147953,-0.526435746882111,19.232988283592363));
#4029=B_SPLINE_CURVE_WITH_KNOTS('',3,(#4025,#4026,#4027,#4028),.UNSPECIFIED.,.F.,.U.,(4,4),(0.0,0.000170181724584),.UNSPECIFIED.);
#4030=EDGE_CURVE('',#4024,#4016,#4029,.T.);
#4031=ORIENTED_EDGE('',*,*,#4030,.F.);
#4032=CARTESIAN_POINT('',(-0.405924398545184,-0.532143083883061,19.978901638787910));
#4033=VERTEX_POINT('',#4032);
#4034=CARTESIAN_POINT('',(-0.405924398545184,-0.532143083883061,19.978901638787910));
#4035=DIRECTION('',(0.0,0.0,-1.0));
#4036=VECTOR('',#4035,0.745204837575809);
#4037=LINE('',#4034,#4036);
#4038=EDGE_CURVE('',#4033,#4024,#4037,.T.);
#4039=ORIENTED_EDGE('',*,*,#4038,.F.);
#4040=CARTESIAN_POINT('',(-0.409003378147953,-0.526435746882111,19.979610156407649));
#4041=CARTESIAN_POINT('',(-0.408847564600622,-0.528648172115864,19.979167636799534));
#4042=CARTESIAN_POINT('',(-0.407723634813299,-0.530770607340391,19.978901638787910));
#4043=CARTESIAN_POINT('',(-0.405924398545184,-0.532143083883061,19.978901638787910));
#4044=B_SPLINE_CURVE_WITH_KNOTS('',3,(#4040,#4041,#4042,#4043),.UNSPECIFIED.,.F.,.U.,(4,4),(0.0,0.000170186321075),.UNSPECIFIED.);
#4045=EDGE_CURVE('',#4014,#4033,#4044,.T.);
#4046=ORIENTED_EDGE('',*,*,#4045,.F.);
#4047=EDGE_LOOP('',(#4022,#4031,#4039,#4046));
#4048=FACE_OUTER_BOUND('',#4047,.T.);
#4049=ADVANCED_FACE('',(#4048),#4012,.T.);
#4050=CARTESIAN_POINT('',(0.0,0.0,19.196436559333179));
#4051=DIRECTION('',(0.0,0.0,1.0));
#4052=DIRECTION('',(-1.0,0.0,0.0));
#4053=AXIS2_PLACEMENT_3D('',#4050,#4051,#4052);
#4054=CYLINDRICAL_SURFACE('',#4053,0.669291326000006);
#4055=ORIENTED_EDGE('',*,*,#4038,.T.);
#4056=CARTESIAN_POINT('',(-0.380660609946494,-0.550498300718550,19.233696801211984));
#4057=VERTEX_POINT('',#4056);
#4058=CARTESIAN_POINT('',(0.0,0.0,19.233696801211980));
#4059=DIRECTION('',(0.0,0.0,1.0));
#4060=DIRECTION('',(1.0,0.0,0.0));
#4061=AXIS2_PLACEMENT_3D('',#4058,#4059,#4060);
#4062=CIRCLE('',#4061,0.669291326000006);
#4063=EDGE_CURVE('',#4057,#4024,#4062,.F.);
#4064=ORIENTED_EDGE('',*,*,#4063,.F.);
#4065=CARTESIAN_POINT('',(-0.380660609946494,-0.550498300718550,19.978901638788027));
#4066=VERTEX_POINT('',#4065);
#4067=CARTESIAN_POINT('',(-0.380660609946494,-0.550498300718550,19.978901638788027));
#4068=DIRECTION('',(0.0,0.0,-1.0));
#4069=VECTOR('',#4068,0.745204837576043);
#4070=LINE('',#4067,#4069);
#4071=EDGE_CURVE('',#4066,#4057,#4070,.T.);
#4072=ORIENTED_EDGE('',*,*,#4071,.F.);
#4073=CARTESIAN_POINT('',(0.0,0.0,19.978901638788027));
#4074=DIRECTION('',(0.0,0.0,-1.0));
#4075=DIRECTION('',(-1.0,0.0,0.0));
#4076=AXIS2_PLACEMENT_3D('',#4073,#4074,#4075);
#4077=CIRCLE('',#4076,0.669291326000006);
#4078=EDGE_CURVE('',#4033,#4066,#4077,.F.);
#4079=ORIENTED_EDGE('',*,*,#4078,.F.);
#4080=EDGE_LOOP('',(#4055,#4064,#4072,#4079));
#4081=FACE_OUTER_BOUND('',#4080,.T.);
#4082=ADVANCED_FACE('',(#4081),#4054,.T.);
#4083=CARTESIAN_POINT('',(-0.376182249829477,-0.544021850121858,19.195657189556709));
#4084=DIRECTION('',(0.0,0.0,1.0));
#4085=DIRECTION('',(-1.0,0.0,0.0));
#4086=AXIS2_PLACEMENT_3D('',#4083,#4084,#4085);
#4087=CYLINDRICAL_SURFACE('',#4086,0.007874015600000);
#4088=ORIENTED_EDGE('',*,*,#4071,.T.);
#4089=CARTESIAN_POINT('',(-0.374281151132423,-0.551662919772970,19.232988283233372));
#4090=VERTEX_POINT('',#4089);
#4091=CARTESIAN_POINT('',(-0.374281151132423,-0.551662919772970,19.232988283233372));
#4092=CARTESIAN_POINT('',(-0.376433431662313,-0.552198407328757,19.233430800912956));
#4093=CARTESIAN_POINT('',(-0.378799304966875,-0.551785362800145,19.233696801212101));
#4094=CARTESIAN_POINT('',(-0.380660609946492,-0.550498300718550,19.233696801212101));
#4095=B_SPLINE_CURVE_WITH_KNOTS('',3,(#4091,#4092,#4093,#4094),.UNSPECIFIED.,.F.,.U.,(4,4),(0.0,0.000170192011905),.UNSPECIFIED.);
#4096=EDGE_CURVE('',#4090,#4057,#4095,.T.);
#4097=ORIENTED_EDGE('',*,*,#4096,.F.);
#4098=CARTESIAN_POINT('',(-0.374281151132423,-0.551662919772970,19.979610156766640));
#4099=VERTEX_POINT('',#4098);
#4100=CARTESIAN_POINT('',(-0.374281151132423,-0.551662919772970,19.979610156766640));
#4101=DIRECTION('',(0.0,0.0,-1.0));
#4102=VECTOR('',#4101,0.746621873533268);
#4103=LINE('',#4100,#4102);
#4104=EDGE_CURVE('',#4099,#4090,#4103,.T.);
#4105=ORIENTED_EDGE('',*,*,#4104,.F.);
#4106=CARTESIAN_POINT('',(-0.380660609946490,-0.550498300718550,19.978901638787910));
#4107=CARTESIAN_POINT('',(-0.378799942645606,-0.551784921855684,19.978901638787910));
#4108=CARTESIAN_POINT('',(-0.376433306345529,-0.552198376149931,19.979167664852696));
#4109=CARTESIAN_POINT('',(-0.374281151132423,-0.551662919772970,19.979610156766640));
#4110=B_SPLINE_CURVE_WITH_KNOTS('',3,(#4106,#4107,#4108,#4109),.UNSPECIFIED.,.F.,.U.,(4,4),(0.0,0.000170173693687),.UNSPECIFIED.);
#4111=EDGE_CURVE('',#4066,#4099,#4110,.T.);
#4112=ORIENTED_EDGE('',*,*,#4111,.F.);
#4113=EDGE_LOOP('',(#4088,#4097,#4105,#4112));
#4114=FACE_OUTER_BOUND('',#4113,.T.);
#4115=ADVANCED_FACE('',(#4114),#4087,.T.);
#4116=CARTESIAN_POINT('',(-0.152571965934861,-0.643579562841725,19.195657189951596));
#4117=DIRECTION('',(0.0,0.0,1.0));
#4118=DIRECTION('',(-1.0,0.0,0.0));
#4119=AXIS2_PLACEMENT_3D('',#4116,#4117,#4118);
#4120=CYLINDRICAL_SURFACE('',#4119,0.007874015600000);
#4121=CARTESIAN_POINT('',(-0.159522469785611,-0.647279646339400,19.979610156407649));
#4122=VERTEX_POINT('',#4121);
#4123=CARTESIAN_POINT('',(-0.159522469785611,-0.647279646339400,19.232988283592363));
#4124=VERTEX_POINT('',#4123);
#4125=CARTESIAN_POINT('',(-0.159522469785611,-0.647279646339400,19.979610156407649));
#4126=DIRECTION('',(0.0,0.0,-1.0));
#4127=VECTOR('',#4126,0.746621872815286);
#4128=LINE('',#4125,#4127);
#4129=EDGE_CURVE('',#4122,#4124,#4128,.T.);
#4130=ORIENTED_EDGE('',*,*,#4129,.T.);
#4131=CARTESIAN_POINT('',(-0.154388298862658,-0.651241224304127,19.233696801212101));
#4132=VERTEX_POINT('',#4131);
#4133=CARTESIAN_POINT('',(-0.154388298862658,-0.651241224304127,19.233696801212101));
#4134=CARTESIAN_POINT('',(-0.156589544617295,-0.650719379901847,19.233696801212101));
#4135=CARTESIAN_POINT('',(-0.158480329647061,-0.649237277579498,19.233430770492909));
#4136=CARTESIAN_POINT('',(-0.159522469785611,-0.647279646339400,19.232988283592363));
#4137=B_SPLINE_CURVE_WITH_KNOTS('',3,(#4133,#4134,#4135,#4136),.UNSPECIFIED.,.F.,.U.,(4,4),(0.0,0.000170136252747),.UNSPECIFIED.);
#4138=EDGE_CURVE('',#4132,#4124,#4137,.T.);
#4139=ORIENTED_EDGE('',*,*,#4138,.F.);
#4140=CARTESIAN_POINT('',(-0.154388298862658,-0.651241224304127,19.978901638787910));
#4141=VERTEX_POINT('',#4140);
#4142=CARTESIAN_POINT('',(-0.154388298862658,-0.651241224304127,19.978901638787910));
#4143=DIRECTION('',(0.0,0.0,-1.0));
#4144=VECTOR('',#4143,0.745204837575809);
#4145=LINE('',#4142,#4144);
#4146=EDGE_CURVE('',#4141,#4132,#4145,.T.);
#4147=ORIENTED_EDGE('',*,*,#4146,.F.);
#4148=CARTESIAN_POINT('',(-0.159522469785611,-0.647279646339400,19.979610156407649));
#4149=CARTESIAN_POINT('',(-0.158480276271754,-0.649237377843524,19.979167646844239));
#4150=CARTESIAN_POINT('',(-0.156590266306150,-0.650719208812689,19.978901638787910));
#4151=CARTESIAN_POINT('',(-0.154388298862658,-0.651241224304127,19.978901638787910));
#4152=B_SPLINE_CURVE_WITH_KNOTS('',3,(#4148,#4149,#4150,#4151),.UNSPECIFIED.,.F.,.U.,(4,4),(0.0,0.000170212308767),.UNSPECIFIED.);
#4153=EDGE_CURVE('',#4122,#4141,#4152,.T.);
#4154=ORIENTED_EDGE('',*,*,#4153,.F.);
#4155=EDGE_LOOP('',(#4130,#4139,#4147,#4154));
#4156=FACE_OUTER_BOUND('',#4155,.T.);
#4157=ADVANCED_FACE('',(#4156),#4120,.T.);
#4158=CARTESIAN_POINT('',(-1.099569E-014,0.0,19.196436559333293));
#4159=DIRECTION('',(0.0,0.0,1.0));
#4160=DIRECTION('',(-1.0,0.0,0.0));
#4161=AXIS2_PLACEMENT_3D('',#4158,#4159,#4160);
#4162=CYLINDRICAL_SURFACE('',#4161,0.669291326000006);
#4163=ORIENTED_EDGE('',*,*,#4146,.T.);
#4164=CARTESIAN_POINT('',(-0.123842940266887,-0.657733840702224,19.233696801212083));
#4165=VERTEX_POINT('',#4164);
#4166=CARTESIAN_POINT('',(0.0,0.0,19.233696801212083));
#4167=DIRECTION('',(0.0,0.0,1.0));
#4168=DIRECTION('',(1.0,0.0,0.0));
#4169=AXIS2_PLACEMENT_3D('',#4166,#4167,#4168);
#4170=CIRCLE('',#4169,0.669291326000006);
#4171=EDGE_CURVE('',#4165,#4132,#4170,.F.);
#4172=ORIENTED_EDGE('',*,*,#4171,.F.);
#4173=CARTESIAN_POINT('',(-0.123842940266887,-0.657733840702224,19.978901638787924));
#4174=VERTEX_POINT('',#4173);
#4175=CARTESIAN_POINT('',(-0.123842940266887,-0.657733840702224,19.978901638787924));
#4176=DIRECTION('',(0.0,0.0,-1.0));
#4177=VECTOR('',#4176,0.745204837575841);
#4178=LINE('',#4175,#4177);
#4179=EDGE_CURVE('',#4174,#4165,#4178,.T.);
#4180=ORIENTED_EDGE('',*,*,#4179,.F.);
#4181=CARTESIAN_POINT('',(0.0,0.0,19.978901638787924));
#4182=DIRECTION('',(0.0,0.0,-1.0));
#4183=DIRECTION('',(-1.0,0.0,0.0));
#4184=AXIS2_PLACEMENT_3D('',#4181,#4182,#4183);
#4185=CIRCLE('',#4184,0.669291326000006);
#4186=EDGE_CURVE('',#4141,#4174,#4185,.F.);
#4187=ORIENTED_EDGE('',*,*,#4186,.F.);
#4188=EDGE_LOOP('',(#4163,#4172,#4180,#4187));
#4189=FACE_OUTER_BOUND('',#4188,.T.);
#4190=ADVANCED_FACE('',(#4189),#4162,.T.);
#4191=CARTESIAN_POINT('',(-0.122385964499041,-0.649995795517494,19.195657189514964));
#4192=DIRECTION('',(0.0,0.0,1.0));
#4193=DIRECTION('',(-1.0,0.0,0.0));
#4194=AXIS2_PLACEMENT_3D('',#4191,#4192,#4193);
#4195=CYLINDRICAL_SURFACE('',#4194,0.007874015600000);
#4196=ORIENTED_EDGE('',*,*,#4179,.T.);
#4197=CARTESIAN_POINT('',(-0.117541321250481,-0.656203013369574,19.232988283195422));
#4198=VERTEX_POINT('',#4197);
#4199=CARTESIAN_POINT('',(-0.117541321250481,-0.656203013369574,19.232988283195422));
#4200=CARTESIAN_POINT('',(-0.119289656202433,-0.657567563369759,19.233430783495180));
#4201=CARTESIAN_POINT('',(-0.121619014456828,-0.658152577726548,19.233696801212101));
#4202=CARTESIAN_POINT('',(-0.123842940266887,-0.657733840702224,19.233696801212101));
#4203=B_SPLINE_CURVE_WITH_KNOTS('',3,(#4199,#4200,#4201,#4202),.UNSPECIFIED.,.F.,.U.,(4,4),(0.0,0.000170240057496),.UNSPECIFIED.);
#4204=EDGE_CURVE('',#4198,#4165,#4203,.T.);
#4205=ORIENTED_EDGE('',*,*,#4204,.F.);
#4206=CARTESIAN_POINT('',(-0.117541321250481,-0.656203013369574,19.979610156804583));
#4207=VERTEX_POINT('',#4206);
#4208=CARTESIAN_POINT('',(-0.117541321250481,-0.656203013369574,19.979610156804583));
#4209=DIRECTION('',(0.0,0.0,-1.0));
#4210=VECTOR('',#4209,0.746621873609161);
#4211=LINE('',#4208,#4210);
#4212=EDGE_CURVE('',#4207,#4198,#4211,.T.);
#4213=ORIENTED_EDGE('',*,*,#4212,.F.);
#4214=CARTESIAN_POINT('',(-0.123842940266886,-0.657733840702224,19.978901638787910));
#4215=CARTESIAN_POINT('',(-0.121619741199802,-0.658152440890063,19.978901638787910));
#4216=CARTESIAN_POINT('',(-0.119289583236849,-0.657567506421181,19.979167674972281));
#4217=CARTESIAN_POINT('',(-0.117541321250481,-0.656203013369574,19.979610156804583));
#4218=B_SPLINE_CURVE_WITH_KNOTS('',3,(#4214,#4215,#4216,#4217),.UNSPECIFIED.,.F.,.U.,(4,4),(0.0,0.000170134591597),.UNSPECIFIED.);
#4219=EDGE_CURVE('',#4174,#4207,#4218,.T.);
#4220=ORIENTED_EDGE('',*,*,#4219,.F.);
#4221=EDGE_LOOP('',(#4196,#4205,#4213,#4220));
#4222=FACE_OUTER_BOUND('',#4221,.T.);
#4223=ADVANCED_FACE('',(#4222),#4195,.T.);
#4224=CARTESIAN_POINT('',(0.122385964499041,-0.649995795517490,19.195657189951596));
#4225=DIRECTION('',(0.0,0.0,1.0));
#4226=DIRECTION('',(-1.0,0.0,0.0));
#4227=AXIS2_PLACEMENT_3D('',#4224,#4225,#4226);
#4228=CYLINDRICAL_SURFACE('',#4227,0.007874015600000);
#4229=CARTESIAN_POINT('',(0.117541322818806,-0.656203014593629,19.979610156407649));
#4230=VERTEX_POINT('',#4229);
#4231=CARTESIAN_POINT('',(0.117541322818806,-0.656203014593629,19.232988283592363));
#4232=VERTEX_POINT('',#4231);
#4233=CARTESIAN_POINT('',(0.117541322818806,-0.656203014593629,19.979610156407649));
#4234=DIRECTION('',(0.0,0.0,-1.0));
#4235=VECTOR('',#4234,0.746621872815286);
#4236=LINE('',#4233,#4235);
#4237=EDGE_CURVE('',#4230,#4232,#4236,.T.);
#4238=ORIENTED_EDGE('',*,*,#4237,.T.);
#4239=CARTESIAN_POINT('',(0.123842940266887,-0.657733840702224,19.233696801212101));
#4240=VERTEX_POINT('',#4239);
#4241=CARTESIAN_POINT('',(0.123842940266887,-0.657733840702224,19.233696801212101));
#4242=CARTESIAN_POINT('',(0.121619741870990,-0.658152440763689,19.233696801212101));
#4243=CARTESIAN_POINT('',(0.119289584637919,-0.657567506803902,19.233430765195653));
#4244=CARTESIAN_POINT('',(0.117541322818805,-0.656203014593629,19.232988283592363));
#4245=B_SPLINE_CURVE_WITH_KNOTS('',3,(#4241,#4242,#4243,#4244),.UNSPECIFIED.,.F.,.U.,(4,4),(0.0,0.000170134540293),.UNSPECIFIED.);
#4246=EDGE_CURVE('',#4240,#4232,#4245,.T.);
#4247=ORIENTED_EDGE('',*,*,#4246,.F.);
#4248=CARTESIAN_POINT('',(0.123842940266887,-0.657733840702224,19.978901638787910));
#4249=VERTEX_POINT('',#4248);
#4250=CARTESIAN_POINT('',(0.123842940266887,-0.657733840702224,19.978901638787910));
#4251=DIRECTION('',(0.0,0.0,-1.0));
#4252=VECTOR('',#4251,0.745204837575809);
#4253=LINE('',#4250,#4252);
#4254=EDGE_CURVE('',#4249,#4240,#4253,.T.);
#4255=ORIENTED_EDGE('',*,*,#4254,.F.);
#4256=CARTESIAN_POINT('',(0.117541322818806,-0.656203014593629,19.979610156407649));
#4257=CARTESIAN_POINT('',(0.119289657603602,-0.657567563752527,19.979167656336884));
#4258=CARTESIAN_POINT('',(0.121619015127425,-0.658152577600284,19.978901638787910));
#4259=CARTESIAN_POINT('',(0.123842940266887,-0.657733840702224,19.978901638787910));
#4260=B_SPLINE_CURVE_WITH_KNOTS('',3,(#4256,#4257,#4258,#4259),.UNSPECIFIED.,.F.,.U.,(4,4),(0.0,0.000170240006192),.UNSPECIFIED.);
#4261=EDGE_CURVE('',#4230,#4249,#4260,.T.);
#4262=ORIENTED_EDGE('',*,*,#4261,.F.);
#4263=EDGE_LOOP('',(#4238,#4247,#4255,#4262));
#4264=FACE_OUTER_BOUND('',#4263,.T.);
#4265=ADVANCED_FACE('',(#4264),#4228,.T.);
#4266=CARTESIAN_POINT('',(0.0,0.0,19.196436559333311));
#4267=DIRECTION('',(0.0,0.0,1.0));
#4268=DIRECTION('',(-1.0,0.0,0.0));
#4269=AXIS2_PLACEMENT_3D('',#4266,#4267,#4268);
#4270=CYLINDRICAL_SURFACE('',#4269,0.669291326000006);
#4271=ORIENTED_EDGE('',*,*,#4254,.T.);
#4272=CARTESIAN_POINT('',(0.154388298862657,-0.651241224304127,19.233696801212169));
#4273=VERTEX_POINT('',#4272);
#4274=CARTESIAN_POINT('',(0.0,0.0,19.233696801212169));
#4275=DIRECTION('',(0.0,0.0,1.0));
#4276=DIRECTION('',(1.0,0.0,0.0));
#4277=AXIS2_PLACEMENT_3D('',#4274,#4275,#4276);
#4278=CIRCLE('',#4277,0.669291326000006);
#4279=EDGE_CURVE('',#4273,#4240,#4278,.F.);
#4280=ORIENTED_EDGE('',*,*,#4279,.F.);
#4281=CARTESIAN_POINT('',(0.154388298862657,-0.651241224304127,19.978901638787843));
#4282=VERTEX_POINT('',#4281);
#4283=CARTESIAN_POINT('',(0.154388298862657,-0.651241224304127,19.978901638787843));
#4284=DIRECTION('',(0.0,0.0,-1.0));
#4285=VECTOR('',#4284,0.745204837575674);
#4286=LINE('',#4283,#4285);
#4287=EDGE_CURVE('',#4282,#4273,#4286,.T.);
#4288=ORIENTED_EDGE('',*,*,#4287,.F.);
#4289=CARTESIAN_POINT('',(0.0,0.0,19.978901638787843));
#4290=DIRECTION('',(0.0,0.0,-1.0));
#4291=DIRECTION('',(-1.0,0.0,0.0));
#4292=AXIS2_PLACEMENT_3D('',#4289,#4290,#4291);
#4293=CIRCLE('',#4292,0.669291326000006);
#4294=EDGE_CURVE('',#4249,#4282,#4293,.F.);
#4295=ORIENTED_EDGE('',*,*,#4294,.F.);
#4296=EDGE_LOOP('',(#4271,#4280,#4288,#4295));
#4297=FACE_OUTER_BOUND('',#4296,.T.);
#4298=ADVANCED_FACE('',(#4297),#4270,.T.);
#4299=CARTESIAN_POINT('',(0.152571965934862,-0.643579562841729,19.195657189556709));
#4300=DIRECTION('',(0.0,0.0,1.0));
#4301=DIRECTION('',(-1.0,0.0,0.0));
#4302=AXIS2_PLACEMENT_3D('',#4299,#4300,#4301);
#4303=CYLINDRICAL_SURFACE('',#4302,0.007874015600000);
#4304=ORIENTED_EDGE('',*,*,#4287,.T.);
#4305=CARTESIAN_POINT('',(0.159522470631103,-0.647279644751168,19.232988283233372));
#4306=VERTEX_POINT('',#4305);
#4307=CARTESIAN_POINT('',(0.159522470631103,-0.647279644751168,19.232988283233372));
#4308=CARTESIAN_POINT('',(0.158480277288557,-0.649237377011980,19.233430793003912));
#4309=CARTESIAN_POINT('',(0.156590266906630,-0.650719208670335,19.233696801212101));
#4310=CARTESIAN_POINT('',(0.154388298862655,-0.651241224304131,19.233696801212101));
#4311=B_SPLINE_CURVE_WITH_KNOTS('',3,(#4307,#4308,#4309,#4310),.UNSPECIFIED.,.F.,.U.,(4,4),(0.0,0.000170212355092),.UNSPECIFIED.);
#4312=EDGE_CURVE('',#4306,#4273,#4311,.T.);
#4313=ORIENTED_EDGE('',*,*,#4312,.F.);
#4314=CARTESIAN_POINT('',(0.159522470631103,-0.647279644751168,19.979610156766640));
#4315=VERTEX_POINT('',#4314);
#4316=CARTESIAN_POINT('',(0.159522470631103,-0.647279644751168,19.979610156766640));
#4317=DIRECTION('',(0.0,0.0,-1.0));
#4318=VECTOR('',#4317,0.746621873533268);
#4319=LINE('',#4316,#4318);
#4320=EDGE_CURVE('',#4315,#4306,#4319,.T.);
#4321=ORIENTED_EDGE('',*,*,#4320,.F.);
#4322=CARTESIAN_POINT('',(0.154388298862654,-0.651241224304131,19.978901638787910));
#4323=CARTESIAN_POINT('',(0.156589545218303,-0.650719379759371,19.978901638787903));
#4324=CARTESIAN_POINT('',(0.158480330663807,-0.649237276748002,19.979167669658946));
#4325=CARTESIAN_POINT('',(0.159522470631103,-0.647279644751168,19.979610156766640));
#4326=B_SPLINE_CURVE_WITH_KNOTS('',3,(#4322,#4323,#4324,#4325),.UNSPECIFIED.,.F.,.U.,(4,4),(0.0,0.000170136299145),.UNSPECIFIED.);
#4327=EDGE_CURVE('',#4282,#4315,#4326,.T.);
#4328=ORIENTED_EDGE('',*,*,#4327,.F.);
#4329=EDGE_LOOP('',(#4304,#4313,#4321,#4328));
#4330=FACE_OUTER_BOUND('',#4329,.T.);
#4331=ADVANCED_FACE('',(#4330),#4303,.T.);
#4332=CARTESIAN_POINT('',(0.376182249829477,-0.544021850121858,19.195657189951596));
#4333=DIRECTION('',(0.0,0.0,1.0));
#4334=DIRECTION('',(-1.0,0.0,0.0));
#4335=AXIS2_PLACEMENT_3D('',#4332,#4333,#4334);
#4336=CYLINDRICAL_SURFACE('',#4335,0.007874015600000);
#4337=CARTESIAN_POINT('',(0.374281152878456,-0.551662920207384,19.979610156407649));
#4338=VERTEX_POINT('',#4337);
#4339=CARTESIAN_POINT('',(0.374281152878456,-0.551662920207384,19.232988283592363));
#4340=VERTEX_POINT('',#4339);
#4341=CARTESIAN_POINT('',(0.374281152878456,-0.551662920207384,19.979610156407649));
#4342=DIRECTION('',(0.0,0.0,-1.0));
#4343=VECTOR('',#4342,0.746621872815286);
#4344=LINE('',#4341,#4343);
#4345=EDGE_CURVE('',#4338,#4340,#4344,.T.);
#4346=ORIENTED_EDGE('',*,*,#4345,.T.);
#4347=CARTESIAN_POINT('',(0.380660609946494,-0.550498300718550,19.233696801212101));
#4348=VERTEX_POINT('',#4347);
#4349=CARTESIAN_POINT('',(0.380660609946494,-0.550498300718550,19.233696801212101));
#4350=CARTESIAN_POINT('',(0.378799943153639,-0.551784921504389,19.233696801212101));
#4351=CARTESIAN_POINT('',(0.376433307643792,-0.552198375950715,19.233430775299162));
#4352=CARTESIAN_POINT('',(0.374281152878456,-0.551662920207384,19.232988283592363));
#4353=B_SPLINE_CURVE_WITH_KNOTS('',3,(#4349,#4350,#4351,#4352),.UNSPECIFIED.,.F.,.U.,(4,4),(0.0,0.000170173647289),.UNSPECIFIED.);
#4354=EDGE_CURVE('',#4348,#4340,#4353,.T.);
#4355=ORIENTED_EDGE('',*,*,#4354,.F.);
#4356=CARTESIAN_POINT('',(0.380660609946494,-0.550498300718550,19.978901638787910));
#4357=VERTEX_POINT('',#4356);
#4358=CARTESIAN_POINT('',(0.380660609946494,-0.550498300718550,19.978901638787910));
#4359=DIRECTION('',(0.0,0.0,-1.0));
#4360=VECTOR('',#4359,0.745204837575809);
#4361=LINE('',#4358,#4360);
#4362=EDGE_CURVE('',#4357,#4348,#4361,.T.);
#4363=ORIENTED_EDGE('',*,*,#4362,.F.);
#4364=CARTESIAN_POINT('',(0.374281152878456,-0.551662920207384,19.979610156407649));
#4365=CARTESIAN_POINT('',(0.376433432960701,-0.552198407129541,19.979167638935184));
#4366=CARTESIAN_POINT('',(0.378799305474424,-0.551785362449184,19.978901638787910));
#4367=CARTESIAN_POINT('',(0.380660609946494,-0.550498300718550,19.978901638787910));
#4368=B_SPLINE_CURVE_WITH_KNOTS('',3,(#4364,#4365,#4366,#4367),.UNSPECIFIED.,.F.,.U.,(4,4),(0.0,0.000170191965541),.UNSPECIFIED.);
#4369=EDGE_CURVE('',#4338,#4357,#4368,.T.);
#4370=ORIENTED_EDGE('',*,*,#4369,.F.);
#4371=EDGE_LOOP('',(#4346,#4355,#4363,#4370));
#4372=FACE_OUTER_BOUND('',#4371,.T.);
#4373=ADVANCED_FACE('',(#4372),#4336,.T.);
#4374=CARTESIAN_POINT('',(0.0,0.0,19.196436559333179));
#4375=DIRECTION('',(0.0,0.0,1.0));
#4376=DIRECTION('',(-1.0,0.0,0.0));
#4377=AXIS2_PLACEMENT_3D('',#4374,#4375,#4376);
#4378=CYLINDRICAL_SURFACE('',#4377,0.669291326000006);
#4379=ORIENTED_EDGE('',*,*,#4362,.T.);
#4380=CARTESIAN_POINT('',(0.405924398545184,-0.532143083883065,19.233696801211984));
#4381=VERTEX_POINT('',#4380);
#4382=CARTESIAN_POINT('',(0.0,0.0,19.233696801211984));
#4383=DIRECTION('',(0.0,0.0,1.0));
#4384=DIRECTION('',(1.0,0.0,0.0));
#4385=AXIS2_PLACEMENT_3D('',#4382,#4383,#4384);
#4386=CIRCLE('',#4385,0.669291326000006);
#4387=EDGE_CURVE('',#4381,#4348,#4386,.F.);
#4388=ORIENTED_EDGE('',*,*,#4387,.F.);
#4389=CARTESIAN_POINT('',(0.405924398545184,-0.532143083883065,19.978901638788027));
#4390=VERTEX_POINT('',#4389);
#4391=CARTESIAN_POINT('',(0.405924398545184,-0.532143083883065,19.978901638788027));
#4392=DIRECTION('',(0.0,0.0,-1.0));
#4393=VECTOR('',#4392,0.745204837576043);
#4394=LINE('',#4391,#4393);
#4395=EDGE_CURVE('',#4390,#4381,#4394,.T.);
#4396=ORIENTED_EDGE('',*,*,#4395,.F.);
#4397=CARTESIAN_POINT('',(0.0,0.0,19.978901638788027));
#4398=DIRECTION('',(0.0,0.0,-1.0));
#4399=DIRECTION('',(-1.0,0.0,0.0));
#4400=AXIS2_PLACEMENT_3D('',#4397,#4398,#4399);
#4401=CIRCLE('',#4400,0.669291326000006);
#4402=EDGE_CURVE('',#4357,#4390,#4401,.F.);
#4403=ORIENTED_EDGE('',*,*,#4402,.F.);
#4404=EDGE_LOOP('',(#4379,#4388,#4396,#4403));
#4405=FACE_OUTER_BOUND('',#4404,.T.);
#4406=ADVANCED_FACE('',(#4405),#4378,.T.);
#4407=CARTESIAN_POINT('',(0.401148817385831,-0.525882577013849,19.195657189587418));
#4408=DIRECTION('',(0.0,0.0,1.0));
#4409=DIRECTION('',(-1.0,0.0,0.0));
#4410=AXIS2_PLACEMENT_3D('',#4407,#4408,#4409);
#4411=CYLINDRICAL_SURFACE('',#4410,0.007874015600000);
#4412=ORIENTED_EDGE('',*,*,#4395,.T.);
#4413=CARTESIAN_POINT('',(0.409003378264523,-0.526435745226887,19.232988283261292));
#4414=VERTEX_POINT('',#4413);
#4415=CARTESIAN_POINT('',(0.409003378264523,-0.526435745226887,19.232988283261292));
#4416=CARTESIAN_POINT('',(0.408847565145366,-0.528648171033864,19.233430803060426));
#4417=CARTESIAN_POINT('',(0.407723635265756,-0.530770606995253,19.233696801212101));
#4418=CARTESIAN_POINT('',(0.405924398545188,-0.532143083883061,19.233696801212101));
#4419=B_SPLINE_CURVE_WITH_KNOTS('',3,(#4415,#4416,#4417,#4418),.UNSPECIFIED.,.F.,.U.,(4,4),(0.0,0.000170186363820),.UNSPECIFIED.);
#4420=EDGE_CURVE('',#4414,#4381,#4419,.T.);
#4421=ORIENTED_EDGE('',*,*,#4420,.F.);
#4422=CARTESIAN_POINT('',(0.409003378264523,-0.526435745226887,19.979610156738719));
#4423=VERTEX_POINT('',#4422);
#4424=CARTESIAN_POINT('',(0.409003378264523,-0.526435745226887,19.979610156738719));
#4425=DIRECTION('',(0.0,0.0,-1.0));
#4426=VECTOR('',#4425,0.746621873477427);
#4427=LINE('',#4424,#4426);
#4428=EDGE_CURVE('',#4423,#4414,#4427,.T.);
#4429=ORIENTED_EDGE('',*,*,#4428,.F.);
#4430=CARTESIAN_POINT('',(0.405924398545188,-0.532143083883061,19.978901638787910));
#4431=CARTESIAN_POINT('',(0.407723013059063,-0.530771081621126,19.978901638787910));
#4432=CARTESIAN_POINT('',(0.408847574520138,-0.528648037919354,19.979167663564567));
#4433=CARTESIAN_POINT('',(0.409003378264523,-0.526435745226887,19.979610156738719));
#4434=B_SPLINE_CURVE_WITH_KNOTS('',3,(#4430,#4431,#4432,#4433),.UNSPECIFIED.,.F.,.U.,(4,4),(0.0,0.000170181767374),.UNSPECIFIED.);
#4435=EDGE_CURVE('',#4390,#4423,#4434,.T.);
#4436=ORIENTED_EDGE('',*,*,#4435,.F.);
#4437=EDGE_LOOP('',(#4412,#4421,#4429,#4436));
#4438=FACE_OUTER_BOUND('',#4437,.T.);
#4439=ADVANCED_FACE('',(#4438),#4411,.T.);
#4440=CARTESIAN_POINT('',(0.564933206655942,-0.343981584556805,19.195657189951596));
#4441=DIRECTION('',(0.0,0.0,1.0));
#4442=DIRECTION('',(-1.0,0.0,0.0));
#4443=AXIS2_PLACEMENT_3D('',#4440,#4441,#4442);
#4444=CYLINDRICAL_SURFACE('',#4443,0.007874015600000);
#4445=CARTESIAN_POINT('',(0.566304371367892,-0.351735295216983,19.979610156407649));
#4446=VERTEX_POINT('',#4445);
#4447=CARTESIAN_POINT('',(0.566304371367892,-0.351735295216983,19.232988283592363));
#4448=VERTEX_POINT('',#4447);
#4449=CARTESIAN_POINT('',(0.566304371367892,-0.351735295216983,19.979610156407649));
#4450=DIRECTION('',(0.0,0.0,-1.0));
#4451=VECTOR('',#4450,0.746621872815286);
#4452=LINE('',#4449,#4451);
#4453=EDGE_CURVE('',#4446,#4448,#4452,.T.);
#4454=ORIENTED_EDGE('',*,*,#4453,.T.);
#4455=CARTESIAN_POINT('',(0.571658601973276,-0.348076603420577,19.233696801212101));
#4456=VERTEX_POINT('',#4455);
#4457=CARTESIAN_POINT('',(0.571658601973276,-0.348076603420577,19.233696801212101));
#4458=CARTESIAN_POINT('',(0.570482105389099,-0.350008805659763,19.233696801212101));
#4459=CARTESIAN_POINT('',(0.568488253865457,-0.351349097853302,19.233430775667113));
#4460=CARTESIAN_POINT('',(0.566304371367892,-0.351735295216983,19.232988283592363));
#4461=B_SPLINE_CURVE_WITH_KNOTS('',3,(#4457,#4458,#4459,#4460),.UNSPECIFIED.,.F.,.U.,(4,4),(0.0,0.000170164468181),.UNSPECIFIED.);
#4462=EDGE_CURVE('',#4456,#4448,#4461,.T.);
#4463=ORIENTED_EDGE('',*,*,#4462,.F.);
#4464=CARTESIAN_POINT('',(0.571658601973276,-0.348076603420577,19.978901638787910));
#4465=VERTEX_POINT('',#4464);
#4466=CARTESIAN_POINT('',(0.571658601973276,-0.348076603420577,19.978901638787910));
#4467=DIRECTION('',(0.0,0.0,-1.0));
#4468=VECTOR('',#4467,0.745204837575809);
#4469=LINE('',#4466,#4468);
#4470=EDGE_CURVE('',#4465,#4456,#4469,.T.);
#4471=ORIENTED_EDGE('',*,*,#4470,.F.);
#4472=CARTESIAN_POINT('',(0.566304371367892,-0.351735295216983,19.979610156407649));
#4473=CARTESIAN_POINT('',(0.568488383374719,-0.351349074950910,19.979167638092097));
#4474=CARTESIAN_POINT('',(0.570481706370874,-0.350009460981603,19.978901638787910));
#4475=CARTESIAN_POINT('',(0.571658601973276,-0.348076603420577,19.978901638787910));
#4476=B_SPLINE_CURVE_WITH_KNOTS('',3,(#4472,#4473,#4474,#4475),.UNSPECIFIED.,.F.,.U.,(4,4),(0.0,0.000170188803419),.UNSPECIFIED.);
#4477=EDGE_CURVE('',#4446,#4465,#4476,.T.);
#4478=ORIENTED_EDGE('',*,*,#4477,.F.);
#4479=EDGE_LOOP('',(#4454,#4463,#4471,#4478));
#4480=FACE_OUTER_BOUND('',#4479,.T.);
#4481=ADVANCED_FACE('',(#4480),#4444,.T.);
#4482=CARTESIAN_POINT('',(0.0,0.0,19.196436559333183));
#4483=DIRECTION('',(0.0,0.0,1.0));
#4484=DIRECTION('',(-1.0,0.0,0.0));
#4485=AXIS2_PLACEMENT_3D('',#4482,#4483,#4484);
#4486=CYLINDRICAL_SURFACE('',#4485,0.669291326000006);
#4487=ORIENTED_EDGE('',*,*,#4470,.T.);
#4488=CARTESIAN_POINT('',(0.587272482011857,-0.321032569890466,19.233696801211984));
#4489=VERTEX_POINT('',#4488);
#4490=CARTESIAN_POINT('',(0.0,0.0,19.233696801211984));
#4491=DIRECTION('',(0.0,0.0,1.0));
#4492=DIRECTION('',(1.0,0.0,0.0));
#4493=AXIS2_PLACEMENT_3D('',#4490,#4491,#4492);
#4494=CIRCLE('',#4493,0.669291326000006);
#4495=EDGE_CURVE('',#4489,#4456,#4494,.F.);
#4496=ORIENTED_EDGE('',*,*,#4495,.F.);
#4497=CARTESIAN_POINT('',(0.587272482011857,-0.321032569890466,19.978901638788024));
#4498=VERTEX_POINT('',#4497);
#4499=CARTESIAN_POINT('',(0.587272482011857,-0.321032569890466,19.978901638788024));
#4500=DIRECTION('',(0.0,0.0,-1.0));
#4501=VECTOR('',#4500,0.745204837576040);
#4502=LINE('',#4499,#4501);
#4503=EDGE_CURVE('',#4498,#4489,#4502,.T.);
#4504=ORIENTED_EDGE('',*,*,#4503,.F.);
#4505=CARTESIAN_POINT('',(0.0,0.0,19.978901638788024));
#4506=DIRECTION('',(0.0,0.0,-1.0));
#4507=DIRECTION('',(-1.0,0.0,0.0));
#4508=AXIS2_PLACEMENT_3D('',#4505,#4506,#4507);
#4509=CIRCLE('',#4508,0.669291326000006);
#4510=EDGE_CURVE('',#4465,#4498,#4509,.F.);
#4511=ORIENTED_EDGE('',*,*,#4510,.F.);
#4512=EDGE_LOOP('',(#4487,#4496,#4504,#4511));
#4513=FACE_OUTER_BOUND('',#4512,.T.);
#4514=ADVANCED_FACE('',(#4513),#4486,.T.);
#4515=CARTESIAN_POINT('',(0.580363393988189,-0.317255716127048,19.195657189489037));
#4516=DIRECTION('',(0.0,0.0,1.0));
#4517=DIRECTION('',(-1.0,0.0,0.0));
#4518=AXIS2_PLACEMENT_3D('',#4515,#4516,#4517);
#4519=CYLINDRICAL_SURFACE('',#4518,0.007874015600000);
#4520=ORIENTED_EDGE('',*,*,#4503,.T.);
#4521=CARTESIAN_POINT('',(0.587763886029619,-0.314566322289435,19.232988283171853));
#4522=VERTEX_POINT('',#4521);
#4523=CARTESIAN_POINT('',(0.587763886029619,-0.314566322289435,19.232988283171853));
#4524=CARTESIAN_POINT('',(0.588521410250259,-0.316650826197949,19.233430798216972));
#4525=CARTESIAN_POINT('',(0.588357941699907,-0.319046912779907,19.233696801212101));
#4526=CARTESIAN_POINT('',(0.587272482011861,-0.321032569890464,19.233696801212101));
#4527=B_SPLINE_CURVE_WITH_KNOTS('',3,(#4523,#4524,#4525,#4526),.UNSPECIFIED.,.F.,.U.,(4,4),(0.0,0.000170198697075),.UNSPECIFIED.);
#4528=EDGE_CURVE('',#4522,#4489,#4527,.T.);
#4529=ORIENTED_EDGE('',*,*,#4528,.F.);
#4530=CARTESIAN_POINT('',(0.587763886029619,-0.314566322289435,19.979610156828155));
#4531=VERTEX_POINT('',#4530);
#4532=CARTESIAN_POINT('',(0.587763886029619,-0.314566322289435,19.979610156828155));
#4533=DIRECTION('',(0.0,0.0,-1.0));
#4534=VECTOR('',#4533,0.746621873656302);
#4535=LINE('',#4532,#4534);
#4536=EDGE_CURVE('',#4531,#4522,#4535,.T.);
#4537=ORIENTED_EDGE('',*,*,#4536,.F.);
#4538=CARTESIAN_POINT('',(0.587272482011861,-0.321032569890462,19.978901638787910));
#4539=CARTESIAN_POINT('',(0.588357576326327,-0.319047581166446,19.978901638787910));
#4540=CARTESIAN_POINT('',(0.588521367888382,-0.316650709629396,19.979167666529136));
#4541=CARTESIAN_POINT('',(0.587763886029619,-0.314566322289435,19.979610156828155));
#4542=B_SPLINE_CURVE_WITH_KNOTS('',3,(#4538,#4539,#4540,#4541),.UNSPECIFIED.,.F.,.U.,(4,4),(0.0,0.000170158570025),.UNSPECIFIED.);
#4543=EDGE_CURVE('',#4498,#4531,#4542,.T.);
#4544=ORIENTED_EDGE('',*,*,#4543,.F.);
#4545=EDGE_LOOP('',(#4520,#4529,#4537,#4544));
#4546=FACE_OUTER_BOUND('',#4545,.T.);
#4547=ADVANCED_FACE('',(#4546),#4519,.T.);
#4548=CARTESIAN_POINT('',(0.656002079794537,-0.084463778047288,19.195657189951596));
#4549=DIRECTION('',(0.0,0.0,1.0));
#4550=DIRECTION('',(-1.0,0.0,0.0));
#4551=AXIS2_PLACEMENT_3D('',#4548,#4549,#4550);
#4552=CYLINDRICAL_SURFACE('',#4551,0.007874015600000);
#4553=CARTESIAN_POINT('',(0.660408419334119,-0.090989442268726,19.979610156407649));
#4554=VERTEX_POINT('',#4553);
#4555=CARTESIAN_POINT('',(0.660408419334119,-0.090989442268726,19.979610156407649));
#4556=DIRECTION('',(0.0,0.0,-1.0));
#4557=VECTOR('',#4556,0.746621872815286);
#4558=LINE('',#4555,#4557);
#4559=EDGE_CURVE('',#4554,#934,#4558,.T.);
#4560=ORIENTED_EDGE('',*,*,#4559,.T.);
#4561=ORIENTED_EDGE('',*,*,#940,.F.);
#4562=CARTESIAN_POINT('',(0.663811628363516,-0.085469299214518,19.978901638787910));
#4563=VERTEX_POINT('',#4562);
#4564=CARTESIAN_POINT('',(0.663811628363516,-0.085469299214518,19.978901638787910));
#4565=DIRECTION('',(0.0,0.0,-1.0));
#4566=VECTOR('',#4565,0.745204837575809);
#4567=LINE('',#4564,#4566);
#4568=EDGE_CURVE('',#4563,#925,#4567,.T.);
#4569=ORIENTED_EDGE('',*,*,#4568,.F.);
#4570=CARTESIAN_POINT('',(0.660408419334119,-0.090989442268726,19.979610156407649));
#4571=CARTESIAN_POINT('',(0.662246465782347,-0.089748333859592,19.979167652023058));
#4572=CARTESIAN_POINT('',(0.663522640100060,-0.087713774967877,19.978901638787910));
#4573=CARTESIAN_POINT('',(0.663811628363516,-0.085469299214518,19.978901638787910));
#4574=B_SPLINE_CURVE_WITH_KNOTS('',3,(#4570,#4571,#4572,#4573),.UNSPECIFIED.,.F.,.U.,(4,4),(0.0,0.000170227205376),.UNSPECIFIED.);
#4575=EDGE_CURVE('',#4554,#4563,#4574,.T.);
#4576=ORIENTED_EDGE('',*,*,#4575,.F.);
#4577=EDGE_LOOP('',(#4560,#4561,#4569,#4576));
#4578=FACE_OUTER_BOUND('',#4577,.T.);
#4579=ADVANCED_FACE('',(#4578),#4552,.T.);
#4580=CARTESIAN_POINT('',(0.0,2.031812E-015,19.196436559333311));
#4581=DIRECTION('',(0.0,0.0,1.0));
#4582=DIRECTION('',(-1.0,0.0,0.0));
#4583=AXIS2_PLACEMENT_3D('',#4580,#4581,#4582);
#4584=CYLINDRICAL_SURFACE('',#4583,0.669291326000006);
#4585=ORIENTED_EDGE('',*,*,#4568,.T.);
#4586=ORIENTED_EDGE('',*,*,#931,.F.);
#4587=CARTESIAN_POINT('',(0.0,0.0,19.233696801212115));
#4588=DIRECTION('',(0.0,0.0,1.0));
#4589=DIRECTION('',(1.0,0.0,0.0));
#4590=AXIS2_PLACEMENT_3D('',#4587,#4588,#4589);
#4591=CIRCLE('',#4590,0.669291326000006);
#4592=EDGE_CURVE('',#988,#915,#4591,.F.);
#4593=ORIENTED_EDGE('',*,*,#4592,.F.);
#4594=ORIENTED_EDGE('',*,*,#993,.F.);
#4595=CARTESIAN_POINT('',(0.0,0.0,19.978901638787892));
#4596=DIRECTION('',(0.0,0.0,-1.0));
#4597=DIRECTION('',(-1.0,0.0,0.0));
#4598=AXIS2_PLACEMENT_3D('',#4595,#4596,#4597);
#4599=CIRCLE('',#4598,0.669291326000006);
#4600=EDGE_CURVE('',#4563,#979,#4599,.F.);
#4601=ORIENTED_EDGE('',*,*,#4600,.F.);
#4602=EDGE_LOOP('',(#4585,#4586,#4593,#4594,#4601));
#4603=FACE_OUTER_BOUND('',#4602,.T.);
#4604=ADVANCED_FACE('',(#4603),#4584,.T.);
#4605=CARTESIAN_POINT('',(0.659227867334081,-0.053772459744181,19.195657189464487));
#4606=DIRECTION('',(0.0,0.0,1.0));
#4607=DIRECTION('',(-1.0,0.0,0.0));
#4608=AXIS2_PLACEMENT_3D('',#4605,#4606,#4607);
#4609=CYLINDRICAL_SURFACE('',#4608,0.007874015600000);
#4610=ORIENTED_EDGE('',*,*,#976,.T.);
#4611=CARTESIAN_POINT('',(0.664894678123769,-0.048305524849479,19.232988283149535));
#4612=VERTEX_POINT('',#4611);
#4613=CARTESIAN_POINT('',(0.664894678123769,-0.048305524849479,19.232988283149535));
#4614=CARTESIAN_POINT('',(0.666288664249677,-0.049750476320665,19.233388873494693));
#4615=CARTESIAN_POINT('',(0.667097094659699,-0.051735868046644,19.233644839738119));
#4616=CARTESIAN_POINT('',(0.667101182584076,-0.053772459744181,19.233689721798793));
#4617=B_SPLINE_CURVE_WITH_KNOTS('',3,(#4613,#4614,#4615,#4616),.UNSPECIFIED.,.F.,.U.,(4,4),(0.0,0.000154151653948),.UNSPECIFIED.);
#4618=EDGE_CURVE('',#4612,#971,#4617,.T.);
#4619=ORIENTED_EDGE('',*,*,#4618,.F.);
#4620=CARTESIAN_POINT('',(0.664894678123769,-0.048305524849479,19.979610156850473));
#4621=VERTEX_POINT('',#4620);
#4622=CARTESIAN_POINT('',(0.664894678123769,-0.048305524849479,19.979610156850473));
#4623=DIRECTION('',(0.0,0.0,-1.0));
#4624=VECTOR('',#4623,0.746621873700938);
#4625=LINE('',#4622,#4624);
#4626=EDGE_CURVE('',#4621,#4612,#4625,.T.);
#4627=ORIENTED_EDGE('',*,*,#4626,.F.);
#4628=CARTESIAN_POINT('',(0.667101167175418,-0.053772459744181,19.978908722265828));
#4629=CARTESIAN_POINT('',(0.667096992755691,-0.051736351079751,19.978953616759277));
#4630=CARTESIAN_POINT('',(0.666288583759654,-0.049750392887858,19.979209589635765));
#4631=CARTESIAN_POINT('',(0.664894678123769,-0.048305524849479,19.979610156850473));
#4632=B_SPLINE_CURVE_WITH_KNOTS('',3,(#4628,#4629,#4630,#4631),.UNSPECIFIED.,.F.,.U.,(4,4),(0.000016113674282,0.000170132076181),.UNSPECIFIED.);
#4633=EDGE_CURVE('',#969,#4621,#4632,.T.);
#4634=ORIENTED_EDGE('',*,*,#4633,.F.);
#4635=EDGE_LOOP('',(#4610,#4619,#4627,#4634));
#4636=FACE_OUTER_BOUND('',#4635,.T.);
#4637=ADVANCED_FACE('',(#4636),#4609,.T.);
#4638=CARTESIAN_POINT('',(0.633642233744850,0.189658583015940,19.195657189951596));
#4639=DIRECTION('',(0.0,0.0,1.0));
#4640=DIRECTION('',(-1.0,0.0,0.0));
#4641=AXIS2_PLACEMENT_3D('',#4638,#4639,#4640);
#4642=CYLINDRICAL_SURFACE('',#4641,0.007874015600000);
#4643=CARTESIAN_POINT('',(0.640321851975337,0.185489311860926,19.979610156407649));
#4644=VERTEX_POINT('',#4643);
#4645=CARTESIAN_POINT('',(0.640321851975337,0.185489311860926,19.232988283592363));
#4646=VERTEX_POINT('',#4645);
#4647=CARTESIAN_POINT('',(0.640321851975337,0.185489311860926,19.979610156407649));
#4648=DIRECTION('',(0.0,0.0,-1.0));
#4649=VECTOR('',#4648,0.746621872815286);
#4650=LINE('',#4647,#4649);
#4651=EDGE_CURVE('',#4644,#4646,#4650,.T.);
#4652=ORIENTED_EDGE('',*,*,#4651,.T.);
#4653=CARTESIAN_POINT('',(0.641185593670386,0.191916423289939,19.233696801212101));
#4654=VERTEX_POINT('',#4653);
#4655=CARTESIAN_POINT('',(0.641185593670386,0.191916423289939,19.233696801212101));
#4656=CARTESIAN_POINT('',(0.641834284626852,0.189749171061596,19.233696801212101));
#4657=CARTESIAN_POINT('',(0.641496135730496,0.187370640008484,19.233430768774369));
#4658=CARTESIAN_POINT('',(0.640321851975337,0.185489311860926,19.232988283592363));
#4659=B_SPLINE_CURVE_WITH_KNOTS('',3,(#4655,#4656,#4657,#4658),.UNSPECIFIED.,.F.,.U.,(4,4),(0.0,0.000170139611109),.UNSPECIFIED.);
#4660=EDGE_CURVE('',#4654,#4646,#4659,.T.);
#4661=ORIENTED_EDGE('',*,*,#4660,.F.);
#4662=CARTESIAN_POINT('',(0.641185593670386,0.191916423289939,19.978901638787910));
#4663=VERTEX_POINT('',#4662);
#4664=CARTESIAN_POINT('',(0.641185593670386,0.191916423289939,19.978901638787910));
#4665=DIRECTION('',(0.0,0.0,-1.0));
#4666=VECTOR('',#4665,0.745204837575809);
#4667=LINE('',#4664,#4666);
#4668=EDGE_CURVE('',#4663,#4654,#4667,.T.);
#4669=ORIENTED_EDGE('',*,*,#4668,.F.);
#4670=CARTESIAN_POINT('',(0.640321851975337,0.185489311860926,19.979610156407649));
#4671=CARTESIAN_POINT('',(0.641496192057247,0.187370730249966,19.979167650000999));
#4672=CARTESIAN_POINT('',(0.641834498091470,0.189748457884285,19.978901638787910));
#4673=CARTESIAN_POINT('',(0.641185593670386,0.191916423289939,19.978901638787910));
#4674=B_SPLINE_CURVE_WITH_KNOTS('',3,(#4670,#4671,#4672,#4673),.UNSPECIFIED.,.F.,.U.,(4,4),(0.0,0.000170221814173),.UNSPECIFIED.);
#4675=EDGE_CURVE('',#4644,#4663,#4674,.T.);
#4676=ORIENTED_EDGE('',*,*,#4675,.F.);
#4677=EDGE_LOOP('',(#4652,#4661,#4669,#4676));
#4678=FACE_OUTER_BOUND('',#4677,.T.);
#4679=ADVANCED_FACE('',(#4678),#4642,.T.);
#4680=CARTESIAN_POINT('',(0.0,0.0,19.196436559333087));
#4681=DIRECTION('',(0.0,0.0,1.0));
#4682=DIRECTION('',(-1.0,0.0,0.0));
#4683=AXIS2_PLACEMENT_3D('',#4680,#4681,#4682);
#4684=CYLINDRICAL_SURFACE('',#4683,0.669291326000006);
#4685=ORIENTED_EDGE('',*,*,#4668,.T.);
#4686=CARTESIAN_POINT('',(0.631535685110276,0.221615788000629,19.233696801211899));
#4687=VERTEX_POINT('',#4686);
#4688=CARTESIAN_POINT('',(0.0,0.0,19.233696801211899));
#4689=DIRECTION('',(0.0,0.0,1.0));
#4690=DIRECTION('',(1.0,0.0,0.0));
#4691=AXIS2_PLACEMENT_3D('',#4688,#4689,#4690);
#4692=CIRCLE('',#4691,0.669291326000006);
#4693=EDGE_CURVE('',#4687,#4654,#4692,.F.);
#4694=ORIENTED_EDGE('',*,*,#4693,.F.);
#4695=CARTESIAN_POINT('',(0.631535685110276,0.221615788000629,19.978901638788109));
#4696=VERTEX_POINT('',#4695);
#4697=CARTESIAN_POINT('',(0.631535685110276,0.221615788000629,19.978901638788109));
#4698=DIRECTION('',(0.0,0.0,-1.0));
#4699=VECTOR('',#4698,0.745204837576210);
#4700=LINE('',#4697,#4699);
#4701=EDGE_CURVE('',#4696,#4687,#4700,.T.);
#4702=ORIENTED_EDGE('',*,*,#4701,.F.);
#4703=CARTESIAN_POINT('',(0.0,0.0,19.978901638788109));
#4704=DIRECTION('',(0.0,0.0,-1.0));
#4705=DIRECTION('',(-1.0,0.0,0.0));
#4706=AXIS2_PLACEMENT_3D('',#4703,#4704,#4705);
#4707=CIRCLE('',#4706,0.669291326000006);
#4708=EDGE_CURVE('',#4663,#4696,#4707,.F.);
#4709=ORIENTED_EDGE('',*,*,#4708,.F.);
#4710=EDGE_LOOP('',(#4685,#4694,#4702,#4709));
#4711=FACE_OUTER_BOUND('',#4710,.T.);
#4712=ADVANCED_FACE('',(#4711),#4684,.T.);
#4713=CARTESIAN_POINT('',(0.624105853520744,0.219008543435917,19.195657189464487));
#4714=DIRECTION('',(0.0,0.0,1.0));
#4715=DIRECTION('',(-1.0,0.0,0.0));
#4716=AXIS2_PLACEMENT_3D('',#4713,#4714,#4715);
#4717=CYLINDRICAL_SURFACE('',#4716,0.007874015600000);
#4718=ORIENTED_EDGE('',*,*,#4701,.T.);
#4719=CARTESIAN_POINT('',(0.627059140029998,0.226307736573742,19.232988283149535));
#4720=VERTEX_POINT('',#4719);
#4721=CARTESIAN_POINT('',(0.627059140029998,0.226307736573742,19.232988283149535));
#4722=CARTESIAN_POINT('',(0.629115104706826,0.225475883980048,19.233430796850861));
#4723=CARTESIAN_POINT('',(0.630786363239580,0.223751120980499,19.233696801212101));
#4724=CARTESIAN_POINT('',(0.631535685110276,0.221615788000634,19.233696801212101));
#4725=B_SPLINE_CURVE_WITH_KNOTS('',3,(#4721,#4722,#4723,#4724),.UNSPECIFIED.,.F.,.U.,(4,4),(0.0,0.000170201465430),.UNSPECIFIED.);
#4726=EDGE_CURVE('',#4720,#4687,#4725,.T.);
#4727=ORIENTED_EDGE('',*,*,#4726,.F.);
#4728=CARTESIAN_POINT('',(0.627059140029998,0.226307736573742,19.979610156850473));
#4729=VERTEX_POINT('',#4728);
#4730=CARTESIAN_POINT('',(0.627059140029998,0.226307736573742,19.979610156850473));
#4731=DIRECTION('',(0.0,0.0,-1.0));
#4732=VECTOR('',#4731,0.746621873700938);
#4733=LINE('',#4730,#4732);
#4734=EDGE_CURVE('',#4729,#4720,#4733,.T.);
#4735=ORIENTED_EDGE('',*,*,#4734,.F.);
#4736=CARTESIAN_POINT('',(0.631535685110272,0.221615788000637,19.978901638787910));
#4737=CARTESIAN_POINT('',(0.630786610753579,0.223750415643008,19.978901638787910));
#4738=CARTESIAN_POINT('',(0.629114991719297,0.225475929695313,19.979167667467920));
#4739=CARTESIAN_POINT('',(0.627059140029998,0.226307736573742,19.979610156850473));
#4740=B_SPLINE_CURVE_WITH_KNOTS('',3,(#4736,#4737,#4738,#4739),.UNSPECIFIED.,.F.,.U.,(4,4),(0.0,0.000170142579098),.UNSPECIFIED.);
#4741=EDGE_CURVE('',#4696,#4729,#4740,.T.);
#4742=ORIENTED_EDGE('',*,*,#4741,.F.);
#4743=EDGE_LOOP('',(#4718,#4727,#4735,#4742));
#4744=FACE_OUTER_BOUND('',#4743,.T.);
#4745=ADVANCED_FACE('',(#4744),#4717,.T.);
#4746=CARTESIAN_POINT('',(0.501719889021702,0.430987252081577,19.195657189951596));
#4747=DIRECTION('',(0.0,0.0,1.0));
#4748=DIRECTION('',(-1.0,0.0,0.0));
#4749=AXIS2_PLACEMENT_3D('',#4746,#4747,#4748);
#4750=CYLINDRICAL_SURFACE('',#4749,0.007874015600000);
#4751=CARTESIAN_POINT('',(0.509517819268613,0.429895278852327,19.979610156407649));
#4752=VERTEX_POINT('',#4751);
#4753=CARTESIAN_POINT('',(0.509517819268613,0.429895278852327,19.232988283592363));
#4754=VERTEX_POINT('',#4753);
#4755=CARTESIAN_POINT('',(0.509517819268613,0.429895278852327,19.979610156407649));
#4756=DIRECTION('',(0.0,0.0,-1.0));
#4757=VECTOR('',#4756,0.746621872815286);
#4758=LINE('',#4755,#4757);
#4759=EDGE_CURVE('',#4752,#4754,#4758,.T.);
#4760=ORIENTED_EDGE('',*,*,#4759,.T.);
#4761=CARTESIAN_POINT('',(0.507692744843389,0.436118052701595,19.233696801212101));
#4762=VERTEX_POINT('',#4761);
#4763=CARTESIAN_POINT('',(0.507692744843389,0.436118052701595,19.233696801212101));
#4764=CARTESIAN_POINT('',(0.509166784715968,0.434402096794055,19.233696801212101));
#4765=CARTESIAN_POINT('',(0.509825381191346,0.432091620626886,19.233430776582960));
#4766=CARTESIAN_POINT('',(0.509517819268613,0.429895278852327,19.232988283592363));
#4767=B_SPLINE_CURVE_WITH_KNOTS('',3,(#4763,#4764,#4765,#4766),.UNSPECIFIED.,.F.,.U.,(4,4),(0.0,0.000170194073961),.UNSPECIFIED.);
#4768=EDGE_CURVE('',#4762,#4754,#4767,.T.);
#4769=ORIENTED_EDGE('',*,*,#4768,.F.);
#4770=CARTESIAN_POINT('',(0.507692744843389,0.436118052701595,19.978901638787910));
#4771=VERTEX_POINT('',#4770);
#4772=CARTESIAN_POINT('',(0.507692744843389,0.436118052701595,19.978901638787910));
#4773=DIRECTION('',(0.0,0.0,-1.0));
#4774=VECTOR('',#4773,0.745204837575809);
#4775=LINE('',#4772,#4774);
#4776=EDGE_CURVE('',#4771,#4762,#4775,.T.);
#4777=ORIENTED_EDGE('',*,*,#4776,.F.);
#4778=CARTESIAN_POINT('',(0.509517819268613,0.429895278852327,19.979610156407649));
#4779=CARTESIAN_POINT('',(0.509825399532271,0.432091751601935,19.979167637029747));
#4780=CARTESIAN_POINT('',(0.509167301729836,0.434401494929059,19.978901638787910));
#4781=CARTESIAN_POINT('',(0.507692744843389,0.436118052701595,19.978901638787910));
#4782=B_SPLINE_CURVE_WITH_KNOTS('',3,(#4778,#4779,#4780,#4781),.UNSPECIFIED.,.F.,.U.,(4,4),(0.0,0.000170187927531),.UNSPECIFIED.);
#4783=EDGE_CURVE('',#4752,#4771,#4782,.T.);
#4784=ORIENTED_EDGE('',*,*,#4783,.F.);
#4785=EDGE_LOOP('',(#4760,#4769,#4777,#4784));
#4786=FACE_OUTER_BOUND('',#4785,.T.);
#4787=ADVANCED_FACE('',(#4786),#4750,.T.);
#4788=CARTESIAN_POINT('',(0.0,0.0,19.196436559333243));
#4789=DIRECTION('',(0.0,0.0,1.0));
#4790=DIRECTION('',(-1.0,0.0,0.0));
#4791=AXIS2_PLACEMENT_3D('',#4788,#4789,#4790);
#4792=CYLINDRICAL_SURFACE('',#4791,0.669291326000006);
#4793=ORIENTED_EDGE('',*,*,#4776,.T.);
#4794=CARTESIAN_POINT('',(0.486797294807727,0.459324801014190,19.233696801212041));
#4795=VERTEX_POINT('',#4794);
#4796=CARTESIAN_POINT('',(0.0,0.0,19.233696801212041));
#4797=DIRECTION('',(0.0,0.0,1.0));
#4798=DIRECTION('',(1.0,0.0,0.0));
#4799=AXIS2_PLACEMENT_3D('',#4796,#4797,#4798);
#4800=CIRCLE('',#4799,0.669291326000006);
#4801=EDGE_CURVE('',#4795,#4762,#4800,.F.);
#4802=ORIENTED_EDGE('',*,*,#4801,.F.);
#4803=CARTESIAN_POINT('',(0.486797294807727,0.459324801014190,19.978901638787967));
#4804=VERTEX_POINT('',#4803);
#4805=CARTESIAN_POINT('',(0.486797294807727,0.459324801014190,19.978901638787967));
#4806=DIRECTION('',(0.0,0.0,-1.0));
#4807=VECTOR('',#4806,0.745204837575926);
#4808=LINE('',#4805,#4807);
#4809=EDGE_CURVE('',#4804,#4795,#4808,.T.);
#4810=ORIENTED_EDGE('',*,*,#4809,.F.);
#4811=CARTESIAN_POINT('',(0.0,0.0,19.978901638787967));
#4812=DIRECTION('',(0.0,0.0,-1.0));
#4813=DIRECTION('',(-1.0,0.0,0.0));
#4814=AXIS2_PLACEMENT_3D('',#4811,#4812,#4813);
#4815=CIRCLE('',#4814,0.669291326000006);
#4816=EDGE_CURVE('',#4771,#4804,#4815,.F.);
#4817=ORIENTED_EDGE('',*,*,#4816,.F.);
#4818=EDGE_LOOP('',(#4793,#4802,#4810,#4817));
#4819=FACE_OUTER_BOUND('',#4818,.T.);
#4820=ADVANCED_FACE('',(#4819),#4792,.T.);
#4821=CARTESIAN_POINT('',(0.481070267809989,0.453920979825789,19.195657189489037));
#4822=DIRECTION('',(0.0,0.0,1.0));
#4823=DIRECTION('',(-1.0,0.0,0.0));
#4824=AXIS2_PLACEMENT_3D('',#4821,#4822,#4823);
#4825=CYLINDRICAL_SURFACE('',#4824,0.007874015600000);
#4826=ORIENTED_EDGE('',*,*,#4809,.T.);
#4827=CARTESIAN_POINT('',(0.480799380083381,0.461790334405968,19.232988283171853));
#4828=VERTEX_POINT('',#4827);
#4829=CARTESIAN_POINT('',(0.480799380083381,0.461790334405968,19.232988283171853));
#4830=CARTESIAN_POINT('',(0.483015976330827,0.461866636561647,19.233430803679948));
#4831=CARTESIAN_POINT('',(0.485244280751164,0.460970701779538,19.233696801212101));
#4832=CARTESIAN_POINT('',(0.486797294807727,0.459324801014190,19.233696801212101));
#4833=B_SPLINE_CURVE_WITH_KNOTS('',3,(#4829,#4830,#4831,#4832),.UNSPECIFIED.,.F.,.U.,(4,4),(0.0,0.000170186207552),.UNSPECIFIED.);
#4834=EDGE_CURVE('',#4828,#4795,#4833,.T.);
#4835=ORIENTED_EDGE('',*,*,#4834,.F.);
#4836=CARTESIAN_POINT('',(0.480799380083381,0.461790334405968,19.979610156828155));
#4837=VERTEX_POINT('',#4836);
#4838=CARTESIAN_POINT('',(0.480799380083381,0.461790334405968,19.979610156828155));
#4839=DIRECTION('',(0.0,0.0,-1.0));
#4840=VECTOR('',#4839,0.746621873656302);
#4841=LINE('',#4838,#4840);
#4842=EDGE_CURVE('',#4837,#4828,#4841,.T.);
#4843=ORIENTED_EDGE('',*,*,#4842,.F.);
#4844=CARTESIAN_POINT('',(0.486797294807727,0.459324801014190,19.978901638787910));
#4845=CARTESIAN_POINT('',(0.485244831928665,0.460970117635778,19.978901638787910));
#4846=CARTESIAN_POINT('',(0.483015842784015,0.461866631964553,19.979167662981300));
#4847=CARTESIAN_POINT('',(0.480799380083381,0.461790334405968,19.979610156828155));
#4848=B_SPLINE_CURVE_WITH_KNOTS('',3,(#4844,#4845,#4846,#4847),.UNSPECIFIED.,.F.,.U.,(4,4),(0.0,0.000170205056575),.UNSPECIFIED.);
#4849=EDGE_CURVE('',#4804,#4837,#4848,.T.);
#4850=ORIENTED_EDGE('',*,*,#4849,.F.);
#4851=EDGE_LOOP('',(#4826,#4835,#4843,#4850));
#4852=FACE_OUTER_BOUND('',#4851,.T.);
#4853=ADVANCED_FACE('',(#4852),#4825,.T.);
#4854=CARTESIAN_POINT('',(0.283045617504603,0.597794309866039,19.195657189951596));
#4855=DIRECTION('',(0.0,0.0,1.0));
#4856=DIRECTION('',(-1.0,0.0,0.0));
#4857=AXIS2_PLACEMENT_3D('',#4854,#4855,#4856);
#4858=CYLINDRICAL_SURFACE('',#4857,0.007874015600000);
#4859=CARTESIAN_POINT('',(0.290613526786273,0.599968446654161,19.979610156407649));
#4860=VERTEX_POINT('',#4859);
#4861=CARTESIAN_POINT('',(0.290613526786273,0.599968446654161,19.232988283592363));
#4862=VERTEX_POINT('',#4861);
#4863=CARTESIAN_POINT('',(0.290613526786273,0.599968446654161,19.979610156407649));
#4864=DIRECTION('',(0.0,0.0,-1.0));
#4865=VECTOR('',#4864,0.746621872815286);
#4866=LINE('',#4863,#4865);
#4867=EDGE_CURVE('',#4860,#4862,#4866,.T.);
#4868=ORIENTED_EDGE('',*,*,#4867,.T.);
#4869=CARTESIAN_POINT('',(0.286415208189182,0.604910908793019,19.233696801212101));
#4870=VERTEX_POINT('',#4869);
#4871=CARTESIAN_POINT('',(0.286415208189182,0.604910908793019,19.233696801212101));
#4872=CARTESIAN_POINT('',(0.288459825243359,0.603942816780246,19.233696801212101));
#4873=CARTESIAN_POINT('',(0.290001168913049,0.602099990933155,19.233430774408109));
#4874=CARTESIAN_POINT('',(0.290613526786273,0.599968446654161,19.232988283592363));
#4875=B_SPLINE_CURVE_WITH_KNOTS('',3,(#4871,#4872,#4873,#4874),.UNSPECIFIED.,.F.,.U.,(4,4),(0.0,0.000170151721325),.UNSPECIFIED.);
#4876=EDGE_CURVE('',#4870,#4862,#4875,.T.);
#4877=ORIENTED_EDGE('',*,*,#4876,.F.);
#4878=CARTESIAN_POINT('',(0.286415208189182,0.604910908793019,19.978901638787910));
#4879=VERTEX_POINT('',#4878);
#4880=CARTESIAN_POINT('',(0.286415208189182,0.604910908793019,19.978901638787910));
#4881=DIRECTION('',(0.0,0.0,-1.0));
#4882=VECTOR('',#4881,0.745204837575809);
#4883=LINE('',#4880,#4882);
#4884=EDGE_CURVE('',#4879,#4870,#4883,.T.);
#4885=ORIENTED_EDGE('',*,*,#4884,.F.);
#4886=CARTESIAN_POINT('',(0.290613526786273,0.599968446654161,19.979610156407649));
#4887=CARTESIAN_POINT('',(0.290001133642084,0.602100113707157,19.979167640105043));
#4888=CARTESIAN_POINT('',(0.288460508376685,0.603942493328032,19.978901638787910));
#4889=CARTESIAN_POINT('',(0.286415208189182,0.604910908793019,19.978901638787910));
#4890=B_SPLINE_CURVE_WITH_KNOTS('',3,(#4886,#4887,#4888,#4889),.UNSPECIFIED.,.F.,.U.,(4,4),(0.0,0.000170193735823),.UNSPECIFIED.);
#4891=EDGE_CURVE('',#4860,#4879,#4890,.T.);
#4892=ORIENTED_EDGE('',*,*,#4891,.F.);
#4893=EDGE_LOOP('',(#4868,#4877,#4885,#4892));
#4894=FACE_OUTER_BOUND('',#4893,.T.);
#4895=ADVANCED_FACE('',(#4894),#4858,.T.);
#4896=CARTESIAN_POINT('',(0.0,0.0,19.196436559333087));
#4897=DIRECTION('',(0.0,0.0,1.0));
#4898=DIRECTION('',(-1.0,0.0,0.0));
#4899=AXIS2_PLACEMENT_3D('',#4896,#4897,#4898);
#4900=CYLINDRICAL_SURFACE('',#4899,0.669291326000006);
#4901=ORIENTED_EDGE('',*,*,#4884,.T.);
#4902=CARTESIAN_POINT('',(0.257887229818334,0.617612383097581,19.233696801211899));
#4903=VERTEX_POINT('',#4902);
#4904=CARTESIAN_POINT('',(0.0,0.0,19.233696801211899));
#4905=DIRECTION('',(0.0,0.0,1.0));
#4906=DIRECTION('',(1.0,0.0,0.0));
#4907=AXIS2_PLACEMENT_3D('',#4904,#4905,#4906);
#4908=CIRCLE('',#4907,0.669291326000006);
#4909=EDGE_CURVE('',#4903,#4870,#4908,.F.);
#4910=ORIENTED_EDGE('',*,*,#4909,.F.);
#4911=CARTESIAN_POINT('',(0.257887229818334,0.617612383097581,19.978901638788109));
#4912=VERTEX_POINT('',#4911);
#4913=CARTESIAN_POINT('',(0.257887229818334,0.617612383097581,19.978901638788109));
#4914=DIRECTION('',(0.0,0.0,-1.0));
#4915=VECTOR('',#4914,0.745204837576210);
#4916=LINE('',#4913,#4915);
#4917=EDGE_CURVE('',#4912,#4903,#4916,.T.);
#4918=ORIENTED_EDGE('',*,*,#4917,.F.);
#4919=CARTESIAN_POINT('',(0.0,0.0,19.978901638788109));
#4920=DIRECTION('',(0.0,0.0,-1.0));
#4921=DIRECTION('',(-1.0,0.0,0.0));
#4922=AXIS2_PLACEMENT_3D('',#4919,#4920,#4921);
#4923=CIRCLE('',#4922,0.669291326000006);
#4924=EDGE_CURVE('',#4879,#4912,#4923,.F.);
#4925=ORIENTED_EDGE('',*,*,#4924,.F.);
#4926=EDGE_LOOP('',(#4901,#4910,#4918,#4925));
#4927=FACE_OUTER_BOUND('',#4926,.T.);
#4928=ADVANCED_FACE('',(#4927),#4900,.T.);
#4929=CARTESIAN_POINT('',(0.254853262408706,0.610346355061139,19.195657189409136));
#4930=DIRECTION('',(0.0,0.0,1.0));
#4931=DIRECTION('',(-1.0,0.0,0.0));
#4932=AXIS2_PLACEMENT_3D('',#4929,#4930,#4931);
#4933=CYLINDRICAL_SURFACE('',#4932,0.007874015600000);
#4934=ORIENTED_EDGE('',*,*,#4917,.T.);
#4935=CARTESIAN_POINT('',(0.251405038964130,0.617425188068443,19.232988283099218));
#4936=VERTEX_POINT('',#4935);
#4937=CARTESIAN_POINT('',(0.251405038964130,0.617425188068443,19.232988283099218));
#4938=CARTESIAN_POINT('',(0.253398924709935,0.618396444710239,19.233430794579487));
#4939=CARTESIAN_POINT('',(0.255798977597004,0.618484343562200,19.233696801212101));
#4940=CARTESIAN_POINT('',(0.257887229818329,0.617612383097581,19.233696801212101));
#4941=B_SPLINE_CURVE_WITH_KNOTS('',3,(#4937,#4938,#4939,#4940),.UNSPECIFIED.,.F.,.U.,(4,4),(0.0,0.000170208435194),.UNSPECIFIED.);
#4942=EDGE_CURVE('',#4936,#4903,#4941,.T.);
#4943=ORIENTED_EDGE('',*,*,#4942,.F.);
#4944=CARTESIAN_POINT('',(0.251405038964130,0.617425188068443,19.979610156900794));
#4945=VERTEX_POINT('',#4944);
#4946=CARTESIAN_POINT('',(0.251405038964130,0.617425188068443,19.979610156900794));
#4947=DIRECTION('',(0.0,0.0,-1.0));
#4948=VECTOR('',#4947,0.746621873801576);
#4949=LINE('',#4946,#4948);
#4950=EDGE_CURVE('',#4945,#4936,#4949,.T.);
#4951=ORIENTED_EDGE('',*,*,#4950,.F.);
#4952=CARTESIAN_POINT('',(0.257887229818325,0.617612383097585,19.978901638787910));
#4953=CARTESIAN_POINT('',(0.255799671244783,0.618484053925997,19.978901638787910));
#4954=CARTESIAN_POINT('',(0.253398819878265,0.618396393644897,19.979167668686259));
#4955=CARTESIAN_POINT('',(0.251405038964130,0.617425188068443,19.979610156900794));
#4956=B_SPLINE_CURVE_WITH_KNOTS('',3,(#4952,#4953,#4954,#4955),.UNSPECIFIED.,.F.,.U.,(4,4),(0.0,0.000170147498881),.UNSPECIFIED.);
#4957=EDGE_CURVE('',#4912,#4945,#4956,.T.);
#4958=ORIENTED_EDGE('',*,*,#4957,.F.);
#4959=EDGE_LOOP('',(#4934,#4943,#4951,#4958));
#4960=FACE_OUTER_BOUND('',#4959,.T.);
#4961=ADVANCED_FACE('',(#4960),#4933,.T.);
#4962=CARTESIAN_POINT('',(0.015430187332246,0.661237300683855,19.195657189951596));
#4963=DIRECTION('',(0.0,0.0,1.0));
#4964=DIRECTION('',(-1.0,0.0,0.0));
#4965=AXIS2_PLACEMENT_3D('',#4962,#4963,#4964);
#4966=CYLINDRICAL_SURFACE('',#4965,0.007874015600000);
#4967=CARTESIAN_POINT('',(0.021459515381580,0.666301619487264,19.979610156407649));
#4968=VERTEX_POINT('',#4967);
#4969=CARTESIAN_POINT('',(0.021459515381580,0.666301619487264,19.232988283592363));
#4970=VERTEX_POINT('',#4969);
#4971=CARTESIAN_POINT('',(0.021459515381580,0.666301619487264,19.979610156407649));
#4972=DIRECTION('',(0.0,0.0,-1.0));
#4973=VECTOR('',#4972,0.746621872815286);
#4974=LINE('',#4971,#4973);
#4975=EDGE_CURVE('',#4968,#4970,#4974,.T.);
#4976=ORIENTED_EDGE('',*,*,#4975,.T.);
#4977=CARTESIAN_POINT('',(0.015613878399265,0.669109173349297,19.233696801212101));
#4978=VERTEX_POINT('',#4977);
#4979=CARTESIAN_POINT('',(0.015613878399265,0.669109173349297,19.233696801212101));
#4980=CARTESIAN_POINT('',(0.017875534411759,0.669056397342391,19.233696801336851));
#4981=CARTESIAN_POINT('',(0.020033155544596,0.667999773120043,19.233430763835575));
#4982=CARTESIAN_POINT('',(0.021459515381580,0.666301619487264,19.232988283592363));
#4983=B_SPLINE_CURVE_WITH_KNOTS('',3,(#4979,#4980,#4981,#4982),.UNSPECIFIED.,.F.,.U.,(4,4),(0.0,0.000170131183652),.UNSPECIFIED.);
#4984=EDGE_CURVE('',#4978,#4970,#4983,.T.);
#4985=ORIENTED_EDGE('',*,*,#4984,.F.);
#4986=CARTESIAN_POINT('',(0.015613878399265,0.669109173349297,19.978901638787910));
#4987=VERTEX_POINT('',#4986);
#4988=CARTESIAN_POINT('',(0.015613878399265,0.669109173349297,19.978901638787910));
#4989=DIRECTION('',(0.0,0.0,-1.0));
#4990=VECTOR('',#4989,0.745204837575809);
#4991=LINE('',#4988,#4990);
#4992=EDGE_CURVE('',#4987,#4978,#4991,.T.);
#4993=ORIENTED_EDGE('',*,*,#4992,.F.);
#4994=CARTESIAN_POINT('',(0.021459515381580,0.666301619487264,19.979610156407649));
#4995=CARTESIAN_POINT('',(0.020033099576155,0.667999839753309,19.979167658802105));
#4996=CARTESIAN_POINT('',(0.017876270542195,0.669056380164698,19.978901638663118));
#4997=CARTESIAN_POINT('',(0.015613878399265,0.669109173349297,19.978901638787910));
#4998=B_SPLINE_CURVE_WITH_KNOTS('',3,(#4994,#4995,#4996,#4997),.UNSPECIFIED.,.F.,.U.,(4,4),(0.0,0.000170247336708),.UNSPECIFIED.);
#4999=EDGE_CURVE('',#4968,#4987,#4998,.T.);
#5000=ORIENTED_EDGE('',*,*,#4999,.F.);
#5001=EDGE_LOOP('',(#4976,#4985,#4993,#5000));
#5002=FACE_OUTER_BOUND('',#5001,.T.);
#5003=ADVANCED_FACE('',(#5002),#4966,.T.);
#5004=CARTESIAN_POINT('',(-1.827990E-015,0.0,19.196436559333311));
#5005=DIRECTION('',(0.0,0.0,1.0));
#5006=DIRECTION('',(-1.0,0.0,0.0));
#5007=AXIS2_PLACEMENT_3D('',#5004,#5005,#5006);
#5008=CYLINDRICAL_SURFACE('',#5007,0.669291326000006);
#5009=ORIENTED_EDGE('',*,*,#4992,.T.);
#5010=CARTESIAN_POINT('',(-0.015613880038583,0.669109173311044,19.233696801212133));
#5011=VERTEX_POINT('',#5010);
#5012=CARTESIAN_POINT('',(0.0,0.0,19.233696801212130));
#5013=DIRECTION('',(0.0,0.0,1.0));
#5014=DIRECTION('',(1.0,0.0,0.0));
#5015=AXIS2_PLACEMENT_3D('',#5012,#5013,#5014);
#5016=CIRCLE('',#5015,0.669291326000006);
#5017=EDGE_CURVE('',#5011,#4978,#5016,.F.);
#5018=ORIENTED_EDGE('',*,*,#5017,.F.);
#5019=CARTESIAN_POINT('',(-0.015613880038583,0.669109173311044,19.978901638787878));
#5020=VERTEX_POINT('',#5019);
#5021=CARTESIAN_POINT('',(-0.015613880038583,0.669109173311044,19.978901638787878));
#5022=DIRECTION('',(0.0,0.0,-1.0));
#5023=VECTOR('',#5022,0.745204837575745);
#5024=LINE('',#5021,#5023);
#5025=EDGE_CURVE('',#5020,#5011,#5024,.T.);
#5026=ORIENTED_EDGE('',*,*,#5025,.F.);
#5027=CARTESIAN_POINT('',(0.0,0.0,19.978901638787878));
#5028=DIRECTION('',(0.0,0.0,-1.0));
#5029=DIRECTION('',(-1.0,0.0,0.0));
#5030=AXIS2_PLACEMENT_3D('',#5027,#5028,#5029);
#5031=CIRCLE('',#5030,0.669291326000006);
#5032=EDGE_CURVE('',#4987,#5020,#5031,.F.);
#5033=ORIENTED_EDGE('',*,*,#5032,.F.);
#5034=EDGE_LOOP('',(#5009,#5018,#5026,#5033));
#5035=FACE_OUTER_BOUND('',#5034,.T.);
#5036=ADVANCED_FACE('',(#5035),#5008,.T.);
#5037=CARTESIAN_POINT('',(-0.015430187332247,0.661237300683855,19.195657189409136));
#5038=DIRECTION('',(0.0,0.0,1.0));
#5039=DIRECTION('',(-1.0,0.0,0.0));
#5040=AXIS2_PLACEMENT_3D('',#5037,#5038,#5039);
#5041=CYLINDRICAL_SURFACE('',#5040,0.007874015600000);
#5042=ORIENTED_EDGE('',*,*,#5025,.T.);
#5043=CARTESIAN_POINT('',(-0.021459516971262,0.666301617594665,19.232988283099218));
#5044=VERTEX_POINT('',#5043);
#5045=CARTESIAN_POINT('',(-0.021459516971262,0.666301617594665,19.232988283099218));
#5046=CARTESIAN_POINT('',(-0.020033101527446,0.667999838512593,19.233430780881477));
#5047=CARTESIAN_POINT('',(-0.017876272466962,0.669056379648384,19.233696801212101));
#5048=CARTESIAN_POINT('',(-0.015613880038582,0.669109173311044,19.233696801212101));
#5049=B_SPLINE_CURVE_WITH_KNOTS('',3,(#5045,#5046,#5047,#5048),.UNSPECIFIED.,.F.,.U.,(4,4),(0.0,0.000170247358893),.UNSPECIFIED.);
#5050=EDGE_CURVE('',#5044,#5011,#5049,.T.);
#5051=ORIENTED_EDGE('',*,*,#5050,.F.);
#5052=CARTESIAN_POINT('',(-0.021459516971262,0.666301617594665,19.979610156900794));
#5053=VERTEX_POINT('',#5052);
#5054=CARTESIAN_POINT('',(-0.021459516971262,0.666301617594665,19.979610156900794));
#5055=DIRECTION('',(0.0,0.0,-1.0));
#5056=VECTOR('',#5055,0.746621873801576);
#5057=LINE('',#5054,#5056);
#5058=EDGE_CURVE('',#5053,#5044,#5057,.T.);
#5059=ORIENTED_EDGE('',*,*,#5058,.F.);
#5060=CARTESIAN_POINT('',(-0.015613880038582,0.669109173311044,19.978901638787910));
#5061=CARTESIAN_POINT('',(-0.017875536336604,0.669056396826226,19.978901638787903));
#5062=CARTESIAN_POINT('',(-0.020033157496029,0.667999771879118,19.979167676480916));
#5063=CARTESIAN_POINT('',(-0.021459516971262,0.666301617594665,19.979610156900794));
#5064=B_SPLINE_CURVE_WITH_KNOTS('',3,(#5060,#5061,#5062,#5063),.UNSPECIFIED.,.F.,.U.,(4,4),(0.0,0.000170131205905),.UNSPECIFIED.);
#5065=EDGE_CURVE('',#5020,#5053,#5064,.T.);
#5066=ORIENTED_EDGE('',*,*,#5065,.F.);
#5067=EDGE_LOOP('',(#5042,#5051,#5059,#5066));
#5068=FACE_OUTER_BOUND('',#5067,.T.);
#5069=ADVANCED_FACE('',(#5068),#5041,.T.);
#5070=CARTESIAN_POINT('',(-0.254853262408706,0.610346355061139,19.195657189951596));
#5071=DIRECTION('',(0.0,0.0,1.0));
#5072=DIRECTION('',(-1.0,0.0,0.0));
#5073=AXIS2_PLACEMENT_3D('',#5070,#5071,#5072);
#5074=CYLINDRICAL_SURFACE('',#5073,0.007874015600000);
#5075=CARTESIAN_POINT('',(-0.251405041186165,0.617425189150837,19.979610156407649));
#5076=VERTEX_POINT('',#5075);
#5077=CARTESIAN_POINT('',(-0.251405041186165,0.617425189150837,19.232988283592363));
#5078=VERTEX_POINT('',#5077);
#5079=CARTESIAN_POINT('',(-0.251405041186165,0.617425189150837,19.979610156407649));
#5080=DIRECTION('',(0.0,0.0,-1.0));
#5081=VECTOR('',#5080,0.746621872815286);
#5082=LINE('',#5079,#5081);
#5083=EDGE_CURVE('',#5076,#5078,#5082,.T.);
#5084=ORIENTED_EDGE('',*,*,#5083,.T.);
#5085=CARTESIAN_POINT('',(-0.257887230508436,0.617612382809424,19.233696801212101));
#5086=VERTEX_POINT('',#5085);
#5087=CARTESIAN_POINT('',(-0.257887230508436,0.617612382809424,19.233696801212101));
#5088=CARTESIAN_POINT('',(-0.255799672568407,0.618484053606151,19.233696801268994));
#5089=CARTESIAN_POINT('',(-0.253398821901372,0.618396393856039,19.233430771571566));
#5090=CARTESIAN_POINT('',(-0.251405041186165,0.617425189150837,19.232988283592363));
#5091=B_SPLINE_CURVE_WITH_KNOTS('',3,(#5087,#5088,#5089,#5090),.UNSPECIFIED.,.F.,.U.,(4,4),(0.0,0.000170147454072),.UNSPECIFIED.);
#5092=EDGE_CURVE('',#5086,#5078,#5091,.T.);
#5093=ORIENTED_EDGE('',*,*,#5092,.F.);
#5094=CARTESIAN_POINT('',(-0.257887230508436,0.617612382809424,19.978901638787910));
#5095=VERTEX_POINT('',#5094);
#5096=CARTESIAN_POINT('',(-0.257887230508436,0.617612382809424,19.978901638787910));
#5097=DIRECTION('',(0.0,0.0,-1.0));
#5098=VECTOR('',#5097,0.745204837575809);
#5099=LINE('',#5096,#5098);
#5100=EDGE_CURVE('',#5095,#5086,#5099,.T.);
#5101=ORIENTED_EDGE('',*,*,#5100,.F.);
#5102=CARTESIAN_POINT('',(-0.251405041186165,0.617425189150837,19.979610156407649));
#5103=CARTESIAN_POINT('',(-0.253398926733070,0.618396444921353,19.979167645162715));
#5104=CARTESIAN_POINT('',(-0.255798978920228,0.618484343242598,19.978901638730996));
#5105=CARTESIAN_POINT('',(-0.257887230508436,0.617612382809424,19.978901638787910));
#5106=B_SPLINE_CURVE_WITH_KNOTS('',3,(#5102,#5103,#5104,#5105),.UNSPECIFIED.,.F.,.U.,(4,4),(0.0,0.000170208390376),.UNSPECIFIED.);
#5107=EDGE_CURVE('',#5076,#5095,#5106,.T.);
#5108=ORIENTED_EDGE('',*,*,#5107,.F.);
#5109=EDGE_LOOP('',(#5084,#5093,#5101,#5108));
#5110=FACE_OUTER_BOUND('',#5109,.T.);
#5111=ADVANCED_FACE('',(#5110),#5074,.T.);
#5112=CARTESIAN_POINT('',(0.0,0.0,19.196436559333311));
#5113=DIRECTION('',(0.0,0.0,1.0));
#5114=DIRECTION('',(-1.0,0.0,0.0));
#5115=AXIS2_PLACEMENT_3D('',#5112,#5113,#5114);
#5116=CYLINDRICAL_SURFACE('',#5115,0.669291326000006);
#5117=ORIENTED_EDGE('',*,*,#5100,.T.);
#5118=CARTESIAN_POINT('',(-0.286415208189181,0.604910908793019,19.233696801212140));
#5119=VERTEX_POINT('',#5118);
#5120=CARTESIAN_POINT('',(0.0,0.0,19.233696801212140));
#5121=DIRECTION('',(0.0,0.0,1.0));
#5122=DIRECTION('',(1.0,0.0,0.0));
#5123=AXIS2_PLACEMENT_3D('',#5120,#5121,#5122);
#5124=CIRCLE('',#5123,0.669291326000006);
#5125=EDGE_CURVE('',#5119,#5086,#5124,.F.);
#5126=ORIENTED_EDGE('',*,*,#5125,.F.);
#5127=CARTESIAN_POINT('',(-0.286415208189181,0.604910908793019,19.978901638787868));
#5128=VERTEX_POINT('',#5127);
#5129=CARTESIAN_POINT('',(-0.286415208189181,0.604910908793019,19.978901638787868));
#5130=DIRECTION('',(0.0,0.0,-1.0));
#5131=VECTOR('',#5130,0.745204837575727);
#5132=LINE('',#5129,#5131);
#5133=EDGE_CURVE('',#5128,#5119,#5132,.T.);
#5134=ORIENTED_EDGE('',*,*,#5133,.F.);
#5135=CARTESIAN_POINT('',(0.0,0.0,19.978901638787868));
#5136=DIRECTION('',(0.0,0.0,-1.0));
#5137=DIRECTION('',(-1.0,0.0,0.0));
#5138=AXIS2_PLACEMENT_3D('',#5135,#5136,#5137);
#5139=CIRCLE('',#5138,0.669291326000006);
#5140=EDGE_CURVE('',#5095,#5128,#5139,.F.);
#5141=ORIENTED_EDGE('',*,*,#5140,.F.);
#5142=EDGE_LOOP('',(#5117,#5126,#5134,#5141));
#5143=FACE_OUTER_BOUND('',#5142,.T.);
#5144=ADVANCED_FACE('',(#5143),#5116,.T.);
#5145=CARTESIAN_POINT('',(-0.283045617504603,0.597794309866039,19.195657189409136));
#5146=DIRECTION('',(0.0,0.0,1.0));
#5147=DIRECTION('',(-1.0,0.0,0.0));
#5148=AXIS2_PLACEMENT_3D('',#5145,#5146,#5147);
#5149=CYLINDRICAL_SURFACE('',#5148,0.007874015600000);
#5150=ORIENTED_EDGE('',*,*,#5133,.T.);
#5151=CARTESIAN_POINT('',(-0.290613527468731,0.599968444278606,19.232988283099218));
#5152=VERTEX_POINT('',#5151);
#5153=CARTESIAN_POINT('',(-0.290613527468731,0.599968444278606,19.232988283099218));
#5154=CARTESIAN_POINT('',(-0.290001134770859,0.602100112299401,19.233430799686356));
#5155=CARTESIAN_POINT('',(-0.288460509142850,0.603942492965268,19.233696801212101));
#5156=CARTESIAN_POINT('',(-0.286415208189180,0.604910908793019,19.233696801212101));
#5157=B_SPLINE_CURVE_WITH_KNOTS('',3,(#5153,#5154,#5155,#5156),.UNSPECIFIED.,.F.,.U.,(4,4),(0.0,0.000170193799478),.UNSPECIFIED.);
#5158=EDGE_CURVE('',#5152,#5119,#5157,.T.);
#5159=ORIENTED_EDGE('',*,*,#5158,.F.);
#5160=CARTESIAN_POINT('',(-0.290613527468731,0.599968444278606,19.979610156900794));
#5161=VERTEX_POINT('',#5160);
#5162=CARTESIAN_POINT('',(-0.290613527468731,0.599968444278606,19.979610156900794));
#5163=DIRECTION('',(0.0,0.0,-1.0));
#5164=VECTOR('',#5163,0.746621873801576);
#5165=LINE('',#5162,#5164);
#5166=EDGE_CURVE('',#5161,#5152,#5165,.T.);
#5167=ORIENTED_EDGE('',*,*,#5166,.F.);
#5168=CARTESIAN_POINT('',(-0.286415208189180,0.604910908793019,19.978901638787910));
#5169=CARTESIAN_POINT('',(-0.288459826010221,0.603942816417152,19.978901638787903));
#5170=CARTESIAN_POINT('',(-0.290001170041749,0.602099989525521,19.979167665800489));
#5171=CARTESIAN_POINT('',(-0.290613527468731,0.599968444278606,19.979610156900794));
#5172=B_SPLINE_CURVE_WITH_KNOTS('',3,(#5168,#5169,#5170,#5171),.UNSPECIFIED.,.F.,.U.,(4,4),(0.0,0.000170151785061),.UNSPECIFIED.);
#5173=EDGE_CURVE('',#5128,#5161,#5172,.T.);
#5174=ORIENTED_EDGE('',*,*,#5173,.F.);
#5175=EDGE_LOOP('',(#5150,#5159,#5167,#5174));
#5176=FACE_OUTER_BOUND('',#5175,.T.);
#5177=ADVANCED_FACE('',(#5176),#5149,.T.);
#5178=CARTESIAN_POINT('',(-0.481070267809989,0.453920979825789,19.195657189951596));
#5179=DIRECTION('',(0.0,0.0,1.0));
#5180=DIRECTION('',(-1.0,0.0,0.0));
#5181=AXIS2_PLACEMENT_3D('',#5178,#5179,#5180);
#5182=CYLINDRICAL_SURFACE('',#5181,0.007874015600000);
#5183=CARTESIAN_POINT('',(-0.480799382189724,0.461790334478476,19.979610156407649));
#5184=VERTEX_POINT('',#5183);
#5185=CARTESIAN_POINT('',(-0.480799382189724,0.461790334478476,19.232988283592363));
#5186=VERTEX_POINT('',#5185);
#5187=CARTESIAN_POINT('',(-0.480799382189724,0.461790334478476,19.979610156407649));
#5188=DIRECTION('',(0.0,0.0,-1.0));
#5189=VECTOR('',#5188,0.746621872815286);
#5190=LINE('',#5187,#5189);
#5191=EDGE_CURVE('',#5184,#5186,#5190,.T.);
#5192=ORIENTED_EDGE('',*,*,#5191,.T.);
#5193=CARTESIAN_POINT('',(-0.486797295320963,0.459324800470257,19.233696801212101));
#5194=VERTEX_POINT('',#5193);
#5195=CARTESIAN_POINT('',(-0.486797295320963,0.459324800470257,19.233696801212101));
#5196=CARTESIAN_POINT('',(-0.485244832921929,0.460970116896171,19.233696801268994));
#5197=CARTESIAN_POINT('',(-0.483015844469460,0.461866631428600,19.233430777245779));
#5198=CARTESIAN_POINT('',(-0.480799382189724,0.461790334478476,19.232988283592363));
#5199=B_SPLINE_CURVE_WITH_KNOTS('',3,(#5195,#5196,#5197,#5198),.UNSPECIFIED.,.F.,.U.,(4,4),(0.0,0.000170205021121),.UNSPECIFIED.);
#5200=EDGE_CURVE('',#5194,#5186,#5199,.T.);
#5201=ORIENTED_EDGE('',*,*,#5200,.F.);
#5202=CARTESIAN_POINT('',(-0.486797295320963,0.459324800470257,19.978901638787910));
#5203=VERTEX_POINT('',#5202);
#5204=CARTESIAN_POINT('',(-0.486797295320963,0.459324800470257,19.978901638787910));
#5205=DIRECTION('',(0.0,0.0,-1.0));
#5206=VECTOR('',#5205,0.745204837575809);
#5207=LINE('',#5204,#5206);
#5208=EDGE_CURVE('',#5203,#5194,#5207,.T.);
#5209=ORIENTED_EDGE('',*,*,#5208,.F.);
#5210=CARTESIAN_POINT('',(-0.480799382189724,0.461790334478476,19.979610156407649));
#5211=CARTESIAN_POINT('',(-0.483015978016264,0.461866636025659,19.979167636092999));
#5212=CARTESIAN_POINT('',(-0.485244281744231,0.460970701040251,19.978901638730996));
#5213=CARTESIAN_POINT('',(-0.486797295320963,0.459324800470257,19.978901638787910));
#5214=B_SPLINE_CURVE_WITH_KNOTS('',3,(#5210,#5211,#5212,#5213),.UNSPECIFIED.,.F.,.U.,(4,4),(0.0,0.000170186172144),.UNSPECIFIED.);
#5215=EDGE_CURVE('',#5184,#5203,#5214,.T.);
#5216=ORIENTED_EDGE('',*,*,#5215,.F.);
#5217=EDGE_LOOP('',(#5192,#5201,#5209,#5216));
#5218=FACE_OUTER_BOUND('',#5217,.T.);
#5219=ADVANCED_FACE('',(#5218),#5182,.T.);
#5220=CARTESIAN_POINT('',(0.0,0.0,19.196436559333129));
#5221=DIRECTION('',(0.0,0.0,1.0));
#5222=DIRECTION('',(-1.0,0.0,0.0));
#5223=AXIS2_PLACEMENT_3D('',#5220,#5221,#5222);
#5224=CYLINDRICAL_SURFACE('',#5223,0.669291326000006);
#5225=ORIENTED_EDGE('',*,*,#5208,.T.);
#5226=CARTESIAN_POINT('',(-0.507692744843389,0.436118052701595,19.233696801211938));
#5227=VERTEX_POINT('',#5226);
#5228=CARTESIAN_POINT('',(0.0,0.0,19.233696801211938));
#5229=DIRECTION('',(0.0,0.0,1.0));
#5230=DIRECTION('',(1.0,0.0,0.0));
#5231=AXIS2_PLACEMENT_3D('',#5228,#5229,#5230);
#5232=CIRCLE('',#5231,0.669291326000006);
#5233=EDGE_CURVE('',#5227,#5194,#5232,.F.);
#5234=ORIENTED_EDGE('',*,*,#5233,.F.);
#5235=CARTESIAN_POINT('',(-0.507692744843389,0.436118052701595,19.978901638788070));
#5236=VERTEX_POINT('',#5235);
#5237=CARTESIAN_POINT('',(-0.507692744843389,0.436118052701595,19.978901638788070));
#5238=DIRECTION('',(0.0,0.0,-1.0));
#5239=VECTOR('',#5238,0.745204837576132);
#5240=LINE('',#5237,#5239);
#5241=EDGE_CURVE('',#5236,#5227,#5240,.T.);
#5242=ORIENTED_EDGE('',*,*,#5241,.F.);
#5243=CARTESIAN_POINT('',(0.0,0.0,19.978901638788070));
#5244=DIRECTION('',(0.0,0.0,-1.0));
#5245=DIRECTION('',(-1.0,0.0,0.0));
#5246=AXIS2_PLACEMENT_3D('',#5243,#5244,#5245);
#5247=CIRCLE('',#5246,0.669291326000006);
#5248=EDGE_CURVE('',#5203,#5236,#5247,.F.);
#5249=ORIENTED_EDGE('',*,*,#5248,.F.);
#5250=EDGE_LOOP('',(#5225,#5234,#5242,#5249));
#5251=FACE_OUTER_BOUND('',#5250,.T.);
#5252=ADVANCED_FACE('',(#5251),#5224,.T.);
#5253=CARTESIAN_POINT('',(-0.501719889021702,0.430987252081577,19.195657189464487));
#5254=DIRECTION('',(0.0,0.0,1.0));
#5255=DIRECTION('',(-1.0,0.0,0.0));
#5256=AXIS2_PLACEMENT_3D('',#5253,#5254,#5255);
#5257=CYLINDRICAL_SURFACE('',#5256,0.007874015600000);
#5258=ORIENTED_EDGE('',*,*,#5241,.T.);
#5259=CARTESIAN_POINT('',(-0.509517818960817,0.429895276654331,19.232988283149535));
#5260=VERTEX_POINT('',#5259);
#5261=CARTESIAN_POINT('',(-0.509517818960817,0.429895276654331,19.232988283149535));
#5262=CARTESIAN_POINT('',(-0.509825399944078,0.432091750034813,19.233430802782934));
#5263=CARTESIAN_POINT('',(-0.509167302225805,0.434401494351693,19.233696801212101));
#5264=CARTESIAN_POINT('',(-0.507692744843393,0.436118052701591,19.233696801212101));
#5265=B_SPLINE_CURVE_WITH_KNOTS('',3,(#5261,#5262,#5263,#5264),.UNSPECIFIED.,.F.,.U.,(4,4),(0.0,0.000170187984717),.UNSPECIFIED.);
#5266=EDGE_CURVE('',#5260,#5227,#5265,.T.);
#5267=ORIENTED_EDGE('',*,*,#5266,.F.);
#5268=CARTESIAN_POINT('',(-0.509517818960817,0.429895276654331,19.979610156850473));
#5269=VERTEX_POINT('',#5268);
#5270=CARTESIAN_POINT('',(-0.509517818960817,0.429895276654331,19.979610156850473));
#5271=DIRECTION('',(0.0,0.0,-1.0));
#5272=VECTOR('',#5271,0.746621873700938);
#5273=LINE('',#5270,#5272);
#5274=EDGE_CURVE('',#5269,#5260,#5273,.T.);
#5275=ORIENTED_EDGE('',*,*,#5274,.F.);
#5276=CARTESIAN_POINT('',(-0.507692744843393,0.436118052701591,19.978901638787910));
#5277=CARTESIAN_POINT('',(-0.509166785212429,0.434402096216114,19.978901638787910));
#5278=CARTESIAN_POINT('',(-0.509825381603142,0.432091619059921,19.979167663604358));
#5279=CARTESIAN_POINT('',(-0.509517818960817,0.429895276654331,19.979610156850473));
#5280=B_SPLINE_CURVE_WITH_KNOTS('',3,(#5276,#5277,#5278,#5279),.UNSPECIFIED.,.F.,.U.,(4,4),(0.0,0.000170194131195),.UNSPECIFIED.);
#5281=EDGE_CURVE('',#5236,#5269,#5280,.T.);
#5282=ORIENTED_EDGE('',*,*,#5281,.F.);
#5283=EDGE_LOOP('',(#5258,#5267,#5275,#5282));
#5284=FACE_OUTER_BOUND('',#5283,.T.);
#5285=ADVANCED_FACE('',(#5284),#5257,.T.);
#5286=CARTESIAN_POINT('',(0.0,0.0,19.196436559333311));
#5287=DIRECTION('',(0.0,0.0,1.0));
#5288=DIRECTION('',(-1.0,0.0,0.0));
#5289=AXIS2_PLACEMENT_3D('',#5286,#5287,#5288);
#5290=CYLINDRICAL_SURFACE('',#5289,0.669291326000006);
#5291=ORIENTED_EDGE('',*,*,#3454,.T.);
#5292=CARTESIAN_POINT('',(0.0,0.0,19.233696801212261));
#5293=DIRECTION('',(0.0,0.0,1.0));
#5294=DIRECTION('',(1.0,0.0,0.0));
#5295=AXIS2_PLACEMENT_3D('',#5292,#5293,#5294);
#5296=CIRCLE('',#5295,0.669291326000006);
#5297=EDGE_CURVE('',#3474,#3440,#5296,.F.);
#5298=ORIENTED_EDGE('',*,*,#5297,.F.);
#5299=ORIENTED_EDGE('',*,*,#3479,.F.);
#5300=CARTESIAN_POINT('',(0.0,0.0,19.978901638787747));
#5301=DIRECTION('',(0.0,0.0,-1.0));
#5302=DIRECTION('',(-1.0,0.0,0.0));
#5303=AXIS2_PLACEMENT_3D('',#5300,#5301,#5302);
#5304=CIRCLE('',#5303,0.669291326000006);
#5305=EDGE_CURVE('',#3449,#3472,#5304,.F.);
#5306=ORIENTED_EDGE('',*,*,#5305,.F.);
#5307=EDGE_LOOP('',(#5291,#5298,#5299,#5306));
#5308=FACE_OUTER_BOUND('',#5307,.T.);
#5309=ADVANCED_FACE('',(#5308),#5290,.T.);
#5310=CARTESIAN_POINT('',(0.0,0.0,19.093730808913193));
#5311=DIRECTION('',(0.0,0.0,1.0));
#5312=DIRECTION('',(1.0,0.0,0.0));
#5313=AXIS2_PLACEMENT_3D('',#5310,#5311,#5312);
#5314=CONICAL_SURFACE('',#5313,0.146931131396451,75.000000000243702);
#5315=ORIENTED_EDGE('',*,*,#2088,.F.);
#5316=ORIENTED_EDGE('',*,*,#3521,.T.);
#5317=ORIENTED_EDGE('',*,*,#3488,.T.);
#5318=ORIENTED_EDGE('',*,*,#5297,.T.);
#5319=ORIENTED_EDGE('',*,*,#3446,.T.);
#5320=CARTESIAN_POINT('',(-0.627059142087416,0.226307735741302,19.232988283592363));
#5321=CARTESIAN_POINT('',(-0.613054023563771,0.231974274541803,19.229973904961021));
#5322=CARTESIAN_POINT('',(-0.598719245410127,0.235922212021410,19.226780371935227));
#5323=CARTESIAN_POINT('',(-0.569441821724944,0.240568473196388,19.219986756556743));
#5324=CARTESIAN_POINT('',(-0.554395145442722,0.241240696290431,19.216359221556736));
#5325=CARTESIAN_POINT('',(-0.539495340601134,0.240198800572108,19.212598440000001));
#5326=B_SPLINE_CURVE_WITH_KNOTS('',3,(#5320,#5321,#5322,#5323,#5324,#5325),.UNSPECIFIED.,.F.,.U.,(4,2,4),(0.0,0.001157241155254,0.002314265473875),.UNSPECIFIED.);
#5327=EDGE_CURVE('',#3432,#2082,#5326,.T.);
#5328=ORIENTED_EDGE('',*,*,#5327,.T.);
#5329=EDGE_LOOP('',(#5315,#5316,#5317,#5318,#5319,#5328));
#5330=FACE_OUTER_BOUND('',#5329,.T.);
#5331=ADVANCED_FACE('',(#5330),#5314,.T.);
#5332=CARTESIAN_POINT('',(0.0,0.0,19.093730808913193));
#5333=DIRECTION('',(0.0,0.0,1.0));
#5334=DIRECTION('',(1.0,0.0,0.0));
#5335=AXIS2_PLACEMENT_3D('',#5332,#5333,#5334);
#5336=CONICAL_SURFACE('',#5335,0.146931131396451,75.000000000243702);
#5337=ORIENTED_EDGE('',*,*,#2159,.F.);
#5338=CARTESIAN_POINT('',(-0.477765932578012,0.347117268450069,19.212598440000001));
#5339=CARTESIAN_POINT('',(-0.486116992384934,0.359498223765527,19.216358702914992));
#5340=CARTESIAN_POINT('',(-0.492940480837995,0.372615822560523,19.219920836590912));
#5341=CARTESIAN_POINT('',(-0.503594159741548,0.400278378389002,19.226719162814280));
#5342=CARTESIAN_POINT('',(-0.507422925267623,0.414935355370896,19.229974334934077));
#5343=CARTESIAN_POINT('',(-0.509517818960817,0.429895276654331,19.232988283149535));
#5344=B_SPLINE_CURVE_WITH_KNOTS('',3,(#5338,#5339,#5340,#5341,#5342,#5343),.UNSPECIFIED.,.F.,.U.,(4,2,4),(0.0,0.001157337439373,0.002314429580551),.UNSPECIFIED.);
#5345=EDGE_CURVE('',#2144,#5260,#5344,.T.);
#5346=ORIENTED_EDGE('',*,*,#5345,.T.);
#5347=ORIENTED_EDGE('',*,*,#5266,.T.);
#5348=ORIENTED_EDGE('',*,*,#5233,.T.);
#5349=ORIENTED_EDGE('',*,*,#5200,.T.);
#5350=CARTESIAN_POINT('',(-0.480799382189724,0.461790334478476,19.232988283592363));
#5351=CARTESIAN_POINT('',(-0.465700272286638,0.461270580072676,19.229973903259594));
#5352=CARTESIAN_POINT('',(-0.450999027325340,0.459046718912599,19.226780369409077));
#5353=CARTESIAN_POINT('',(-0.422362969448363,0.451383088340809,19.219986754779338));
#5354=CARTESIAN_POINT('',(-0.408343731128602,0.445877160315458,19.216359220231460));
#5355=CARTESIAN_POINT('',(-0.395155862468038,0.438865046165124,19.212598440000001));
#5356=B_SPLINE_CURVE_WITH_KNOTS('',3,(#5350,#5351,#5352,#5353,#5354,#5355),.UNSPECIFIED.,.F.,.U.,(4,2,4),(0.0,0.001157225479586,0.002314249835052),.UNSPECIFIED.);
#5357=EDGE_CURVE('',#5186,#2153,#5356,.T.);
#5358=ORIENTED_EDGE('',*,*,#5357,.T.);
#5359=EDGE_LOOP('',(#5337,#5346,#5347,#5348,#5349,#5358));
#5360=FACE_OUTER_BOUND('',#5359,.T.);
#5361=ADVANCED_FACE('',(#5360),#5336,.T.);
#5362=CARTESIAN_POINT('',(0.0,0.0,19.093730808913193));
#5363=DIRECTION('',(0.0,0.0,1.0));
#5364=DIRECTION('',(1.0,0.0,0.0));
#5365=AXIS2_PLACEMENT_3D('',#5362,#5363,#5364);
#5366=CONICAL_SURFACE('',#5365,0.146931131396451,75.000000000243702);
#5367=ORIENTED_EDGE('',*,*,#2230,.F.);
#5368=CARTESIAN_POINT('',(-0.295275585543519,0.511432318537065,19.212598440000001));
#5369=CARTESIAN_POINT('',(-0.297868872918227,0.526139583445754,19.216358708118669));
#5370=CARTESIAN_POINT('',(-0.298767028421169,0.540898474176094,19.219920842620137));
#5371=CARTESIAN_POINT('',(-0.297248271210063,0.570502703924869,19.226719165320127));
#5372=CARTESIAN_POINT('',(-0.294784494401864,0.585449808177726,19.229974335310278));
#5373=CARTESIAN_POINT('',(-0.290613527468731,0.599968444278606,19.232988283099218));
#5374=B_SPLINE_CURVE_WITH_KNOTS('',3,(#5368,#5369,#5370,#5371,#5372,#5373),.UNSPECIFIED.,.F.,.U.,(4,2,4),(0.0,0.001157298538781,0.002314390586606),.UNSPECIFIED.);
#5375=EDGE_CURVE('',#2215,#5152,#5374,.T.);
#5376=ORIENTED_EDGE('',*,*,#5375,.T.);
#5377=ORIENTED_EDGE('',*,*,#5158,.T.);
#5378=ORIENTED_EDGE('',*,*,#5125,.T.);
#5379=ORIENTED_EDGE('',*,*,#5092,.T.);
#5380=CARTESIAN_POINT('',(-0.251405041186165,0.617425189150837,19.232988283592363));
#5381=CARTESIAN_POINT('',(-0.237822730446245,0.610809013160398,19.229973905337840));
#5382=CARTESIAN_POINT('',(-0.225297001792090,0.602797882937547,19.226780372293899));
#5383=CARTESIAN_POINT('',(-0.202253732954382,0.584149469481775,19.219986755808133));
#5384=CARTESIAN_POINT('',(-0.191685979322881,0.573417410338809,19.216359219415306));
#5385=CARTESIAN_POINT('',(-0.182490347578011,0.561647538434232,19.212598440000001));
#5386=B_SPLINE_CURVE_WITH_KNOTS('',3,(#5380,#5381,#5382,#5383,#5384,#5385),.UNSPECIFIED.,.F.,.U.,(4,2,4),(0.0,0.001157248007625,0.002314272433027),.UNSPECIFIED.);
#5387=EDGE_CURVE('',#5078,#2224,#5386,.T.);
#5388=ORIENTED_EDGE('',*,*,#5387,.T.);
#5389=EDGE_LOOP('',(#5367,#5376,#5377,#5378,#5379,#5388));
#5390=FACE_OUTER_BOUND('',#5389,.T.);
#5391=ADVANCED_FACE('',(#5390),#5366,.T.);
#5392=CARTESIAN_POINT('',(0.0,0.0,19.093730808913193));
#5393=DIRECTION('',(0.0,0.0,1.0));
#5394=DIRECTION('',(1.0,0.0,0.0));
#5395=AXIS2_PLACEMENT_3D('',#5392,#5393,#5394);
#5396=CONICAL_SURFACE('',#5395,0.146931131396451,75.000000000243702);
#5397=ORIENTED_EDGE('',*,*,#1239,.F.);
#5398=CARTESIAN_POINT('',(-0.061729405523803,0.587316071937372,19.212598440000001));
#5399=CARTESIAN_POINT('',(-0.058116507988544,0.601806611505053,19.216358707992729));
#5400=CARTESIAN_POINT('',(-0.052934032155414,0.615654842465694,19.219920842654705));
#5401=CARTESIAN_POINT('',(-0.039505451635092,0.642081920713889,19.226719166086369));
#5402=CARTESIAN_POINT('',(-0.031175141226659,0.654734674515596,19.229974336845867));
#5403=CARTESIAN_POINT('',(-0.021459516971262,0.666301617594665,19.232988283099218));
#5404=B_SPLINE_CURVE_WITH_KNOTS('',3,(#5398,#5399,#5400,#5401,#5402,#5403),.UNSPECIFIED.,.F.,.U.,(4,2,4),(0.0,0.001157301714201,0.002314393850845),.UNSPECIFIED.);
#5405=EDGE_CURVE('',#1224,#5044,#5404,.T.);
#5406=ORIENTED_EDGE('',*,*,#5405,.T.);
#5407=ORIENTED_EDGE('',*,*,#5050,.T.);
#5408=ORIENTED_EDGE('',*,*,#5017,.T.);
#5409=ORIENTED_EDGE('',*,*,#4984,.T.);
#5410=CARTESIAN_POINT('',(0.021459515381580,0.666301619487264,19.232988283592363));
#5411=CARTESIAN_POINT('',(0.031176519290711,0.654733034155442,19.229973909420060));
#5412=CARTESIAN_POINT('',(0.039360921086430,0.642319837292192,19.226780378276743));
#5413=CARTESIAN_POINT('',(0.052827009473994,0.615911113673301,19.219986759628160));
#5414=CARTESIAN_POINT('',(0.058116014422239,0.601808591298330,19.216359221746210));
#5415=CARTESIAN_POINT('',(0.061729405683534,0.587316071296723,19.212598440000001));
#5416=B_SPLINE_CURVE_WITH_KNOTS('',3,(#5410,#5411,#5412,#5413,#5414,#5415),.UNSPECIFIED.,.F.,.U.,(4,2,4),(0.0,0.001157286890890,0.002314311272561),.UNSPECIFIED.);
#5417=EDGE_CURVE('',#4970,#1233,#5416,.T.);
#5418=ORIENTED_EDGE('',*,*,#5417,.T.);
#5419=EDGE_LOOP('',(#5397,#5406,#5407,#5408,#5409,#5418));
#5420=FACE_OUTER_BOUND('',#5419,.T.);
#5421=ADVANCED_FACE('',(#5420),#5396,.T.);
#5422=CARTESIAN_POINT('',(0.0,0.0,19.093730808913193));
#5423=DIRECTION('',(0.0,0.0,1.0));
#5424=DIRECTION('',(1.0,0.0,0.0));
#5425=AXIS2_PLACEMENT_3D('',#5422,#5423,#5424);
#5426=CONICAL_SURFACE('',#5425,0.146931131396451,75.000000000243702);
#5427=ORIENTED_EDGE('',*,*,#1309,.F.);
#5428=CARTESIAN_POINT('',(0.182490347578011,0.561647538434232,19.212598440000001));
#5429=CARTESIAN_POINT('',(0.191684712947072,0.573415789451690,19.216358701499821));
#5430=CARTESIAN_POINT('',(0.202051715099965,0.583958873316960,19.219920834945754));
#5431=CARTESIAN_POINT('',(0.225068204780812,0.602639327653720,19.226719162416497));
#5432=CARTESIAN_POINT('',(0.237824668633358,0.610809957073534,19.229974335442030));
#5433=CARTESIAN_POINT('',(0.251405038964130,0.617425188068443,19.232988283099218));
#5434=B_SPLINE_CURVE_WITH_KNOTS('',3,(#5428,#5429,#5430,#5431,#5432,#5433),.UNSPECIFIED.,.F.,.U.,(4,2,4),(0.0,0.001157350250030,0.002314442439970),.UNSPECIFIED.);
#5435=EDGE_CURVE('',#1294,#4936,#5434,.T.);
#5436=ORIENTED_EDGE('',*,*,#5435,.T.);
#5437=ORIENTED_EDGE('',*,*,#4942,.T.);
#5438=ORIENTED_EDGE('',*,*,#4909,.T.);
#5439=ORIENTED_EDGE('',*,*,#4876,.T.);
#5440=CARTESIAN_POINT('',(0.290613526786273,0.599968446654161,19.232988283592363));
#5441=CARTESIAN_POINT('',(0.294785091313901,0.585447731085470,19.229973904139612));
#5442=CARTESIAN_POINT('',(0.297213008734848,0.570778807016706,19.226780370719897));
#5443=CARTESIAN_POINT('',(0.298773492320749,0.541176103548811,19.219986755722722));
#5444=CARTESIAN_POINT('',(0.297869226899938,0.526141589608330,19.216359221072391));
#5445=CARTESIAN_POINT('',(0.295275585000003,0.511432315454628,19.212598440000001));
#5446=B_SPLINE_CURVE_WITH_KNOTS('',3,(#5440,#5441,#5442,#5443,#5444,#5445),.UNSPECIFIED.,.F.,.U.,(4,2,4),(0.0,0.001157233470714,0.002314257804702),.UNSPECIFIED.);
#5447=EDGE_CURVE('',#4862,#1303,#5446,.T.);
#5448=ORIENTED_EDGE('',*,*,#5447,.T.);
#5449=EDGE_LOOP('',(#5427,#5436,#5437,#5438,#5439,#5448));
#5450=FACE_OUTER_BOUND('',#5449,.T.);
#5451=ADVANCED_FACE('',(#5450),#5426,.T.);
#5452=CARTESIAN_POINT('',(0.0,0.0,19.093730808913193));
#5453=DIRECTION('',(0.0,0.0,1.0));
#5454=DIRECTION('',(1.0,0.0,0.0));
#5455=AXIS2_PLACEMENT_3D('',#5452,#5453,#5454);
#5456=CONICAL_SURFACE('',#5455,0.146931131396451,75.000000000243702);
#5457=ORIENTED_EDGE('',*,*,#1380,.F.);
#5458=CARTESIAN_POINT('',(0.395155862468038,0.438865046165124,19.212598440000001));
#5459=CARTESIAN_POINT('',(0.408341923207175,0.445876199026586,19.216358704667091));
#5460=CARTESIAN_POINT('',(0.422100913580105,0.451291144784494,19.219920838704930));
#5461=CARTESIAN_POINT('',(0.450725539054246,0.458994935012112,19.226719163648603));
#5462=CARTESIAN_POINT('',(0.465702434772763,0.461270654349781,19.229974334953134));
#5463=CARTESIAN_POINT('',(0.480799380083381,0.461790334405968,19.232988283171853));
#5464=B_SPLINE_CURVE_WITH_KNOTS('',3,(#5458,#5459,#5460,#5461,#5462,#5463),.UNSPECIFIED.,.F.,.U.,(4,2,4),(0.0,0.001157322436837,0.002314414553658),.UNSPECIFIED.);
#5465=EDGE_CURVE('',#1365,#4828,#5464,.T.);
#5466=ORIENTED_EDGE('',*,*,#5465,.T.);
#5467=ORIENTED_EDGE('',*,*,#4834,.T.);
#5468=ORIENTED_EDGE('',*,*,#4801,.T.);
#5469=ORIENTED_EDGE('',*,*,#4768,.T.);
#5470=CARTESIAN_POINT('',(0.509517819268613,0.429895278852327,19.232988283592363));
#5471=CARTESIAN_POINT('',(0.507422625459140,0.414933213169385,19.229973903377843));
#5472=CARTESIAN_POINT('',(0.503674248421275,0.400544959900305,19.226780369539597));
#5473=CARTESIAN_POINT('',(0.493059316483851,0.372866839799486,19.219986754646627));
#5474=CARTESIAN_POINT('',(0.486118140182420,0.359499925445278,19.216359219738056));
#5475=CARTESIAN_POINT('',(0.477765932578012,0.347117268450068,19.212598440000001));
#5476=B_SPLINE_CURVE_WITH_KNOTS('',3,(#5470,#5471,#5472,#5473,#5474,#5475),.UNSPECIFIED.,.F.,.U.,(4,2,4),(0.0,0.001157227344559,0.002314251723251),.UNSPECIFIED.);
#5477=EDGE_CURVE('',#4754,#1374,#5476,.T.);
#5478=ORIENTED_EDGE('',*,*,#5477,.T.);
#5479=EDGE_LOOP('',(#5457,#5466,#5467,#5468,#5469,#5478));
#5480=FACE_OUTER_BOUND('',#5479,.T.);
#5481=ADVANCED_FACE('',(#5480),#5456,.T.);
#5482=CARTESIAN_POINT('',(0.0,0.0,19.093730808913193));
#5483=DIRECTION('',(0.0,0.0,1.0));
#5484=DIRECTION('',(1.0,0.0,0.0));
#5485=AXIS2_PLACEMENT_3D('',#5482,#5483,#5484);
#5486=CONICAL_SURFACE('',#5485,0.146931131396451,75.000000000243702);
#5487=ORIENTED_EDGE('',*,*,#1451,.F.);
#5488=CARTESIAN_POINT('',(0.539495338859028,0.240198800450288,19.212598440000001));
#5489=CARTESIAN_POINT('',(0.554393110077025,0.241240554096626,19.216358707833912));
#5490=CARTESIAN_POINT('',(0.569165033934691,0.240591065123996,19.219920842583573));
#5491=CARTESIAN_POINT('',(0.598448335818082,0.235986143075439,19.226719165412128));
#5492=CARTESIAN_POINT('',(0.613056023857481,0.231973465029550,19.229974335481664));
#5493=CARTESIAN_POINT('',(0.627059140029998,0.226307736573742,19.232988283149535));
#5494=B_SPLINE_CURVE_WITH_KNOTS('',3,(#5488,#5489,#5490,#5491,#5492,#5493),.UNSPECIFIED.,.F.,.U.,(4,2,4),(0.0,0.001157295954522,0.002314388054221),.UNSPECIFIED.);
#5495=EDGE_CURVE('',#1436,#4720,#5494,.T.);
#5496=ORIENTED_EDGE('',*,*,#5495,.T.);
#5497=ORIENTED_EDGE('',*,*,#4726,.T.);
#5498=ORIENTED_EDGE('',*,*,#4693,.T.);
#5499=ORIENTED_EDGE('',*,*,#4660,.T.);
#5500=CARTESIAN_POINT('',(0.640321851975337,0.185489311860926,19.232988283592363));
#5501=CARTESIAN_POINT('',(0.632322185680466,0.172672991013878,19.229973906717163));
#5502=CARTESIAN_POINT('',(0.623045648444901,0.161053271634666,19.226780374300567));
#5503=CARTESIAN_POINT('',(0.602090713367904,0.140085522639932,19.219986757014421));
#5504=CARTESIAN_POINT('',(0.590312812912349,0.130697464193066,19.216359220097136));
#5505=CARTESIAN_POINT('',(0.577646210046047,0.122782492269107,19.212598440000001));
#5506=B_SPLINE_CURVE_WITH_KNOTS('',3,(#5500,#5501,#5502,#5503,#5504,#5505),.UNSPECIFIED.,.F.,.U.,(4,2,4),(0.0,0.001157261363154,0.002314285782285),.UNSPECIFIED.);
#5507=EDGE_CURVE('',#4646,#1445,#5506,.T.);
#5508=ORIENTED_EDGE('',*,*,#5507,.T.);
#5509=EDGE_LOOP('',(#5487,#5496,#5497,#5498,#5499,#5508));
#5510=FACE_OUTER_BOUND('',#5509,.T.);
#5511=ADVANCED_FACE('',(#5510),#5486,.T.);
#5512=CARTESIAN_POINT('',(0.0,0.0,19.093730808913193));
#5513=DIRECTION('',(0.0,0.0,1.0));
#5514=DIRECTION('',(-0.994521895368273,0.104528463267653,0.0));
#5515=AXIS2_PLACEMENT_3D('',#5512,#5513,#5514);
#5516=CONICAL_SURFACE('',#5515,0.146931131396451,75.000000000243702);
#5517=ORIENTED_EDGE('',*,*,#922,.T.);
#5518=ORIENTED_EDGE('',*,*,#1520,.F.);
#5519=CARTESIAN_POINT('',(0.590551172941230,0.0,19.212598440000001));
#5520=CARTESIAN_POINT('',(0.604584678520073,-0.005107779636323,19.216358707277408));
#5521=CARTESIAN_POINT('',(0.617815330918750,-0.011709398860594,19.219920841856226));
#5522=CARTESIAN_POINT('',(0.642693972737382,-0.027826799541393,19.226719166031881));
#5523=CARTESIAN_POINT('',(0.654406660834956,-0.037434050638611,19.229974337352658));
#5524=CARTESIAN_POINT('',(0.664894678123769,-0.048305524849479,19.232988283149535));
#5525=B_SPLINE_CURVE_WITH_KNOTS('',3,(#5519,#5520,#5521,#5522,#5523,#5524),.UNSPECIFIED.,.F.,.U.,(4,2,4),(0.0,0.001157308579270,0.002314400756018),.UNSPECIFIED.);
#5526=EDGE_CURVE('',#1507,#4612,#5525,.T.);
#5527=ORIENTED_EDGE('',*,*,#5526,.T.);
#5528=ORIENTED_EDGE('',*,*,#4618,.T.);
#5529=ORIENTED_EDGE('',*,*,#1000,.T.);
#5530=ORIENTED_EDGE('',*,*,#4592,.T.);
#5531=EDGE_LOOP('',(#5517,#5518,#5527,#5528,#5529,#5530));
#5532=FACE_OUTER_BOUND('',#5531,.T.);
#5533=ADVANCED_FACE('',(#5532),#5516,.T.);
#5534=CARTESIAN_POINT('',(0.0,0.0,19.093730808913193));
#5535=DIRECTION('',(0.0,0.0,1.0));
#5536=DIRECTION('',(1.0,0.0,0.0));
#5537=AXIS2_PLACEMENT_3D('',#5534,#5535,#5536);
#5538=CONICAL_SURFACE('',#5537,0.146931131396451,75.000000000243702);
#5539=ORIENTED_EDGE('',*,*,#1592,.F.);
#5540=CARTESIAN_POINT('',(0.539495341110551,-0.240198802624560,19.212598440000001));
#5541=CARTESIAN_POINT('',(0.550238039301915,-0.250572906009206,19.216358698044495));
#5542=CARTESIAN_POINT('',(0.559639719005703,-0.261985162967585,19.219920830473392));
#5543=CARTESIAN_POINT('',(0.575811968952740,-0.286828212638083,19.226719160560037));
#5544=CARTESIAN_POINT('',(0.582604428698805,-0.300368865247518,19.229974335208492));
#5545=CARTESIAN_POINT('',(0.587763886029619,-0.314566322289435,19.232988283171853));
#5546=B_SPLINE_CURVE_WITH_KNOTS('',3,(#5540,#5541,#5542,#5543,#5544,#5545),.UNSPECIFIED.,.F.,.U.,(4,2,4),(0.0,0.001157384941344,0.002314477133087),.UNSPECIFIED.);
#5547=EDGE_CURVE('',#1577,#4522,#5546,.T.);
#5548=ORIENTED_EDGE('',*,*,#5547,.T.);
#5549=ORIENTED_EDGE('',*,*,#4528,.T.);
#5550=ORIENTED_EDGE('',*,*,#4495,.T.);
#5551=ORIENTED_EDGE('',*,*,#4462,.T.);
#5552=CARTESIAN_POINT('',(0.566304371367892,-0.351735295216983,19.232988283592363));
#5553=CARTESIAN_POINT('',(0.551427152051722,-0.354366179838850,19.229973903629585));
#5554=CARTESIAN_POINT('',(0.536584798602765,-0.355247476355999,19.226780369982148));
#5555=CARTESIAN_POINT('',(0.506981148480160,-0.353705086048777,19.219986755300848));
#5556=CARTESIAN_POINT('',(0.492123517640259,-0.351234239717307,19.216359220876850));
#5557=CARTESIAN_POINT('',(0.477765932578012,-0.347117268450068,19.212598440000001));
#5558=B_SPLINE_CURVE_WITH_KNOTS('',3,(#5552,#5553,#5554,#5555,#5556,#5557),.UNSPECIFIED.,.F.,.U.,(4,2,4),(0.0,0.001157228458572,0.002314252792442),.UNSPECIFIED.);
#5559=EDGE_CURVE('',#4448,#1586,#5558,.T.);
#5560=ORIENTED_EDGE('',*,*,#5559,.T.);
#5561=EDGE_LOOP('',(#5539,#5548,#5549,#5550,#5551,#5560));
#5562=FACE_OUTER_BOUND('',#5561,.T.);
#5563=ADVANCED_FACE('',(#5562),#5538,.T.);
#5564=CARTESIAN_POINT('',(0.0,0.0,19.093730808913193));
#5565=DIRECTION('',(0.0,0.0,1.0));
#5566=DIRECTION('',(1.0,0.0,0.0));
#5567=AXIS2_PLACEMENT_3D('',#5564,#5565,#5566);
#5568=CONICAL_SURFACE('',#5567,0.146931131396451,75.000000000243702);
#5569=ORIENTED_EDGE('',*,*,#1663,.F.);
#5570=CARTESIAN_POINT('',(0.395155862468038,-0.438865046165124,19.212598440000001));
#5571=CARTESIAN_POINT('',(0.400750290781532,-0.452711742136240,19.216358705975498));
#5572=CARTESIAN_POINT('',(0.404697366270787,-0.466961377082551,19.219920840300183));
#5573=CARTESIAN_POINT('',(0.409366864916773,-0.496234455842096,19.226719164345095));
#5574=CARTESIAN_POINT('',(0.410064605585588,-0.511367181379459,19.229974335081994));
#5575=CARTESIAN_POINT('',(0.409003378264523,-0.526435745226887,19.232988283261292));
#5576=B_SPLINE_CURVE_WITH_KNOTS('',3,(#5570,#5571,#5572,#5573,#5574,#5575),.UNSPECIFIED.,.F.,.U.,(4,2,4),(0.0,0.001157311436959,0.002314403543324),.UNSPECIFIED.);
#5577=EDGE_CURVE('',#1648,#4414,#5576,.T.);
#5578=ORIENTED_EDGE('',*,*,#5577,.T.);
#5579=ORIENTED_EDGE('',*,*,#4420,.T.);
#5580=ORIENTED_EDGE('',*,*,#4387,.T.);
#5581=ORIENTED_EDGE('',*,*,#4354,.T.);
#5582=CARTESIAN_POINT('',(0.374281152878456,-0.551662920207384,19.232988283592363));
#5583=CARTESIAN_POINT('',(0.359620059920844,-0.548015242747499,19.229973903701641));
#5584=CARTESIAN_POINT('',(0.345702439169560,-0.542783418089897,19.226780369949292));
#5585=CARTESIAN_POINT('',(0.319285503277899,-0.529333483632960,19.219986754580678));
#5586=CARTESIAN_POINT('',(0.306717363083325,-0.521033107224354,19.216359219082168));
#5587=CARTESIAN_POINT('',(0.295275585000003,-0.511432315454628,19.212598440000001));
#5588=B_SPLINE_CURVE_WITH_KNOTS('',3,(#5582,#5583,#5584,#5585,#5586,#5587),.UNSPECIFIED.,.F.,.U.,(4,2,4),(0.0,0.001157231544355,0.002314255956710),.UNSPECIFIED.);
#5589=EDGE_CURVE('',#4340,#1657,#5588,.T.);
#5590=ORIENTED_EDGE('',*,*,#5589,.T.);
#5591=EDGE_LOOP('',(#5569,#5578,#5579,#5580,#5581,#5590));
#5592=FACE_OUTER_BOUND('',#5591,.T.);
#5593=ADVANCED_FACE('',(#5592),#5568,.T.);
#5594=CARTESIAN_POINT('',(0.0,0.0,19.093730808913193));
#5595=DIRECTION('',(0.0,0.0,1.0));
#5596=DIRECTION('',(1.0,0.0,0.0));
#5597=AXIS2_PLACEMENT_3D('',#5594,#5595,#5596);
#5598=CONICAL_SURFACE('',#5597,0.146931131396451,75.000000000243702);
#5599=ORIENTED_EDGE('',*,*,#1733,.F.);
#5600=CARTESIAN_POINT('',(0.182490347578010,-0.561647538434232,19.212598440000001));
#5601=CARTESIAN_POINT('',(0.181969153242196,-0.576572591444216,19.216358707943190));
#5602=CARTESIAN_POINT('',(0.179779135630475,-0.591195703389380,19.219920842765713));
#5603=CARTESIAN_POINT('',(0.172138501012789,-0.619837243280986,19.226719165686912));
#5604=CARTESIAN_POINT('',(0.166620885164503,-0.633945470355697,19.229974335872459));
#5605=CARTESIAN_POINT('',(0.159522470631103,-0.647279644751168,19.232988283233372));
#5606=B_SPLINE_CURVE_WITH_KNOTS('',3,(#5600,#5601,#5602,#5603,#5604,#5605),.UNSPECIFIED.,.F.,.U.,(4,2,4),(0.0,0.001157295603422,0.002314387725075),.UNSPECIFIED.);
#5607=EDGE_CURVE('',#250,#4306,#5606,.T.);
#5608=ORIENTED_EDGE('',*,*,#5607,.T.);
#5609=ORIENTED_EDGE('',*,*,#4312,.T.);
#5610=ORIENTED_EDGE('',*,*,#4279,.T.);
#5611=ORIENTED_EDGE('',*,*,#4246,.T.);
#5612=CARTESIAN_POINT('',(0.117541322818805,-0.656203014593629,19.232988283592363));
#5613=CARTESIAN_POINT('',(0.105631411116589,-0.646907506583885,19.229973908532834));
#5614=CARTESIAN_POINT('',(0.095045008697813,-0.636467198889883,19.226780376915663));
#5615=CARTESIAN_POINT('',(0.076382505693041,-0.613435326880815,19.219986758452229));
#5616=CARTESIAN_POINT('',(0.068276999580469,-0.600740624595326,19.216359220644108));
#5617=CARTESIAN_POINT('',(0.061729406281015,-0.587316068900357,19.212598440000001));
#5618=B_SPLINE_CURVE_WITH_KNOTS('',3,(#5612,#5613,#5614,#5615,#5616,#5617),.UNSPECIFIED.,.F.,.U.,(4,2,4),(0.0,0.001157279401334,0.002314303827299),.UNSPECIFIED.);
#5619=EDGE_CURVE('',#4232,#1727,#5618,.T.);
#5620=ORIENTED_EDGE('',*,*,#5619,.T.);
#5621=EDGE_LOOP('',(#5599,#5608,#5609,#5610,#5611,#5620));
#5622=FACE_OUTER_BOUND('',#5621,.T.);
#5623=ADVANCED_FACE('',(#5622),#5598,.T.);
#5624=CARTESIAN_POINT('',(0.0,0.0,19.093730808913193));
#5625=DIRECTION('',(0.0,0.0,1.0));
#5626=DIRECTION('',(1.0,0.0,0.0));
#5627=AXIS2_PLACEMENT_3D('',#5624,#5625,#5626);
#5628=CONICAL_SURFACE('',#5627,0.146931131396451,75.000000000243702);
#5629=ORIENTED_EDGE('',*,*,#1803,.F.);
#5630=CARTESIAN_POINT('',(-0.061729406281016,-0.587316068900357,19.212598440000001));
#5631=CARTESIAN_POINT('',(-0.068276102506910,-0.600738785321962,19.216358705386558));
#5632=CARTESIAN_POINT('',(-0.076224535534533,-0.613206901209448,19.219920839766171));
#5633=CARTESIAN_POINT('',(-0.094854170906766,-0.636264531421535,19.226719164846831));
#5634=CARTESIAN_POINT('',(-0.105633102404119,-0.646908826414852,19.229974336548658));
#5635=CARTESIAN_POINT('',(-0.117541321250481,-0.656203013369574,19.232988283195422));
#5636=B_SPLINE_CURVE_WITH_KNOTS('',3,(#5630,#5631,#5632,#5633,#5634,#5635),.UNSPECIFIED.,.F.,.U.,(4,2,4),(0.0,0.001157318451077,0.002314410648058),.UNSPECIFIED.);
#5637=EDGE_CURVE('',#1790,#4198,#5636,.T.);
#5638=ORIENTED_EDGE('',*,*,#5637,.T.);
#5639=ORIENTED_EDGE('',*,*,#4204,.T.);
#5640=ORIENTED_EDGE('',*,*,#4171,.T.);
#5641=ORIENTED_EDGE('',*,*,#4138,.T.);
#5642=CARTESIAN_POINT('',(-0.159522469785611,-0.647279646339400,19.232988283592363));
#5643=CARTESIAN_POINT('',(-0.166621897706182,-0.633943568618165,19.229973906024476));
#5644=CARTESIAN_POINT('',(-0.172046600692044,-0.620099991472830,19.226780373447969));
#5645=CARTESIAN_POINT('',(-0.179727734958689,-0.591468615667257,19.219986757291110));
#5646=CARTESIAN_POINT('',(-0.181969081909076,-0.576574630360721,19.216359221625066));
#5647=CARTESIAN_POINT('',(-0.182490347517063,-0.561647540179527,19.212598440000001));
#5648=B_SPLINE_CURVE_WITH_KNOTS('',3,(#5642,#5643,#5644,#5645,#5646,#5647),.UNSPECIFIED.,.F.,.U.,(4,2,4),(0.0,0.001157252049029,0.002314276382508),.UNSPECIFIED.);
#5649=EDGE_CURVE('',#4124,#199,#5648,.T.);
#5650=ORIENTED_EDGE('',*,*,#5649,.T.);
#5651=EDGE_LOOP('',(#5629,#5638,#5639,#5640,#5641,#5650));
#5652=FACE_OUTER_BOUND('',#5651,.T.);
#5653=ADVANCED_FACE('',(#5652),#5628,.T.);
#5654=CARTESIAN_POINT('',(0.0,0.0,19.093730808913193));
#5655=DIRECTION('',(0.0,0.0,1.0));
#5656=DIRECTION('',(1.0,0.0,0.0));
#5657=AXIS2_PLACEMENT_3D('',#5654,#5655,#5656);
#5658=CONICAL_SURFACE('',#5657,0.146931131396451,75.000000000243702);
#5659=ORIENTED_EDGE('',*,*,#1875,.F.);
#5660=CARTESIAN_POINT('',(-0.295275585000003,-0.511432315454628,19.212598440000001));
#5661=CARTESIAN_POINT('',(-0.306715785614244,-0.521031783570631,19.216358700586468));
#5662=CARTESIAN_POINT('',(-0.319048272895022,-0.529189054687447,19.219920833803712));
#5663=CARTESIAN_POINT('',(-0.345445683435458,-0.542675900422544,19.226719161804287));
#5664=CARTESIAN_POINT('',(-0.359622158047047,-0.548015764618663,19.229974335058174));
#5665=CARTESIAN_POINT('',(-0.374281151132423,-0.551662919772970,19.232988283233372));
#5666=B_SPLINE_CURVE_WITH_KNOTS('',3,(#5660,#5661,#5662,#5663,#5664,#5665),.UNSPECIFIED.,.F.,.U.,(4,2,4),(0.0,0.001157357655021,0.002314449838969),.UNSPECIFIED.);
#5667=EDGE_CURVE('',#1860,#4090,#5666,.T.);
#5668=ORIENTED_EDGE('',*,*,#5667,.T.);
#5669=ORIENTED_EDGE('',*,*,#4096,.T.);
#5670=ORIENTED_EDGE('',*,*,#4063,.T.);
#5671=ORIENTED_EDGE('',*,*,#4030,.T.);
#5672=CARTESIAN_POINT('',(-0.409003378147953,-0.526435746882111,19.232988283592363));
#5673=CARTESIAN_POINT('',(-0.410064757737117,-0.511365022764397,19.229973903341758));
#5674=CARTESIAN_POINT('',(-0.409389777739023,-0.496511856221751,19.226780369553460));
#5675=CARTESIAN_POINT('',(-0.404761412614887,-0.467231602358613,19.219986754992526));
#5676=CARTESIAN_POINT('',(-0.400751056430293,-0.452713637183417,19.216359220602342));
#5677=CARTESIAN_POINT('',(-0.395155862468038,-0.438865046165124,19.212598440000001));
#5678=B_SPLINE_CURVE_WITH_KNOTS('',3,(#5672,#5673,#5674,#5675,#5676,#5677),.UNSPECIFIED.,.F.,.U.,(4,2,4),(0.0,0.001157225844229,0.002314250185101),.UNSPECIFIED.);
#5679=EDGE_CURVE('',#4016,#1869,#5678,.T.);
#5680=ORIENTED_EDGE('',*,*,#5679,.T.);
#5681=EDGE_LOOP('',(#5659,#5668,#5669,#5670,#5671,#5680));
#5682=FACE_OUTER_BOUND('',#5681,.T.);
#5683=ADVANCED_FACE('',(#5682),#5658,.T.);
#5684=CARTESIAN_POINT('',(0.0,0.0,19.093730808913193));
#5685=DIRECTION('',(0.0,0.0,1.0));
#5686=DIRECTION('',(1.0,0.0,0.0));
#5687=AXIS2_PLACEMENT_3D('',#5684,#5685,#5686);
#5688=CONICAL_SURFACE('',#5687,0.146931131396451,75.000000000243702);
#5689=ORIENTED_EDGE('',*,*,#1946,.F.);
#5690=CARTESIAN_POINT('',(-0.477765932578012,-0.347117268450068,19.212598440000001));
#5691=CARTESIAN_POINT('',(-0.492121555395954,-0.351233677052806,19.216358706892720));
#5692=CARTESIAN_POINT('',(-0.506705712288122,-0.353669637113952,19.219920841413746));
#5693=CARTESIAN_POINT('',(-0.536306523053210,-0.355253685165133,19.226719164812348));
#5694=CARTESIAN_POINT('',(-0.551429281910386,-0.354365803054836,19.229974335160549));
#5695=CARTESIAN_POINT('',(-0.566304369596121,-0.351735295530303,19.232988283233372));
#5696=B_SPLINE_CURVE_WITH_KNOTS('',3,(#5690,#5691,#5692,#5693,#5694,#5695),.UNSPECIFIED.,.F.,.U.,(4,2,4),(0.0,0.001157303651278,0.002314395748097),.UNSPECIFIED.);
#5697=EDGE_CURVE('',#1931,#3982,#5696,.T.);
#5698=ORIENTED_EDGE('',*,*,#5697,.T.);
#5699=ORIENTED_EDGE('',*,*,#3988,.T.);
#5700=ORIENTED_EDGE('',*,*,#3955,.T.);
#5701=ORIENTED_EDGE('',*,*,#3743,.T.);
#5702=ORIENTED_EDGE('',*,*,#3781,.T.);
#5703=EDGE_LOOP('',(#5689,#5698,#5699,#5700,#5701,#5702));
#5704=FACE_OUTER_BOUND('',#5703,.T.);
#5705=ADVANCED_FACE('',(#5704),#5688,.T.);
#5706=CARTESIAN_POINT('',(0.0,0.0,19.212598440000001));
#5707=DIRECTION('',(0.0,0.0,1.0));
#5708=DIRECTION('',(-1.0,0.0,0.0));
#5709=AXIS2_PLACEMENT_3D('',#5706,#5707,#5708);
#5710=CYLINDRICAL_SURFACE('',#5709,0.236220468000002);
#5711=ORIENTED_EDGE('',*,*,#880,.T.);
#5712=ORIENTED_EDGE('',*,*,#1212,.T.);
#5713=ORIENTED_EDGE('',*,*,#897,.T.);
#5714=ORIENTED_EDGE('',*,*,#3364,.F.);
#5715=EDGE_LOOP('',(#5711,#5712,#5713,#5714));
#5716=FACE_OUTER_BOUND('',#5715,.T.);
#5717=ADVANCED_FACE('',(#5716),#5710,.F.);
#5718=CARTESIAN_POINT('',(-0.532025253569158,-0.157892528712545,19.173228362000000));
#5719=DIRECTION('',(0.0,0.0,1.0));
#5720=DIRECTION('',(-1.0,0.0,0.0));
#5721=AXIS2_PLACEMENT_3D('',#5718,#5719,#5720);
#5722=CYLINDRICAL_SURFACE('',#5721,0.196850390000002);
#5723=ORIENTED_EDGE('',*,*,#3996,.T.);
#5724=ORIENTED_EDGE('',*,*,#5697,.F.);
#5725=CARTESIAN_POINT('',(-0.477765932578012,-0.347117268450068,20.000000000000007));
#5726=DIRECTION('',(0.0,0.0,-1.0));
#5727=VECTOR('',#5726,0.787401560000006);
#5728=LINE('',#5725,#5727);
#5729=EDGE_CURVE('',#2651,#1931,#5728,.T.);
#5730=ORIENTED_EDGE('',*,*,#5729,.F.);
#5731=CARTESIAN_POINT('',(-0.566304369596121,-0.351735295530303,19.979610156766640));
#5732=CARTESIAN_POINT('',(-0.551427150555918,-0.354366179963133,19.982624536688455));
#5733=CARTESIAN_POINT('',(-0.536584797397301,-0.355247476361291,19.985818070285770));
#5734=CARTESIAN_POINT('',(-0.506981147881664,-0.353705085949495,19.992611684845233));
#5735=CARTESIAN_POINT('',(-0.492123517354377,-0.351234239635332,19.996239219198042));
#5736=CARTESIAN_POINT('',(-0.477765932578012,-0.347117268450068,20.000000000000007));
#5737=B_SPLINE_CURVE_WITH_KNOTS('',3,(#5731,#5732,#5733,#5734,#5735,#5736),.UNSPECIFIED.,.F.,.U.,(4,2,4),(0.0,0.001157228435541,0.002314252746381),.UNSPECIFIED.);
#5738=EDGE_CURVE('',#3991,#2651,#5737,.T.);
#5739=ORIENTED_EDGE('',*,*,#5738,.F.);
#5740=EDGE_LOOP('',(#5723,#5724,#5730,#5739));
#5741=FACE_OUTER_BOUND('',#5740,.T.);
#5742=ADVANCED_FACE('',(#5741),#5722,.T.);
#5743=CARTESIAN_POINT('',(-0.212639359094859,-0.512606500175620,19.173228362000000));
#5744=DIRECTION('',(0.0,0.0,1.0));
#5745=DIRECTION('',(-1.0,0.0,0.0));
#5746=AXIS2_PLACEMENT_3D('',#5743,#5744,#5745);
#5747=CYLINDRICAL_SURFACE('',#5746,0.196850390000002);
#5748=CARTESIAN_POINT('',(-0.395155862468038,-0.438865046165124,20.000000000000007));
#5749=DIRECTION('',(0.0,0.0,-1.0));
#5750=VECTOR('',#5749,0.787401560000006);
#5751=LINE('',#5748,#5750);
#5752=EDGE_CURVE('',#2713,#1869,#5751,.T.);
#5753=ORIENTED_EDGE('',*,*,#5752,.T.);
#5754=ORIENTED_EDGE('',*,*,#5679,.F.);
#5755=ORIENTED_EDGE('',*,*,#4021,.F.);
#5756=CARTESIAN_POINT('',(-0.395155862468038,-0.438865046165124,20.000000000000007));
#5757=CARTESIAN_POINT('',(-0.400750290884233,-0.452711742390433,19.996239733955480));
#5758=CARTESIAN_POINT('',(-0.404697366416476,-0.466961377605622,19.992677599568957));
#5759=CARTESIAN_POINT('',(-0.409366865028316,-0.496234456931623,19.985879275411275));
#5760=CARTESIAN_POINT('',(-0.410064605615765,-0.511367182763486,19.982624104624691));
#5761=CARTESIAN_POINT('',(-0.409003378147953,-0.526435746882111,19.979610156407649));
#5762=B_SPLINE_CURVE_WITH_KNOTS('',3,(#5756,#5757,#5758,#5759,#5760,#5761),.UNSPECIFIED.,.F.,.U.,(4,2,4),(0.0,0.001157311458210,0.002314403585825),.UNSPECIFIED.);
#5763=EDGE_CURVE('',#2713,#4014,#5762,.T.);
#5764=ORIENTED_EDGE('',*,*,#5763,.F.);
#5765=EDGE_LOOP('',(#5753,#5754,#5755,#5764));
#5766=FACE_OUTER_BOUND('',#5765,.T.);
#5767=ADVANCED_FACE('',(#5766),#5747,.T.);
#5768=CARTESIAN_POINT('',(-0.336169193472755,-0.462697195611253,19.173228362000000));
#5769=DIRECTION('',(0.0,0.0,1.0));
#5770=DIRECTION('',(-1.0,0.0,0.0));
#5771=AXIS2_PLACEMENT_3D('',#5768,#5769,#5770);
#5772=CYLINDRICAL_SURFACE('',#5771,0.063619167445692);
#5773=CARTESIAN_POINT('',(-0.383975448449807,-0.420721482973459,20.000000000000007));
#5774=DIRECTION('',(0.0,0.0,-1.0));
#5775=VECTOR('',#5774,0.787401560000006);
#5776=LINE('',#5773,#5775);
#5777=EDGE_CURVE('',#2704,#1878,#5776,.T.);
#5778=ORIENTED_EDGE('',*,*,#5777,.T.);
#5779=ORIENTED_EDGE('',*,*,#1884,.F.);
#5780=ORIENTED_EDGE('',*,*,#5752,.F.);
#5781=ORIENTED_EDGE('',*,*,#2719,.F.);
#5782=EDGE_LOOP('',(#5778,#5779,#5780,#5781));
#5783=FACE_OUTER_BOUND('',#5782,.T.);
#5784=ADVANCED_FACE('',(#5783),#5772,.T.);
#5785=CARTESIAN_POINT('',(-0.561481928972416,-0.264863987566229,19.173228362000000));
#5786=DIRECTION('',(0.0,0.0,1.0));
#5787=DIRECTION('',(-1.0,0.0,0.0));
#5788=AXIS2_PLACEMENT_3D('',#5785,#5786,#5787);
#5789=CYLINDRICAL_SURFACE('',#5788,0.236220468000002);
#5790=ORIENTED_EDGE('',*,*,#2710,.T.);
#5791=ORIENTED_EDGE('',*,*,#855,.T.);
#5792=ORIENTED_EDGE('',*,*,#1891,.T.);
#5793=ORIENTED_EDGE('',*,*,#5777,.F.);
#5794=EDGE_LOOP('',(#5790,#5791,#5792,#5793));
#5795=FACE_OUTER_BOUND('',#5794,.T.);
#5796=ADVANCED_FACE('',(#5795),#5789,.F.);
#5797=CARTESIAN_POINT('',(-0.389847518772234,-0.361257479454357,19.173228362000000));
#5798=DIRECTION('',(0.0,0.0,1.0));
#5799=DIRECTION('',(-1.0,0.0,0.0));
#5800=AXIS2_PLACEMENT_3D('',#5797,#5798,#5799);
#5801=CYLINDRICAL_SURFACE('',#5800,0.039370078000000);
#5802=ORIENTED_EDGE('',*,*,#838,.T.);
#5803=ORIENTED_EDGE('',*,*,#2700,.T.);
#5804=CARTESIAN_POINT('',(-0.360969918409069,-0.334497673046398,20.000000000000007));
#5805=DIRECTION('',(0.0,0.0,-1.0));
#5806=VECTOR('',#5805,0.787401560000006);
#5807=LINE('',#5804,#5806);
#5808=EDGE_CURVE('',#2687,#1895,#5807,.T.);
#5809=ORIENTED_EDGE('',*,*,#5808,.T.);
#5810=ORIENTED_EDGE('',*,*,#1901,.T.);
#5811=EDGE_LOOP('',(#5802,#5803,#5809,#5810));
#5812=FACE_OUTER_BOUND('',#5811,.T.);
#5813=ADVANCED_FACE('',(#5812),#5801,.F.);
#5814=CARTESIAN_POINT('',(0.0,0.0,19.173228362000000));
#5815=DIRECTION('',(0.0,0.0,1.0));
#5816=DIRECTION('',(-1.0,0.0,0.0));
#5817=AXIS2_PLACEMENT_3D('',#5814,#5815,#5816);
#5818=CYLINDRICAL_SURFACE('',#5817,0.492125975000004);
#5819=CARTESIAN_POINT('',(-0.370396884471188,-0.324027966761732,20.000000000000007));
#5820=DIRECTION('',(0.0,0.0,-1.0));
#5821=VECTOR('',#5820,0.787401560000006);
#5822=LINE('',#5819,#5821);
#5823=EDGE_CURVE('',#2678,#1904,#5822,.T.);
#5824=ORIENTED_EDGE('',*,*,#5823,.T.);
#5825=ORIENTED_EDGE('',*,*,#1910,.F.);
#5826=ORIENTED_EDGE('',*,*,#5808,.F.);
#5827=ORIENTED_EDGE('',*,*,#2693,.F.);
#5828=EDGE_LOOP('',(#5824,#5825,#5826,#5827));
#5829=FACE_OUTER_BOUND('',#5828,.T.);
#5830=ADVANCED_FACE('',(#5829),#5818,.T.);
#5831=CARTESIAN_POINT('',(-0.400028635228882,-0.349950204102671,19.173228362000000));
#5832=DIRECTION('',(0.0,0.0,1.0));
#5833=DIRECTION('',(-1.0,0.0,0.0));
#5834=AXIS2_PLACEMENT_3D('',#5831,#5832,#5833);
#5835=CYLINDRICAL_SURFACE('',#5834,0.039370078000000);
#5836=ORIENTED_EDGE('',*,*,#2684,.T.);
#5837=CARTESIAN_POINT('',(-0.415613587513527,-0.313796195970633,20.000000000000007));
#5838=DIRECTION('',(0.0,0.0,-1.0));
#5839=VECTOR('',#5838,0.787401560000006);
#5840=LINE('',#5837,#5839);
#5841=EDGE_CURVE('',#2669,#1913,#5840,.T.);
#5842=ORIENTED_EDGE('',*,*,#5841,.T.);
#5843=ORIENTED_EDGE('',*,*,#1919,.T.);
#5844=ORIENTED_EDGE('',*,*,#5823,.F.);
#5845=EDGE_LOOP('',(#5836,#5842,#5843,#5844));
#5846=FACE_OUTER_BOUND('',#5845,.T.);
#5847=ADVANCED_FACE('',(#5846),#5835,.F.);
#5848=CARTESIAN_POINT('',(-0.322103878117207,-0.530720246621448,19.173228362000000));
#5849=DIRECTION('',(0.0,0.0,1.0));
#5850=DIRECTION('',(-1.0,0.0,0.0));
#5851=AXIS2_PLACEMENT_3D('',#5848,#5849,#5850);
#5852=CYLINDRICAL_SURFACE('',#5851,0.236220468000002);
#5853=ORIENTED_EDGE('',*,*,#2675,.T.);
#5854=CARTESIAN_POINT('',(-0.458553090227879,-0.337894620688280,20.000000000000007));
#5855=DIRECTION('',(0.0,0.0,-1.0));
#5856=VECTOR('',#5855,0.787401560000006);
#5857=LINE('',#5854,#5856);
#5858=EDGE_CURVE('',#2660,#1922,#5857,.T.);
#5859=ORIENTED_EDGE('',*,*,#5858,.T.);
#5860=ORIENTED_EDGE('',*,*,#1928,.T.);
#5861=ORIENTED_EDGE('',*,*,#5841,.F.);
#5862=EDGE_LOOP('',(#5853,#5859,#5860,#5861));
#5863=FACE_OUTER_BOUND('',#5862,.T.);
#5864=ADVANCED_FACE('',(#5863),#5852,.F.);
#5865=CARTESIAN_POINT('',(-0.495301741152521,-0.285962596641451,19.173228362000000));
#5866=DIRECTION('',(0.0,0.0,1.0));
#5867=DIRECTION('',(-1.0,0.0,0.0));
#5868=AXIS2_PLACEMENT_3D('',#5865,#5866,#5867);
#5869=CYLINDRICAL_SURFACE('',#5868,0.063619167445692);
#5870=ORIENTED_EDGE('',*,*,#5729,.T.);
#5871=ORIENTED_EDGE('',*,*,#1937,.F.);
#5872=ORIENTED_EDGE('',*,*,#5858,.F.);
#5873=ORIENTED_EDGE('',*,*,#2666,.F.);
#5874=EDGE_LOOP('',(#5870,#5871,#5872,#5873));
#5875=FACE_OUTER_BOUND('',#5874,.T.);
#5876=ADVANCED_FACE('',(#5875),#5869,.T.);
#5877=CARTESIAN_POINT('',(0.487571522696349,0.265056468161280,19.173228362000000));
#5878=DIRECTION('',(0.0,0.0,1.0));
#5879=DIRECTION('',(-1.0,0.0,0.0));
#5880=AXIS2_PLACEMENT_3D('',#5877,#5878,#5879);
#5881=CYLINDRICAL_SURFACE('',#5880,0.196850390000002);
#5882=ORIENTED_EDGE('',*,*,#4842,.T.);
#5883=ORIENTED_EDGE('',*,*,#5465,.F.);
#5884=CARTESIAN_POINT('',(0.395155862468038,0.438865046165124,20.000000000000007));
#5885=DIRECTION('',(0.0,0.0,-1.0));
#5886=VECTOR('',#5885,0.787401560000006);
#5887=LINE('',#5884,#5886);
#5888=EDGE_CURVE('',#3218,#1365,#5887,.T.);
#5889=ORIENTED_EDGE('',*,*,#5888,.F.);
#5890=CARTESIAN_POINT('',(0.480799380083381,0.461790334405968,19.979610156828155));
#5891=CARTESIAN_POINT('',(0.465700270542524,0.461270579850786,19.982624537112951));
#5892=CARTESIAN_POINT('',(0.450999025942872,0.459046718625083,19.985818070904749));
#5893=CARTESIAN_POINT('',(0.422362968786800,0.451383088081297,19.992611685391775));
#5894=CARTESIAN_POINT('',(0.408343730821011,0.445877160151911,19.996239219856264));
#5895=CARTESIAN_POINT('',(0.395155862468038,0.438865046165124,20.000000000000007));
#5896=B_SPLINE_CURVE_WITH_KNOTS('',3,(#5890,#5891,#5892,#5893,#5894,#5895),.UNSPECIFIED.,.F.,.U.,(4,2,4),(0.0,0.001157225452609,0.002314249781098),.UNSPECIFIED.);
#5897=EDGE_CURVE('',#4837,#3218,#5896,.T.);
#5898=ORIENTED_EDGE('',*,*,#5897,.F.);
#5899=EDGE_LOOP('',(#5882,#5883,#5889,#5898));
#5900=FACE_OUTER_BOUND('',#5899,.T.);
#5901=ADVANCED_FACE('',(#5900),#5881,.T.);
#5902=CARTESIAN_POINT('',(0.101415794744525,0.545615026951151,19.173228362000000));
#5903=DIRECTION('',(0.0,0.0,1.0));
#5904=DIRECTION('',(-1.0,0.0,0.0));
#5905=AXIS2_PLACEMENT_3D('',#5902,#5903,#5904);
#5906=CYLINDRICAL_SURFACE('',#5905,0.196850390000002);
#5907=CARTESIAN_POINT('',(0.295275585000003,0.511432315454628,20.000000000000007));
#5908=DIRECTION('',(0.0,0.0,-1.0));
#5909=VECTOR('',#5908,0.787401560000006);
#5910=LINE('',#5907,#5909);
#5911=EDGE_CURVE('',#3280,#1303,#5910,.T.);
#5912=ORIENTED_EDGE('',*,*,#5911,.T.);
#5913=ORIENTED_EDGE('',*,*,#5447,.F.);
#5914=ORIENTED_EDGE('',*,*,#4867,.F.);
#5915=CARTESIAN_POINT('',(0.295275585000003,0.511432315454628,20.000000000000007));
#5916=CARTESIAN_POINT('',(0.297868872769116,0.526139581232635,19.996239732417354));
#5917=CARTESIAN_POINT('',(0.298767028460149,0.540898472866574,19.992677597683532));
#5918=CARTESIAN_POINT('',(0.297248271209416,0.570502704487227,19.985879274547806));
#5919=CARTESIAN_POINT('',(0.294784494163319,0.585449809694993,19.982624104358390));
#5920=CARTESIAN_POINT('',(0.290613526786273,0.599968446654161,19.979610156407649));
#5921=B_SPLINE_CURVE_WITH_KNOTS('',3,(#5915,#5916,#5917,#5918,#5919,#5920),.UNSPECIFIED.,.F.,.U.,(4,2,4),(0.0,0.001157298615857,0.002314390735885),.UNSPECIFIED.);
#5922=EDGE_CURVE('',#3280,#4860,#5921,.T.);
#5923=ORIENTED_EDGE('',*,*,#5922,.F.);
#5924=EDGE_LOOP('',(#5912,#5913,#5914,#5923));
#5925=FACE_OUTER_BOUND('',#5924,.T.);
#5926=ADVANCED_FACE('',(#5925),#5906,.T.);
#5927=CARTESIAN_POINT('',(0.337610571749691,0.440454336908395,19.173228362000000));
#5928=DIRECTION('',(0.0,0.0,1.0));
#5929=DIRECTION('',(-1.0,0.0,0.0));
#5930=AXIS2_PLACEMENT_3D('',#5927,#5928,#5929);
#5931=CYLINDRICAL_SURFACE('',#5930,0.196850390000002);
#5932=ORIENTED_EDGE('',*,*,#4950,.T.);
#5933=ORIENTED_EDGE('',*,*,#5435,.F.);
#5934=CARTESIAN_POINT('',(0.182490347578011,0.561647538434232,20.000000000000007));
#5935=DIRECTION('',(0.0,0.0,-1.0));
#5936=VECTOR('',#5935,0.787401560000006);
#5937=LINE('',#5934,#5936);
#5938=EDGE_CURVE('',#3289,#1294,#5937,.T.);
#5939=ORIENTED_EDGE('',*,*,#5938,.F.);
#5940=CARTESIAN_POINT('',(0.251405038964130,0.617425188068443,19.979610156900794));
#5941=CARTESIAN_POINT('',(0.237822728683539,0.610809012090749,19.982624535099049));
#5942=CARTESIAN_POINT('',(0.225297000448133,0.602797881970094,19.985818068074135));
#5943=CARTESIAN_POINT('',(0.202253732369410,0.584149468888188,19.992611684392539));
#5944=CARTESIAN_POINT('',(0.191685979071360,0.573417410016876,19.996239220687563));
#5945=CARTESIAN_POINT('',(0.182490347578011,0.561647538434232,20.000000000000007));
#5946=B_SPLINE_CURVE_WITH_KNOTS('',3,(#5940,#5941,#5942,#5943,#5944,#5945),.UNSPECIFIED.,.F.,.U.,(4,2,4),(0.0,0.001157247975989,0.002314272369755),.UNSPECIFIED.);
#5947=EDGE_CURVE('',#4945,#3289,#5946,.T.);
#5948=ORIENTED_EDGE('',*,*,#5947,.F.);
#5949=EDGE_LOOP('',(#5932,#5933,#5939,#5948));
#5950=FACE_OUTER_BOUND('',#5949,.T.);
#5951=ADVANCED_FACE('',(#5950),#5931,.T.);
#5952=CARTESIAN_POINT('',(-0.129273685851751,0.539693649402020,19.173228362033029));
#5953=DIRECTION('',(0.0,0.0,1.0));
#5954=DIRECTION('',(-1.0,0.0,0.0));
#5955=AXIS2_PLACEMENT_3D('',#5952,#5953,#5954);
#5956=CYLINDRICAL_SURFACE('',#5955,0.196850390000002);
#5957=CARTESIAN_POINT('',(0.061729405646303,0.587316071446046,19.999999999339405));
#5958=DIRECTION('',(0.0,0.0,-1.0));
#5959=VECTOR('',#5958,0.787401559339404);
#5960=LINE('',#5957,#5959);
#5961=EDGE_CURVE('',#2298,#1233,#5960,.T.);
#5962=ORIENTED_EDGE('',*,*,#5961,.T.);
#5963=ORIENTED_EDGE('',*,*,#5417,.F.);
#5964=ORIENTED_EDGE('',*,*,#4975,.F.);
#5965=CARTESIAN_POINT('',(0.061729405646303,0.587316071446046,19.999999999339405));
#5966=CARTESIAN_POINT('',(0.058116508029783,0.601806611498450,19.996239732008284));
#5967=CARTESIAN_POINT('',(0.052934032011624,0.615654842907757,19.992677597231605));
#5968=CARTESIAN_POINT('',(0.039505450911675,0.642081921978464,19.985879273588303));
#5969=CARTESIAN_POINT('',(0.031175140106367,0.654734676144257,19.982624102734317));
#5970=CARTESIAN_POINT('',(0.021459515381580,0.666301619487264,19.979610156407649));
#5971=B_SPLINE_CURVE_WITH_KNOTS('',3,(#5965,#5966,#5967,#5968,#5969,#5970),.UNSPECIFIED.,.F.,.U.,(4,2,4),(0.0,0.001157301757293,0.002314393932157),.UNSPECIFIED.);
#5972=EDGE_CURVE('',#2298,#4968,#5971,.T.);
#5973=ORIENTED_EDGE('',*,*,#5972,.F.);
#5974=EDGE_LOOP('',(#5962,#5963,#5964,#5973));
#5975=FACE_OUTER_BOUND('',#5974,.T.);
#5976=ADVANCED_FACE('',(#5975),#5956,.T.);
#5977=CARTESIAN_POINT('',(0.553226927920583,0.043827928106660,19.173228362000000));
#5978=DIRECTION('',(0.0,0.0,1.0));
#5979=DIRECTION('',(-1.0,0.0,0.0));
#5980=AXIS2_PLACEMENT_3D('',#5977,#5978,#5979);
#5981=CYLINDRICAL_SURFACE('',#5980,0.196850390000002);
#5982=ORIENTED_EDGE('',*,*,#4734,.T.);
#5983=ORIENTED_EDGE('',*,*,#5495,.F.);
#5984=CARTESIAN_POINT('',(0.539495338859028,0.240198800450288,20.000000000000007));
#5985=DIRECTION('',(0.0,0.0,-1.0));
#5986=VECTOR('',#5985,0.787401560000006);
#5987=LINE('',#5984,#5986);
#5988=EDGE_CURVE('',#3147,#1436,#5987,.T.);
#5989=ORIENTED_EDGE('',*,*,#5988,.F.);
#5990=CARTESIAN_POINT('',(0.627059140029998,0.226307736573742,19.979610156850473));
#5991=CARTESIAN_POINT('',(0.613054021517015,0.231974275186176,19.982624535490228));
#5992=CARTESIAN_POINT('',(0.598719243396690,0.235922212492138,19.985818068520032));
#5993=CARTESIAN_POINT('',(0.569441819820829,0.240568473347365,19.992611683897049));
#5994=CARTESIAN_POINT('',(0.554395143613738,0.241240696295366,19.996239218891823));
#5995=CARTESIAN_POINT('',(0.539495338859028,0.240198800450288,20.000000000000007));
#5996=B_SPLINE_CURVE_WITH_KNOTS('',3,(#5990,#5991,#5992,#5993,#5994,#5995),.UNSPECIFIED.,.F.,.U.,(4,2,4),(0.0,0.001157241149457,0.002314265462282),.UNSPECIFIED.);
#5997=EDGE_CURVE('',#4729,#3147,#5996,.T.);
#5998=ORIENTED_EDGE('',*,*,#5997,.F.);
#5999=EDGE_LOOP('',(#5982,#5983,#5989,#5998));
#6000=FACE_OUTER_BOUND('',#5999,.T.);
#6001=ADVANCED_FACE('',(#6000),#5981,.T.);
#6002=CARTESIAN_POINT('',(0.314569563095896,0.457194609583517,19.173228362000000));
#6003=DIRECTION('',(0.0,0.0,1.0));
#6004=DIRECTION('',(-1.0,0.0,0.0));
#6005=AXIS2_PLACEMENT_3D('',#6002,#6003,#6004);
#6006=CYLINDRICAL_SURFACE('',#6005,0.196850390000002);
#6007=CARTESIAN_POINT('',(0.477765932578012,0.347117268450068,20.000000000000007));
#6008=DIRECTION('',(0.0,0.0,-1.0));
#6009=VECTOR('',#6008,0.787401560000006);
#6010=LINE('',#6007,#6009);
#6011=EDGE_CURVE('',#3209,#1374,#6010,.T.);
#6012=ORIENTED_EDGE('',*,*,#6011,.T.);
#6013=ORIENTED_EDGE('',*,*,#5477,.F.);
#6014=ORIENTED_EDGE('',*,*,#4759,.F.);
#6015=CARTESIAN_POINT('',(0.477765932578012,0.347117268450068,20.000000000000007));
#6016=CARTESIAN_POINT('',(0.486116992589989,0.359498224069530,19.996239736992688));
#6017=CARTESIAN_POINT('',(0.492940481174070,0.372615823204356,19.992677603234050));
#6018=CARTESIAN_POINT('',(0.503594160190474,0.400278379783443,19.985879276859851));
#6019=CARTESIAN_POINT('',(0.507422925691993,0.414935357173270,19.982624104673597));
#6020=CARTESIAN_POINT('',(0.509517819268613,0.429895278852327,19.979610156407649));
#6021=B_SPLINE_CURVE_WITH_KNOTS('',3,(#6015,#6016,#6017,#6018,#6019,#6020),.UNSPECIFIED.,.F.,.U.,(4,2,4),(0.0,0.001157337467796,0.002314429637399),.UNSPECIFIED.);
#6022=EDGE_CURVE('',#3209,#4752,#6021,.T.);
#6023=ORIENTED_EDGE('',*,*,#6022,.F.);
#6024=EDGE_LOOP('',(#6012,#6013,#6014,#6023));
#6025=FACE_OUTER_BOUND('',#6024,.T.);
#6026=ADVANCED_FACE('',(#6025),#6006,.T.);
#6027=CARTESIAN_POINT('',(0.523224371398493,-0.184978858881828,19.173228362041780));
#6028=DIRECTION('',(0.0,0.0,1.0));
#6029=DIRECTION('',(-1.0,0.0,0.0));
#6030=AXIS2_PLACEMENT_3D('',#6027,#6028,#6029);
#6031=CYLINDRICAL_SURFACE('',#6030,0.196850390000002);
#6032=ORIENTED_EDGE('',*,*,#4626,.T.);
#6033=ORIENTED_EDGE('',*,*,#5526,.F.);
#6034=CARTESIAN_POINT('',(0.590551173118517,0.0,19.999999999164405));
#6035=DIRECTION('',(0.0,0.0,-1.0));
#6036=VECTOR('',#6035,0.787401559164405);
#6037=LINE('',#6034,#6036);
#6038=EDGE_CURVE('',#3076,#1507,#6037,.T.);
#6039=ORIENTED_EDGE('',*,*,#6038,.F.);
#6040=CARTESIAN_POINT('',(0.664894678123769,-0.048305524849479,19.979610156850473));
#6041=CARTESIAN_POINT('',(0.654405176038759,-0.037432511556142,19.982624529333840));
#6042=CARTESIAN_POINT('',(0.642915485875364,-0.027995412977129,19.985818059721836));
#6043=CARTESIAN_POINT('',(0.618059017833236,-0.011842626369897,19.992611679413269));
#6044=CARTESIAN_POINT('',(0.604586598309848,-0.005108478397925,19.996239218316330));
#6045=CARTESIAN_POINT('',(0.590551173118517,0.0,19.999999999164405));
#6046=B_SPLINE_CURVE_WITH_KNOTS('',3,(#6040,#6041,#6042,#6043,#6044,#6045),.UNSPECIFIED.,.F.,.U.,(4,2,4),(0.0,0.001157303664216,0.002314328039594),.UNSPECIFIED.);
#6047=EDGE_CURVE('',#4621,#3076,#6046,.T.);
#6048=ORIENTED_EDGE('',*,*,#6047,.F.);
#6049=EDGE_LOOP('',(#6032,#6033,#6039,#6048));
#6050=FACE_OUTER_BOUND('',#6049,.T.);
#6051=ADVANCED_FACE('',(#6050),#6031,.T.);
#6052=CARTESIAN_POINT('',(0.473331396213224,0.289721090736259,19.173228362000000));
#6053=DIRECTION('',(0.0,0.0,1.0));
#6054=DIRECTION('',(-1.0,0.0,0.0));
#6055=AXIS2_PLACEMENT_3D('',#6052,#6053,#6054);
#6056=CYLINDRICAL_SURFACE('',#6055,0.196850390000002);
#6057=CARTESIAN_POINT('',(0.577646210046047,0.122782492269107,20.000000000000007));
#6058=DIRECTION('',(0.0,0.0,-1.0));
#6059=VECTOR('',#6058,0.787401560000006);
#6060=LINE('',#6057,#6059);
#6061=EDGE_CURVE('',#3138,#1445,#6060,.T.);
#6062=ORIENTED_EDGE('',*,*,#6061,.T.);
#6063=ORIENTED_EDGE('',*,*,#5507,.F.);
#6064=ORIENTED_EDGE('',*,*,#4651,.F.);
#6065=CARTESIAN_POINT('',(0.577646210046047,0.122782492269107,20.000000000000007));
#6066=CARTESIAN_POINT('',(0.590311073992696,0.130696377595469,19.996239736197136));
#6067=CARTESIAN_POINT('',(0.601880049999881,0.139904539163668,19.992677602153790));
#6068=CARTESIAN_POINT('',(0.622864044727811,0.160842300612837,19.985879275947781));
#6069=CARTESIAN_POINT('',(0.632323325803933,0.172674817613594,19.982624103669700));
#6070=CARTESIAN_POINT('',(0.640321851975337,0.185489311860926,19.979610156407649));
#6071=B_SPLINE_CURVE_WITH_KNOTS('',3,(#6065,#6066,#6067,#6068,#6069,#6070),.UNSPECIFIED.,.F.,.U.,(4,2,4),(0.0,0.001157332006671,0.002314424221406),.UNSPECIFIED.);
#6072=EDGE_CURVE('',#3138,#4644,#6071,.T.);
#6073=ORIENTED_EDGE('',*,*,#6072,.F.);
#6074=EDGE_LOOP('',(#6062,#6063,#6064,#6073));
#6075=FACE_OUTER_BOUND('',#6074,.T.);
#6076=ADVANCED_FACE('',(#6075),#6056,.T.);
#6077=CARTESIAN_POINT('',(0.402751567717408,-0.381801120689476,19.173228362041780));
#6078=DIRECTION('',(0.0,0.0,1.0));
#6079=DIRECTION('',(-1.0,0.0,0.0));
#6080=AXIS2_PLACEMENT_3D('',#6077,#6078,#6079);
#6081=CYLINDRICAL_SURFACE('',#6080,0.196850390000002);
#6082=ORIENTED_EDGE('',*,*,#4536,.T.);
#6083=ORIENTED_EDGE('',*,*,#5547,.F.);
#6084=CARTESIAN_POINT('',(0.539495341246264,-0.240198802755617,19.999999999164405));
#6085=DIRECTION('',(0.0,0.0,-1.0));
#6086=VECTOR('',#6085,0.787401559164405);
#6087=LINE('',#6084,#6086);
#6088=EDGE_CURVE('',#3005,#1577,#6087,.T.);
#6089=ORIENTED_EDGE('',*,*,#6088,.F.);
#6090=CARTESIAN_POINT('',(0.587763886029619,-0.314566322289435,19.979610156828155));
#6091=CARTESIAN_POINT('',(0.582603690577355,-0.300366834133214,19.982624535972448));
#6092=CARTESIAN_POINT('',(0.575945740030402,-0.287072331263089,19.985818069336950));
#6093=CARTESIAN_POINT('',(0.559808163737875,-0.262206009937253,19.992611684914376));
#6094=CARTESIAN_POINT('',(0.550239527979836,-0.250574343628709,19.996239220872564));
#6095=CARTESIAN_POINT('',(0.539495341246264,-0.240198802755617,19.999999999164405));
#6096=B_SPLINE_CURVE_WITH_KNOTS('',3,(#6090,#6091,#6092,#6093,#6094,#6095),.UNSPECIFIED.,.F.,.U.,(4,2,4),(0.0,0.001157238240613,0.002314262616258),.UNSPECIFIED.);
#6097=EDGE_CURVE('',#4531,#3005,#6096,.T.);
#6098=ORIENTED_EDGE('',*,*,#6097,.F.);
#6099=EDGE_LOOP('',(#6082,#6083,#6089,#6098));
#6100=FACE_OUTER_BOUND('',#6099,.T.);
#6101=ADVANCED_FACE('',(#6100),#6081,.T.);
#6102=CARTESIAN_POINT('',(0.550249930844550,0.072152163267218,19.173228362000000));
#6103=DIRECTION('',(0.0,0.0,1.0));
#6104=DIRECTION('',(-1.0,0.0,0.0));
#6105=AXIS2_PLACEMENT_3D('',#6102,#6103,#6104);
#6106=CYLINDRICAL_SURFACE('',#6105,0.196850390000002);
#6107=CARTESIAN_POINT('',(0.577646210046047,-0.122782492269107,20.000000000000007));
#6108=DIRECTION('',(0.0,0.0,-1.0));
#6109=VECTOR('',#6108,0.787401560000006);
#6110=LINE('',#6107,#6109);
#6111=EDGE_CURVE('',#3067,#943,#6110,.T.);
#6112=ORIENTED_EDGE('',*,*,#6111,.T.);
#6113=ORIENTED_EDGE('',*,*,#951,.F.);
#6114=ORIENTED_EDGE('',*,*,#4559,.F.);
#6115=CARTESIAN_POINT('',(0.577646210046047,-0.122782492269107,20.000000000000007));
#6116=CARTESIAN_POINT('',(0.592435022099112,-0.120704060278913,19.996239732136125));
#6117=CARTESIAN_POINT('',(0.606749108265831,-0.116997508415598,19.992677597226802));
#6118=CARTESIAN_POINT('',(0.634435084703401,-0.106404873045442,19.985879273893801));
#6119=CARTESIAN_POINT('',(0.647889278885841,-0.099442770801569,19.982624103386502));
#6120=CARTESIAN_POINT('',(0.660408419334119,-0.090989442268726,19.979610156407649));
#6121=B_SPLINE_CURVE_WITH_KNOTS('',3,(#6115,#6116,#6117,#6118,#6119,#6120),.UNSPECIFIED.,.F.,.U.,(4,2,4),(0.0,0.001157297526817,0.002314389697739),.UNSPECIFIED.);
#6122=EDGE_CURVE('',#3067,#4554,#6121,.T.);
#6123=ORIENTED_EDGE('',*,*,#6122,.F.);
#6124=EDGE_LOOP('',(#6112,#6113,#6114,#6123));
#6125=FACE_OUTER_BOUND('',#6124,.T.);
#6126=ADVANCED_FACE('',(#6125),#6106,.T.);
#6127=CARTESIAN_POINT('',(0.212639359094861,-0.512606500175620,19.173228362000000));
#6128=DIRECTION('',(0.0,0.0,1.0));
#6129=DIRECTION('',(-1.0,0.0,0.0));
#6130=AXIS2_PLACEMENT_3D('',#6127,#6128,#6129);
#6131=CYLINDRICAL_SURFACE('',#6130,0.196850390000002);
#6132=ORIENTED_EDGE('',*,*,#4428,.T.);
#6133=ORIENTED_EDGE('',*,*,#5577,.F.);
#6134=CARTESIAN_POINT('',(0.395155862468038,-0.438865046165124,20.000000000000007));
#6135=DIRECTION('',(0.0,0.0,-1.0));
#6136=VECTOR('',#6135,0.787401560000006);
#6137=LINE('',#6134,#6136);
#6138=EDGE_CURVE('',#2934,#1648,#6137,.T.);
#6139=ORIENTED_EDGE('',*,*,#6138,.F.);
#6140=CARTESIAN_POINT('',(0.409003378264523,-0.526435745226887,19.979610156738719));
#6141=CARTESIAN_POINT('',(0.410064757706912,-0.511365021380507,19.982624536951548));
#6142=CARTESIAN_POINT('',(0.409389777627673,-0.496511855115625,19.985818070693622));
#6143=CARTESIAN_POINT('',(0.404761412466135,-0.467231601819255,19.992611685142194));
#6144=CARTESIAN_POINT('',(0.400751056327549,-0.452713636929117,19.996239219466727));
#6145=CARTESIAN_POINT('',(0.395155862468038,-0.438865046165124,20.000000000000007));
#6146=B_SPLINE_CURVE_WITH_KNOTS('',3,(#6140,#6141,#6142,#6143,#6144,#6145),.UNSPECIFIED.,.F.,.U.,(4,2,4),(0.0,0.001157225822990,0.002314250142622),.UNSPECIFIED.);
#6147=EDGE_CURVE('',#4423,#2934,#6146,.T.);
#6148=ORIENTED_EDGE('',*,*,#6147,.F.);
#6149=EDGE_LOOP('',(#6132,#6133,#6139,#6148));
#6150=FACE_OUTER_BOUND('',#6149,.T.);
#6151=ADVANCED_FACE('',(#6150),#6131,.T.);
#6152=CARTESIAN_POINT('',(0.532025253569158,-0.157892528712548,19.173228362000000));
#6153=DIRECTION('',(0.0,0.0,1.0));
#6154=DIRECTION('',(-1.0,0.0,0.0));
#6155=AXIS2_PLACEMENT_3D('',#6152,#6153,#6154);
#6156=CYLINDRICAL_SURFACE('',#6155,0.196850390000002);
#6157=CARTESIAN_POINT('',(0.477765932578012,-0.347117268450068,20.000000000000007));
#6158=DIRECTION('',(0.0,0.0,-1.0));
#6159=VECTOR('',#6158,0.787401560000006);
#6160=LINE('',#6157,#6159);
#6161=EDGE_CURVE('',#2996,#1586,#6160,.T.);
#6162=ORIENTED_EDGE('',*,*,#6161,.T.);
#6163=ORIENTED_EDGE('',*,*,#5559,.F.);
#6164=ORIENTED_EDGE('',*,*,#4453,.F.);
#6165=CARTESIAN_POINT('',(0.477765932578012,-0.347117268450068,20.000000000000007));
#6166=CARTESIAN_POINT('',(0.492121555681710,-0.351233677134746,19.996239733032436));
#6167=CARTESIAN_POINT('',(0.506705712868712,-0.353669637211778,19.992677598444352));
#6168=CARTESIAN_POINT('',(0.536306524240792,-0.355253685161929,19.985879274923473));
#6169=CARTESIAN_POINT('',(0.551429283406335,-0.354365802930507,19.982624104521399));
#6170=CARTESIAN_POINT('',(0.566304371367892,-0.351735295216983,19.979610156407649));
#6171=B_SPLINE_CURVE_WITH_KNOTS('',3,(#6165,#6166,#6167,#6168,#6169,#6170),.UNSPECIFIED.,.F.,.U.,(4,2,4),(0.0,0.001157303674320,0.002314395794182),.UNSPECIFIED.);
#6172=EDGE_CURVE('',#2996,#4446,#6171,.T.);
#6173=ORIENTED_EDGE('',*,*,#6172,.F.);
#6174=EDGE_LOOP('',(#6162,#6163,#6164,#6173));
#6175=FACE_OUTER_BOUND('',#6174,.T.);
#6176=ADVANCED_FACE('',(#6175),#6156,.T.);
#6177=CARTESIAN_POINT('',(-0.014240126483124,-0.554777558897541,19.173228362000000));
#6178=DIRECTION('',(0.0,0.0,1.0));
#6179=DIRECTION('',(-1.0,0.0,0.0));
#6180=AXIS2_PLACEMENT_3D('',#6177,#6178,#6179);
#6181=CYLINDRICAL_SURFACE('',#6180,0.196850390000002);
#6182=ORIENTED_EDGE('',*,*,#4320,.T.);
#6183=ORIENTED_EDGE('',*,*,#5607,.F.);
#6184=ORIENTED_EDGE('',*,*,#255,.F.);
#6185=CARTESIAN_POINT('',(0.159522470631103,-0.647279644751168,19.979610156766640));
#6186=CARTESIAN_POINT('',(0.166621898425422,-0.633943566973229,19.982624534352503));
#6187=CARTESIAN_POINT('',(0.172046601282488,-0.620099989786980,19.985818066944731));
#6188=CARTESIAN_POINT('',(0.179727735286733,-0.591468613929446,19.992611683128569));
#6189=CARTESIAN_POINT('',(0.181969082102740,-0.576574628611685,19.996239218806011));
#6190=CARTESIAN_POINT('',(0.182490347578010,-0.561647538434232,20.000000000000007));
#6191=B_SPLINE_CURVE_WITH_KNOTS('',3,(#6185,#6186,#6187,#6188,#6189,#6190),.UNSPECIFIED.,.F.,.U.,(4,2,4),(0.0,0.001157252048610,0.002314276381672),.UNSPECIFIED.);
#6192=EDGE_CURVE('',#4315,#241,#6191,.T.);
#6193=ORIENTED_EDGE('',*,*,#6192,.F.);
#6194=EDGE_LOOP('',(#6182,#6183,#6184,#6193));
#6195=FACE_OUTER_BOUND('',#6194,.T.);
#6196=ADVANCED_FACE('',(#6195),#6181,.T.);
#6197=CARTESIAN_POINT('',(0.421808576653967,-0.360636168069323,19.173228362000000));
#6198=DIRECTION('',(0.0,0.0,1.0));
#6199=DIRECTION('',(-1.0,0.0,0.0));
#6200=AXIS2_PLACEMENT_3D('',#6197,#6198,#6199);
#6201=CYLINDRICAL_SURFACE('',#6200,0.196850390000002);
#6202=CARTESIAN_POINT('',(0.295275585000003,-0.511432315454628,20.000000000000007));
#6203=DIRECTION('',(0.0,0.0,-1.0));
#6204=VECTOR('',#6203,0.787401560000006);
#6205=LINE('',#6202,#6204);
#6206=EDGE_CURVE('',#2925,#1657,#6205,.T.);
#6207=ORIENTED_EDGE('',*,*,#6206,.T.);
#6208=ORIENTED_EDGE('',*,*,#5589,.F.);
#6209=ORIENTED_EDGE('',*,*,#4345,.F.);
#6210=CARTESIAN_POINT('',(0.295275585000003,-0.511432315454628,20.000000000000007));
#6211=CARTESIAN_POINT('',(0.306715785841969,-0.521031783761713,19.996239739338687));
#6212=CARTESIAN_POINT('',(0.319048273385627,-0.529189055012963,19.992677606054389));
#6213=CARTESIAN_POINT('',(0.345445684521674,-0.542675900902651,19.985879277931542));
#6214=CARTESIAN_POINT('',(0.359622159464231,-0.548015765113541,19.982624104623774));
#6215=CARTESIAN_POINT('',(0.374281152878456,-0.551662920207384,19.979610156407649));
#6216=B_SPLINE_CURVE_WITH_KNOTS('',3,(#6210,#6211,#6212,#6213,#6214,#6215),.UNSPECIFIED.,.F.,.U.,(4,2,4),(0.0,0.001157357678064,0.002314449885055),.UNSPECIFIED.);
#6217=EDGE_CURVE('',#2925,#4338,#6216,.T.);
#6218=ORIENTED_EDGE('',*,*,#6217,.F.);
#6219=EDGE_LOOP('',(#6207,#6208,#6209,#6218));
#6220=FACE_OUTER_BOUND('',#6219,.T.);
#6221=ADVANCED_FACE('',(#6220),#6201,.T.);
#6222=CARTESIAN_POINT('',(-0.238657364824688,-0.501022537690178,19.173228362000000));
#6223=DIRECTION('',(0.0,0.0,1.0));
#6224=DIRECTION('',(-1.0,0.0,0.0));
#6225=AXIS2_PLACEMENT_3D('',#6222,#6223,#6224);
#6226=CYLINDRICAL_SURFACE('',#6225,0.196850390000002);
#6227=ORIENTED_EDGE('',*,*,#4212,.T.);
#6228=ORIENTED_EDGE('',*,*,#5637,.F.);
#6229=CARTESIAN_POINT('',(-0.061729406281016,-0.587316068900357,20.000000000000007));
#6230=DIRECTION('',(0.0,0.0,-1.0));
#6231=VECTOR('',#6230,0.787401560000006);
#6232=LINE('',#6229,#6231);
#6233=EDGE_CURVE('',#2792,#1790,#6232,.T.);
#6234=ORIENTED_EDGE('',*,*,#6233,.F.);
#6235=CARTESIAN_POINT('',(-0.117541321250481,-0.656203013369574,19.979610156804583));
#6236=CARTESIAN_POINT('',(-0.105631409907775,-0.646907505446735,19.982624531818828));
#6237=CARTESIAN_POINT('',(-0.095045007801587,-0.636467197903269,19.985818063380577));
#6238=CARTESIAN_POINT('',(-0.076382505331815,-0.613435326315575,19.992611681709295));
#6239=CARTESIAN_POINT('',(-0.068276999436316,-0.600740624299766,19.996239219438699));
#6240=CARTESIAN_POINT('',(-0.061729406281016,-0.587316068900357,20.000000000000007));
#6241=B_SPLINE_CURVE_WITH_KNOTS('',3,(#6235,#6236,#6237,#6238,#6239,#6240),.UNSPECIFIED.,.F.,.U.,(4,2,4),(0.0,0.001157279375871,0.002314303776371),.UNSPECIFIED.);
#6242=EDGE_CURVE('',#4207,#2792,#6241,.T.);
#6243=ORIENTED_EDGE('',*,*,#6242,.F.);
#6244=EDGE_LOOP('',(#6227,#6228,#6234,#6243));
#6245=FACE_OUTER_BOUND('',#6244,.T.);
#6246=ADVANCED_FACE('',(#6245),#6226,.T.);
#6247=CARTESIAN_POINT('',(0.238657364824686,-0.501022537690178,19.173228362000000));
#6248=DIRECTION('',(0.0,0.0,1.0));
#6249=DIRECTION('',(-1.0,0.0,0.0));
#6250=AXIS2_PLACEMENT_3D('',#6247,#6248,#6249);
#6251=CYLINDRICAL_SURFACE('',#6250,0.196850390000002);
#6252=CARTESIAN_POINT('',(0.061729406281015,-0.587316068900357,20.000000000000007));
#6253=DIRECTION('',(0.0,0.0,-1.0));
#6254=VECTOR('',#6253,0.787401560000006);
#6255=LINE('',#6252,#6254);
#6256=EDGE_CURVE('',#2855,#1727,#6255,.T.);
#6257=ORIENTED_EDGE('',*,*,#6256,.T.);
#6258=ORIENTED_EDGE('',*,*,#5619,.F.);
#6259=ORIENTED_EDGE('',*,*,#4237,.F.);
#6260=CARTESIAN_POINT('',(0.061729406281015,-0.587316068900357,20.000000000000007));
#6261=CARTESIAN_POINT('',(0.068276102651002,-0.600738785617391,19.996239734530686));
#6262=CARTESIAN_POINT('',(0.076224535883706,-0.613206901758897,19.992677600076931));
#6263=CARTESIAN_POINT('',(0.094854171788048,-0.636264532395004,19.985879274861070));
#6264=CARTESIAN_POINT('',(0.105633103613077,-0.646908827552088,19.982624103099667));
#6265=CARTESIAN_POINT('',(0.117541322818806,-0.656203014593629,19.979610156407649));
#6266=B_SPLINE_CURVE_WITH_KNOTS('',3,(#6260,#6261,#6262,#6263,#6264,#6265),.UNSPECIFIED.,.F.,.U.,(4,2,4),(0.0,0.001157318476555,0.002314410699015),.UNSPECIFIED.);
#6267=EDGE_CURVE('',#2855,#4230,#6266,.T.);
#6268=ORIENTED_EDGE('',*,*,#6267,.F.);
#6269=EDGE_LOOP('',(#6257,#6258,#6259,#6268));
#6270=FACE_OUTER_BOUND('',#6269,.T.);
#6271=ADVANCED_FACE('',(#6270),#6251,.T.);
#6272=CARTESIAN_POINT('',(-0.421808576653967,-0.360636168069322,19.173228362000000));
#6273=DIRECTION('',(0.0,0.0,1.0));
#6274=DIRECTION('',(-1.0,0.0,0.0));
#6275=AXIS2_PLACEMENT_3D('',#6272,#6273,#6274);
#6276=CYLINDRICAL_SURFACE('',#6275,0.196850390000002);
#6277=ORIENTED_EDGE('',*,*,#4104,.T.);
#6278=ORIENTED_EDGE('',*,*,#5667,.F.);
#6279=CARTESIAN_POINT('',(-0.295275585000003,-0.511432315454628,20.000000000000007));
#6280=DIRECTION('',(0.0,0.0,-1.0));
#6281=VECTOR('',#6280,0.787401560000006);
#6282=LINE('',#6279,#6281);
#6283=EDGE_CURVE('',#2722,#1860,#6282,.T.);
#6284=ORIENTED_EDGE('',*,*,#6283,.F.);
#6285=CARTESIAN_POINT('',(-0.374281151132423,-0.551662919772970,19.979610156766640));
#6286=CARTESIAN_POINT('',(-0.359620058503808,-0.548015242252641,19.982624536616402));
#6287=CARTESIAN_POINT('',(-0.345702438066162,-0.542783417604424,19.985818070318629));
#6288=CARTESIAN_POINT('',(-0.319285502771525,-0.529333483298830,19.992611685565404));
#6289=CARTESIAN_POINT('',(-0.306717362855503,-0.521033107033188,19.996239220992724));
#6290=CARTESIAN_POINT('',(-0.295275585000003,-0.511432315454628,20.000000000000007));
#6291=B_SPLINE_CURVE_WITH_KNOTS('',3,(#6285,#6286,#6287,#6288,#6289,#6290),.UNSPECIFIED.,.F.,.U.,(4,2,4),(0.0,0.001157231521325,0.002314255910650),.UNSPECIFIED.);
#6292=EDGE_CURVE('',#4099,#2722,#6291,.T.);
#6293=ORIENTED_EDGE('',*,*,#6292,.F.);
#6294=EDGE_LOOP('',(#6277,#6278,#6284,#6293));
#6295=FACE_OUTER_BOUND('',#6294,.T.);
#6296=ADVANCED_FACE('',(#6295),#6276,.T.);
#6297=CARTESIAN_POINT('',(0.014240126483124,-0.554777558897541,19.173228362023355));
#6298=DIRECTION('',(0.0,0.0,1.0));
#6299=DIRECTION('',(-1.0,0.0,0.0));
#6300=AXIS2_PLACEMENT_3D('',#6297,#6298,#6299);
#6301=CYLINDRICAL_SURFACE('',#6300,0.196850390000002);
#6302=ORIENTED_EDGE('',*,*,#213,.T.);
#6303=ORIENTED_EDGE('',*,*,#5649,.F.);
#6304=ORIENTED_EDGE('',*,*,#4129,.F.);
#6305=CARTESIAN_POINT('',(-0.182490347513265,-0.561647540288283,19.999999999532893));
#6306=CARTESIAN_POINT('',(-0.181969153037144,-0.576572593283310,19.996239731603662));
#6307=CARTESIAN_POINT('',(-0.179779135290159,-0.591195705198683,19.992677596797275));
#6308=CARTESIAN_POINT('',(-0.172138500411440,-0.619837245001593,19.985879273912261));
#6309=CARTESIAN_POINT('',(-0.166620884436623,-0.633945472016827,19.982624103746918));
#6310=CARTESIAN_POINT('',(-0.159522469785611,-0.647279646339400,19.979610156407649));
#6311=B_SPLINE_CURVE_WITH_KNOTS('',3,(#6305,#6306,#6307,#6308,#6309,#6310),.UNSPECIFIED.,.F.,.U.,(4,2,4),(0.0,0.001157295602435,0.002314387723100),.UNSPECIFIED.);
#6312=EDGE_CURVE('',#208,#4122,#6311,.T.);
#6313=ORIENTED_EDGE('',*,*,#6312,.F.);
#6314=EDGE_LOOP('',(#6302,#6303,#6304,#6313));
#6315=FACE_OUTER_BOUND('',#6314,.T.);
#6316=ADVANCED_FACE('',(#6315),#6301,.T.);
#6317=CARTESIAN_POINT('',(0.0,0.0,20.118867631088072));
#6318=DIRECTION('',(0.0,0.0,-1.0));
#6319=DIRECTION('',(-1.0,0.0,0.0));
#6320=AXIS2_PLACEMENT_3D('',#6317,#6318,#6319);
#6321=CONICAL_SURFACE('',#6320,0.146931131396451,75.000000000243702);
#6322=ORIENTED_EDGE('',*,*,#4111,.T.);
#6323=ORIENTED_EDGE('',*,*,#6292,.T.);
#6324=ORIENTED_EDGE('',*,*,#2728,.T.);
#6325=ORIENTED_EDGE('',*,*,#5763,.T.);
#6326=ORIENTED_EDGE('',*,*,#4045,.T.);
#6327=ORIENTED_EDGE('',*,*,#4078,.T.);
#6328=EDGE_LOOP('',(#6322,#6323,#6324,#6325,#6326,#6327));
#6329=FACE_OUTER_BOUND('',#6328,.T.);
#6330=ADVANCED_FACE('',(#6329),#6321,.T.);
#6331=CARTESIAN_POINT('',(0.0,0.0,20.118867631088072));
#6332=DIRECTION('',(0.0,0.0,-1.0));
#6333=DIRECTION('',(-1.0,0.0,0.0));
#6334=AXIS2_PLACEMENT_3D('',#6331,#6332,#6333);
#6335=CONICAL_SURFACE('',#6334,0.146931131396451,75.000000000243702);
#6336=ORIENTED_EDGE('',*,*,#4003,.T.);
#6337=ORIENTED_EDGE('',*,*,#5738,.T.);
#6338=ORIENTED_EDGE('',*,*,#2657,.T.);
#6339=ORIENTED_EDGE('',*,*,#3791,.T.);
#6340=ORIENTED_EDGE('',*,*,#3758,.T.);
#6341=ORIENTED_EDGE('',*,*,#3970,.T.);
#6342=EDGE_LOOP('',(#6336,#6337,#6338,#6339,#6340,#6341));
#6343=FACE_OUTER_BOUND('',#6342,.T.);
#6344=ADVANCED_FACE('',(#6343),#6335,.T.);
#6345=CARTESIAN_POINT('',(0.0,0.0,20.118867631088072));
#6346=DIRECTION('',(0.0,0.0,-1.0));
#6347=DIRECTION('',(-1.0,0.0,0.0));
#6348=AXIS2_PLACEMENT_3D('',#6345,#6346,#6347);
#6349=CONICAL_SURFACE('',#6348,0.146931131396451,75.000000000243702);
#6350=ORIENTED_EDGE('',*,*,#4219,.T.);
#6351=ORIENTED_EDGE('',*,*,#6242,.T.);
#6352=ORIENTED_EDGE('',*,*,#2798,.T.);
#6353=ORIENTED_EDGE('',*,*,#6312,.T.);
#6354=ORIENTED_EDGE('',*,*,#4153,.T.);
#6355=ORIENTED_EDGE('',*,*,#4186,.T.);
#6356=EDGE_LOOP('',(#6350,#6351,#6352,#6353,#6354,#6355));
#6357=FACE_OUTER_BOUND('',#6356,.T.);
#6358=ADVANCED_FACE('',(#6357),#6349,.T.);
#6359=CARTESIAN_POINT('',(0.0,0.0,20.118867631088072));
#6360=DIRECTION('',(0.0,0.0,-1.0));
#6361=DIRECTION('',(-1.0,0.0,0.0));
#6362=AXIS2_PLACEMENT_3D('',#6359,#6360,#6361);
#6363=CONICAL_SURFACE('',#6362,0.146931131396451,75.000000000243702);
#6364=ORIENTED_EDGE('',*,*,#4327,.T.);
#6365=ORIENTED_EDGE('',*,*,#6192,.T.);
#6366=ORIENTED_EDGE('',*,*,#2868,.T.);
#6367=ORIENTED_EDGE('',*,*,#6267,.T.);
#6368=ORIENTED_EDGE('',*,*,#4261,.T.);
#6369=ORIENTED_EDGE('',*,*,#4294,.T.);
#6370=EDGE_LOOP('',(#6364,#6365,#6366,#6367,#6368,#6369));
#6371=FACE_OUTER_BOUND('',#6370,.T.);
#6372=ADVANCED_FACE('',(#6371),#6363,.T.);
#6373=CARTESIAN_POINT('',(0.0,0.0,20.118867631088072));
#6374=DIRECTION('',(0.0,0.0,-1.0));
#6375=DIRECTION('',(-1.0,0.0,0.0));
#6376=AXIS2_PLACEMENT_3D('',#6373,#6374,#6375);
#6377=CONICAL_SURFACE('',#6376,0.146931131396451,75.000000000243702);
#6378=ORIENTED_EDGE('',*,*,#4435,.T.);
#6379=ORIENTED_EDGE('',*,*,#6147,.T.);
#6380=ORIENTED_EDGE('',*,*,#2940,.T.);
#6381=ORIENTED_EDGE('',*,*,#6217,.T.);
#6382=ORIENTED_EDGE('',*,*,#4369,.T.);
#6383=ORIENTED_EDGE('',*,*,#4402,.T.);
#6384=EDGE_LOOP('',(#6378,#6379,#6380,#6381,#6382,#6383));
#6385=FACE_OUTER_BOUND('',#6384,.T.);
#6386=ADVANCED_FACE('',(#6385),#6377,.T.);
#6387=CARTESIAN_POINT('',(0.0,0.0,20.118867631088072));
#6388=DIRECTION('',(0.0,0.0,-1.0));
#6389=DIRECTION('',(-1.0,0.0,0.0));
#6390=AXIS2_PLACEMENT_3D('',#6387,#6388,#6389);
#6391=CONICAL_SURFACE('',#6390,0.146931131396451,75.000000000243702);
#6392=ORIENTED_EDGE('',*,*,#4543,.T.);
#6393=ORIENTED_EDGE('',*,*,#6097,.T.);
#6394=ORIENTED_EDGE('',*,*,#3011,.T.);
#6395=ORIENTED_EDGE('',*,*,#6172,.T.);
#6396=ORIENTED_EDGE('',*,*,#4477,.T.);
#6397=ORIENTED_EDGE('',*,*,#4510,.T.);
#6398=EDGE_LOOP('',(#6392,#6393,#6394,#6395,#6396,#6397));
#6399=FACE_OUTER_BOUND('',#6398,.T.);
#6400=ADVANCED_FACE('',(#6399),#6391,.T.);
#6401=CARTESIAN_POINT('',(0.0,0.0,20.118867631088072));
#6402=DIRECTION('',(0.0,0.0,-1.0));
#6403=DIRECTION('',(-1.0,0.0,0.0));
#6404=AXIS2_PLACEMENT_3D('',#6401,#6402,#6403);
#6405=CONICAL_SURFACE('',#6404,0.146931131396451,75.000000000243702);
#6406=ORIENTED_EDGE('',*,*,#985,.T.);
#6407=ORIENTED_EDGE('',*,*,#4633,.T.);
#6408=ORIENTED_EDGE('',*,*,#6047,.T.);
#6409=ORIENTED_EDGE('',*,*,#3082,.T.);
#6410=ORIENTED_EDGE('',*,*,#6122,.T.);
#6411=ORIENTED_EDGE('',*,*,#4575,.T.);
#6412=ORIENTED_EDGE('',*,*,#4600,.T.);
#6413=EDGE_LOOP('',(#6406,#6407,#6408,#6409,#6410,#6411,#6412));
#6414=FACE_OUTER_BOUND('',#6413,.T.);
#6415=ADVANCED_FACE('',(#6414),#6405,.T.);
#6416=CARTESIAN_POINT('',(0.0,0.0,20.118867631088072));
#6417=DIRECTION('',(0.0,0.0,-1.0));
#6418=DIRECTION('',(-1.0,0.0,0.0));
#6419=AXIS2_PLACEMENT_3D('',#6416,#6417,#6418);
#6420=CONICAL_SURFACE('',#6419,0.146931131396451,75.000000000243702);
#6421=ORIENTED_EDGE('',*,*,#4741,.T.);
#6422=ORIENTED_EDGE('',*,*,#5997,.T.);
#6423=ORIENTED_EDGE('',*,*,#3153,.T.);
#6424=ORIENTED_EDGE('',*,*,#6072,.T.);
#6425=ORIENTED_EDGE('',*,*,#4675,.T.);
#6426=ORIENTED_EDGE('',*,*,#4708,.T.);
#6427=EDGE_LOOP('',(#6421,#6422,#6423,#6424,#6425,#6426));
#6428=FACE_OUTER_BOUND('',#6427,.T.);
#6429=ADVANCED_FACE('',(#6428),#6420,.T.);
#6430=CARTESIAN_POINT('',(0.0,0.0,20.118867631088072));
#6431=DIRECTION('',(0.0,0.0,-1.0));
#6432=DIRECTION('',(-1.0,0.0,0.0));
#6433=AXIS2_PLACEMENT_3D('',#6430,#6431,#6432);
#6434=CONICAL_SURFACE('',#6433,0.146931131396451,75.000000000243702);
#6435=ORIENTED_EDGE('',*,*,#4849,.T.);
#6436=ORIENTED_EDGE('',*,*,#5897,.T.);
#6437=ORIENTED_EDGE('',*,*,#3224,.T.);
#6438=ORIENTED_EDGE('',*,*,#6022,.T.);
#6439=ORIENTED_EDGE('',*,*,#4783,.T.);
#6440=ORIENTED_EDGE('',*,*,#4816,.T.);
#6441=EDGE_LOOP('',(#6435,#6436,#6437,#6438,#6439,#6440));
#6442=FACE_OUTER_BOUND('',#6441,.T.);
#6443=ADVANCED_FACE('',(#6442),#6434,.T.);
#6444=CARTESIAN_POINT('',(0.0,0.0,20.118867631088072));
#6445=DIRECTION('',(0.0,0.0,-1.0));
#6446=DIRECTION('',(-1.0,0.0,0.0));
#6447=AXIS2_PLACEMENT_3D('',#6444,#6445,#6446);
#6448=CONICAL_SURFACE('',#6447,0.146931131396451,75.000000000243702);
#6449=ORIENTED_EDGE('',*,*,#4957,.T.);
#6450=ORIENTED_EDGE('',*,*,#5947,.T.);
#6451=ORIENTED_EDGE('',*,*,#3295,.T.);
#6452=ORIENTED_EDGE('',*,*,#5922,.T.);
#6453=ORIENTED_EDGE('',*,*,#4891,.T.);
#6454=ORIENTED_EDGE('',*,*,#4924,.T.);
#6455=EDGE_LOOP('',(#6449,#6450,#6451,#6452,#6453,#6454));
#6456=FACE_OUTER_BOUND('',#6455,.T.);
#6457=ADVANCED_FACE('',(#6456),#6448,.T.);
#6458=CARTESIAN_POINT('',(0.0,0.0,20.118867631088072));
#6459=DIRECTION('',(0.0,0.0,-1.0));
#6460=DIRECTION('',(-1.0,0.0,0.0));
#6461=AXIS2_PLACEMENT_3D('',#6458,#6459,#6460);
#6462=CONICAL_SURFACE('',#6461,0.146931131396451,75.000000000243702);
#6463=ORIENTED_EDGE('',*,*,#4999,.T.);
#6464=ORIENTED_EDGE('',*,*,#5032,.T.);
#6465=ORIENTED_EDGE('',*,*,#5065,.T.);
#6466=CARTESIAN_POINT('',(-0.021459516971262,0.666301617594665,19.979610156900794));
#6467=CARTESIAN_POINT('',(-0.031176520373674,0.654733032571178,19.982624530988200));
#6468=CARTESIAN_POINT('',(-0.039360921764899,0.642319836097298,19.985818062030685));
#6469=CARTESIAN_POINT('',(-0.052827009539169,0.615911113409813,19.992611680439602));
#6470=CARTESIAN_POINT('',(-0.058116014287364,0.601808591573031,19.996239218183703));
#6471=CARTESIAN_POINT('',(-0.061729405478161,0.587316072120427,19.999999999164405));
#6472=B_SPLINE_CURVE_WITH_KNOTS('',3,(#6466,#6467,#6468,#6469,#6470,#6471),.UNSPECIFIED.,.F.,.U.,(4,2,4),(0.0,0.001157286848266,0.002314311187314),.UNSPECIFIED.);
#6473=EDGE_CURVE('',#5053,#2296,#6472,.T.);
#6474=ORIENTED_EDGE('',*,*,#6473,.T.);
#6475=ORIENTED_EDGE('',*,*,#2304,.T.);
#6476=ORIENTED_EDGE('',*,*,#5972,.T.);
#6477=EDGE_LOOP('',(#6463,#6464,#6465,#6474,#6475,#6476));
#6478=FACE_OUTER_BOUND('',#6477,.T.);
#6479=ADVANCED_FACE('',(#6478),#6462,.T.);
#6480=CARTESIAN_POINT('',(0.0,0.0,20.118867631088072));
#6481=DIRECTION('',(0.0,0.0,-1.0));
#6482=DIRECTION('',(-1.0,0.0,0.0));
#6483=AXIS2_PLACEMENT_3D('',#6480,#6481,#6482);
#6484=CONICAL_SURFACE('',#6483,0.146931131396451,75.000000000243702);
#6485=ORIENTED_EDGE('',*,*,#5173,.T.);
#6486=CARTESIAN_POINT('',(-0.290613527468731,0.599968444278606,19.979610156900794));
#6487=CARTESIAN_POINT('',(-0.294785091543511,0.585447729599210,19.982624536185295));
#6488=CARTESIAN_POINT('',(-0.297213008733222,0.570778806460162,19.985818069411060));
#6489=CARTESIAN_POINT('',(-0.298773492279139,0.541176104925528,19.992611683958113));
#6490=CARTESIAN_POINT('',(-0.297869227061793,0.526141591976346,19.996239218353800));
#6491=CARTESIAN_POINT('',(-0.295275585576280,0.511432318722860,19.999999999164405));
#6492=B_SPLINE_CURVE_WITH_KNOTS('',3,(#6486,#6487,#6488,#6489,#6490,#6491),.UNSPECIFIED.,.F.,.U.,(4,2,4),(0.0,0.001157233396112,0.002314257655499),.UNSPECIFIED.);
#6493=EDGE_CURVE('',#5161,#2368,#6492,.T.);
#6494=ORIENTED_EDGE('',*,*,#6493,.T.);
#6495=ORIENTED_EDGE('',*,*,#2374,.T.);
#6496=CARTESIAN_POINT('',(-0.182490347578011,0.561647538434232,20.000000000000007));
#6497=CARTESIAN_POINT('',(-0.191684713198486,0.573415789773485,19.996239738397364));
#6498=CARTESIAN_POINT('',(-0.202051715666211,0.583958873894472,19.992677604859317));
#6499=CARTESIAN_POINT('',(-0.225068206103215,0.602639328609059,19.985879277220597));
#6500=CARTESIAN_POINT('',(-0.237824670396259,0.610809958143250,19.982624104121058));
#6501=CARTESIAN_POINT('',(-0.251405041186165,0.617425189150837,19.979610156407649));
#6502=B_SPLINE_CURVE_WITH_KNOTS('',3,(#6496,#6497,#6498,#6499,#6500,#6501),.UNSPECIFIED.,.F.,.U.,(4,2,4),(0.0,0.001157350281683,0.002314442503277),.UNSPECIFIED.);
#6503=EDGE_CURVE('',#2359,#5076,#6502,.T.);
#6504=ORIENTED_EDGE('',*,*,#6503,.T.);
#6505=ORIENTED_EDGE('',*,*,#5107,.T.);
#6506=ORIENTED_EDGE('',*,*,#5140,.T.);
#6507=EDGE_LOOP('',(#6485,#6494,#6495,#6504,#6505,#6506));
#6508=FACE_OUTER_BOUND('',#6507,.T.);
#6509=ADVANCED_FACE('',(#6508),#6484,.T.);
#6510=CARTESIAN_POINT('',(0.117934395128493,0.518246594586264,19.173228362000000));
#6511=DIRECTION('',(0.0,0.0,1.0));
#6512=DIRECTION('',(-1.0,0.0,0.0));
#6513=AXIS2_PLACEMENT_3D('',#6510,#6511,#6512);
#6514=CYLINDRICAL_SURFACE('',#6513,0.039370078000000);
#6515=ORIENTED_EDGE('',*,*,#3322,.T.);
#6516=CARTESIAN_POINT('',(0.151793679174566,0.498157992703272,20.000000000000007));
#6517=DIRECTION('',(0.0,0.0,-1.0));
#6518=VECTOR('',#6517,0.787401560000006);
#6519=LINE('',#6516,#6518);
#6520=EDGE_CURVE('',#3307,#1276,#6519,.T.);
#6521=ORIENTED_EDGE('',*,*,#6520,.T.);
#6522=ORIENTED_EDGE('',*,*,#1282,.T.);
#6523=CARTESIAN_POINT('',(0.109198514007864,0.479857957950245,20.000000000000007));
#6524=DIRECTION('',(0.0,0.0,-1.0));
#6525=VECTOR('',#6524,0.787401560000006);
#6526=LINE('',#6523,#6525);
#6527=EDGE_CURVE('',#3316,#1267,#6526,.T.);
#6528=ORIENTED_EDGE('',*,*,#6527,.F.);
#6529=EDGE_LOOP('',(#6515,#6521,#6522,#6528));
#6530=FACE_OUTER_BOUND('',#6529,.T.);
#6531=ADVANCED_FACE('',(#6530),#6514,.F.);
#6532=CARTESIAN_POINT('',(-0.051362022706198,0.618689608039113,19.173228362000000));
#6533=DIRECTION('',(0.0,0.0,1.0));
#6534=DIRECTION('',(-1.0,0.0,0.0));
#6535=AXIS2_PLACEMENT_3D('',#6532,#6533,#6534);
#6536=CYLINDRICAL_SURFACE('',#6535,0.236220468000002);
#6537=ORIENTED_EDGE('',*,*,#3313,.T.);
#6538=CARTESIAN_POINT('',(0.172367767947974,0.542893234273785,20.000000000000007));
#6539=DIRECTION('',(0.0,0.0,-1.0));
#6540=VECTOR('',#6539,0.787401560000006);
#6541=LINE('',#6538,#6540);
#6542=EDGE_CURVE('',#3298,#1285,#6541,.T.);
#6543=ORIENTED_EDGE('',*,*,#6542,.T.);
#6544=ORIENTED_EDGE('',*,*,#1291,.T.);
#6545=ORIENTED_EDGE('',*,*,#6520,.F.);
#6546=EDGE_LOOP('',(#6537,#6543,#6544,#6545));
#6547=FACE_OUTER_BOUND('',#6546,.T.);
#6548=ADVANCED_FACE('',(#6547),#6536,.F.);
#6549=CARTESIAN_POINT('',(0.0,0.0,19.173228362000000));
#6550=DIRECTION('',(0.0,0.0,1.0));
#6551=DIRECTION('',(-1.0,0.0,0.0));
#6552=AXIS2_PLACEMENT_3D('',#6549,#6550,#6551);
#6553=CYLINDRICAL_SURFACE('',#6552,0.492125975000004);
#6554=ORIENTED_EDGE('',*,*,#6527,.T.);
#6555=ORIENTED_EDGE('',*,*,#1273,.F.);
#6556=CARTESIAN_POINT('',(0.095417999308253,0.482787096635481,20.000000000000007));
#6557=DIRECTION('',(0.0,0.0,-1.0));
#6558=VECTOR('',#6557,0.787401560000006);
#6559=LINE('',#6556,#6558);
#6560=EDGE_CURVE('',#3325,#1258,#6559,.T.);
#6561=ORIENTED_EDGE('',*,*,#6560,.F.);
#6562=ORIENTED_EDGE('',*,*,#3331,.F.);
#6563=EDGE_LOOP('',(#6554,#6555,#6561,#6562));
#6564=FACE_OUTER_BOUND('',#6563,.T.);
#6565=ADVANCED_FACE('',(#6564),#6553,.T.);
#6566=CARTESIAN_POINT('',(0.103051449198021,0.521410062400767,19.173228362000000));
#6567=DIRECTION('',(0.0,0.0,1.0));
#6568=DIRECTION('',(-1.0,0.0,0.0));
#6569=AXIS2_PLACEMENT_3D('',#6566,#6567,#6568);
#6570=CYLINDRICAL_SURFACE('',#6569,0.039370078000000);
#6571=ORIENTED_EDGE('',*,*,#3338,.T.);
#6572=ORIENTED_EDGE('',*,*,#6560,.T.);
#6573=ORIENTED_EDGE('',*,*,#1264,.T.);
#6574=ORIENTED_EDGE('',*,*,#813,.F.);
#6575=EDGE_LOOP('',(#6571,#6572,#6573,#6574));
#6576=FACE_OUTER_BOUND('',#6575,.T.);
#6577=ADVANCED_FACE('',(#6576),#6570,.F.);
#6578=CARTESIAN_POINT('',(0.298565276818318,0.544310264417712,19.173228362000000));
#6579=DIRECTION('',(0.0,0.0,1.0));
#6580=DIRECTION('',(-1.0,0.0,0.0));
#6581=AXIS2_PLACEMENT_3D('',#6578,#6579,#6580);
#6582=CYLINDRICAL_SURFACE('',#6581,0.236220468000002);
#6583=ORIENTED_EDGE('',*,*,#796,.T.);
#6584=ORIENTED_EDGE('',*,*,#1254,.T.);
#6585=ORIENTED_EDGE('',*,*,#771,.F.);
#6586=ORIENTED_EDGE('',*,*,#3346,.T.);
#6587=EDGE_LOOP('',(#6583,#6584,#6585,#6586));
#6588=FACE_OUTER_BOUND('',#6587,.T.);
#6589=ADVANCED_FACE('',(#6588),#6582,.F.);
#6590=CARTESIAN_POINT('',(0.0,0.571925188697473,19.173228362000000));
#6591=DIRECTION('',(0.0,0.0,1.0));
#6592=DIRECTION('',(-1.0,0.0,0.0));
#6593=AXIS2_PLACEMENT_3D('',#6590,#6591,#6592);
#6594=CYLINDRICAL_SURFACE('',#6593,0.063619167445692);
#6595=ORIENTED_EDGE('',*,*,#754,.T.);
#6596=ORIENTED_EDGE('',*,*,#1246,.F.);
#6597=ORIENTED_EDGE('',*,*,#5961,.F.);
#6598=ORIENTED_EDGE('',*,*,#3354,.F.);
#6599=EDGE_LOOP('',(#6595,#6596,#6597,#6598));
#6600=FACE_OUTER_BOUND('',#6599,.T.);
#6601=ADVANCED_FACE('',(#6600),#6594,.T.);
#6602=CARTESIAN_POINT('',(0.129273685851750,0.539693649402024,19.173228362041780));
#6603=DIRECTION('',(0.0,0.0,1.0));
#6604=DIRECTION('',(-1.0,0.0,0.0));
#6605=AXIS2_PLACEMENT_3D('',#6602,#6603,#6604);
#6606=CYLINDRICAL_SURFACE('',#6605,0.196850390000002);
#6607=ORIENTED_EDGE('',*,*,#5058,.T.);
#6608=ORIENTED_EDGE('',*,*,#5405,.F.);
#6609=CARTESIAN_POINT('',(-0.061729405478161,0.587316072120427,19.999999999164405));
#6610=DIRECTION('',(0.0,0.0,-1.0));
#6611=VECTOR('',#6610,0.787401559164405);
#6612=LINE('',#6609,#6611);
#6613=EDGE_CURVE('',#2296,#1224,#6612,.T.);
#6614=ORIENTED_EDGE('',*,*,#6613,.F.);
#6615=ORIENTED_EDGE('',*,*,#6473,.F.);
#6616=EDGE_LOOP('',(#6607,#6608,#6614,#6615));
#6617=FACE_OUTER_BOUND('',#6616,.T.);
#6618=ADVANCED_FACE('',(#6617),#6606,.T.);
#6619=CARTESIAN_POINT('',(0.0,0.571925188697473,19.173228362000000));
#6620=DIRECTION('',(0.0,0.0,1.0));
#6621=DIRECTION('',(-1.0,0.0,0.0));
#6622=AXIS2_PLACEMENT_3D('',#6619,#6620,#6621);
#6623=CYLINDRICAL_SURFACE('',#6622,0.063619167445692);
#6624=ORIENTED_EDGE('',*,*,#712,.T.);
#6625=ORIENTED_EDGE('',*,*,#2311,.F.);
#6626=ORIENTED_EDGE('',*,*,#6613,.T.);
#6627=ORIENTED_EDGE('',*,*,#1230,.F.);
#6628=EDGE_LOOP('',(#6624,#6625,#6626,#6627));
#6629=FACE_OUTER_BOUND('',#6628,.T.);
#6630=ADVANCED_FACE('',(#6629),#6623,.T.);
#6631=CARTESIAN_POINT('',(-0.298565276818312,0.544310264417712,19.173228362000000));
#6632=DIRECTION('',(0.0,0.0,1.0));
#6633=DIRECTION('',(-1.0,0.0,0.0));
#6634=AXIS2_PLACEMENT_3D('',#6631,#6632,#6633);
#6635=CYLINDRICAL_SURFACE('',#6634,0.236220468000002);
#6636=ORIENTED_EDGE('',*,*,#670,.T.);
#6637=ORIENTED_EDGE('',*,*,#2319,.T.);
#6638=ORIENTED_EDGE('',*,*,#729,.T.);
#6639=ORIENTED_EDGE('',*,*,#2281,.T.);
#6640=EDGE_LOOP('',(#6636,#6637,#6638,#6639));
#6641=FACE_OUTER_BOUND('',#6640,.T.);
#6642=ADVANCED_FACE('',(#6641),#6635,.F.);
#6643=CARTESIAN_POINT('',(-0.103051449198021,0.521410062400767,19.173228362000000));
#6644=DIRECTION('',(0.0,0.0,1.0));
#6645=DIRECTION('',(-1.0,0.0,0.0));
#6646=AXIS2_PLACEMENT_3D('',#6643,#6644,#6645);
#6647=CYLINDRICAL_SURFACE('',#6646,0.039370078000000);
#6648=ORIENTED_EDGE('',*,*,#2329,.T.);
#6649=ORIENTED_EDGE('',*,*,#687,.T.);
#6650=ORIENTED_EDGE('',*,*,#2273,.T.);
#6651=CARTESIAN_POINT('',(-0.095418008516686,0.482787094815524,20.000000000000007));
#6652=DIRECTION('',(0.0,0.0,-1.0));
#6653=VECTOR('',#6652,0.787401560000006);
#6654=LINE('',#6651,#6653);
#6655=EDGE_CURVE('',#2323,#2260,#6654,.T.);
#6656=ORIENTED_EDGE('',*,*,#6655,.F.);
#6657=EDGE_LOOP('',(#6648,#6649,#6650,#6656));
#6658=FACE_OUTER_BOUND('',#6657,.T.);
#6659=ADVANCED_FACE('',(#6658),#6647,.F.);
#6660=CARTESIAN_POINT('',(1.785946E-014,0.0,19.173228362000000));
#6661=DIRECTION('',(0.0,0.0,1.0));
#6662=DIRECTION('',(-1.0,0.0,0.0));
#6663=AXIS2_PLACEMENT_3D('',#6660,#6661,#6662);
#6664=CYLINDRICAL_SURFACE('',#6663,0.492125975000004);
#6665=ORIENTED_EDGE('',*,*,#6655,.T.);
#6666=ORIENTED_EDGE('',*,*,#2266,.F.);
#6667=CARTESIAN_POINT('',(-0.109198523160427,0.479857955867450,20.000000000000007));
#6668=DIRECTION('',(0.0,0.0,-1.0));
#6669=VECTOR('',#6668,0.787401560000006);
#6670=LINE('',#6667,#6669);
#6671=EDGE_CURVE('',#2332,#2251,#6670,.T.);
#6672=ORIENTED_EDGE('',*,*,#6671,.F.);
#6673=ORIENTED_EDGE('',*,*,#2338,.F.);
#6674=EDGE_LOOP('',(#6665,#6666,#6672,#6673));
#6675=FACE_OUTER_BOUND('',#6674,.T.);
#6676=ADVANCED_FACE('',(#6675),#6664,.T.);
#6677=CARTESIAN_POINT('',(-0.117934395128492,0.518246594586264,19.173228362000000));
#6678=DIRECTION('',(0.0,0.0,1.0));
#6679=DIRECTION('',(-1.0,0.0,0.0));
#6680=AXIS2_PLACEMENT_3D('',#6677,#6678,#6679);
#6681=CYLINDRICAL_SURFACE('',#6680,0.039370078000000);
#6682=ORIENTED_EDGE('',*,*,#2347,.T.);
#6683=ORIENTED_EDGE('',*,*,#6671,.T.);
#6684=ORIENTED_EDGE('',*,*,#2257,.T.);
#6685=CARTESIAN_POINT('',(-0.151793677534994,0.498157989939776,20.000000000000007));
#6686=DIRECTION('',(0.0,0.0,-1.0));
#6687=VECTOR('',#6686,0.787401560000006);
#6688=LINE('',#6685,#6687);
#6689=EDGE_CURVE('',#2341,#2242,#6688,.T.);
#6690=ORIENTED_EDGE('',*,*,#6689,.F.);
#6691=EDGE_LOOP('',(#6682,#6683,#6684,#6690));
#6692=FACE_OUTER_BOUND('',#6691,.T.);
#6693=ADVANCED_FACE('',(#6692),#6681,.F.);
#6694=CARTESIAN_POINT('',(0.051362022706215,0.618689608039121,19.173228362000000));
#6695=DIRECTION('',(0.0,0.0,1.0));
#6696=DIRECTION('',(-1.0,0.0,0.0));
#6697=AXIS2_PLACEMENT_3D('',#6694,#6695,#6696);
#6698=CYLINDRICAL_SURFACE('',#6697,0.236220468000002);
#6699=ORIENTED_EDGE('',*,*,#2356,.T.);
#6700=ORIENTED_EDGE('',*,*,#6689,.T.);
#6701=ORIENTED_EDGE('',*,*,#2248,.T.);
#6702=CARTESIAN_POINT('',(-0.172367767947974,0.542893234273785,20.000000000000007));
#6703=DIRECTION('',(0.0,0.0,-1.0));
#6704=VECTOR('',#6703,0.787401560000006);
#6705=LINE('',#6702,#6704);
#6706=EDGE_CURVE('',#2350,#2233,#6705,.T.);
#6707=ORIENTED_EDGE('',*,*,#6706,.F.);
#6708=EDGE_LOOP('',(#6699,#6700,#6701,#6707));
#6709=FACE_OUTER_BOUND('',#6708,.T.);
#6710=ADVANCED_FACE('',(#6709),#6698,.F.);
#6711=CARTESIAN_POINT('',(-0.232622928922781,0.522479659322757,19.173228362000000));
#6712=DIRECTION('',(0.0,0.0,1.0));
#6713=DIRECTION('',(-1.0,0.0,0.0));
#6714=AXIS2_PLACEMENT_3D('',#6711,#6712,#6713);
#6715=CYLINDRICAL_SURFACE('',#6714,0.063619167445692);
#6716=ORIENTED_EDGE('',*,*,#6706,.T.);
#6717=ORIENTED_EDGE('',*,*,#2239,.F.);
#6718=CARTESIAN_POINT('',(-0.182490347578011,0.561647538434232,20.000000000000007));
#6719=DIRECTION('',(0.0,0.0,-1.0));
#6720=VECTOR('',#6719,0.787401560000006);
#6721=LINE('',#6718,#6720);
#6722=EDGE_CURVE('',#2359,#2224,#6721,.T.);
#6723=ORIENTED_EDGE('',*,*,#6722,.F.);
#6724=ORIENTED_EDGE('',*,*,#2365,.F.);
#6725=EDGE_LOOP('',(#6716,#6717,#6723,#6724));
#6726=FACE_OUTER_BOUND('',#6725,.T.);
#6727=ADVANCED_FACE('',(#6726),#6715,.T.);
#6728=CARTESIAN_POINT('',(-0.337610571749690,0.440454336908399,19.173228362000000));
#6729=DIRECTION('',(0.0,0.0,1.0));
#6730=DIRECTION('',(-1.0,0.0,0.0));
#6731=AXIS2_PLACEMENT_3D('',#6728,#6729,#6730);
#6732=CYLINDRICAL_SURFACE('',#6731,0.196850390000002);
#6733=ORIENTED_EDGE('',*,*,#6722,.T.);
#6734=ORIENTED_EDGE('',*,*,#5387,.F.);
#6735=ORIENTED_EDGE('',*,*,#5083,.F.);
#6736=ORIENTED_EDGE('',*,*,#6503,.F.);
#6737=EDGE_LOOP('',(#6733,#6734,#6735,#6736));
#6738=FACE_OUTER_BOUND('',#6737,.T.);
#6739=ADVANCED_FACE('',(#6738),#6732,.T.);
#6740=CARTESIAN_POINT('',(-0.101415794744524,0.545615026951151,19.173228362041780));
#6741=DIRECTION('',(0.0,0.0,1.0));
#6742=DIRECTION('',(-1.0,0.0,0.0));
#6743=AXIS2_PLACEMENT_3D('',#6740,#6741,#6742);
#6744=CYLINDRICAL_SURFACE('',#6743,0.196850390000002);
#6745=ORIENTED_EDGE('',*,*,#5166,.T.);
#6746=ORIENTED_EDGE('',*,*,#5375,.F.);
#6747=CARTESIAN_POINT('',(-0.295275585576280,0.511432318722860,19.999999999164405));
#6748=DIRECTION('',(0.0,0.0,-1.0));
#6749=VECTOR('',#6748,0.787401559164405);
#6750=LINE('',#6747,#6749);
#6751=EDGE_CURVE('',#2368,#2215,#6750,.T.);
#6752=ORIENTED_EDGE('',*,*,#6751,.F.);
#6753=ORIENTED_EDGE('',*,*,#6493,.F.);
#6754=EDGE_LOOP('',(#6745,#6746,#6752,#6753));
#6755=FACE_OUTER_BOUND('',#6754,.T.);
#6756=ADVANCED_FACE('',(#6755),#6744,.T.);
#6757=CARTESIAN_POINT('',(-0.232622933759824,0.522479657169170,19.173228362000000));
#6758=DIRECTION('',(0.0,0.0,1.0));
#6759=DIRECTION('',(-1.0,0.0,0.0));
#6760=AXIS2_PLACEMENT_3D('',#6757,#6758,#6759);
#6761=CYLINDRICAL_SURFACE('',#6760,0.063619167445692);
#6762=ORIENTED_EDGE('',*,*,#6751,.T.);
#6763=ORIENTED_EDGE('',*,*,#2221,.F.);
#6764=CARTESIAN_POINT('',(-0.288111748753498,0.491360693867364,20.000000000000007));
#6765=DIRECTION('',(0.0,0.0,-1.0));
#6766=VECTOR('',#6765,0.787401560000006);
#6767=LINE('',#6764,#6766);
#6768=EDGE_CURVE('',#2377,#2206,#6767,.T.);
#6769=ORIENTED_EDGE('',*,*,#6768,.F.);
#6770=ORIENTED_EDGE('',*,*,#2383,.F.);
#6771=EDGE_LOOP('',(#6762,#6763,#6769,#6770));
#6772=FACE_OUTER_BOUND('',#6771,.T.);
#6773=ADVANCED_FACE('',(#6772),#6761,.T.);
#6774=CARTESIAN_POINT('',(-0.494143882188123,0.375814731174971,19.173228362000000));
#6775=DIRECTION('',(0.0,0.0,1.0));
#6776=DIRECTION('',(-1.0,0.0,0.0));
#6777=AXIS2_PLACEMENT_3D('',#6774,#6775,#6776);
#6778=CYLINDRICAL_SURFACE('',#6777,0.236220468000002);
#6779=ORIENTED_EDGE('',*,*,#2392,.T.);
#6780=ORIENTED_EDGE('',*,*,#6768,.T.);
#6781=ORIENTED_EDGE('',*,*,#2212,.T.);
#6782=CARTESIAN_POINT('',(-0.268633736972162,0.446137443770624,20.000000000000007));
#6783=DIRECTION('',(0.0,0.0,-1.0));
#6784=VECTOR('',#6783,0.787401560000006);
#6785=LINE('',#6782,#6784);
#6786=EDGE_CURVE('',#2386,#2197,#6785,.T.);
#6787=ORIENTED_EDGE('',*,*,#6786,.F.);
#6788=EDGE_LOOP('',(#6779,#6780,#6781,#6787));
#6789=FACE_OUTER_BOUND('',#6788,.T.);
#6790=ADVANCED_FACE('',(#6789),#6778,.F.);
#6791=CARTESIAN_POINT('',(-0.306218761765171,0.434416993564468,19.173228362000000));
#6792=DIRECTION('',(0.0,0.0,1.0));
#6793=DIRECTION('',(-1.0,0.0,0.0));
#6794=AXIS2_PLACEMENT_3D('',#6791,#6792,#6793);
#6795=CYLINDRICAL_SURFACE('',#6794,0.039370078000000);
#6796=ORIENTED_EDGE('',*,*,#628,.T.);
#6797=ORIENTED_EDGE('',*,*,#2399,.T.);
#6798=ORIENTED_EDGE('',*,*,#6786,.T.);
#6799=ORIENTED_EDGE('',*,*,#2203,.T.);
#6800=EDGE_LOOP('',(#6796,#6797,#6798,#6799));
#6801=FACE_OUTER_BOUND('',#6800,.T.);
#6802=ADVANCED_FACE('',(#6801),#6795,.F.);
#6803=CARTESIAN_POINT('',(0.0,0.0,19.173228362000000));
#6804=DIRECTION('',(0.0,0.0,1.0));
#6805=DIRECTION('',(-1.0,0.0,0.0));
#6806=AXIS2_PLACEMENT_3D('',#6803,#6804,#6805);
#6807=CYLINDRICAL_SURFACE('',#6806,0.492125975000004);
#6808=ORIENTED_EDGE('',*,*,#645,.T.);
#6809=ORIENTED_EDGE('',*,*,#2193,.F.);
#6810=CARTESIAN_POINT('',(-0.294933628937231,0.393957015157265,20.000000000000007));
#6811=DIRECTION('',(0.0,0.0,-1.0));
#6812=VECTOR('',#6811,0.787401560000006);
#6813=LINE('',#6810,#6812);
#6814=EDGE_CURVE('',#2403,#2180,#6813,.T.);
#6815=ORIENTED_EDGE('',*,*,#6814,.F.);
#6816=ORIENTED_EDGE('',*,*,#2409,.F.);
#6817=EDGE_LOOP('',(#6808,#6809,#6815,#6816));
#6818=FACE_OUTER_BOUND('',#6817,.T.);
#6819=ADVANCED_FACE('',(#6818),#6807,.T.);
#6820=CARTESIAN_POINT('',(-0.318528311136943,0.425473582445289,19.173228362000000));
#6821=DIRECTION('',(0.0,0.0,1.0));
#6822=DIRECTION('',(-1.0,0.0,0.0));
#6823=AXIS2_PLACEMENT_3D('',#6820,#6821,#6822);
#6824=CYLINDRICAL_SURFACE('',#6823,0.039370078000000);
#6825=ORIENTED_EDGE('',*,*,#2418,.T.);
#6826=ORIENTED_EDGE('',*,*,#6814,.T.);
#6827=ORIENTED_EDGE('',*,*,#2186,.T.);
#6828=CARTESIAN_POINT('',(-0.341289533695772,0.393349918436439,20.000000000000007));
#6829=DIRECTION('',(0.0,0.0,-1.0));
#6830=VECTOR('',#6829,0.787401560000006);
#6831=LINE('',#6828,#6830);
#6832=EDGE_CURVE('',#2412,#2171,#6831,.T.);
#6833=ORIENTED_EDGE('',*,*,#6832,.F.);
#6834=EDGE_LOOP('',(#6825,#6826,#6827,#6833));
#6835=FACE_OUTER_BOUND('',#6834,.T.);
#6836=ADVANCED_FACE('',(#6835),#6824,.F.);
#6837=CARTESIAN_POINT('',(-0.204722191741117,0.586091897811926,19.173228362000000));
#6838=DIRECTION('',(0.0,0.0,1.0));
#6839=DIRECTION('',(-1.0,0.0,0.0));
#6840=AXIS2_PLACEMENT_3D('',#6837,#6838,#6839);
#6841=CYLINDRICAL_SURFACE('',#6840,0.236220468000002);
#6842=ORIENTED_EDGE('',*,*,#2427,.T.);
#6843=ORIENTED_EDGE('',*,*,#6832,.T.);
#6844=ORIENTED_EDGE('',*,*,#2177,.T.);
#6845=CARTESIAN_POINT('',(-0.378280363109948,0.425849360846087,20.000000000000007));
#6846=DIRECTION('',(0.0,0.0,-1.0));
#6847=VECTOR('',#6846,0.787401560000006);
#6848=LINE('',#6845,#6847);
#6849=EDGE_CURVE('',#2421,#2162,#6848,.T.);
#6850=ORIENTED_EDGE('',*,*,#6849,.F.);
#6851=EDGE_LOOP('',(#6842,#6843,#6844,#6850));
#6852=FACE_OUTER_BOUND('',#6851,.T.);
#6853=ADVANCED_FACE('',(#6852),#6841,.F.);
#6854=CARTESIAN_POINT('',(-0.425023242769252,0.382692650272446,19.173228362000000));
#6855=DIRECTION('',(0.0,0.0,1.0));
#6856=DIRECTION('',(-1.0,0.0,0.0));
#6857=AXIS2_PLACEMENT_3D('',#6854,#6855,#6856);
#6858=CYLINDRICAL_SURFACE('',#6857,0.063619167445692);
#6859=ORIENTED_EDGE('',*,*,#6849,.T.);
#6860=ORIENTED_EDGE('',*,*,#2168,.F.);
#6861=CARTESIAN_POINT('',(-0.395155862468038,0.438865046165124,20.000000000000007));
#6862=DIRECTION('',(0.0,0.0,-1.0));
#6863=VECTOR('',#6862,0.787401560000006);
#6864=LINE('',#6861,#6863);
#6865=EDGE_CURVE('',#2430,#2153,#6864,.T.);
#6866=ORIENTED_EDGE('',*,*,#6865,.F.);
#6867=ORIENTED_EDGE('',*,*,#2436,.F.);
#6868=EDGE_LOOP('',(#6859,#6860,#6866,#6867));
#6869=FACE_OUTER_BOUND('',#6868,.T.);
#6870=ADVANCED_FACE('',(#6869),#6858,.T.);
#6871=CARTESIAN_POINT('',(-0.487571522696349,0.265056468161279,19.173228362000000));
#6872=DIRECTION('',(0.0,0.0,1.0));
#6873=DIRECTION('',(-1.0,0.0,0.0));
#6874=AXIS2_PLACEMENT_3D('',#6871,#6872,#6873);
#6875=CYLINDRICAL_SURFACE('',#6874,0.196850390000002);
#6876=ORIENTED_EDGE('',*,*,#6865,.T.);
#6877=ORIENTED_EDGE('',*,*,#5357,.F.);
#6878=ORIENTED_EDGE('',*,*,#5191,.F.);
#6879=CARTESIAN_POINT('',(-0.395155862468038,0.438865046165124,20.000000000000007));
#6880=CARTESIAN_POINT('',(-0.408341923514632,0.445876199190063,19.996239735245240));
#6881=CARTESIAN_POINT('',(-0.422100914221502,0.451291145037978,19.992677601128854));
#6882=CARTESIAN_POINT('',(-0.450725540415718,0.458994935297663,19.985879276041949));
#6883=CARTESIAN_POINT('',(-0.465702436517046,0.461270654571655,19.982624104674311));
#6884=CARTESIAN_POINT('',(-0.480799382189724,0.461790334478476,19.979610156407649));
#6885=B_SPLINE_CURVE_WITH_KNOTS('',3,(#6879,#6880,#6881,#6882,#6883,#6884),.UNSPECIFIED.,.F.,.U.,(4,2,4),(0.0,0.001157322463828,0.002314414607640),.UNSPECIFIED.);
#6886=EDGE_CURVE('',#2430,#5184,#6885,.T.);
#6887=ORIENTED_EDGE('',*,*,#6886,.F.);
#6888=EDGE_LOOP('',(#6876,#6877,#6878,#6887));
#6889=FACE_OUTER_BOUND('',#6888,.T.);
#6890=ADVANCED_FACE('',(#6889),#6875,.T.);
#6891=CARTESIAN_POINT('',(-0.314569563095896,0.457194609583517,19.173228362000000));
#6892=DIRECTION('',(0.0,0.0,1.0));
#6893=DIRECTION('',(-1.0,0.0,0.0));
#6894=AXIS2_PLACEMENT_3D('',#6891,#6892,#6893);
#6895=CYLINDRICAL_SURFACE('',#6894,0.196850390000002);
#6896=ORIENTED_EDGE('',*,*,#5274,.T.);
#6897=ORIENTED_EDGE('',*,*,#5345,.F.);
#6898=CARTESIAN_POINT('',(-0.477765932578012,0.347117268450069,20.000000000000007));
#6899=DIRECTION('',(0.0,0.0,-1.0));
#6900=VECTOR('',#6899,0.787401560000006);
#6901=LINE('',#6898,#6900);
#6902=EDGE_CURVE('',#2439,#2144,#6901,.T.);
#6903=ORIENTED_EDGE('',*,*,#6902,.F.);
#6904=CARTESIAN_POINT('',(-0.509517818960817,0.429895276654331,19.979610156850473));
#6905=CARTESIAN_POINT('',(-0.507422625034770,0.414933211367196,19.982624537014470));
#6906=CARTESIAN_POINT('',(-0.503674247967984,0.400544958484089,19.985818070790884));
#6907=CARTESIAN_POINT('',(-0.493059316139241,0.372866839135199,19.992611685533568));
#6908=CARTESIAN_POINT('',(-0.486118139977278,0.359499925141144,19.996239220354326));
#6909=CARTESIAN_POINT('',(-0.477765932578012,0.347117268450069,20.000000000000007));
#6910=B_SPLINE_CURVE_WITH_KNOTS('',3,(#6904,#6905,#6906,#6907,#6908,#6909),.UNSPECIFIED.,.F.,.U.,(4,2,4),(0.0,0.001157227316151,0.002314251666434),.UNSPECIFIED.);
#6911=EDGE_CURVE('',#5269,#2439,#6910,.T.);
#6912=ORIENTED_EDGE('',*,*,#6911,.F.);
#6913=EDGE_LOOP('',(#6896,#6897,#6903,#6912));
#6914=FACE_OUTER_BOUND('',#6913,.T.);
#6915=ADVANCED_FACE('',(#6914),#6895,.T.);
#6916=CARTESIAN_POINT('',(-0.425023246312165,0.382692646337641,19.173228362000000));
#6917=DIRECTION('',(0.0,0.0,1.0));
#6918=DIRECTION('',(-1.0,0.0,0.0));
#6919=AXIS2_PLACEMENT_3D('',#6916,#6917,#6918);
#6920=CYLINDRICAL_SURFACE('',#6919,0.063619167445692);
#6921=ORIENTED_EDGE('',*,*,#6902,.T.);
#6922=ORIENTED_EDGE('',*,*,#2150,.F.);
#6923=CARTESIAN_POINT('',(-0.463057578530230,0.331694724427950,20.000000000000007));
#6924=DIRECTION('',(0.0,0.0,-1.0));
#6925=VECTOR('',#6924,0.787401560000006);
#6926=LINE('',#6923,#6925);
#6927=EDGE_CURVE('',#2448,#2135,#6926,.T.);
#6928=ORIENTED_EDGE('',*,*,#6927,.F.);
#6929=ORIENTED_EDGE('',*,*,#2454,.F.);
#6930=EDGE_LOOP('',(#6921,#6922,#6928,#6929));
#6931=FACE_OUTER_BOUND('',#6930,.T.);
#6932=ADVANCED_FACE('',(#6931),#6920,.T.);
#6933=CARTESIAN_POINT('',(-0.604280521171386,0.142337416742428,19.173228362000000));
#6934=DIRECTION('',(0.0,0.0,1.0));
#6935=DIRECTION('',(-1.0,0.0,0.0));
#6936=AXIS2_PLACEMENT_3D('',#6933,#6934,#6935);
#6937=CYLINDRICAL_SURFACE('',#6936,0.236220468000002);
#6938=ORIENTED_EDGE('',*,*,#2463,.T.);
#6939=ORIENTED_EDGE('',*,*,#6927,.T.);
#6940=ORIENTED_EDGE('',*,*,#2141,.T.);
#6941=CARTESIAN_POINT('',(-0.426869578601320,0.298303653340408,20.000000000000007));
#6942=DIRECTION('',(0.0,0.0,-1.0));
#6943=VECTOR('',#6942,0.787401560000006);
#6944=LINE('',#6941,#6943);
#6945=EDGE_CURVE('',#2457,#2126,#6944,.T.);
#6946=ORIENTED_EDGE('',*,*,#6945,.F.);
#6947=EDGE_LOOP('',(#6938,#6939,#6940,#6946));
#6948=FACE_OUTER_BOUND('',#6947,.T.);
#6949=ADVANCED_FACE('',(#6948),#6937,.F.);
#6950=CARTESIAN_POINT('',(-0.456438068513004,0.272309279986380,19.173228362000000));
#6951=DIRECTION('',(0.0,0.0,1.0));
#6952=DIRECTION('',(-1.0,0.0,0.0));
#6953=AXIS2_PLACEMENT_3D('',#6950,#6951,#6952);
#6954=CYLINDRICAL_SURFACE('',#6953,0.039370078000000);
#6955=ORIENTED_EDGE('',*,*,#586,.T.);
#6956=ORIENTED_EDGE('',*,*,#2470,.T.);
#6957=ORIENTED_EDGE('',*,*,#6945,.T.);
#6958=ORIENTED_EDGE('',*,*,#2132,.T.);
#6959=EDGE_LOOP('',(#6955,#6956,#6957,#6958));
#6960=FACE_OUTER_BOUND('',#6959,.T.);
#6961=ADVANCED_FACE('',(#6960),#6954,.F.);
#6962=CARTESIAN_POINT('',(0.0,0.0,19.173228362000000));
#6963=DIRECTION('',(0.0,0.0,1.0));
#6964=DIRECTION('',(-1.0,0.0,0.0));
#6965=AXIS2_PLACEMENT_3D('',#6962,#6963,#6964);
#6966=CYLINDRICAL_SURFACE('',#6965,0.492125975000004);
#6967=ORIENTED_EDGE('',*,*,#603,.T.);
#6968=ORIENTED_EDGE('',*,*,#2122,.F.);
#6969=CARTESIAN_POINT('',(-0.429672030882882,0.239937327539263,20.000000000000007));
#6970=DIRECTION('',(0.0,0.0,-1.0));
#6971=VECTOR('',#6970,0.787401560000006);
#6972=LINE('',#6969,#6971);
#6973=EDGE_CURVE('',#2474,#2109,#6972,.T.);
#6974=ORIENTED_EDGE('',*,*,#6973,.F.);
#6975=ORIENTED_EDGE('',*,*,#2480,.F.);
#6976=EDGE_LOOP('',(#6967,#6968,#6974,#6975));
#6977=FACE_OUTER_BOUND('',#6976,.T.);
#6978=ADVANCED_FACE('',(#6977),#6966,.T.);
#6979=CARTESIAN_POINT('',(-0.464045788410955,0.259132322593375,19.173228362000000));
#6980=DIRECTION('',(0.0,0.0,1.0));
#6981=DIRECTION('',(-1.0,0.0,0.0));
#6982=AXIS2_PLACEMENT_3D('',#6979,#6980,#6981);
#6983=CYLINDRICAL_SURFACE('',#6982,0.039370078000000);
#6984=ORIENTED_EDGE('',*,*,#2489,.T.);
#6985=ORIENTED_EDGE('',*,*,#6973,.T.);
#6986=ORIENTED_EDGE('',*,*,#2115,.T.);
#6987=CARTESIAN_POINT('',(-0.471773328627713,0.220528071999373,20.000000000000007));
#6988=DIRECTION('',(0.0,0.0,-1.0));
#6989=VECTOR('',#6988,0.787401560000006);
#6990=LINE('',#6987,#6989);
#6991=EDGE_CURVE('',#2483,#2100,#6990,.T.);
#6992=ORIENTED_EDGE('',*,*,#6991,.F.);
#6993=EDGE_LOOP('',(#6984,#6985,#6986,#6992));
#6994=FACE_OUTER_BOUND('',#6993,.T.);
#6995=ADVANCED_FACE('',(#6994),#6983,.F.);
#6996=CARTESIAN_POINT('',(-0.425408079393686,0.452153573975304,19.173228362000000));
#6997=DIRECTION('',(0.0,0.0,1.0));
#6998=DIRECTION('',(-1.0,0.0,0.0));
#6999=AXIS2_PLACEMENT_3D('',#6996,#6997,#6998);
#7000=CYLINDRICAL_SURFACE('',#6999,0.236220468000002);
#7001=ORIENTED_EDGE('',*,*,#2498,.T.);
#7002=ORIENTED_EDGE('',*,*,#6991,.T.);
#7003=ORIENTED_EDGE('',*,*,#2106,.T.);
#7004=CARTESIAN_POINT('',(-0.518784846920999,0.235172264208114,20.000000000000007));
#7005=DIRECTION('',(0.0,0.0,-1.0));
#7006=VECTOR('',#7005,0.787401560000006);
#7007=LINE('',#7004,#7006);
#7008=EDGE_CURVE('',#2492,#2091,#7007,.T.);
#7009=ORIENTED_EDGE('',*,*,#7008,.F.);
#7010=EDGE_LOOP('',(#7001,#7002,#7003,#7009));
#7011=FACE_OUTER_BOUND('',#7010,.T.);
#7012=ADVANCED_FACE('',(#7011),#7000,.F.);
#7013=CARTESIAN_POINT('',(-0.543933176725974,0.176734605336446,19.173228362000000));
#7014=DIRECTION('',(0.0,0.0,1.0));
#7015=DIRECTION('',(-1.0,0.0,0.0));
#7016=AXIS2_PLACEMENT_3D('',#7013,#7014,#7015);
#7017=CYLINDRICAL_SURFACE('',#7016,0.063619167445692);
#7018=ORIENTED_EDGE('',*,*,#7008,.T.);
#7019=ORIENTED_EDGE('',*,*,#2097,.F.);
#7020=CARTESIAN_POINT('',(-0.539495340709689,0.240198800579699,19.999999999532893));
#7021=DIRECTION('',(0.0,0.0,-1.0));
#7022=VECTOR('',#7021,0.787401559532892);
#7023=LINE('',#7020,#7022);
#7024=EDGE_CURVE('',#2501,#2082,#7023,.T.);
#7025=ORIENTED_EDGE('',*,*,#7024,.F.);
#7026=ORIENTED_EDGE('',*,*,#2507,.F.);
#7027=EDGE_LOOP('',(#7018,#7019,#7025,#7026));
#7028=FACE_OUTER_BOUND('',#7027,.T.);
#7029=ADVANCED_FACE('',(#7028),#7017,.T.);
#7030=CARTESIAN_POINT('',(-0.553226927920583,0.043827928106659,19.173228362023355));
#7031=DIRECTION('',(0.0,0.0,1.0));
#7032=DIRECTION('',(-1.0,0.0,0.0));
#7033=AXIS2_PLACEMENT_3D('',#7030,#7031,#7032);
#7034=CYLINDRICAL_SURFACE('',#7033,0.196850390000002);
#7035=ORIENTED_EDGE('',*,*,#7024,.T.);
#7036=ORIENTED_EDGE('',*,*,#5327,.F.);
#7037=ORIENTED_EDGE('',*,*,#3437,.F.);
#7038=CARTESIAN_POINT('',(-0.539495340709689,0.240198800579699,19.999999999532893));
#7039=CARTESIAN_POINT('',(-0.554393111996733,0.241240554089778,19.996239731695461));
#7040=CARTESIAN_POINT('',(-0.569165035907029,0.240591064968824,19.992677596946276));
#7041=CARTESIAN_POINT('',(-0.598448337863243,0.235986142598844,19.985879274125349));
#7042=CARTESIAN_POINT('',(-0.613056025921269,0.231973464378260,19.982624104063440));
#7043=CARTESIAN_POINT('',(-0.627059142087416,0.226307735741302,19.979610156407649));
#7044=B_SPLINE_CURVE_WITH_KNOTS('',3,(#7038,#7039,#7040,#7041,#7042,#7043),.UNSPECIFIED.,.F.,.U.,(4,2,4),(0.0,0.001157295958916,0.002314388063009),.UNSPECIFIED.);
#7045=EDGE_CURVE('',#2501,#3430,#7044,.T.);
#7046=ORIENTED_EDGE('',*,*,#7045,.F.);
#7047=EDGE_LOOP('',(#7035,#7036,#7037,#7046));
#7048=FACE_OUTER_BOUND('',#7047,.T.);
#7049=ADVANCED_FACE('',(#7048),#7034,.T.);
#7050=CARTESIAN_POINT('',(0.0,0.0,20.118867631088072));
#7051=DIRECTION('',(0.0,0.0,-1.0));
#7052=DIRECTION('',(-1.0,0.0,0.0));
#7053=AXIS2_PLACEMENT_3D('',#7050,#7051,#7052);
#7054=CONICAL_SURFACE('',#7053,0.146931131396451,75.000000000243702);
#7055=ORIENTED_EDGE('',*,*,#3503,.T.);
#7056=ORIENTED_EDGE('',*,*,#3536,.T.);
#7057=ORIENTED_EDGE('',*,*,#2516,.T.);
#7058=ORIENTED_EDGE('',*,*,#7045,.T.);
#7059=ORIENTED_EDGE('',*,*,#3461,.T.);
#7060=ORIENTED_EDGE('',*,*,#5305,.T.);
#7061=EDGE_LOOP('',(#7055,#7056,#7057,#7058,#7059,#7060));
#7062=FACE_OUTER_BOUND('',#7061,.T.);
#7063=ADVANCED_FACE('',(#7062),#7054,.T.);
#7064=CARTESIAN_POINT('',(0.0,0.0,20.118867631088072));
#7065=DIRECTION('',(0.0,0.0,-1.0));
#7066=DIRECTION('',(-1.0,0.0,0.0));
#7067=AXIS2_PLACEMENT_3D('',#7064,#7065,#7066);
#7068=CONICAL_SURFACE('',#7067,0.146931131396451,75.000000000243702);
#7069=ORIENTED_EDGE('',*,*,#5281,.T.);
#7070=ORIENTED_EDGE('',*,*,#6911,.T.);
#7071=ORIENTED_EDGE('',*,*,#2445,.T.);
#7072=ORIENTED_EDGE('',*,*,#6886,.T.);
#7073=ORIENTED_EDGE('',*,*,#5215,.T.);
#7074=ORIENTED_EDGE('',*,*,#5248,.T.);
#7075=EDGE_LOOP('',(#7069,#7070,#7071,#7072,#7073,#7074));
#7076=FACE_OUTER_BOUND('',#7075,.T.);
#7077=ADVANCED_FACE('',(#7076),#7068,.T.);
#7078=CARTESIAN_POINT('',(0.0,0.0,20.118867631088072));
#7079=DIRECTION('',(0.0,0.0,-1.0));
#7080=DIRECTION('',(0.994521895368273,0.104528463267653,0.0));
#7081=AXIS2_PLACEMENT_3D('',#7078,#7079,#7080);
#7082=CONICAL_SURFACE('',#7081,0.146931131396451,75.000000000243702);
#7083=ORIENTED_EDGE('',*,*,#532,.T.);
#7084=ORIENTED_EDGE('',*,*,#2585,.T.);
#7085=ORIENTED_EDGE('',*,*,#3568,.T.);
#7086=ORIENTED_EDGE('',*,*,#3916,.T.);
#7087=ORIENTED_EDGE('',*,*,#1042,.T.);
#7088=ORIENTED_EDGE('',*,*,#3937,.T.);
#7089=EDGE_LOOP('',(#7083,#7084,#7085,#7086,#7087,#7088));
#7090=FACE_OUTER_BOUND('',#7089,.T.);
#7091=ADVANCED_FACE('',(#7090),#7082,.T.);
#7092=CARTESIAN_POINT('',(0.232622928922787,0.522479659322753,19.173228362000000));
#7093=DIRECTION('',(0.0,0.0,1.0));
#7094=DIRECTION('',(-1.0,0.0,0.0));
#7095=AXIS2_PLACEMENT_3D('',#7092,#7093,#7094);
#7096=CYLINDRICAL_SURFACE('',#7095,0.063619167445692);
#7097=ORIENTED_EDGE('',*,*,#5938,.T.);
#7098=ORIENTED_EDGE('',*,*,#1300,.F.);
#7099=ORIENTED_EDGE('',*,*,#6542,.F.);
#7100=ORIENTED_EDGE('',*,*,#3304,.F.);
#7101=EDGE_LOOP('',(#7097,#7098,#7099,#7100));
#7102=FACE_OUTER_BOUND('',#7101,.T.);
#7103=ADVANCED_FACE('',(#7102),#7096,.T.);
#7104=CARTESIAN_POINT('',(0.232622933759824,0.522479657169170,19.173228362000000));
#7105=DIRECTION('',(0.0,0.0,1.0));
#7106=DIRECTION('',(-1.0,0.0,0.0));
#7107=AXIS2_PLACEMENT_3D('',#7104,#7105,#7106);
#7108=CYLINDRICAL_SURFACE('',#7107,0.063619167445692);
#7109=CARTESIAN_POINT('',(0.288111748753498,0.491360693867364,20.000000000000007));
#7110=DIRECTION('',(0.0,0.0,-1.0));
#7111=VECTOR('',#7110,0.787401560000006);
#7112=LINE('',#7109,#7111);
#7113=EDGE_CURVE('',#3271,#1312,#7112,.T.);
#7114=ORIENTED_EDGE('',*,*,#7113,.T.);
#7115=ORIENTED_EDGE('',*,*,#1318,.F.);
#7116=ORIENTED_EDGE('',*,*,#5911,.F.);
#7117=ORIENTED_EDGE('',*,*,#3286,.F.);
#7118=EDGE_LOOP('',(#7114,#7115,#7116,#7117));
#7119=FACE_OUTER_BOUND('',#7118,.T.);
#7120=ADVANCED_FACE('',(#7119),#7108,.T.);
#7121=CARTESIAN_POINT('',(0.494143882188123,0.375814731174969,19.173228362000000));
#7122=DIRECTION('',(0.0,0.0,1.0));
#7123=DIRECTION('',(-1.0,0.0,0.0));
#7124=AXIS2_PLACEMENT_3D('',#7121,#7122,#7123);
#7125=CYLINDRICAL_SURFACE('',#7124,0.236220468000002);
#7126=ORIENTED_EDGE('',*,*,#3277,.T.);
#7127=CARTESIAN_POINT('',(0.268633737380879,0.446137445081293,20.000000000000007));
#7128=DIRECTION('',(0.0,0.0,-1.0));
#7129=VECTOR('',#7128,0.787401560000006);
#7130=LINE('',#7127,#7129);
#7131=EDGE_CURVE('',#3262,#1321,#7130,.T.);
#7132=ORIENTED_EDGE('',*,*,#7131,.T.);
#7133=ORIENTED_EDGE('',*,*,#1327,.T.);
#7134=ORIENTED_EDGE('',*,*,#7113,.F.);
#7135=EDGE_LOOP('',(#7126,#7132,#7133,#7134));
#7136=FACE_OUTER_BOUND('',#7135,.T.);
#7137=ADVANCED_FACE('',(#7136),#7125,.F.);
#7138=CARTESIAN_POINT('',(0.306218761765170,0.434416993564464,19.173228362000000));
#7139=DIRECTION('',(0.0,0.0,1.0));
#7140=DIRECTION('',(-1.0,0.0,0.0));
#7141=AXIS2_PLACEMENT_3D('',#7138,#7139,#7140);
#7142=CYLINDRICAL_SURFACE('',#7141,0.039370078000000);
#7143=ORIENTED_EDGE('',*,*,#490,.T.);
#7144=ORIENTED_EDGE('',*,*,#1334,.T.);
#7145=ORIENTED_EDGE('',*,*,#7131,.F.);
#7146=ORIENTED_EDGE('',*,*,#3268,.T.);
#7147=EDGE_LOOP('',(#7143,#7144,#7145,#7146));
#7148=FACE_OUTER_BOUND('',#7147,.T.);
#7149=ADVANCED_FACE('',(#7148),#7142,.F.);
#7150=CARTESIAN_POINT('',(0.0,0.0,19.173228362000000));
#7151=DIRECTION('',(0.0,0.0,1.0));
#7152=DIRECTION('',(-1.0,0.0,0.0));
#7153=AXIS2_PLACEMENT_3D('',#7150,#7151,#7152);
#7154=CYLINDRICAL_SURFACE('',#7153,0.492125975000004);
#7155=CARTESIAN_POINT('',(0.294933621423097,0.393957020782678,20.000000000000007));
#7156=DIRECTION('',(0.0,0.0,-1.0));
#7157=VECTOR('',#7156,0.787401560000006);
#7158=LINE('',#7155,#7157);
#7159=EDGE_CURVE('',#3245,#1338,#7158,.T.);
#7160=ORIENTED_EDGE('',*,*,#7159,.T.);
#7161=ORIENTED_EDGE('',*,*,#1344,.F.);
#7162=ORIENTED_EDGE('',*,*,#507,.F.);
#7163=ORIENTED_EDGE('',*,*,#3258,.F.);
#7164=EDGE_LOOP('',(#7160,#7161,#7162,#7163));
#7165=FACE_OUTER_BOUND('',#7164,.T.);
#7166=ADVANCED_FACE('',(#7165),#7154,.T.);
#7167=CARTESIAN_POINT('',(0.318528311136945,0.425473582445289,19.173228362000000));
#7168=DIRECTION('',(0.0,0.0,1.0));
#7169=DIRECTION('',(-1.0,0.0,0.0));
#7170=AXIS2_PLACEMENT_3D('',#7167,#7168,#7169);
#7171=CYLINDRICAL_SURFACE('',#7170,0.039370078000000);
#7172=ORIENTED_EDGE('',*,*,#3251,.T.);
#7173=CARTESIAN_POINT('',(0.341289535782290,0.393349919914841,20.000000000000007));
#7174=DIRECTION('',(0.0,0.0,-1.0));
#7175=VECTOR('',#7174,0.787401560000006);
#7176=LINE('',#7173,#7175);
#7177=EDGE_CURVE('',#3236,#1347,#7176,.T.);
#7178=ORIENTED_EDGE('',*,*,#7177,.T.);
#7179=ORIENTED_EDGE('',*,*,#1353,.T.);
#7180=ORIENTED_EDGE('',*,*,#7159,.F.);
#7181=EDGE_LOOP('',(#7172,#7178,#7179,#7180));
#7182=FACE_OUTER_BOUND('',#7181,.T.);
#7183=ADVANCED_FACE('',(#7182),#7171,.F.);
#7184=CARTESIAN_POINT('',(0.204722191741115,0.586091897811930,19.173228362000000));
#7185=DIRECTION('',(0.0,0.0,1.0));
#7186=DIRECTION('',(-1.0,0.0,0.0));
#7187=AXIS2_PLACEMENT_3D('',#7184,#7185,#7186);
#7188=CYLINDRICAL_SURFACE('',#7187,0.236220468000002);
#7189=ORIENTED_EDGE('',*,*,#3242,.T.);
#7190=CARTESIAN_POINT('',(0.378280363109948,0.425849360846087,20.000000000000007));
#7191=DIRECTION('',(0.0,0.0,-1.0));
#7192=VECTOR('',#7191,0.787401560000006);
#7193=LINE('',#7190,#7192);
#7194=EDGE_CURVE('',#3227,#1356,#7193,.T.);
#7195=ORIENTED_EDGE('',*,*,#7194,.T.);
#7196=ORIENTED_EDGE('',*,*,#1362,.T.);
#7197=ORIENTED_EDGE('',*,*,#7177,.F.);
#7198=EDGE_LOOP('',(#7189,#7195,#7196,#7197));
#7199=FACE_OUTER_BOUND('',#7198,.T.);
#7200=ADVANCED_FACE('',(#7199),#7188,.F.);
#7201=CARTESIAN_POINT('',(0.425023242769252,0.382692650272445,19.173228362000000));
#7202=DIRECTION('',(0.0,0.0,1.0));
#7203=DIRECTION('',(-1.0,0.0,0.0));
#7204=AXIS2_PLACEMENT_3D('',#7201,#7202,#7203);
#7205=CYLINDRICAL_SURFACE('',#7204,0.063619167445692);
#7206=ORIENTED_EDGE('',*,*,#5888,.T.);
#7207=ORIENTED_EDGE('',*,*,#1371,.F.);
#7208=ORIENTED_EDGE('',*,*,#7194,.F.);
#7209=ORIENTED_EDGE('',*,*,#3233,.F.);
#7210=EDGE_LOOP('',(#7206,#7207,#7208,#7209));
#7211=FACE_OUTER_BOUND('',#7210,.T.);
#7212=ADVANCED_FACE('',(#7211),#7205,.T.);
#7213=CARTESIAN_POINT('',(0.425023246312169,0.382692646337641,19.173228362000000));
#7214=DIRECTION('',(0.0,0.0,1.0));
#7215=DIRECTION('',(-1.0,0.0,0.0));
#7216=AXIS2_PLACEMENT_3D('',#7213,#7214,#7215);
#7217=CYLINDRICAL_SURFACE('',#7216,0.063619167445692);
#7218=CARTESIAN_POINT('',(0.463057578530230,0.331694724427950,20.000000000000007));
#7219=DIRECTION('',(0.0,0.0,-1.0));
#7220=VECTOR('',#7219,0.787401560000006);
#7221=LINE('',#7218,#7220);
#7222=EDGE_CURVE('',#3200,#1383,#7221,.T.);
#7223=ORIENTED_EDGE('',*,*,#7222,.T.);
#7224=ORIENTED_EDGE('',*,*,#1389,.F.);
#7225=ORIENTED_EDGE('',*,*,#6011,.F.);
#7226=ORIENTED_EDGE('',*,*,#3215,.F.);
#7227=EDGE_LOOP('',(#7223,#7224,#7225,#7226));
#7228=FACE_OUTER_BOUND('',#7227,.T.);
#7229=ADVANCED_FACE('',(#7228),#7217,.T.);
#7230=CARTESIAN_POINT('',(0.604280521171378,0.142337416742433,19.173228362000000));
#7231=DIRECTION('',(0.0,0.0,1.0));
#7232=DIRECTION('',(-1.0,0.0,0.0));
#7233=AXIS2_PLACEMENT_3D('',#7230,#7231,#7232);
#7234=CYLINDRICAL_SURFACE('',#7233,0.236220468000002);
#7235=ORIENTED_EDGE('',*,*,#3206,.T.);
#7236=CARTESIAN_POINT('',(0.426869578601320,0.298303653340408,20.000000000000007));
#7237=DIRECTION('',(0.0,0.0,-1.0));
#7238=VECTOR('',#7237,0.787401560000006);
#7239=LINE('',#7236,#7238);
#7240=EDGE_CURVE('',#3191,#1392,#7239,.T.);
#7241=ORIENTED_EDGE('',*,*,#7240,.T.);
#7242=ORIENTED_EDGE('',*,*,#1398,.T.);
#7243=ORIENTED_EDGE('',*,*,#7222,.F.);
#7244=EDGE_LOOP('',(#7235,#7241,#7242,#7243));
#7245=FACE_OUTER_BOUND('',#7244,.T.);
#7246=ADVANCED_FACE('',(#7245),#7234,.F.);
#7247=CARTESIAN_POINT('',(0.456438068513008,0.272309279986380,19.173228362000000));
#7248=DIRECTION('',(0.0,0.0,1.0));
#7249=DIRECTION('',(-1.0,0.0,0.0));
#7250=AXIS2_PLACEMENT_3D('',#7247,#7248,#7249);
#7251=CYLINDRICAL_SURFACE('',#7250,0.039370078000000);
#7252=ORIENTED_EDGE('',*,*,#448,.T.);
#7253=ORIENTED_EDGE('',*,*,#1405,.T.);
#7254=ORIENTED_EDGE('',*,*,#7240,.F.);
#7255=ORIENTED_EDGE('',*,*,#3197,.T.);
#7256=EDGE_LOOP('',(#7252,#7253,#7254,#7255));
#7257=FACE_OUTER_BOUND('',#7256,.T.);
#7258=ADVANCED_FACE('',(#7257),#7251,.F.);
#7259=CARTESIAN_POINT('',(0.0,0.0,19.173228362000000));
#7260=DIRECTION('',(0.0,0.0,1.0));
#7261=DIRECTION('',(-1.0,0.0,0.0));
#7262=AXIS2_PLACEMENT_3D('',#7259,#7260,#7261);
#7263=CYLINDRICAL_SURFACE('',#7262,0.492125975000004);
#7264=CARTESIAN_POINT('',(0.429672026306441,0.239937335734607,20.000000000000007));
#7265=DIRECTION('',(0.0,0.0,-1.0));
#7266=VECTOR('',#7265,0.787401560000006);
#7267=LINE('',#7264,#7266);
#7268=EDGE_CURVE('',#3174,#1409,#7267,.T.);
#7269=ORIENTED_EDGE('',*,*,#7268,.T.);
#7270=ORIENTED_EDGE('',*,*,#1415,.F.);
#7271=ORIENTED_EDGE('',*,*,#465,.F.);
#7272=ORIENTED_EDGE('',*,*,#3187,.F.);
#7273=EDGE_LOOP('',(#7269,#7270,#7271,#7272));
#7274=FACE_OUTER_BOUND('',#7273,.T.);
#7275=ADVANCED_FACE('',(#7274),#7263,.T.);
#7276=CARTESIAN_POINT('',(0.464045788410959,0.259132322593375,19.173228362000000));
#7277=DIRECTION('',(0.0,0.0,1.0));
#7278=DIRECTION('',(-1.0,0.0,0.0));
#7279=AXIS2_PLACEMENT_3D('',#7276,#7277,#7278);
#7280=CYLINDRICAL_SURFACE('',#7279,0.039370078000000);
#7281=ORIENTED_EDGE('',*,*,#3180,.T.);
#7282=CARTESIAN_POINT('',(0.471773331135161,0.220528072501297,20.000000000000007));
#7283=DIRECTION('',(0.0,0.0,-1.0));
#7284=VECTOR('',#7283,0.787401560000006);
#7285=LINE('',#7282,#7284);
#7286=EDGE_CURVE('',#3165,#1418,#7285,.T.);
#7287=ORIENTED_EDGE('',*,*,#7286,.T.);
#7288=ORIENTED_EDGE('',*,*,#1424,.T.);
#7289=ORIENTED_EDGE('',*,*,#7268,.F.);
#7290=EDGE_LOOP('',(#7281,#7287,#7288,#7289));
#7291=FACE_OUTER_BOUND('',#7290,.T.);
#7292=ADVANCED_FACE('',(#7291),#7280,.F.);
#7293=CARTESIAN_POINT('',(0.425408079393678,0.452153573975328,19.173228362000000));
#7294=DIRECTION('',(0.0,0.0,1.0));
#7295=DIRECTION('',(-1.0,0.0,0.0));
#7296=AXIS2_PLACEMENT_3D('',#7293,#7294,#7295);
#7297=CYLINDRICAL_SURFACE('',#7296,0.236220468000002);
#7298=ORIENTED_EDGE('',*,*,#3171,.T.);
#7299=CARTESIAN_POINT('',(0.518784846920999,0.235172264208113,20.000000000000007));
#7300=DIRECTION('',(0.0,0.0,-1.0));
#7301=VECTOR('',#7300,0.787401560000006);
#7302=LINE('',#7299,#7301);
#7303=EDGE_CURVE('',#3156,#1427,#7302,.T.);
#7304=ORIENTED_EDGE('',*,*,#7303,.T.);
#7305=ORIENTED_EDGE('',*,*,#1433,.T.);
#7306=ORIENTED_EDGE('',*,*,#7286,.F.);
#7307=EDGE_LOOP('',(#7298,#7304,#7305,#7306));
#7308=FACE_OUTER_BOUND('',#7307,.T.);
#7309=ADVANCED_FACE('',(#7308),#7297,.F.);
#7310=CARTESIAN_POINT('',(0.543933176725974,0.176734605336444,19.173228362000000));
#7311=DIRECTION('',(0.0,0.0,1.0));
#7312=DIRECTION('',(-1.0,0.0,0.0));
#7313=AXIS2_PLACEMENT_3D('',#7310,#7311,#7312);
#7314=CYLINDRICAL_SURFACE('',#7313,0.063619167445692);
#7315=ORIENTED_EDGE('',*,*,#5988,.T.);
#7316=ORIENTED_EDGE('',*,*,#1442,.F.);
#7317=ORIENTED_EDGE('',*,*,#7303,.F.);
#7318=ORIENTED_EDGE('',*,*,#3162,.F.);
#7319=EDGE_LOOP('',(#7315,#7316,#7317,#7318));
#7320=FACE_OUTER_BOUND('',#7319,.T.);
#7321=ADVANCED_FACE('',(#7320),#7314,.T.);
#7322=CARTESIAN_POINT('',(0.543933178362159,0.176734600300789,19.173228362000000));
#7323=DIRECTION('',(0.0,0.0,1.0));
#7324=DIRECTION('',(-1.0,0.0,0.0));
#7325=AXIS2_PLACEMENT_3D('',#7322,#7323,#7324);
#7326=CYLINDRICAL_SURFACE('',#7325,0.063619167445692);
#7327=CARTESIAN_POINT('',(0.557936546233054,0.114675723782973,20.000000000000007));
#7328=DIRECTION('',(0.0,0.0,-1.0));
#7329=VECTOR('',#7328,0.787401560000006);
#7330=LINE('',#7327,#7329);
#7331=EDGE_CURVE('',#3129,#1454,#7330,.T.);
#7332=ORIENTED_EDGE('',*,*,#7331,.T.);
#7333=ORIENTED_EDGE('',*,*,#1460,.F.);
#7334=ORIENTED_EDGE('',*,*,#6061,.F.);
#7335=ORIENTED_EDGE('',*,*,#3144,.F.);
#7336=EDGE_LOOP('',(#7332,#7333,#7334,#7335));
#7337=FACE_OUTER_BOUND('',#7336,.T.);
#7338=ADVANCED_FACE('',(#7337),#7326,.T.);
#7339=CARTESIAN_POINT('',(0.609931568327918,-0.115751330139719,19.173228362000000));
#7340=DIRECTION('',(0.0,0.0,1.0));
#7341=DIRECTION('',(-1.0,0.0,0.0));
#7342=AXIS2_PLACEMENT_3D('',#7339,#7340,#7341);
#7343=CYLINDRICAL_SURFACE('',#7342,0.236220468000002);
#7344=ORIENTED_EDGE('',*,*,#3135,.T.);
#7345=CARTESIAN_POINT('',(0.511295791113970,0.098890448075840,20.000000000000007));
#7346=DIRECTION('',(0.0,0.0,-1.0));
#7347=VECTOR('',#7346,0.787401560000006);
#7348=LINE('',#7345,#7347);
#7349=EDGE_CURVE('',#3120,#1463,#7348,.T.);
#7350=ORIENTED_EDGE('',*,*,#7349,.T.);
#7351=ORIENTED_EDGE('',*,*,#1469,.T.);
#7352=ORIENTED_EDGE('',*,*,#7331,.F.);
#7353=EDGE_LOOP('',(#7344,#7350,#7351,#7352));
#7354=FACE_OUTER_BOUND('',#7353,.T.);
#7355=ADVANCED_FACE('',(#7354),#7343,.F.);
#7356=CARTESIAN_POINT('',(0.527735086605266,0.063116818046502,19.173228362000000));
#7357=DIRECTION('',(0.0,0.0,1.0));
#7358=DIRECTION('',(-1.0,0.0,0.0));
#7359=AXIS2_PLACEMENT_3D('',#7356,#7357,#7358);
#7360=CYLINDRICAL_SURFACE('',#7359,0.039370078000000);
#7361=ORIENTED_EDGE('',*,*,#406,.T.);
#7362=ORIENTED_EDGE('',*,*,#1476,.T.);
#7363=ORIENTED_EDGE('',*,*,#7349,.F.);
#7364=ORIENTED_EDGE('',*,*,#3126,.T.);
#7365=EDGE_LOOP('',(#7361,#7362,#7363,#7364));
#7366=FACE_OUTER_BOUND('',#7365,.T.);
#7367=ADVANCED_FACE('',(#7366),#7360,.F.);
#7368=CARTESIAN_POINT('',(0.0,0.0,19.173228362000000));
#7369=DIRECTION('',(0.0,0.0,1.0));
#7370=DIRECTION('',(-1.0,0.0,0.0));
#7371=AXIS2_PLACEMENT_3D('',#7368,#7369,#7370);
#7372=CYLINDRICAL_SURFACE('',#7371,0.492125975000004);
#7373=CARTESIAN_POINT('',(0.490116234393587,0.044430305575758,20.000000000000007));
#7374=DIRECTION('',(0.0,0.0,-1.0));
#7375=VECTOR('',#7374,0.787401560000006);
#7376=LINE('',#7373,#7375);
#7377=EDGE_CURVE('',#3103,#1480,#7376,.T.);
#7378=ORIENTED_EDGE('',*,*,#7377,.T.);
#7379=ORIENTED_EDGE('',*,*,#1486,.F.);
#7380=ORIENTED_EDGE('',*,*,#423,.F.);
#7381=ORIENTED_EDGE('',*,*,#3116,.F.);
#7382=EDGE_LOOP('',(#7378,#7379,#7380,#7381));
#7383=FACE_OUTER_BOUND('',#7382,.T.);
#7384=ADVANCED_FACE('',(#7383),#7372,.T.);
#7385=CARTESIAN_POINT('',(0.529325533145074,0.047984730021819,19.173228362000000));
#7386=DIRECTION('',(0.0,0.0,1.0));
#7387=DIRECTION('',(-1.0,0.0,0.0));
#7388=AXIS2_PLACEMENT_3D('',#7385,#7386,#7387);
#7389=CYLINDRICAL_SURFACE('',#7388,0.039370078000000);
#7390=ORIENTED_EDGE('',*,*,#3109,.T.);
#7391=CARTESIAN_POINT('',(0.520683231608597,0.009574917917635,20.000000000000007));
#7392=DIRECTION('',(0.0,0.0,-1.0));
#7393=VECTOR('',#7392,0.787401560000006);
#7394=LINE('',#7391,#7393);
#7395=EDGE_CURVE('',#3094,#1489,#7394,.T.);
#7396=ORIENTED_EDGE('',*,*,#7395,.T.);
#7397=ORIENTED_EDGE('',*,*,#1495,.T.);
#7398=ORIENTED_EDGE('',*,*,#7377,.F.);
#7399=EDGE_LOOP('',(#7390,#7396,#7397,#7398));
#7400=FACE_OUTER_BOUND('',#7399,.T.);
#7401=ADVANCED_FACE('',(#7400),#7389,.F.);
#7402=CARTESIAN_POINT('',(0.572537045408005,0.240033789512105,19.173228362000000));
#7403=DIRECTION('',(0.0,0.0,1.0));
#7404=DIRECTION('',(-1.0,0.0,0.0));
#7405=AXIS2_PLACEMENT_3D('',#7402,#7403,#7404);
#7406=CYLINDRICAL_SURFACE('',#7405,0.236220468000002);
#7407=ORIENTED_EDGE('',*,*,#3100,.T.);
#7408=CARTESIAN_POINT('',(0.569586717687035,0.003831746615607,20.000000000000007));
#7409=DIRECTION('',(0.0,0.0,-1.0));
#7410=VECTOR('',#7409,0.787401560000006);
#7411=LINE('',#7408,#7410);
#7412=EDGE_CURVE('',#3085,#1498,#7411,.T.);
#7413=ORIENTED_EDGE('',*,*,#7412,.T.);
#7414=ORIENTED_EDGE('',*,*,#1504,.T.);
#7415=ORIENTED_EDGE('',*,*,#7395,.F.);
#7416=EDGE_LOOP('',(#7407,#7413,#7414,#7415));
#7417=FACE_OUTER_BOUND('',#7416,.T.);
#7418=ADVANCED_FACE('',(#7417),#7406,.F.);
#7419=CARTESIAN_POINT('',(0.568792122948997,-0.059782458445710,19.173228362000000));
#7420=DIRECTION('',(0.0,0.0,1.0));
#7421=DIRECTION('',(-1.0,0.0,0.0));
#7422=AXIS2_PLACEMENT_3D('',#7419,#7420,#7421);
#7423=CYLINDRICAL_SURFACE('',#7422,0.063619167445692);
#7424=ORIENTED_EDGE('',*,*,#6038,.T.);
#7425=ORIENTED_EDGE('',*,*,#1513,.F.);
#7426=ORIENTED_EDGE('',*,*,#7412,.F.);
#7427=ORIENTED_EDGE('',*,*,#3091,.F.);
#7428=EDGE_LOOP('',(#7424,#7425,#7426,#7427));
#7429=FACE_OUTER_BOUND('',#7428,.T.);
#7430=ADVANCED_FACE('',(#7429),#7423,.T.);
#7431=CARTESIAN_POINT('',(0.568792122395540,-0.059782463711508,19.173228362000000));
#7432=DIRECTION('',(0.0,0.0,1.0));
#7433=DIRECTION('',(-1.0,0.0,0.0));
#7434=AXIS2_PLACEMENT_3D('',#7431,#7432,#7433);
#7435=CYLINDRICAL_SURFACE('',#7434,0.063619167445692);
#7436=CARTESIAN_POINT('',(0.556343216397780,-0.122171751300325,20.000000000000007));
#7437=DIRECTION('',(0.0,0.0,-1.0));
#7438=VECTOR('',#7437,0.787401560000006);
#7439=LINE('',#7436,#7438);
#7440=EDGE_CURVE('',#3058,#1524,#7439,.T.);
#7441=ORIENTED_EDGE('',*,*,#7440,.T.);
#7442=ORIENTED_EDGE('',*,*,#1530,.F.);
#7443=ORIENTED_EDGE('',*,*,#6111,.F.);
#7444=ORIENTED_EDGE('',*,*,#3073,.F.);
#7445=EDGE_LOOP('',(#7441,#7442,#7443,#7444));
#7446=FACE_OUTER_BOUND('',#7445,.T.);
#7447=ADVANCED_FACE('',(#7446),#7435,.T.);
#7448=CARTESIAN_POINT('',(0.510119906266207,-0.353825620472883,19.173228362000000));
#7449=DIRECTION('',(0.0,0.0,1.0));
#7450=DIRECTION('',(-1.0,0.0,0.0));
#7451=AXIS2_PLACEMENT_3D('',#7448,#7449,#7450);
#7452=CYLINDRICAL_SURFACE('',#7451,0.236220468000002);
#7453=ORIENTED_EDGE('',*,*,#3064,.T.);
#7454=CARTESIAN_POINT('',(0.507314316366578,-0.117621814052557,20.000000000000007));
#7455=DIRECTION('',(0.0,0.0,-1.0));
#7456=VECTOR('',#7455,0.787401560000006);
#7457=LINE('',#7454,#7456);
#7458=EDGE_CURVE('',#3049,#1533,#7457,.T.);
#7459=ORIENTED_EDGE('',*,*,#7458,.T.);
#7460=ORIENTED_EDGE('',*,*,#1539,.T.);
#7461=ORIENTED_EDGE('',*,*,#7440,.F.);
#7462=EDGE_LOOP('',(#7453,#7459,#7460,#7461));
#7463=FACE_OUTER_BOUND('',#7462,.T.);
#7464=ADVANCED_FACE('',(#7463),#7452,.F.);
#7465=CARTESIAN_POINT('',(0.507781913900724,-0.156989115131906,19.173228362000000));
#7466=DIRECTION('',(0.0,0.0,1.0));
#7467=DIRECTION('',(-1.0,0.0,0.0));
#7468=AXIS2_PLACEMENT_3D('',#7465,#7466,#7467);
#7469=CYLINDRICAL_SURFACE('',#7468,0.039370078000000);
#7470=ORIENTED_EDGE('',*,*,#3055,.T.);
#7471=CARTESIAN_POINT('',(0.470168441569495,-0.145360282821052,20.000000000000007));
#7472=DIRECTION('',(0.0,0.0,-1.0));
#7473=VECTOR('',#7472,0.787401560000006);
#7474=LINE('',#7471,#7473);
#7475=EDGE_CURVE('',#3040,#1542,#7474,.T.);
#7476=ORIENTED_EDGE('',*,*,#7475,.T.);
#7477=ORIENTED_EDGE('',*,*,#1548,.T.);
#7478=ORIENTED_EDGE('',*,*,#7458,.F.);
#7479=EDGE_LOOP('',(#7470,#7476,#7477,#7478));
#7480=FACE_OUTER_BOUND('',#7479,.T.);
#7481=ADVANCED_FACE('',(#7480),#7469,.F.);
#7482=CARTESIAN_POINT('',(0.0,0.0,19.173228362000000));
#7483=DIRECTION('',(0.0,0.0,1.0));
#7484=DIRECTION('',(-1.0,0.0,0.0));
#7485=AXIS2_PLACEMENT_3D('',#7482,#7483,#7484);
#7486=CYLINDRICAL_SURFACE('',#7485,0.492125975000004);
#7487=CARTESIAN_POINT('',(0.465814892987873,-0.158759128053793,20.000000000000007));
#7488=DIRECTION('',(0.0,0.0,-1.0));
#7489=VECTOR('',#7488,0.787401560000006);
#7490=LINE('',#7487,#7489);
#7491=EDGE_CURVE('',#3031,#1551,#7490,.T.);
#7492=ORIENTED_EDGE('',*,*,#7491,.T.);
#7493=ORIENTED_EDGE('',*,*,#1557,.F.);
#7494=ORIENTED_EDGE('',*,*,#7475,.F.);
#7495=ORIENTED_EDGE('',*,*,#3046,.F.);
#7496=EDGE_LOOP('',(#7492,#7493,#7494,#7495));
#7497=FACE_OUTER_BOUND('',#7496,.T.);
#7498=ADVANCED_FACE('',(#7497),#7486,.T.);
#7499=CARTESIAN_POINT('',(0.503080084426906,-0.171459858298096,19.173228362000000));
#7500=DIRECTION('',(0.0,0.0,1.0));
#7501=DIRECTION('',(-1.0,0.0,0.0));
#7502=AXIS2_PLACEMENT_3D('',#7499,#7500,#7501);
#7503=CYLINDRICAL_SURFACE('',#7502,0.039370078000000);
#7504=ORIENTED_EDGE('',*,*,#364,.T.);
#7505=ORIENTED_EDGE('',*,*,#1564,.T.);
#7506=ORIENTED_EDGE('',*,*,#7491,.F.);
#7507=ORIENTED_EDGE('',*,*,#3037,.T.);
#7508=EDGE_LOOP('',(#7504,#7505,#7506,#7507));
#7509=FACE_OUTER_BOUND('',#7508,.T.);
#7510=ADVANCED_FACE('',(#7509),#7503,.F.);
#7511=CARTESIAN_POINT('',(0.620669154935508,-0.013590017796280,19.173228362000000));
#7512=DIRECTION('',(0.0,0.0,1.0));
#7513=DIRECTION('',(-1.0,0.0,0.0));
#7514=AXIS2_PLACEMENT_3D('',#7511,#7512,#7513);
#7515=CYLINDRICAL_SURFACE('',#7514,0.236220468000002);
#7516=ORIENTED_EDGE('',*,*,#3027,.T.);
#7517=CARTESIAN_POINT('',(0.521901870432100,-0.228171314777063,20.000000000000007));
#7518=DIRECTION('',(0.0,0.0,-1.0));
#7519=VECTOR('',#7518,0.787401560000006);
#7520=LINE('',#7517,#7519);
#7521=EDGE_CURVE('',#3014,#1568,#7520,.T.);
#7522=ORIENTED_EDGE('',*,*,#7521,.T.);
#7523=ORIENTED_EDGE('',*,*,#1574,.T.);
#7524=ORIENTED_EDGE('',*,*,#381,.F.);
#7525=EDGE_LOOP('',(#7516,#7522,#7523,#7524));
#7526=FACE_OUTER_BOUND('',#7525,.T.);
#7527=ADVANCED_FACE('',(#7526),#7515,.F.);
#7528=CARTESIAN_POINT('',(0.495301743799918,-0.285962592056022,19.173228362000000));
#7529=DIRECTION('',(0.0,0.0,1.0));
#7530=DIRECTION('',(-1.0,0.0,0.0));
#7531=AXIS2_PLACEMENT_3D('',#7528,#7529,#7530);
#7532=CYLINDRICAL_SURFACE('',#7531,0.063619167445692);
#7533=ORIENTED_EDGE('',*,*,#6088,.T.);
#7534=ORIENTED_EDGE('',*,*,#1583,.F.);
#7535=ORIENTED_EDGE('',*,*,#7521,.F.);
#7536=ORIENTED_EDGE('',*,*,#3020,.F.);
#7537=EDGE_LOOP('',(#7533,#7534,#7535,#7536));
#7538=FACE_OUTER_BOUND('',#7537,.T.);
#7539=ADVANCED_FACE('',(#7538),#7532,.T.);
#7540=CARTESIAN_POINT('',(0.495301741152521,-0.285962596641452,19.173228362000000));
#7541=DIRECTION('',(0.0,0.0,1.0));
#7542=DIRECTION('',(-1.0,0.0,0.0));
#7543=AXIS2_PLACEMENT_3D('',#7540,#7541,#7542);
#7544=CYLINDRICAL_SURFACE('',#7543,0.063619167445692);
#7545=CARTESIAN_POINT('',(0.458553090227879,-0.337894620688280,20.000000000000007));
#7546=DIRECTION('',(0.0,0.0,-1.0));
#7547=VECTOR('',#7546,0.787401560000006);
#7548=LINE('',#7545,#7547);
#7549=EDGE_CURVE('',#2987,#1595,#7548,.T.);
#7550=ORIENTED_EDGE('',*,*,#7549,.T.);
#7551=ORIENTED_EDGE('',*,*,#1601,.F.);
#7552=ORIENTED_EDGE('',*,*,#6161,.F.);
#7553=ORIENTED_EDGE('',*,*,#3002,.F.);
#7554=EDGE_LOOP('',(#7550,#7551,#7552,#7553));
#7555=FACE_OUTER_BOUND('',#7554,.T.);
#7556=ADVANCED_FACE('',(#7555),#7544,.T.);
#7557=CARTESIAN_POINT('',(0.322103878117211,-0.530720246621436,19.173228362000000));
#7558=DIRECTION('',(0.0,0.0,1.0));
#7559=DIRECTION('',(-1.0,0.0,0.0));
#7560=AXIS2_PLACEMENT_3D('',#7557,#7558,#7559);
#7561=CYLINDRICAL_SURFACE('',#7560,0.236220468000002);
#7562=ORIENTED_EDGE('',*,*,#2993,.T.);
#7563=CARTESIAN_POINT('',(0.415613587513527,-0.313796195970632,20.000000000000007));
#7564=DIRECTION('',(0.0,0.0,-1.0));
#7565=VECTOR('',#7564,0.787401560000006);
#7566=LINE('',#7563,#7565);
#7567=EDGE_CURVE('',#2978,#1604,#7566,.T.);
#7568=ORIENTED_EDGE('',*,*,#7567,.T.);
#7569=ORIENTED_EDGE('',*,*,#1610,.T.);
#7570=ORIENTED_EDGE('',*,*,#7549,.F.);
#7571=EDGE_LOOP('',(#7562,#7568,#7569,#7570));
#7572=FACE_OUTER_BOUND('',#7571,.T.);
#7573=ADVANCED_FACE('',(#7572),#7561,.F.);
#7574=CARTESIAN_POINT('',(0.400028635228882,-0.349950204102670,19.173228362000000));
#7575=DIRECTION('',(0.0,0.0,1.0));
#7576=DIRECTION('',(-1.0,0.0,0.0));
#7577=AXIS2_PLACEMENT_3D('',#7574,#7575,#7576);
#7578=CYLINDRICAL_SURFACE('',#7577,0.039370078000000);
#7579=ORIENTED_EDGE('',*,*,#2984,.T.);
#7580=CARTESIAN_POINT('',(0.370396890651531,-0.324027959696973,20.000000000000007));
#7581=DIRECTION('',(0.0,0.0,-1.0));
#7582=VECTOR('',#7581,0.787401560000006);
#7583=LINE('',#7580,#7582);
#7584=EDGE_CURVE('',#2969,#1613,#7583,.T.);
#7585=ORIENTED_EDGE('',*,*,#7584,.T.);
#7586=ORIENTED_EDGE('',*,*,#1619,.T.);
#7587=ORIENTED_EDGE('',*,*,#7567,.F.);
#7588=EDGE_LOOP('',(#7579,#7585,#7586,#7587));
#7589=FACE_OUTER_BOUND('',#7588,.T.);
#7590=ADVANCED_FACE('',(#7589),#7578,.F.);
#7591=CARTESIAN_POINT('',(0.0,0.0,19.173228362000000));
#7592=DIRECTION('',(0.0,0.0,1.0));
#7593=DIRECTION('',(-1.0,0.0,0.0));
#7594=AXIS2_PLACEMENT_3D('',#7591,#7592,#7593);
#7595=CYLINDRICAL_SURFACE('',#7594,0.492125975000004);
#7596=CARTESIAN_POINT('',(0.360969924789106,-0.334497666161443,20.000000000000007));
#7597=DIRECTION('',(0.0,0.0,-1.0));
#7598=VECTOR('',#7597,0.787401560000006);
#7599=LINE('',#7596,#7598);
#7600=EDGE_CURVE('',#2960,#1622,#7599,.T.);
#7601=ORIENTED_EDGE('',*,*,#7600,.T.);
#7602=ORIENTED_EDGE('',*,*,#1628,.F.);
#7603=ORIENTED_EDGE('',*,*,#7584,.F.);
#7604=ORIENTED_EDGE('',*,*,#2975,.F.);
#7605=EDGE_LOOP('',(#7601,#7602,#7603,#7604));
#7606=FACE_OUTER_BOUND('',#7605,.T.);
#7607=ADVANCED_FACE('',(#7606),#7595,.T.);
#7608=CARTESIAN_POINT('',(0.389847518772234,-0.361257479454359,19.173228362000000));
#7609=DIRECTION('',(0.0,0.0,1.0));
#7610=DIRECTION('',(-1.0,0.0,0.0));
#7611=AXIS2_PLACEMENT_3D('',#7608,#7609,#7610);
#7612=CYLINDRICAL_SURFACE('',#7611,0.039370078000000);
#7613=ORIENTED_EDGE('',*,*,#322,.T.);
#7614=ORIENTED_EDGE('',*,*,#1635,.T.);
#7615=ORIENTED_EDGE('',*,*,#7600,.F.);
#7616=ORIENTED_EDGE('',*,*,#2966,.T.);
#7617=EDGE_LOOP('',(#7613,#7614,#7615,#7616));
#7618=FACE_OUTER_BOUND('',#7617,.T.);
#7619=ADVANCED_FACE('',(#7618),#7612,.F.);
#7620=CARTESIAN_POINT('',(0.561481928972412,-0.264863987566231,19.173228362000000));
#7621=DIRECTION('',(0.0,0.0,1.0));
#7622=DIRECTION('',(-1.0,0.0,0.0));
#7623=AXIS2_PLACEMENT_3D('',#7620,#7621,#7622);
#7624=CYLINDRICAL_SURFACE('',#7623,0.236220468000002);
#7625=ORIENTED_EDGE('',*,*,#2956,.T.);
#7626=CARTESIAN_POINT('',(0.383975448449806,-0.420721482973459,20.000000000000007));
#7627=DIRECTION('',(0.0,0.0,-1.0));
#7628=VECTOR('',#7627,0.787401560000006);
#7629=LINE('',#7626,#7628);
#7630=EDGE_CURVE('',#2943,#1639,#7629,.T.);
#7631=ORIENTED_EDGE('',*,*,#7630,.T.);
#7632=ORIENTED_EDGE('',*,*,#1645,.T.);
#7633=ORIENTED_EDGE('',*,*,#339,.F.);
#7634=EDGE_LOOP('',(#7625,#7631,#7632,#7633));
#7635=FACE_OUTER_BOUND('',#7634,.T.);
#7636=ADVANCED_FACE('',(#7635),#7624,.F.);
#7637=CARTESIAN_POINT('',(0.336169193472750,-0.462697195611253,19.173228362000000));
#7638=DIRECTION('',(0.0,0.0,1.0));
#7639=DIRECTION('',(-1.0,0.0,0.0));
#7640=AXIS2_PLACEMENT_3D('',#7637,#7638,#7639);
#7641=CYLINDRICAL_SURFACE('',#7640,0.063619167445692);
#7642=ORIENTED_EDGE('',*,*,#6138,.T.);
#7643=ORIENTED_EDGE('',*,*,#1654,.F.);
#7644=ORIENTED_EDGE('',*,*,#7630,.F.);
#7645=ORIENTED_EDGE('',*,*,#2949,.F.);
#7646=EDGE_LOOP('',(#7642,#7643,#7644,#7645));
#7647=FACE_OUTER_BOUND('',#7646,.T.);
#7648=ADVANCED_FACE('',(#7647),#7641,.T.);
#7649=CARTESIAN_POINT('',(0.336169189189170,-0.462697198723458,19.173228362000000));
#7650=DIRECTION('',(0.0,0.0,1.0));
#7651=DIRECTION('',(-1.0,0.0,0.0));
#7652=AXIS2_PLACEMENT_3D('',#7649,#7650,#7651);
#7653=CYLINDRICAL_SURFACE('',#7652,0.063619167445692);
#7654=CARTESIAN_POINT('',(0.281474968933536,-0.495192440482969,20.000000000000007));
#7655=DIRECTION('',(0.0,0.0,-1.0));
#7656=VECTOR('',#7655,0.787401560000006);
#7657=LINE('',#7654,#7656);
#7658=EDGE_CURVE('',#2916,#1666,#7657,.T.);
#7659=ORIENTED_EDGE('',*,*,#7658,.T.);
#7660=ORIENTED_EDGE('',*,*,#1672,.F.);
#7661=ORIENTED_EDGE('',*,*,#6206,.F.);
#7662=ORIENTED_EDGE('',*,*,#2931,.F.);
#7663=EDGE_LOOP('',(#7659,#7660,#7661,#7662));
#7664=FACE_OUTER_BOUND('',#7663,.T.);
#7665=ADVANCED_FACE('',(#7664),#7653,.T.);
#7666=CARTESIAN_POINT('',(0.078393163219871,-0.615848520687073,19.173228362000000));
#7667=DIRECTION('',(0.0,0.0,1.0));
#7668=DIRECTION('',(-1.0,0.0,0.0));
#7669=AXIS2_PLACEMENT_3D('',#7666,#7667,#7668);
#7670=CYLINDRICAL_SURFACE('',#7669,0.236220468000002);
#7671=ORIENTED_EDGE('',*,*,#2922,.T.);
#7672=CARTESIAN_POINT('',(0.252049493648476,-0.455712364856438,20.000000000000007));
#7673=DIRECTION('',(0.0,0.0,-1.0));
#7674=VECTOR('',#7673,0.787401560000006);
#7675=LINE('',#7672,#7674);
#7676=EDGE_CURVE('',#2907,#1675,#7675,.T.);
#7677=ORIENTED_EDGE('',*,*,#7676,.T.);
#7678=ORIENTED_EDGE('',*,*,#1681,.T.);
#7679=ORIENTED_EDGE('',*,*,#7658,.F.);
#7680=EDGE_LOOP('',(#7671,#7677,#7678,#7679));
#7681=FACE_OUTER_BOUND('',#7680,.T.);
#7682=ADVANCED_FACE('',(#7681),#7670,.F.);
#7683=CARTESIAN_POINT('',(0.223106771379903,-0.482401723586285,19.173228362000000));
#7684=DIRECTION('',(0.0,0.0,1.0));
#7685=DIRECTION('',(-1.0,0.0,0.0));
#7686=AXIS2_PLACEMENT_3D('',#7683,#7684,#7685);
#7687=CYLINDRICAL_SURFACE('',#7686,0.039370078000000);
#7688=ORIENTED_EDGE('',*,*,#2913,.T.);
#7689=CARTESIAN_POINT('',(0.206580335350760,-0.446668266520101,20.000000000000007));
#7690=DIRECTION('',(0.0,0.0,-1.0));
#7691=VECTOR('',#7690,0.787401560000006);
#7692=LINE('',#7689,#7691);
#7693=EDGE_CURVE('',#2898,#1684,#7692,.T.);
#7694=ORIENTED_EDGE('',*,*,#7693,.T.);
#7695=ORIENTED_EDGE('',*,*,#1690,.T.);
#7696=ORIENTED_EDGE('',*,*,#7676,.F.);
#7697=EDGE_LOOP('',(#7688,#7694,#7695,#7696));
#7698=FACE_OUTER_BOUND('',#7697,.T.);
#7699=ADVANCED_FACE('',(#7698),#7687,.F.);
#7700=CARTESIAN_POINT('',(0.0,0.0,19.173228362000000));
#7701=DIRECTION('',(0.0,0.0,1.0));
#7702=DIRECTION('',(-1.0,0.0,0.0));
#7703=AXIS2_PLACEMENT_3D('',#7700,#7701,#7702);
#7704=CYLINDRICAL_SURFACE('',#7703,0.492125975000004);
#7705=CARTESIAN_POINT('',(0.193709977285484,-0.452398518973884,20.000000000000007));
#7706=DIRECTION('',(0.0,0.0,-1.0));
#7707=VECTOR('',#7706,0.787401560000006);
#7708=LINE('',#7705,#7707);
#7709=EDGE_CURVE('',#2889,#1693,#7708,.T.);
#7710=ORIENTED_EDGE('',*,*,#7709,.T.);
#7711=ORIENTED_EDGE('',*,*,#1699,.F.);
#7712=ORIENTED_EDGE('',*,*,#7693,.F.);
#7713=ORIENTED_EDGE('',*,*,#2904,.F.);
#7714=EDGE_LOOP('',(#7710,#7711,#7712,#7713));
#7715=FACE_OUTER_BOUND('',#7714,.T.);
#7716=ADVANCED_FACE('',(#7715),#7704,.T.);
#7717=CARTESIAN_POINT('',(0.209206775468322,-0.488590400491792,19.173228362000000));
#7718=DIRECTION('',(0.0,0.0,1.0));
#7719=DIRECTION('',(-1.0,0.0,0.0));
#7720=AXIS2_PLACEMENT_3D('',#7717,#7718,#7719);
#7721=CYLINDRICAL_SURFACE('',#7720,0.039370078000000);
#7722=ORIENTED_EDGE('',*,*,#280,.T.);
#7723=ORIENTED_EDGE('',*,*,#1706,.T.);
#7724=ORIENTED_EDGE('',*,*,#7709,.F.);
#7725=ORIENTED_EDGE('',*,*,#2895,.T.);
#7726=EDGE_LOOP('',(#7722,#7723,#7724,#7725));
#7727=FACE_OUTER_BOUND('',#7726,.T.);
#7728=ADVANCED_FACE('',(#7727),#7721,.F.);
#7729=CARTESIAN_POINT('',(0.405209376586788,-0.470340567672204,19.173228362000000));
#7730=DIRECTION('',(0.0,0.0,1.0));
#7731=DIRECTION('',(-1.0,0.0,0.0));
#7732=AXIS2_PLACEMENT_3D('',#7729,#7730,#7731);
#7733=CYLINDRICAL_SURFACE('',#7732,0.236220468000002);
#7734=ORIENTED_EDGE('',*,*,#2885,.T.);
#7735=CARTESIAN_POINT('',(0.179656183123104,-0.540525084629062,20.000000000000007));
#7736=DIRECTION('',(0.0,0.0,-1.0));
#7737=VECTOR('',#7736,0.787401560000006);
#7738=LINE('',#7735,#7737);
#7739=EDGE_CURVE('',#2872,#1710,#7738,.T.);
#7740=ORIENTED_EDGE('',*,*,#7739,.T.);
#7741=ORIENTED_EDGE('',*,*,#1716,.T.);
#7742=ORIENTED_EDGE('',*,*,#297,.F.);
#7743=EDGE_LOOP('',(#7734,#7740,#7741,#7742));
#7744=FACE_OUTER_BOUND('',#7743,.T.);
#7745=ADVANCED_FACE('',(#7744),#7733,.F.);
#7746=CARTESIAN_POINT('',(0.118909935592904,-0.559427250573237,19.173228362000000));
#7747=DIRECTION('',(0.0,0.0,1.0));
#7748=DIRECTION('',(-1.0,0.0,0.0));
#7749=AXIS2_PLACEMENT_3D('',#7746,#7747,#7748);
#7750=CYLINDRICAL_SURFACE('',#7749,0.063619167445692);
#7751=ORIENTED_EDGE('',*,*,#238,.T.);
#7752=ORIENTED_EDGE('',*,*,#1723,.F.);
#7753=ORIENTED_EDGE('',*,*,#7739,.F.);
#7754=ORIENTED_EDGE('',*,*,#2878,.F.);
#7755=EDGE_LOOP('',(#7751,#7752,#7753,#7754));
#7756=FACE_OUTER_BOUND('',#7755,.T.);
#7757=ADVANCED_FACE('',(#7756),#7750,.T.);
#7758=CARTESIAN_POINT('',(0.118909930413807,-0.559427251674087,19.173228362000000));
#7759=DIRECTION('',(0.0,0.0,1.0));
#7760=DIRECTION('',(-1.0,0.0,0.0));
#7761=AXIS2_PLACEMENT_3D('',#7758,#7759,#7760);
#7762=CYLINDRICAL_SURFACE('',#7761,0.063619167445692);
#7763=CARTESIAN_POINT('',(0.055727268390768,-0.566866988636063,20.000000000000007));
#7764=DIRECTION('',(0.0,0.0,-1.0));
#7765=VECTOR('',#7764,0.787401560000006);
#7766=LINE('',#7763,#7765);
#7767=EDGE_CURVE('',#2846,#1736,#7766,.T.);
#7768=ORIENTED_EDGE('',*,*,#7767,.T.);
#7769=ORIENTED_EDGE('',*,*,#1742,.F.);
#7770=ORIENTED_EDGE('',*,*,#6256,.F.);
#7771=ORIENTED_EDGE('',*,*,#2861,.F.);
#7772=EDGE_LOOP('',(#7768,#7769,#7770,#7771));
#7773=FACE_OUTER_BOUND('',#7772,.T.);
#7774=ADVANCED_FACE('',(#7773),#7762,.T.);
#7775=CARTESIAN_POINT('',(-0.178872441777707,-0.594490990717732,19.173228362000000));
#7776=DIRECTION('',(0.0,0.0,1.0));
#7777=DIRECTION('',(-1.0,0.0,0.0));
#7778=AXIS2_PLACEMENT_3D('',#7775,#7776,#7777);
#7779=CYLINDRICAL_SURFACE('',#7778,0.236220468000002);
#7780=ORIENTED_EDGE('',*,*,#2852,.T.);
#7781=CARTESIAN_POINT('',(0.044903752533840,-0.518831725841704,20.000000000000007));
#7782=DIRECTION('',(0.0,0.0,-1.0));
#7783=VECTOR('',#7782,0.787401560000006);
#7784=LINE('',#7781,#7783);
#7785=EDGE_CURVE('',#2837,#1745,#7784,.T.);
#7786=ORIENTED_EDGE('',*,*,#7785,.T.);
#7787=ORIENTED_EDGE('',*,*,#1751,.T.);
#7788=ORIENTED_EDGE('',*,*,#7767,.F.);
#7789=EDGE_LOOP('',(#7780,#7786,#7787,#7788));
#7790=FACE_OUTER_BOUND('',#7789,.T.);
#7791=ADVANCED_FACE('',(#7790),#7779,.F.);
#7792=CARTESIAN_POINT('',(0.007607719897951,-0.531441602579753,19.173228362000000));
#7793=DIRECTION('',(0.0,0.0,1.0));
#7794=DIRECTION('',(-1.0,0.0,0.0));
#7795=AXIS2_PLACEMENT_3D('',#7792,#7793,#7794);
#7796=CYLINDRICAL_SURFACE('',#7795,0.039370078000000);
#7797=ORIENTED_EDGE('',*,*,#2843,.T.);
#7798=CARTESIAN_POINT('',(0.007044175705099,-0.492075558078574,20.000000000000007));
#7799=DIRECTION('',(0.0,0.0,-1.0));
#7800=VECTOR('',#7799,0.787401560000006);
#7801=LINE('',#7798,#7800);
#7802=EDGE_CURVE('',#2828,#1754,#7801,.T.);
#7803=ORIENTED_EDGE('',*,*,#7802,.T.);
#7804=ORIENTED_EDGE('',*,*,#1760,.T.);
#7805=ORIENTED_EDGE('',*,*,#7785,.F.);
#7806=EDGE_LOOP('',(#7797,#7803,#7804,#7805));
#7807=FACE_OUTER_BOUND('',#7806,.T.);
#7808=ADVANCED_FACE('',(#7807),#7796,.F.);
#7809=CARTESIAN_POINT('',(6.416641E-015,0.0,19.173228362000000));
#7810=DIRECTION('',(0.0,0.0,1.0));
#7811=DIRECTION('',(-1.0,0.0,0.0));
#7812=AXIS2_PLACEMENT_3D('',#7809,#7810,#7811);
#7813=CYLINDRICAL_SURFACE('',#7812,0.492125975000004);
#7814=CARTESIAN_POINT('',(-0.007044185090696,-0.492075557944216,20.000000000000007));
#7815=DIRECTION('',(0.0,0.0,-1.0));
#7816=VECTOR('',#7815,0.787401560000006);
#7817=LINE('',#7814,#7816);
#7818=EDGE_CURVE('',#2819,#1763,#7817,.T.);
#7819=ORIENTED_EDGE('',*,*,#7818,.T.);
#7820=ORIENTED_EDGE('',*,*,#1769,.F.);
#7821=ORIENTED_EDGE('',*,*,#7802,.F.);
#7822=ORIENTED_EDGE('',*,*,#2834,.F.);
#7823=EDGE_LOOP('',(#7819,#7820,#7821,#7822));
#7824=FACE_OUTER_BOUND('',#7823,.T.);
#7825=ADVANCED_FACE('',(#7824),#7813,.T.);
#7826=CARTESIAN_POINT('',(-0.007607719897951,-0.531441602579753,19.173228362000000));
#7827=DIRECTION('',(0.0,0.0,1.0));
#7828=DIRECTION('',(-1.0,0.0,0.0));
#7829=AXIS2_PLACEMENT_3D('',#7826,#7827,#7828);
#7830=CYLINDRICAL_SURFACE('',#7829,0.039370078000000);
#7831=ORIENTED_EDGE('',*,*,#2825,.T.);
#7832=CARTESIAN_POINT('',(-0.044903752533841,-0.518831725841704,20.000000000000007));
#7833=DIRECTION('',(0.0,0.0,-1.0));
#7834=VECTOR('',#7833,0.787401560000006);
#7835=LINE('',#7832,#7834);
#7836=EDGE_CURVE('',#2810,#1772,#7835,.T.);
#7837=ORIENTED_EDGE('',*,*,#7836,.T.);
#7838=ORIENTED_EDGE('',*,*,#1778,.T.);
#7839=ORIENTED_EDGE('',*,*,#7818,.F.);
#7840=EDGE_LOOP('',(#7831,#7837,#7838,#7839));
#7841=FACE_OUTER_BOUND('',#7840,.T.);
#7842=ADVANCED_FACE('',(#7841),#7830,.F.);
#7843=CARTESIAN_POINT('',(0.178872441777711,-0.594490990717736,19.173228362000000));
#7844=DIRECTION('',(0.0,0.0,1.0));
#7845=DIRECTION('',(-1.0,0.0,0.0));
#7846=AXIS2_PLACEMENT_3D('',#7843,#7844,#7845);
#7847=CYLINDRICAL_SURFACE('',#7846,0.236220468000002);
#7848=ORIENTED_EDGE('',*,*,#2816,.T.);
#7849=CARTESIAN_POINT('',(-0.055727268390768,-0.566866988636063,20.000000000000007));
#7850=DIRECTION('',(0.0,0.0,-1.0));
#7851=VECTOR('',#7850,0.787401560000006);
#7852=LINE('',#7849,#7851);
#7853=EDGE_CURVE('',#2801,#1781,#7852,.T.);
#7854=ORIENTED_EDGE('',*,*,#7853,.T.);
#7855=ORIENTED_EDGE('',*,*,#1787,.T.);
#7856=ORIENTED_EDGE('',*,*,#7836,.F.);
#7857=EDGE_LOOP('',(#7848,#7854,#7855,#7856));
#7858=FACE_OUTER_BOUND('',#7857,.T.);
#7859=ADVANCED_FACE('',(#7858),#7847,.F.);
#7860=CARTESIAN_POINT('',(-0.118909930413809,-0.559427251674087,19.173228362000000));
#7861=DIRECTION('',(0.0,0.0,1.0));
#7862=DIRECTION('',(-1.0,0.0,0.0));
#7863=AXIS2_PLACEMENT_3D('',#7860,#7861,#7862);
#7864=CYLINDRICAL_SURFACE('',#7863,0.063619167445692);
#7865=ORIENTED_EDGE('',*,*,#6233,.T.);
#7866=ORIENTED_EDGE('',*,*,#1796,.F.);
#7867=ORIENTED_EDGE('',*,*,#7853,.F.);
#7868=ORIENTED_EDGE('',*,*,#2807,.F.);
#7869=EDGE_LOOP('',(#7865,#7866,#7867,#7868));
#7870=FACE_OUTER_BOUND('',#7869,.T.);
#7871=ADVANCED_FACE('',(#7870),#7864,.T.);
#7872=CARTESIAN_POINT('',(-0.118909935592909,-0.559427250573237,19.173228362000000));
#7873=DIRECTION('',(0.0,0.0,1.0));
#7874=DIRECTION('',(-1.0,0.0,0.0));
#7875=AXIS2_PLACEMENT_3D('',#7872,#7873,#7874);
#7876=CYLINDRICAL_SURFACE('',#7875,0.063619167445692);
#7877=ORIENTED_EDGE('',*,*,#196,.T.);
#7878=ORIENTED_EDGE('',*,*,#2788,.F.);
#7879=CARTESIAN_POINT('',(-0.179656183123105,-0.540525084629062,20.000000000000007));
#7880=DIRECTION('',(0.0,0.0,-1.0));
#7881=VECTOR('',#7880,0.787401560000006);
#7882=LINE('',#7879,#7881);
#7883=EDGE_CURVE('',#2775,#1807,#7882,.T.);
#7884=ORIENTED_EDGE('',*,*,#7883,.T.);
#7885=ORIENTED_EDGE('',*,*,#1813,.F.);
#7886=EDGE_LOOP('',(#7877,#7878,#7884,#7885));
#7887=FACE_OUTER_BOUND('',#7886,.T.);
#7888=ADVANCED_FACE('',(#7887),#7876,.T.);
#7889=CARTESIAN_POINT('',(-0.405209376586811,-0.470340567672196,19.173228362000000));
#7890=DIRECTION('',(0.0,0.0,1.0));
#7891=DIRECTION('',(-1.0,0.0,0.0));
#7892=AXIS2_PLACEMENT_3D('',#7889,#7890,#7891);
#7893=CYLINDRICAL_SURFACE('',#7892,0.236220468000002);
#7894=ORIENTED_EDGE('',*,*,#2781,.T.);
#7895=ORIENTED_EDGE('',*,*,#171,.T.);
#7896=ORIENTED_EDGE('',*,*,#1820,.T.);
#7897=ORIENTED_EDGE('',*,*,#7883,.F.);
#7898=EDGE_LOOP('',(#7894,#7895,#7896,#7897));
#7899=FACE_OUTER_BOUND('',#7898,.T.);
#7900=ADVANCED_FACE('',(#7899),#7893,.F.);
#7901=CARTESIAN_POINT('',(-0.209206775468323,-0.488590400491792,19.173228362000000));
#7902=DIRECTION('',(0.0,0.0,1.0));
#7903=DIRECTION('',(-1.0,0.0,0.0));
#7904=AXIS2_PLACEMENT_3D('',#7901,#7902,#7903);
#7905=CYLINDRICAL_SURFACE('',#7904,0.039370078000000);
#7906=ORIENTED_EDGE('',*,*,#154,.T.);
#7907=ORIENTED_EDGE('',*,*,#2771,.T.);
#7908=CARTESIAN_POINT('',(-0.193709977285484,-0.452398518973884,20.000000000000007));
#7909=DIRECTION('',(0.0,0.0,-1.0));
#7910=VECTOR('',#7909,0.787401560000006);
#7911=LINE('',#7908,#7910);
#7912=EDGE_CURVE('',#2758,#1824,#7911,.T.);
#7913=ORIENTED_EDGE('',*,*,#7912,.T.);
#7914=ORIENTED_EDGE('',*,*,#1830,.T.);
#7915=EDGE_LOOP('',(#7906,#7907,#7913,#7914));
#7916=FACE_OUTER_BOUND('',#7915,.T.);
#7917=ADVANCED_FACE('',(#7916),#7905,.F.);
#7918=CARTESIAN_POINT('',(0.0,0.0,19.173228362000000));
#7919=DIRECTION('',(0.0,0.0,1.0));
#7920=DIRECTION('',(-1.0,0.0,0.0));
#7921=AXIS2_PLACEMENT_3D('',#7918,#7919,#7920);
#7922=CYLINDRICAL_SURFACE('',#7921,0.492125975000004);
#7923=CARTESIAN_POINT('',(-0.206580343870281,-0.446668262579892,20.000000000000007));
#7924=DIRECTION('',(0.0,0.0,-1.0));
#7925=VECTOR('',#7924,0.787401560000006);
#7926=LINE('',#7923,#7925);
#7927=EDGE_CURVE('',#2749,#1833,#7926,.T.);
#7928=ORIENTED_EDGE('',*,*,#7927,.T.);
#7929=ORIENTED_EDGE('',*,*,#1839,.F.);
#7930=ORIENTED_EDGE('',*,*,#7912,.F.);
#7931=ORIENTED_EDGE('',*,*,#2764,.F.);
#7932=EDGE_LOOP('',(#7928,#7929,#7930,#7931));
#7933=FACE_OUTER_BOUND('',#7932,.T.);
#7934=ADVANCED_FACE('',(#7933),#7922,.T.);
#7935=CARTESIAN_POINT('',(-0.223106771379904,-0.482401723586285,19.173228362000000));
#7936=DIRECTION('',(0.0,0.0,1.0));
#7937=DIRECTION('',(-1.0,0.0,0.0));
#7938=AXIS2_PLACEMENT_3D('',#7935,#7936,#7937);
#7939=CYLINDRICAL_SURFACE('',#7938,0.039370078000000);
#7940=ORIENTED_EDGE('',*,*,#2755,.T.);
#7941=CARTESIAN_POINT('',(-0.252049493648477,-0.455712364856442,20.000000000000007));
#7942=DIRECTION('',(0.0,0.0,-1.0));
#7943=VECTOR('',#7942,0.787401560000006);
#7944=LINE('',#7941,#7943);
#7945=EDGE_CURVE('',#2740,#1842,#7944,.T.);
#7946=ORIENTED_EDGE('',*,*,#7945,.T.);
#7947=ORIENTED_EDGE('',*,*,#1848,.T.);
#7948=ORIENTED_EDGE('',*,*,#7927,.F.);
#7949=EDGE_LOOP('',(#7940,#7946,#7947,#7948));
#7950=FACE_OUTER_BOUND('',#7949,.T.);
#7951=ADVANCED_FACE('',(#7950),#7939,.F.);
#7952=CARTESIAN_POINT('',(-0.078393163219884,-0.615848520687065,19.173228362000000));
#7953=DIRECTION('',(0.0,0.0,1.0));
#7954=DIRECTION('',(-1.0,0.0,0.0));
#7955=AXIS2_PLACEMENT_3D('',#7952,#7953,#7954);
#7956=CYLINDRICAL_SURFACE('',#7955,0.236220468000002);
#7957=ORIENTED_EDGE('',*,*,#2746,.T.);
#7958=CARTESIAN_POINT('',(-0.281474968933536,-0.495192440482969,20.000000000000007));
#7959=DIRECTION('',(0.0,0.0,-1.0));
#7960=VECTOR('',#7959,0.787401560000006);
#7961=LINE('',#7958,#7960);
#7962=EDGE_CURVE('',#2731,#1851,#7961,.T.);
#7963=ORIENTED_EDGE('',*,*,#7962,.T.);
#7964=ORIENTED_EDGE('',*,*,#1857,.T.);
#7965=ORIENTED_EDGE('',*,*,#7945,.F.);
#7966=EDGE_LOOP('',(#7957,#7963,#7964,#7965));
#7967=FACE_OUTER_BOUND('',#7966,.T.);
#7968=ADVANCED_FACE('',(#7967),#7956,.F.);
#7969=CARTESIAN_POINT('',(-0.336169189189172,-0.462697198723454,19.173228362000000));
#7970=DIRECTION('',(0.0,0.0,1.0));
#7971=DIRECTION('',(-1.0,0.0,0.0));
#7972=AXIS2_PLACEMENT_3D('',#7969,#7970,#7971);
#7973=CYLINDRICAL_SURFACE('',#7972,0.063619167445692);
#7974=ORIENTED_EDGE('',*,*,#6283,.T.);
#7975=ORIENTED_EDGE('',*,*,#1866,.F.);
#7976=ORIENTED_EDGE('',*,*,#7962,.F.);
#7977=ORIENTED_EDGE('',*,*,#2737,.F.);
#7978=EDGE_LOOP('',(#7974,#7975,#7976,#7977));
#7979=FACE_OUTER_BOUND('',#7978,.T.);
#7980=ADVANCED_FACE('',(#7979),#7973,.T.);
#7981=CLOSED_SHELL('',(#182,#224,#266,#308,#350,#392,#434,#476,#518,#572,#614,#656,#698,#740,#782,#824,#866,#908,#962,#1004,#1046,#1088,#1130,#1172,#1196,#1216,#2289,#3368,#3423,#3465,#3507,#3540,#3572,#3589,#3606,#3623,#3635,#3652,#3669,#3681,#3703,#3720,#3762,#3795,#3812,#3824,#3841,#3858,#3875,#3892,#3904,#3922,#3941,#3974,#4007,#4049,#4082,#4115,#4157,#4190,#4223,#4265,#4298,#4331,#4373,#4406,#4439,#4481,#4514,#4547,#4579,#4604,#4637,#4679,#4712,#4745,#4787,#4820,#4853,#4895,#4928,#4961,#5003,#5036,#5069,#5111,#5144,#5177,#5219,#5252,#5285,#5309,#5331,#5361,#5391,#5421,#5451,#5481,#5511,#5533,#5563,#5593,#5623,#5653,#5683,#5705,#5717,#5742,#5767,#5784,#5796,#5813,#5830,#5847,#5864,#5876,#5901,#5926,#5951,#5976,#6001,#6026,#6051,#6076,#6101,#6126,#6151,#6176,#6196,#6221,#6246,#6271,#6296,#6316,#6330,#6344,#6358,#6372,#6386,#6400,#6415,#6429,#6443,#6457,#6479,#6509,#6531,#6548,#6565,#6577,#6589,#6601,#6618,#6630,#6642,#6659,#6676,#6693,#6710,#6727,#6739,#6756,#6773,#6790,#6802,#6819,#6836,#6853,#6870,#6890,#6915,#6932,#6949,#6961,#6978,#6995,#7012,#7029,#7049,#7063,#7077,#7091,#7103,#7120,#7137,#7149,#7166,#7183,#7200,#7212,#7229,#7246,#7258,#7275,#7292,#7309,#7321,#7338,#7355,#7367,#7384,#7401,#7418,#7430,#7447,#7464,#7481,#7498,#7510,#7527,#7539,#7556,#7573,#7590,#7607,#7619,#7636,#7648,#7665,#7682,#7699,#7716,#7728,#7745,#7757,#7774,#7791,#7808,#7825,#7842,#7859,#7871,#7888,#7900,#7917,#7934,#7951,#7968,#7980));
#7982=MANIFOLD_SOLID_BREP('17B8F',#7981);
#7983=ADVANCED_BREP_SHAPE_REPRESENTATION('ABSR1',(#7982),#134);
#7984=SHAPE_REPRESENTATION_RELATIONSHIP('SRRPL1',' ',#7983,#138);
#7985=CARTESIAN_POINT('NONE',(0.0,0.0,-18.745098440000000));
#7986=DIRECTION('NONE',(0.0,0.0,1.0));
#7987=DIRECTION('NONE',(1.0,0.0,0.0));
#7988=AXIS2_PLACEMENT_3D('NONE',#7985,#7986,#7987);
#7989=ITEM_DEFINED_TRANSFORMATION('IDT1',' ',#126,#7988);
#7993=(REPRESENTATION_RELATIONSHIP(' ',' ',#138,#127)REPRESENTATION_RELATIONSHIP_WITH_TRANSFORMATION(#7989)SHAPE_REPRESENTATION_RELATIONSHIP());
#7994=NEXT_ASSEMBLY_USAGE_OCCURRENCE('NAUO1','_GEAKB2.0-15-20-A-12N_B','_GEAKB2.0-15-20-A-12N_B',#98,#137,$);
#7995=PRODUCT_DEFINITION_SHAPE('PDS_NAUO1',' ',#7994);
#7996=CONTEXT_DEPENDENT_SHAPE_REPRESENTATION(#7993,#7995);
#7997=CARTESIAN_POINT('NONE',(-1.500000000000000,0.0,-18.745098440000000));
#7998=DIRECTION('NONE',(0.0,0.0,1.0));
#7999=DIRECTION('NONE',(0.978147600733806,-0.207911690817759,0.0));
#8000=AXIS2_PLACEMENT_3D('NONE',#7997,#7998,#7999);
#8001=ITEM_DEFINED_TRANSFORMATION('IDT2',' ',#126,#8000);
#8005=(REPRESENTATION_RELATIONSHIP(' ',' ',#138,#127)REPRESENTATION_RELATIONSHIP_WITH_TRANSFORMATION(#8001)SHAPE_REPRESENTATION_RELATIONSHIP());
#8006=NEXT_ASSEMBLY_USAGE_OCCURRENCE('NAUO2','_GEAKB2.0-15-20-A-12N_B_1','_GEAKB2.0-15-20-A-12N_B_1',#98,#137,$);
#8007=PRODUCT_DEFINITION_SHAPE('PDS_NAUO2',' ',#8006);
#8008=CONTEXT_DEPENDENT_SHAPE_REPRESENTATION(#8005,#8007);
#8009=CARTESIAN_POINT('NONE',(-0.750000000000000,0.912283398950129,-18.745098440000000));
#8010=DIRECTION('NONE',(0.0,0.0,1.0));
#8011=DIRECTION('NONE',(0.978147600733806,-0.207911690817759,0.0));
#8012=AXIS2_PLACEMENT_3D('NONE',#8009,#8010,#8011);
#8013=ITEM_DEFINED_TRANSFORMATION('IDT3',' ',#126,#8012);
#8017=(REPRESENTATION_RELATIONSHIP(' ',' ',#138,#127)REPRESENTATION_RELATIONSHIP_WITH_TRANSFORMATION(#8013)SHAPE_REPRESENTATION_RELATIONSHIP());
#8018=NEXT_ASSEMBLY_USAGE_OCCURRENCE('NAUO3','_GEAKB2.0-15-20-A-12N_B_2','_GEAKB2.0-15-20-A-12N_B_2',#98,#137,$);
#8019=PRODUCT_DEFINITION_SHAPE('PDS_NAUO3',' ',#8018);
#8020=CONTEXT_DEPENDENT_SHAPE_REPRESENTATION(#8017,#8019);
#8025=(GEOMETRIC_REPRESENTATION_CONTEXT(3)GLOBAL_UNCERTAINTY_ASSIGNED_CONTEXT((#28))GLOBAL_UNIT_ASSIGNED_CONTEXT((#14,#18,#27))REPRESENTATION_CONTEXT('Component','Component'));
#8026=PRODUCT('LOWER PLATE','LOWER PLATE',' ',(#36));
#8027=PRODUCT_DEFINITION_FORMATION_WITH_SPECIFIED_SOURCE('None','None',#8026,.NOT_KNOWN.);
#8028=PRODUCT_DEFINITION('None','None',#8027,#97);
#8029=SHAPE_REPRESENTATION('SR3',(#126),#8025);
#8030=PRODUCT_DEFINITION_SHAPE('PDS3','Test Part',#8028);
#8031=SHAPE_DEFINITION_REPRESENTATION(#8030,#8029);
#8032=CARTESIAN_POINT('',(0.750000000000000,-0.662283398950129,-0.125000000000000));
#8033=DIRECTION('',(0.0,0.0,1.0));
#8034=DIRECTION('',(1.0,0.0,0.0));
#8035=AXIS2_PLACEMENT_3D('',#8032,#8033,#8034);
#8036=CYLINDRICAL_SURFACE('',#8035,0.227500000000000);
#8037=CARTESIAN_POINT('',(0.977500000000000,-0.662283398950129,0.405000000000000));
#8038=VERTEX_POINT('',#8037);
#8039=CARTESIAN_POINT('',(0.977500000000000,-0.662283398950129,1.475000000000000));
#8040=VERTEX_POINT('',#8039);
#8041=CARTESIAN_POINT('',(0.977500000000000,-0.662283398950129,0.405000000000000));
#8042=DIRECTION('',(0.0,0.0,1.0));
#8043=VECTOR('',#8042,1.070000000000000);
#8044=LINE('',#8041,#8043);
#8045=EDGE_CURVE('',#8038,#8040,#8044,.T.);
#8046=ORIENTED_EDGE('',*,*,#8045,.F.);
#8047=CARTESIAN_POINT('',(0.522500000000000,-0.662283398950129,0.405000000000000));
#8048=VERTEX_POINT('',#8047);
#8049=CARTESIAN_POINT('',(0.750000000000000,-0.662283398950129,0.405000000000000));
#8050=DIRECTION('',(0.0,0.0,1.0));
#8051=DIRECTION('',(1.0,0.0,0.0));
#8052=AXIS2_PLACEMENT_3D('',#8049,#8050,#8051);
#8053=CIRCLE('',#8052,0.227500000000000);
#8054=EDGE_CURVE('',#8038,#8048,#8053,.T.);
#8055=ORIENTED_EDGE('',*,*,#8054,.T.);
#8056=CARTESIAN_POINT('',(0.522500000000000,-0.662283398950129,1.475000000000000));
#8057=VERTEX_POINT('',#8056);
#8058=CARTESIAN_POINT('',(0.522500000000000,-0.662283398950129,1.475000000000000));
#8059=DIRECTION('',(0.0,0.0,-1.0));
#8060=VECTOR('',#8059,1.070000000000000);
#8061=LINE('',#8058,#8060);
#8062=EDGE_CURVE('',#8057,#8048,#8061,.T.);
#8063=ORIENTED_EDGE('',*,*,#8062,.F.);
#8064=CARTESIAN_POINT('',(0.750000000000000,-0.662283398950129,1.475000000000000));
#8065=DIRECTION('',(0.0,0.0,-1.0));
#8066=DIRECTION('',(1.0,0.0,0.0));
#8067=AXIS2_PLACEMENT_3D('',#8064,#8065,#8066);
#8068=CIRCLE('',#8067,0.227500000000000);
#8069=EDGE_CURVE('',#8057,#8040,#8068,.T.);
#8070=ORIENTED_EDGE('',*,*,#8069,.T.);
#8071=EDGE_LOOP('',(#8046,#8055,#8063,#8070));
#8072=FACE_OUTER_BOUND('',#8071,.T.);
#8073=ADVANCED_FACE('',(#8072),#8036,.T.);
#8074=CARTESIAN_POINT('',(-0.750000000000000,-0.662283398950129,-0.125000000000000));
#8075=DIRECTION('',(0.0,0.0,1.0));
#8076=DIRECTION('',(1.0,0.0,0.0));
#8077=AXIS2_PLACEMENT_3D('',#8074,#8075,#8076);
#8078=CYLINDRICAL_SURFACE('',#8077,0.227500000000000);
#8079=CARTESIAN_POINT('',(-0.522500000000000,-0.662283398950129,0.405000000000000));
#8080=VERTEX_POINT('',#8079);
#8081=CARTESIAN_POINT('',(-0.522500000000000,-0.662283398950129,1.475000000000000));
#8082=VERTEX_POINT('',#8081);
#8083=CARTESIAN_POINT('',(-0.522500000000000,-0.662283398950129,0.405000000000000));
#8084=DIRECTION('',(0.0,0.0,1.0));
#8085=VECTOR('',#8084,1.070000000000000);
#8086=LINE('',#8083,#8085);
#8087=EDGE_CURVE('',#8080,#8082,#8086,.T.);
#8088=ORIENTED_EDGE('',*,*,#8087,.F.);
#8089=CARTESIAN_POINT('',(-0.977500000000000,-0.662283398950129,0.405000000000000));
#8090=VERTEX_POINT('',#8089);
#8091=CARTESIAN_POINT('',(-0.750000000000000,-0.662283398950129,0.405000000000000));
#8092=DIRECTION('',(0.0,0.0,1.0));
#8093=DIRECTION('',(1.0,0.0,0.0));
#8094=AXIS2_PLACEMENT_3D('',#8091,#8092,#8093);
#8095=CIRCLE('',#8094,0.227500000000000);
#8096=EDGE_CURVE('',#8080,#8090,#8095,.T.);
#8097=ORIENTED_EDGE('',*,*,#8096,.T.);
#8098=CARTESIAN_POINT('',(-0.977500000000000,-0.662283398950129,1.475000000000000));
#8099=VERTEX_POINT('',#8098);
#8100=CARTESIAN_POINT('',(-0.977500000000000,-0.662283398950129,1.475000000000000));
#8101=DIRECTION('',(0.0,0.0,-1.0));
#8102=VECTOR('',#8101,1.070000000000000);
#8103=LINE('',#8100,#8102);
#8104=EDGE_CURVE('',#8099,#8090,#8103,.T.);
#8105=ORIENTED_EDGE('',*,*,#8104,.F.);
#8106=CARTESIAN_POINT('',(-0.750000000000000,-0.662283398950129,1.475000000000000));
#8107=DIRECTION('',(0.0,0.0,-1.0));
#8108=DIRECTION('',(1.0,0.0,0.0));
#8109=AXIS2_PLACEMENT_3D('',#8106,#8107,#8108);
#8110=CIRCLE('',#8109,0.227500000000000);
#8111=EDGE_CURVE('',#8099,#8082,#8110,.T.);
#8112=ORIENTED_EDGE('',*,*,#8111,.T.);
#8113=EDGE_LOOP('',(#8088,#8097,#8105,#8112));
#8114=FACE_OUTER_BOUND('',#8113,.T.);
#8115=ADVANCED_FACE('',(#8114),#8078,.T.);
#8116=CARTESIAN_POINT('',(-0.750000000000000,-0.662283398950129,-0.125000000000000));
#8117=DIRECTION('',(0.0,0.0,1.0));
#8118=DIRECTION('',(1.0,0.0,0.0));
#8119=AXIS2_PLACEMENT_3D('',#8116,#8117,#8118);
#8120=CYLINDRICAL_SURFACE('',#8119,0.375000000000000);
#8121=CARTESIAN_POINT('',(-0.375000000000000,-0.662283398950129,0.125000000000000));
#8122=VERTEX_POINT('',#8121);
#8123=CARTESIAN_POINT('',(-0.375000000000000,-0.662283398950129,0.405000000000000));
#8124=VERTEX_POINT('',#8123);
#8125=CARTESIAN_POINT('',(-0.375000000000000,-0.662283398950129,0.125000000000000));
#8126=DIRECTION('',(0.0,0.0,1.0));
#8127=VECTOR('',#8126,0.280000000000000);
#8128=LINE('',#8125,#8127);
#8129=EDGE_CURVE('',#8122,#8124,#8128,.T.);
#8130=ORIENTED_EDGE('',*,*,#8129,.F.);
#8131=CARTESIAN_POINT('',(-1.125000000000000,-0.662283398950129,0.125000000000000));
#8132=VERTEX_POINT('',#8131);
#8133=CARTESIAN_POINT('',(-0.750000000000000,-0.662283398950129,0.125000000000000));
#8134=DIRECTION('',(0.0,0.0,-1.0));
#8135=DIRECTION('',(1.0,0.0,0.0));
#8136=AXIS2_PLACEMENT_3D('',#8133,#8134,#8135);
#8137=CIRCLE('',#8136,0.375000000000000);
#8138=EDGE_CURVE('',#8132,#8122,#8137,.T.);
#8139=ORIENTED_EDGE('',*,*,#8138,.F.);
#8140=CARTESIAN_POINT('',(-1.125000000000000,-0.662283398950129,0.405000000000000));
#8141=VERTEX_POINT('',#8140);
#8142=CARTESIAN_POINT('',(-1.125000000000000,-0.662283398950129,0.405000000000000));
#8143=DIRECTION('',(0.0,0.0,-1.0));
#8144=VECTOR('',#8143,0.280000000000000);
#8145=LINE('',#8142,#8144);
#8146=EDGE_CURVE('',#8141,#8132,#8145,.T.);
#8147=ORIENTED_EDGE('',*,*,#8146,.F.);
#8148=CARTESIAN_POINT('',(-0.750000000000000,-0.662283398950129,0.405000000000000));
#8149=DIRECTION('',(0.0,0.0,-1.0));
#8150=DIRECTION('',(1.0,0.0,0.0));
#8151=AXIS2_PLACEMENT_3D('',#8148,#8149,#8150);
#8152=CIRCLE('',#8151,0.375000000000000);
#8153=EDGE_CURVE('',#8141,#8124,#8152,.T.);
#8154=ORIENTED_EDGE('',*,*,#8153,.T.);
#8155=EDGE_LOOP('',(#8130,#8139,#8147,#8154));
#8156=FACE_OUTER_BOUND('',#8155,.T.);
#8157=ADVANCED_FACE('',(#8156),#8120,.T.);
#8158=CARTESIAN_POINT('',(0.750000000000000,-0.662283398950129,-0.125000000000000));
#8159=DIRECTION('',(0.0,0.0,1.0));
#8160=DIRECTION('',(1.0,0.0,0.0));
#8161=AXIS2_PLACEMENT_3D('',#8158,#8159,#8160);
#8162=CYLINDRICAL_SURFACE('',#8161,0.375000000000000);
#8163=CARTESIAN_POINT('',(1.125000000000000,-0.662283398950129,0.125000000000000));
#8164=VERTEX_POINT('',#8163);
#8165=CARTESIAN_POINT('',(1.125000000000000,-0.662283398950129,0.405000000000000));
#8166=VERTEX_POINT('',#8165);
#8167=CARTESIAN_POINT('',(1.125000000000000,-0.662283398950129,0.125000000000000));
#8168=DIRECTION('',(0.0,0.0,1.0));
#8169=VECTOR('',#8168,0.280000000000000);
#8170=LINE('',#8167,#8169);
#8171=EDGE_CURVE('',#8164,#8166,#8170,.T.);
#8172=ORIENTED_EDGE('',*,*,#8171,.F.);
#8173=CARTESIAN_POINT('',(0.375000000000000,-0.662283398950129,0.125000000000000));
#8174=VERTEX_POINT('',#8173);
#8175=CARTESIAN_POINT('',(0.750000000000000,-0.662283398950129,0.125000000000000));
#8176=DIRECTION('',(0.0,0.0,-1.0));
#8177=DIRECTION('',(1.0,0.0,0.0));
#8178=AXIS2_PLACEMENT_3D('',#8175,#8176,#8177);
#8179=CIRCLE('',#8178,0.375000000000000);
#8180=EDGE_CURVE('',#8174,#8164,#8179,.T.);
#8181=ORIENTED_EDGE('',*,*,#8180,.F.);
#8182=CARTESIAN_POINT('',(0.375000000000000,-0.662283398950129,0.405000000000000));
#8183=VERTEX_POINT('',#8182);
#8184=CARTESIAN_POINT('',(0.375000000000000,-0.662283398950129,0.405000000000000));
#8185=DIRECTION('',(0.0,0.0,-1.0));
#8186=VECTOR('',#8185,0.280000000000000);
#8187=LINE('',#8184,#8186);
#8188=EDGE_CURVE('',#8183,#8174,#8187,.T.);
#8189=ORIENTED_EDGE('',*,*,#8188,.F.);
#8190=CARTESIAN_POINT('',(0.750000000000000,-0.662283398950129,0.405000000000000));
#8191=DIRECTION('',(0.0,0.0,-1.0));
#8192=DIRECTION('',(1.0,0.0,0.0));
#8193=AXIS2_PLACEMENT_3D('',#8190,#8191,#8192);
#8194=CIRCLE('',#8193,0.375000000000000);
#8195=EDGE_CURVE('',#8183,#8166,#8194,.T.);
#8196=ORIENTED_EDGE('',*,*,#8195,.T.);
#8197=EDGE_LOOP('',(#8172,#8181,#8189,#8196));
#8198=FACE_OUTER_BOUND('',#8197,.T.);
#8199=ADVANCED_FACE('',(#8198),#8162,.T.);
#8200=CARTESIAN_POINT('',(0.062500000000000,1.582437174633681,0.125000000000000));
#8201=DIRECTION('',(0.0,0.0,-1.0));
#8202=DIRECTION('',(1.0,0.0,0.0));
#8203=AXIS2_PLACEMENT_3D('',#8200,#8201,#8202);
#8204=CYLINDRICAL_SURFACE('',#8203,0.257500000000000);
#8205=CARTESIAN_POINT('',(0.320000000000000,1.582437174633681,-0.125000000000000));
#8206=VERTEX_POINT('',#8205);
#8207=CARTESIAN_POINT('',(0.320000000000000,1.582437174633681,0.125000000000000));
#8208=VERTEX_POINT('',#8207);
#8209=CARTESIAN_POINT('',(0.320000000000000,1.582437174633681,-0.125000000000000));
#8210=DIRECTION('',(0.0,0.0,1.0));
#8211=VECTOR('',#8210,0.250000000000000);
#8212=LINE('',#8209,#8211);
#8213=EDGE_CURVE('',#8206,#8208,#8212,.T.);
#8214=ORIENTED_EDGE('',*,*,#8213,.F.);
#8215=CARTESIAN_POINT('',(-0.195000000000000,1.582437174633681,-0.125000000000000));
#8216=VERTEX_POINT('',#8215);
#8217=CARTESIAN_POINT('',(0.062500000000000,1.582437174633681,-0.125000000000000));
#8218=DIRECTION('',(0.0,0.0,1.0));
#8219=DIRECTION('',(1.0,0.0,0.0));
#8220=AXIS2_PLACEMENT_3D('',#8217,#8218,#8219);
#8221=CIRCLE('',#8220,0.257500000000000);
#8222=EDGE_CURVE('',#8216,#8206,#8221,.T.);
#8223=ORIENTED_EDGE('',*,*,#8222,.F.);
#8224=CARTESIAN_POINT('',(-0.195000000000000,1.582437174633681,0.125000000000000));
#8225=VERTEX_POINT('',#8224);
#8226=CARTESIAN_POINT('',(-0.195000000000000,1.582437174633681,0.125000000000000));
#8227=DIRECTION('',(0.0,0.0,-1.0));
#8228=VECTOR('',#8227,0.250000000000000);
#8229=LINE('',#8226,#8228);
#8230=EDGE_CURVE('',#8225,#8216,#8229,.T.);
#8231=ORIENTED_EDGE('',*,*,#8230,.F.);
#8232=CARTESIAN_POINT('',(0.062500000000000,1.582437174633681,0.125000000000000));
#8233=DIRECTION('',(0.0,0.0,-1.0));
#8234=DIRECTION('',(1.0,0.0,0.0));
#8235=AXIS2_PLACEMENT_3D('',#8232,#8233,#8234);
#8236=CIRCLE('',#8235,0.257500000000000);
#8237=EDGE_CURVE('',#8208,#8225,#8236,.T.);
#8238=ORIENTED_EDGE('',*,*,#8237,.F.);
#8239=EDGE_LOOP('',(#8214,#8223,#8231,#8238));
#8240=FACE_OUTER_BOUND('',#8239,.T.);
#8241=ADVANCED_FACE('',(#8240),#8204,.F.);
#8242=CARTESIAN_POINT('',(0.062500000000000,1.582437174633681,0.125000000000000));
#8243=DIRECTION('',(0.0,0.0,-1.0));
#8244=DIRECTION('',(1.0,0.0,0.0));
#8245=AXIS2_PLACEMENT_3D('',#8242,#8243,#8244);
#8246=CYLINDRICAL_SURFACE('',#8245,0.257500000000000);
#8247=ORIENTED_EDGE('',*,*,#8213,.T.);
#8248=CARTESIAN_POINT('',(0.062500000000000,1.582437174633681,0.125000000000000));
#8249=DIRECTION('',(0.0,0.0,-1.0));
#8250=DIRECTION('',(1.0,0.0,0.0));
#8251=AXIS2_PLACEMENT_3D('',#8248,#8249,#8250);
#8252=CIRCLE('',#8251,0.257500000000000);
#8253=EDGE_CURVE('',#8225,#8208,#8252,.T.);
#8254=ORIENTED_EDGE('',*,*,#8253,.F.);
#8255=ORIENTED_EDGE('',*,*,#8230,.T.);
#8256=CARTESIAN_POINT('',(0.062500000000000,1.582437174633681,-0.125000000000000));
#8257=DIRECTION('',(0.0,0.0,1.0));
#8258=DIRECTION('',(1.0,0.0,0.0));
#8259=AXIS2_PLACEMENT_3D('',#8256,#8257,#8258);
#8260=CIRCLE('',#8259,0.257500000000000);
#8261=EDGE_CURVE('',#8206,#8216,#8260,.T.);
#8262=ORIENTED_EDGE('',*,*,#8261,.F.);
#8263=EDGE_LOOP('',(#8247,#8254,#8255,#8262));
#8264=FACE_OUTER_BOUND('',#8263,.T.);
#8265=ADVANCED_FACE('',(#8264),#8246,.F.);
#8266=CARTESIAN_POINT('',(0.760000000000000,4.440892E-016,0.125000000000000));
#8267=DIRECTION('',(-1.0,0.0,0.0));
#8268=DIRECTION('',(0.0,0.0,1.0));
#8269=AXIS2_PLACEMENT_3D('',#8266,#8267,#8268);
#8270=PLANE('',#8269);
#8271=CARTESIAN_POINT('',(0.760000000000000,4.440892E-016,0.285000000000000));
#8272=VERTEX_POINT('',#8271);
#8273=CARTESIAN_POINT('',(0.760000000000000,2.125000000000000,0.285000000000000));
#8274=VERTEX_POINT('',#8273);
#8275=CARTESIAN_POINT('',(0.760000000000000,4.440892E-016,0.285000000000000));
#8276=DIRECTION('',(0.0,1.0,0.0));
#8277=VECTOR('',#8276,2.125000000000000);
#8278=LINE('',#8275,#8277);
#8279=EDGE_CURVE('',#8272,#8274,#8278,.T.);
#8280=ORIENTED_EDGE('',*,*,#8279,.T.);
#8281=CARTESIAN_POINT('',(0.760000000000000,2.125000000000000,0.125000000000000));
#8282=VERTEX_POINT('',#8281);
#8283=CARTESIAN_POINT('',(0.760000000000000,2.125000000000000,0.125000000000000));
#8284=DIRECTION('',(0.0,0.0,1.0));
#8285=VECTOR('',#8284,0.160000000000000);
#8286=LINE('',#8283,#8285);
#8287=EDGE_CURVE('',#8282,#8274,#8286,.T.);
#8288=ORIENTED_EDGE('',*,*,#8287,.F.);
#8289=CARTESIAN_POINT('',(0.760000000000000,4.440892E-016,0.125000000000000));
#8290=VERTEX_POINT('',#8289);
#8291=CARTESIAN_POINT('',(0.760000000000000,4.440892E-016,0.125000000000000));
#8292=DIRECTION('',(0.0,1.0,0.0));
#8293=VECTOR('',#8292,2.125000000000000);
#8294=LINE('',#8291,#8293);
#8295=EDGE_CURVE('',#8290,#8282,#8294,.T.);
#8296=ORIENTED_EDGE('',*,*,#8295,.F.);
#8297=CARTESIAN_POINT('',(0.760000000000000,4.440892E-016,0.125000000000000));
#8298=DIRECTION('',(0.0,0.0,1.0));
#8299=VECTOR('',#8298,0.160000000000000);
#8300=LINE('',#8297,#8299);
#8301=EDGE_CURVE('',#8290,#8272,#8300,.T.);
#8302=ORIENTED_EDGE('',*,*,#8301,.T.);
#8303=EDGE_LOOP('',(#8280,#8288,#8296,#8302));
#8304=FACE_OUTER_BOUND('',#8303,.T.);
#8305=ADVANCED_FACE('',(#8304),#8270,.T.);
#8306=CARTESIAN_POINT('',(0.960000000000000,2.125000000000000,0.125000000000000));
#8307=DIRECTION('',(1.0,0.0,0.0));
#8308=DIRECTION('',(0.0,0.0,-1.0));
#8309=AXIS2_PLACEMENT_3D('',#8306,#8307,#8308);
#8310=PLANE('',#8309);
#8311=CARTESIAN_POINT('',(0.960000000000000,2.125000000000000,0.285000000000000));
#8312=VERTEX_POINT('',#8311);
#8313=CARTESIAN_POINT('',(0.960000000000000,0.100000000000001,0.285000000000000));
#8314=VERTEX_POINT('',#8313);
#8315=CARTESIAN_POINT('',(0.960000000000000,2.125000000000000,0.285000000000000));
#8316=DIRECTION('',(0.0,-1.0,0.0));
#8317=VECTOR('',#8316,2.025000000000000);
#8318=LINE('',#8315,#8317);
#8319=EDGE_CURVE('',#8312,#8314,#8318,.T.);
#8320=ORIENTED_EDGE('',*,*,#8319,.T.);
#8321=CARTESIAN_POINT('',(0.960000000000000,0.100000000000001,0.125000000000000));
#8322=VERTEX_POINT('',#8321);
#8323=CARTESIAN_POINT('',(0.960000000000000,0.100000000000001,0.125000000000000));
#8324=DIRECTION('',(0.0,0.0,1.0));
#8325=VECTOR('',#8324,0.160000000000000);
#8326=LINE('',#8323,#8325);
#8327=EDGE_CURVE('',#8322,#8314,#8326,.T.);
#8328=ORIENTED_EDGE('',*,*,#8327,.F.);
#8329=CARTESIAN_POINT('',(0.960000000000000,2.125000000000000,0.125000000000000));
#8330=VERTEX_POINT('',#8329);
#8331=CARTESIAN_POINT('',(0.960000000000000,2.125000000000000,0.125000000000000));
#8332=DIRECTION('',(0.0,-1.0,0.0));
#8333=VECTOR('',#8332,2.025000000000000);
#8334=LINE('',#8331,#8333);
#8335=EDGE_CURVE('',#8330,#8322,#8334,.T.);
#8336=ORIENTED_EDGE('',*,*,#8335,.F.);
#8337=CARTESIAN_POINT('',(0.960000000000000,2.125000000000000,0.125000000000000));
#8338=DIRECTION('',(0.0,0.0,1.0));
#8339=VECTOR('',#8338,0.160000000000000);
#8340=LINE('',#8337,#8339);
#8341=EDGE_CURVE('',#8330,#8312,#8340,.T.);
#8342=ORIENTED_EDGE('',*,*,#8341,.T.);
#8343=EDGE_LOOP('',(#8320,#8328,#8336,#8342));
#8344=FACE_OUTER_BOUND('',#8343,.T.);
#8345=ADVANCED_FACE('',(#8344),#8310,.T.);
#8346=CARTESIAN_POINT('',(0.960000000000000,0.100000000000001,0.125000000000000));
#8347=DIRECTION('',(0.707106781186547,-0.707106781186548,0.0));
#8348=DIRECTION('',(0.0,0.0,-1.0));
#8349=AXIS2_PLACEMENT_3D('',#8346,#8347,#8348);
#8350=PLANE('',#8349);
#8351=CARTESIAN_POINT('',(0.860000000000000,4.440892E-016,0.285000000000000));
#8352=VERTEX_POINT('',#8351);
#8353=CARTESIAN_POINT('',(0.960000000000000,0.100000000000001,0.285000000000000));
#8354=DIRECTION('',(-0.707106781186548,-0.707106781186547,0.0));
#8355=VECTOR('',#8354,0.141421356237310);
#8356=LINE('',#8353,#8355);
#8357=EDGE_CURVE('',#8314,#8352,#8356,.T.);
#8358=ORIENTED_EDGE('',*,*,#8357,.T.);
#8359=CARTESIAN_POINT('',(0.860000000000000,4.440892E-016,0.125000000000000));
#8360=VERTEX_POINT('',#8359);
#8361=CARTESIAN_POINT('',(0.860000000000000,4.440892E-016,0.125000000000000));
#8362=DIRECTION('',(0.0,0.0,1.0));
#8363=VECTOR('',#8362,0.160000000000000);
#8364=LINE('',#8361,#8363);
#8365=EDGE_CURVE('',#8360,#8352,#8364,.T.);
#8366=ORIENTED_EDGE('',*,*,#8365,.F.);
#8367=CARTESIAN_POINT('',(0.960000000000000,0.100000000000001,0.125000000000000));
#8368=DIRECTION('',(-0.707106781186548,-0.707106781186547,0.0));
#8369=VECTOR('',#8368,0.141421356237310);
#8370=LINE('',#8367,#8369);
#8371=EDGE_CURVE('',#8322,#8360,#8370,.T.);
#8372=ORIENTED_EDGE('',*,*,#8371,.F.);
#8373=ORIENTED_EDGE('',*,*,#8327,.T.);
#8374=EDGE_LOOP('',(#8358,#8366,#8372,#8373));
#8375=FACE_OUTER_BOUND('',#8374,.T.);
#8376=ADVANCED_FACE('',(#8375),#8350,.T.);
#8377=CARTESIAN_POINT('',(0.860000000000000,4.440892E-016,0.125000000000000));
#8378=DIRECTION('',(0.0,-1.0,0.0));
#8379=DIRECTION('',(0.0,0.0,-1.0));
#8380=AXIS2_PLACEMENT_3D('',#8377,#8378,#8379);
#8381=PLANE('',#8380);
#8382=CARTESIAN_POINT('',(0.860000000000000,4.440892E-016,0.285000000000000));
#8383=DIRECTION('',(-1.0,0.0,0.0));
#8384=VECTOR('',#8383,0.100000000000000);
#8385=LINE('',#8382,#8384);
#8386=EDGE_CURVE('',#8352,#8272,#8385,.T.);
#8387=ORIENTED_EDGE('',*,*,#8386,.T.);
#8388=ORIENTED_EDGE('',*,*,#8301,.F.);
#8389=CARTESIAN_POINT('',(0.860000000000000,4.440892E-016,0.125000000000000));
#8390=DIRECTION('',(-1.0,0.0,0.0));
#8391=VECTOR('',#8390,0.100000000000000);
#8392=LINE('',#8389,#8391);
#8393=EDGE_CURVE('',#8360,#8290,#8392,.T.);
#8394=ORIENTED_EDGE('',*,*,#8393,.F.);
#8395=ORIENTED_EDGE('',*,*,#8365,.T.);
#8396=EDGE_LOOP('',(#8387,#8388,#8394,#8395));
#8397=FACE_OUTER_BOUND('',#8396,.T.);
#8398=ADVANCED_FACE('',(#8397),#8381,.T.);
#8399=CARTESIAN_POINT('',(0.858273098552072,1.076506746891648,0.285000000000000));
#8400=DIRECTION('',(0.0,0.0,1.0));
#8401=DIRECTION('',(1.0,0.0,0.0));
#8402=AXIS2_PLACEMENT_3D('',#8399,#8400,#8401);
#8403=PLANE('',#8402);
#8404=ORIENTED_EDGE('',*,*,#8279,.F.);
#8405=ORIENTED_EDGE('',*,*,#8386,.F.);
#8406=ORIENTED_EDGE('',*,*,#8357,.F.);
#8407=ORIENTED_EDGE('',*,*,#8319,.F.);
#8408=CARTESIAN_POINT('',(0.760000000000000,2.125000000000000,0.285000000000000));
#8409=DIRECTION('',(1.0,0.0,0.0));
#8410=VECTOR('',#8409,0.200000000000000);
#8411=LINE('',#8408,#8410);
#8412=EDGE_CURVE('',#8274,#8312,#8411,.T.);
#8413=ORIENTED_EDGE('',*,*,#8412,.F.);
#8414=EDGE_LOOP('',(#8404,#8405,#8406,#8407,#8413));
#8415=FACE_OUTER_BOUND('',#8414,.T.);
#8416=ADVANCED_FACE('',(#8415),#8403,.T.);
#8417=CARTESIAN_POINT('',(-0.860000000000000,4.440892E-016,0.125000000000000));
#8418=DIRECTION('',(-0.707106781186548,-0.707106781186548,0.0));
#8419=DIRECTION('',(0.0,0.0,1.0));
#8420=AXIS2_PLACEMENT_3D('',#8417,#8418,#8419);
#8421=PLANE('',#8420);
#8422=CARTESIAN_POINT('',(-0.860000000000000,4.440892E-016,0.285000000000000));
#8423=VERTEX_POINT('',#8422);
#8424=CARTESIAN_POINT('',(-0.960000000000000,0.100000000000001,0.285000000000000));
#8425=VERTEX_POINT('',#8424);
#8426=CARTESIAN_POINT('',(-0.860000000000000,4.440892E-016,0.285000000000000));
#8427=DIRECTION('',(-0.707106781186547,0.707106781186547,0.0));
#8428=VECTOR('',#8427,0.141421356237310);
#8429=LINE('',#8426,#8428);
#8430=EDGE_CURVE('',#8423,#8425,#8429,.T.);
#8431=ORIENTED_EDGE('',*,*,#8430,.T.);
#8432=CARTESIAN_POINT('',(-0.960000000000000,0.100000000000001,0.125000000000000));
#8433=VERTEX_POINT('',#8432);
#8434=CARTESIAN_POINT('',(-0.960000000000000,0.100000000000001,0.125000000000000));
#8435=DIRECTION('',(0.0,0.0,1.0));
#8436=VECTOR('',#8435,0.160000000000000);
#8437=LINE('',#8434,#8436);
#8438=EDGE_CURVE('',#8433,#8425,#8437,.T.);
#8439=ORIENTED_EDGE('',*,*,#8438,.F.);
#8440=CARTESIAN_POINT('',(-0.860000000000000,4.440892E-016,0.125000000000000));
#8441=VERTEX_POINT('',#8440);
#8442=CARTESIAN_POINT('',(-0.860000000000000,4.440892E-016,0.125000000000000));
#8443=DIRECTION('',(-0.707106781186547,0.707106781186547,0.0));
#8444=VECTOR('',#8443,0.141421356237310);
#8445=LINE('',#8442,#8444);
#8446=EDGE_CURVE('',#8441,#8433,#8445,.T.);
#8447=ORIENTED_EDGE('',*,*,#8446,.F.);
#8448=CARTESIAN_POINT('',(-0.860000000000000,4.440892E-016,0.125000000000000));
#8449=DIRECTION('',(0.0,0.0,1.0));
#8450=VECTOR('',#8449,0.160000000000000);
#8451=LINE('',#8448,#8450);
#8452=EDGE_CURVE('',#8441,#8423,#8451,.T.);
#8453=ORIENTED_EDGE('',*,*,#8452,.T.);
#8454=EDGE_LOOP('',(#8431,#8439,#8447,#8453));
#8455=FACE_OUTER_BOUND('',#8454,.T.);
#8456=ADVANCED_FACE('',(#8455),#8421,.T.);
#8457=CARTESIAN_POINT('',(-0.960000000000000,0.100000000000001,0.125000000000000));
#8458=DIRECTION('',(-1.0,0.0,0.0));
#8459=DIRECTION('',(0.0,0.0,1.0));
#8460=AXIS2_PLACEMENT_3D('',#8457,#8458,#8459);
#8461=PLANE('',#8460);
#8462=CARTESIAN_POINT('',(-0.960000000000000,2.125000000000000,0.285000000000000));
#8463=VERTEX_POINT('',#8462);
#8464=CARTESIAN_POINT('',(-0.960000000000000,0.100000000000001,0.285000000000000));
#8465=DIRECTION('',(0.0,1.0,0.0));
#8466=VECTOR('',#8465,2.025000000000000);
#8467=LINE('',#8464,#8466);
#8468=EDGE_CURVE('',#8425,#8463,#8467,.T.);
#8469=ORIENTED_EDGE('',*,*,#8468,.T.);
#8470=CARTESIAN_POINT('',(-0.960000000000000,2.125000000000000,0.125000000000000));
#8471=VERTEX_POINT('',#8470);
#8472=CARTESIAN_POINT('',(-0.960000000000000,2.125000000000000,0.125000000000000));
#8473=DIRECTION('',(0.0,0.0,1.0));
#8474=VECTOR('',#8473,0.160000000000000);
#8475=LINE('',#8472,#8474);
#8476=EDGE_CURVE('',#8471,#8463,#8475,.T.);
#8477=ORIENTED_EDGE('',*,*,#8476,.F.);
#8478=CARTESIAN_POINT('',(-0.960000000000000,0.100000000000001,0.125000000000000));
#8479=DIRECTION('',(0.0,1.0,0.0));
#8480=VECTOR('',#8479,2.025000000000000);
#8481=LINE('',#8478,#8480);
#8482=EDGE_CURVE('',#8433,#8471,#8481,.T.);
#8483=ORIENTED_EDGE('',*,*,#8482,.F.);
#8484=ORIENTED_EDGE('',*,*,#8438,.T.);
#8485=EDGE_LOOP('',(#8469,#8477,#8483,#8484));
#8486=FACE_OUTER_BOUND('',#8485,.T.);
#8487=ADVANCED_FACE('',(#8486),#8461,.T.);
#8488=CARTESIAN_POINT('',(-0.760000000000000,2.125000000000000,0.125000000000000));
#8489=DIRECTION('',(1.0,0.0,0.0));
#8490=DIRECTION('',(0.0,0.0,-1.0));
#8491=AXIS2_PLACEMENT_3D('',#8488,#8489,#8490);
#8492=PLANE('',#8491);
#8493=CARTESIAN_POINT('',(-0.760000000000000,2.125000000000000,0.285000000000000));
#8494=VERTEX_POINT('',#8493);
#8495=CARTESIAN_POINT('',(-0.760000000000000,4.440892E-016,0.285000000000000));
#8496=VERTEX_POINT('',#8495);
#8497=CARTESIAN_POINT('',(-0.760000000000000,2.125000000000000,0.285000000000000));
#8498=DIRECTION('',(0.0,-1.0,0.0));
#8499=VECTOR('',#8498,2.125000000000000);
#8500=LINE('',#8497,#8499);
#8501=EDGE_CURVE('',#8494,#8496,#8500,.T.);
#8502=ORIENTED_EDGE('',*,*,#8501,.T.);
#8503=CARTESIAN_POINT('',(-0.760000000000000,4.440892E-016,0.125000000000000));
#8504=VERTEX_POINT('',#8503);
#8505=CARTESIAN_POINT('',(-0.760000000000000,4.440892E-016,0.125000000000000));
#8506=DIRECTION('',(0.0,0.0,1.0));
#8507=VECTOR('',#8506,0.160000000000000);
#8508=LINE('',#8505,#8507);
#8509=EDGE_CURVE('',#8504,#8496,#8508,.T.);
#8510=ORIENTED_EDGE('',*,*,#8509,.F.);
#8511=CARTESIAN_POINT('',(-0.760000000000000,2.125000000000000,0.125000000000000));
#8512=VERTEX_POINT('',#8511);
#8513=CARTESIAN_POINT('',(-0.760000000000000,2.125000000000000,0.125000000000000));
#8514=DIRECTION('',(0.0,-1.0,0.0));
#8515=VECTOR('',#8514,2.125000000000000);
#8516=LINE('',#8513,#8515);
#8517=EDGE_CURVE('',#8512,#8504,#8516,.T.);
#8518=ORIENTED_EDGE('',*,*,#8517,.F.);
#8519=CARTESIAN_POINT('',(-0.760000000000000,2.125000000000000,0.125000000000000));
#8520=DIRECTION('',(0.0,0.0,1.0));
#8521=VECTOR('',#8520,0.160000000000000);
#8522=LINE('',#8519,#8521);
#8523=EDGE_CURVE('',#8512,#8494,#8522,.T.);
#8524=ORIENTED_EDGE('',*,*,#8523,.T.);
#8525=EDGE_LOOP('',(#8502,#8510,#8518,#8524));
#8526=FACE_OUTER_BOUND('',#8525,.T.);
#8527=ADVANCED_FACE('',(#8526),#8492,.T.);
#8528=CARTESIAN_POINT('',(-0.760000000000000,4.440892E-016,0.125000000000000));
#8529=DIRECTION('',(0.0,-1.0,0.0));
#8530=DIRECTION('',(0.0,0.0,-1.0));
#8531=AXIS2_PLACEMENT_3D('',#8528,#8529,#8530);
#8532=PLANE('',#8531);
#8533=CARTESIAN_POINT('',(-0.760000000000000,4.440892E-016,0.285000000000000));
#8534=DIRECTION('',(-1.0,0.0,0.0));
#8535=VECTOR('',#8534,0.100000000000000);
#8536=LINE('',#8533,#8535);
#8537=EDGE_CURVE('',#8496,#8423,#8536,.T.);
#8538=ORIENTED_EDGE('',*,*,#8537,.T.);
#8539=ORIENTED_EDGE('',*,*,#8452,.F.);
#8540=CARTESIAN_POINT('',(-0.760000000000000,4.440892E-016,0.125000000000000));
#8541=DIRECTION('',(-1.0,0.0,0.0));
#8542=VECTOR('',#8541,0.100000000000000);
#8543=LINE('',#8540,#8542);
#8544=EDGE_CURVE('',#8504,#8441,#8543,.T.);
#8545=ORIENTED_EDGE('',*,*,#8544,.F.);
#8546=ORIENTED_EDGE('',*,*,#8509,.T.);
#8547=EDGE_LOOP('',(#8538,#8539,#8545,#8546));
#8548=FACE_OUTER_BOUND('',#8547,.T.);
#8549=ADVANCED_FACE('',(#8548),#8532,.T.);
#8550=CARTESIAN_POINT('',(-0.858273098552072,1.076506746891648,0.285000000000000));
#8551=DIRECTION('',(0.0,0.0,1.0));
#8552=DIRECTION('',(1.0,0.0,0.0));
#8553=AXIS2_PLACEMENT_3D('',#8550,#8551,#8552);
#8554=PLANE('',#8553);
#8555=ORIENTED_EDGE('',*,*,#8430,.F.);
#8556=ORIENTED_EDGE('',*,*,#8537,.F.);
#8557=ORIENTED_EDGE('',*,*,#8501,.F.);
#8558=CARTESIAN_POINT('',(-0.960000000000000,2.125000000000000,0.285000000000000));
#8559=DIRECTION('',(1.0,0.0,0.0));
#8560=VECTOR('',#8559,0.200000000000000);
#8561=LINE('',#8558,#8560);
#8562=EDGE_CURVE('',#8463,#8494,#8561,.T.);
#8563=ORIENTED_EDGE('',*,*,#8562,.F.);
#8564=ORIENTED_EDGE('',*,*,#8468,.F.);
#8565=EDGE_LOOP('',(#8555,#8556,#8557,#8563,#8564));
#8566=FACE_OUTER_BOUND('',#8565,.T.);
#8567=ADVANCED_FACE('',(#8566),#8554,.T.);
#8568=CARTESIAN_POINT('',(-9.277738E-017,0.375000000000000,0.125000000000000));
#8569=DIRECTION('',(0.0,0.0,1.0));
#8570=DIRECTION('',(1.0,0.0,0.0));
#8571=AXIS2_PLACEMENT_3D('',#8568,#8569,#8570);
#8572=PLANE('',#8571);
#8573=ORIENTED_EDGE('',*,*,#8335,.T.);
#8574=ORIENTED_EDGE('',*,*,#8371,.T.);
#8575=ORIENTED_EDGE('',*,*,#8393,.T.);
#8576=ORIENTED_EDGE('',*,*,#8295,.T.);
#8577=CARTESIAN_POINT('',(-0.760000000000000,2.125000000000000,0.125000000000000));
#8578=DIRECTION('',(1.0,0.0,0.0));
#8579=VECTOR('',#8578,1.520000000000000);
#8580=LINE('',#8577,#8579);
#8581=EDGE_CURVE('',#8512,#8282,#8580,.T.);
#8582=ORIENTED_EDGE('',*,*,#8581,.F.);
#8583=ORIENTED_EDGE('',*,*,#8517,.T.);
#8584=ORIENTED_EDGE('',*,*,#8544,.T.);
#8585=ORIENTED_EDGE('',*,*,#8446,.T.);
#8586=ORIENTED_EDGE('',*,*,#8482,.T.);
#8587=CARTESIAN_POINT('',(-1.500000000000000,2.125000000000000,0.125000000000000));
#8588=VERTEX_POINT('',#8587);
#8589=CARTESIAN_POINT('',(-1.500000000000000,2.125000000000000,0.125000000000000));
#8590=DIRECTION('',(1.0,0.0,0.0));
#8591=VECTOR('',#8590,0.540000000000000);
#8592=LINE('',#8589,#8591);
#8593=EDGE_CURVE('',#8588,#8471,#8592,.T.);
#8594=ORIENTED_EDGE('',*,*,#8593,.F.);
#8595=CARTESIAN_POINT('',(-1.500000000000000,-1.375000000000000,0.125000000000000));
#8596=VERTEX_POINT('',#8595);
#8597=CARTESIAN_POINT('',(-1.500000000000000,-1.375000000000000,0.125000000000000));
#8598=DIRECTION('',(0.0,1.0,0.0));
#8599=VECTOR('',#8598,3.500000000000000);
#8600=LINE('',#8597,#8599);
#8601=EDGE_CURVE('',#8596,#8588,#8600,.T.);
#8602=ORIENTED_EDGE('',*,*,#8601,.F.);
#8603=CARTESIAN_POINT('',(1.500000000000000,-1.375000000000000,0.125000000000000));
#8604=VERTEX_POINT('',#8603);
#8605=CARTESIAN_POINT('',(1.500000000000000,-1.375000000000000,0.125000000000000));
#8606=DIRECTION('',(-1.0,0.0,0.0));
#8607=VECTOR('',#8606,3.000000000000000);
#8608=LINE('',#8605,#8607);
#8609=EDGE_CURVE('',#8604,#8596,#8608,.T.);
#8610=ORIENTED_EDGE('',*,*,#8609,.F.);
#8611=CARTESIAN_POINT('',(1.500000000000000,2.125000000000000,0.125000000000000));
#8612=VERTEX_POINT('',#8611);
#8613=CARTESIAN_POINT('',(1.500000000000000,2.125000000000000,0.125000000000000));
#8614=DIRECTION('',(0.0,-1.0,0.0));
#8615=VECTOR('',#8614,3.500000000000000);
#8616=LINE('',#8613,#8615);
#8617=EDGE_CURVE('',#8612,#8604,#8616,.T.);
#8618=ORIENTED_EDGE('',*,*,#8617,.F.);
#8619=CARTESIAN_POINT('',(0.960000000000000,2.125000000000000,0.125000000000000));
#8620=DIRECTION('',(1.0,0.0,0.0));
#8621=VECTOR('',#8620,0.540000000000000);
#8622=LINE('',#8619,#8621);
#8623=EDGE_CURVE('',#8330,#8612,#8622,.T.);
#8624=ORIENTED_EDGE('',*,*,#8623,.F.);
#8625=EDGE_LOOP('',(#8573,#8574,#8575,#8576,#8582,#8583,#8584,#8585,#8586,#8594,#8602,#8610,#8618,#8624));
#8626=FACE_OUTER_BOUND('',#8625,.T.);
#8627=ORIENTED_EDGE('',*,*,#8253,.T.);
#8628=ORIENTED_EDGE('',*,*,#8237,.T.);
#8629=EDGE_LOOP('',(#8627,#8628));
#8630=FACE_BOUND('',#8629,.T.);
#8631=ORIENTED_EDGE('',*,*,#8138,.T.);
#8632=CARTESIAN_POINT('',(-0.750000000000000,-0.662283398950129,0.125000000000000));
#8633=DIRECTION('',(0.0,0.0,-1.0));
#8634=DIRECTION('',(1.0,0.0,0.0));
#8635=AXIS2_PLACEMENT_3D('',#8632,#8633,#8634);
#8636=CIRCLE('',#8635,0.375000000000000);
#8637=EDGE_CURVE('',#8122,#8132,#8636,.T.);
#8638=ORIENTED_EDGE('',*,*,#8637,.T.);
#8639=EDGE_LOOP('',(#8631,#8638));
#8640=FACE_BOUND('',#8639,.T.);
#8641=ORIENTED_EDGE('',*,*,#8180,.T.);
#8642=CARTESIAN_POINT('',(0.750000000000000,-0.662283398950129,0.125000000000000));
#8643=DIRECTION('',(0.0,0.0,-1.0));
#8644=DIRECTION('',(1.0,0.0,0.0));
#8645=AXIS2_PLACEMENT_3D('',#8642,#8643,#8644);
#8646=CIRCLE('',#8645,0.375000000000000);
#8647=EDGE_CURVE('',#8164,#8174,#8646,.T.);
#8648=ORIENTED_EDGE('',*,*,#8647,.T.);
#8649=EDGE_LOOP('',(#8641,#8648));
#8650=FACE_BOUND('',#8649,.T.);
#8651=ADVANCED_FACE('',(#8626,#8630,#8640,#8650),#8572,.T.);
#8652=CARTESIAN_POINT('',(0.750000000000000,-0.662283398950129,-0.125000000000000));
#8653=DIRECTION('',(0.0,0.0,1.0));
#8654=DIRECTION('',(1.0,0.0,0.0));
#8655=AXIS2_PLACEMENT_3D('',#8652,#8653,#8654);
#8656=CYLINDRICAL_SURFACE('',#8655,0.375000000000000);
#8657=ORIENTED_EDGE('',*,*,#8171,.T.);
#8658=CARTESIAN_POINT('',(0.750000000000000,-0.662283398950129,0.405000000000000));
#8659=DIRECTION('',(0.0,0.0,-1.0));
#8660=DIRECTION('',(1.0,0.0,0.0));
#8661=AXIS2_PLACEMENT_3D('',#8658,#8659,#8660);
#8662=CIRCLE('',#8661,0.375000000000000);
#8663=EDGE_CURVE('',#8166,#8183,#8662,.T.);
#8664=ORIENTED_EDGE('',*,*,#8663,.T.);
#8665=ORIENTED_EDGE('',*,*,#8188,.T.);
#8666=ORIENTED_EDGE('',*,*,#8647,.F.);
#8667=EDGE_LOOP('',(#8657,#8664,#8665,#8666));
#8668=FACE_OUTER_BOUND('',#8667,.T.);
#8669=ADVANCED_FACE('',(#8668),#8656,.T.);
#8670=CARTESIAN_POINT('',(0.750000000000000,-0.662283398950129,0.405000000000000));
#8671=DIRECTION('',(0.0,0.0,1.0));
#8672=DIRECTION('',(1.0,0.0,0.0));
#8673=AXIS2_PLACEMENT_3D('',#8670,#8671,#8672);
#8674=PLANE('',#8673);
#8675=ORIENTED_EDGE('',*,*,#8663,.F.);
#8676=ORIENTED_EDGE('',*,*,#8195,.F.);
#8677=EDGE_LOOP('',(#8675,#8676));
#8678=FACE_OUTER_BOUND('',#8677,.T.);
#8679=CARTESIAN_POINT('',(0.750000000000000,-0.662283398950129,0.405000000000000));
#8680=DIRECTION('',(0.0,0.0,1.0));
#8681=DIRECTION('',(1.0,0.0,0.0));
#8682=AXIS2_PLACEMENT_3D('',#8679,#8680,#8681);
#8683=CIRCLE('',#8682,0.227500000000000);
#8684=EDGE_CURVE('',#8048,#8038,#8683,.T.);
#8685=ORIENTED_EDGE('',*,*,#8684,.F.);
#8686=ORIENTED_EDGE('',*,*,#8054,.F.);
#8687=EDGE_LOOP('',(#8685,#8686));
#8688=FACE_BOUND('',#8687,.T.);
#8689=ADVANCED_FACE('',(#8678,#8688),#8674,.T.);
#8690=CARTESIAN_POINT('',(-0.750000000000000,-0.662283398950129,-0.125000000000000));
#8691=DIRECTION('',(0.0,0.0,1.0));
#8692=DIRECTION('',(1.0,0.0,0.0));
#8693=AXIS2_PLACEMENT_3D('',#8690,#8691,#8692);
#8694=CYLINDRICAL_SURFACE('',#8693,0.375000000000000);
#8695=ORIENTED_EDGE('',*,*,#8129,.T.);
#8696=CARTESIAN_POINT('',(-0.750000000000000,-0.662283398950129,0.405000000000000));
#8697=DIRECTION('',(0.0,0.0,-1.0));
#8698=DIRECTION('',(1.0,0.0,0.0));
#8699=AXIS2_PLACEMENT_3D('',#8696,#8697,#8698);
#8700=CIRCLE('',#8699,0.375000000000000);
#8701=EDGE_CURVE('',#8124,#8141,#8700,.T.);
#8702=ORIENTED_EDGE('',*,*,#8701,.T.);
#8703=ORIENTED_EDGE('',*,*,#8146,.T.);
#8704=ORIENTED_EDGE('',*,*,#8637,.F.);
#8705=EDGE_LOOP('',(#8695,#8702,#8703,#8704));
#8706=FACE_OUTER_BOUND('',#8705,.T.);
#8707=ADVANCED_FACE('',(#8706),#8694,.T.);
#8708=CARTESIAN_POINT('',(-0.750000000000000,-0.662283398950129,0.405000000000000));
#8709=DIRECTION('',(0.0,0.0,1.0));
#8710=DIRECTION('',(1.0,0.0,0.0));
#8711=AXIS2_PLACEMENT_3D('',#8708,#8709,#8710);
#8712=PLANE('',#8711);
#8713=ORIENTED_EDGE('',*,*,#8701,.F.);
#8714=ORIENTED_EDGE('',*,*,#8153,.F.);
#8715=EDGE_LOOP('',(#8713,#8714));
#8716=FACE_OUTER_BOUND('',#8715,.T.);
#8717=CARTESIAN_POINT('',(-0.750000000000000,-0.662283398950129,0.405000000000000));
#8718=DIRECTION('',(0.0,0.0,1.0));
#8719=DIRECTION('',(1.0,0.0,0.0));
#8720=AXIS2_PLACEMENT_3D('',#8717,#8718,#8719);
#8721=CIRCLE('',#8720,0.227500000000000);
#8722=EDGE_CURVE('',#8090,#8080,#8721,.T.);
#8723=ORIENTED_EDGE('',*,*,#8722,.F.);
#8724=ORIENTED_EDGE('',*,*,#8096,.F.);
#8725=EDGE_LOOP('',(#8723,#8724));
#8726=FACE_BOUND('',#8725,.T.);
#8727=ADVANCED_FACE('',(#8716,#8726),#8712,.T.);
#8728=CARTESIAN_POINT('',(-0.750000000000000,-0.662283398950129,-0.125000000000000));
#8729=DIRECTION('',(0.0,0.0,1.0));
#8730=DIRECTION('',(1.0,0.0,0.0));
#8731=AXIS2_PLACEMENT_3D('',#8728,#8729,#8730);
#8732=CYLINDRICAL_SURFACE('',#8731,0.227500000000000);
#8733=ORIENTED_EDGE('',*,*,#8087,.T.);
#8734=CARTESIAN_POINT('',(-0.750000000000000,-0.662283398950129,1.475000000000000));
#8735=DIRECTION('',(0.0,0.0,-1.0));
#8736=DIRECTION('',(1.0,0.0,0.0));
#8737=AXIS2_PLACEMENT_3D('',#8734,#8735,#8736);
#8738=CIRCLE('',#8737,0.227500000000000);
#8739=EDGE_CURVE('',#8082,#8099,#8738,.T.);
#8740=ORIENTED_EDGE('',*,*,#8739,.T.);
#8741=ORIENTED_EDGE('',*,*,#8104,.T.);
#8742=ORIENTED_EDGE('',*,*,#8722,.T.);
#8743=EDGE_LOOP('',(#8733,#8740,#8741,#8742));
#8744=FACE_OUTER_BOUND('',#8743,.T.);
#8745=ADVANCED_FACE('',(#8744),#8732,.T.);
#8746=CARTESIAN_POINT('',(-0.750000000000000,-0.662283398950129,1.475000000000000));
#8747=DIRECTION('',(0.0,0.0,1.0));
#8748=DIRECTION('',(1.0,0.0,0.0));
#8749=AXIS2_PLACEMENT_3D('',#8746,#8747,#8748);
#8750=PLANE('',#8749);
#8751=ORIENTED_EDGE('',*,*,#8739,.F.);
#8752=ORIENTED_EDGE('',*,*,#8111,.F.);
#8753=EDGE_LOOP('',(#8751,#8752));
#8754=FACE_OUTER_BOUND('',#8753,.T.);
#8755=ADVANCED_FACE('',(#8754),#8750,.T.);
#8756=CARTESIAN_POINT('',(0.750000000000000,-0.662283398950129,-0.125000000000000));
#8757=DIRECTION('',(0.0,0.0,1.0));
#8758=DIRECTION('',(1.0,0.0,0.0));
#8759=AXIS2_PLACEMENT_3D('',#8756,#8757,#8758);
#8760=CYLINDRICAL_SURFACE('',#8759,0.227500000000000);
#8761=ORIENTED_EDGE('',*,*,#8045,.T.);
#8762=CARTESIAN_POINT('',(0.750000000000000,-0.662283398950129,1.475000000000000));
#8763=DIRECTION('',(0.0,0.0,-1.0));
#8764=DIRECTION('',(1.0,0.0,0.0));
#8765=AXIS2_PLACEMENT_3D('',#8762,#8763,#8764);
#8766=CIRCLE('',#8765,0.227500000000000);
#8767=EDGE_CURVE('',#8040,#8057,#8766,.T.);
#8768=ORIENTED_EDGE('',*,*,#8767,.T.);
#8769=ORIENTED_EDGE('',*,*,#8062,.T.);
#8770=ORIENTED_EDGE('',*,*,#8684,.T.);
#8771=EDGE_LOOP('',(#8761,#8768,#8769,#8770));
#8772=FACE_OUTER_BOUND('',#8771,.T.);
#8773=ADVANCED_FACE('',(#8772),#8760,.T.);
#8774=CARTESIAN_POINT('',(0.750000000000000,-0.662283398950129,1.475000000000000));
#8775=DIRECTION('',(0.0,0.0,1.0));
#8776=DIRECTION('',(1.0,0.0,0.0));
#8777=AXIS2_PLACEMENT_3D('',#8774,#8775,#8776);
#8778=PLANE('',#8777);
#8779=ORIENTED_EDGE('',*,*,#8767,.F.);
#8780=ORIENTED_EDGE('',*,*,#8069,.F.);
#8781=EDGE_LOOP('',(#8779,#8780));
#8782=FACE_OUTER_BOUND('',#8781,.T.);
#8783=ADVANCED_FACE('',(#8782),#8778,.T.);
#8784=CARTESIAN_POINT('',(-1.500000000000000,2.125000000000000,-0.125000000000000));
#8785=DIRECTION('',(0.0,1.0,0.0));
#8786=DIRECTION('',(0.0,0.0,1.0));
#8787=AXIS2_PLACEMENT_3D('',#8784,#8785,#8786);
#8788=PLANE('',#8787);
#8789=ORIENTED_EDGE('',*,*,#8593,.T.);
#8790=ORIENTED_EDGE('',*,*,#8476,.T.);
#8791=ORIENTED_EDGE('',*,*,#8562,.T.);
#8792=ORIENTED_EDGE('',*,*,#8523,.F.);
#8793=ORIENTED_EDGE('',*,*,#8581,.T.);
#8794=ORIENTED_EDGE('',*,*,#8287,.T.);
#8795=ORIENTED_EDGE('',*,*,#8412,.T.);
#8796=ORIENTED_EDGE('',*,*,#8341,.F.);
#8797=ORIENTED_EDGE('',*,*,#8623,.T.);
#8798=CARTESIAN_POINT('',(1.500000000000000,2.125000000000000,-0.125000000000000));
#8799=VERTEX_POINT('',#8798);
#8800=CARTESIAN_POINT('',(1.500000000000000,2.125000000000000,-0.125000000000000));
#8801=DIRECTION('',(0.0,0.0,1.0));
#8802=VECTOR('',#8801,0.250000000000000);
#8803=LINE('',#8800,#8802);
#8804=EDGE_CURVE('',#8799,#8612,#8803,.T.);
#8805=ORIENTED_EDGE('',*,*,#8804,.F.);
#8806=CARTESIAN_POINT('',(-1.500000000000000,2.125000000000000,-0.125000000000000));
#8807=VERTEX_POINT('',#8806);
#8808=CARTESIAN_POINT('',(1.500000000000000,2.125000000000000,-0.125000000000000));
#8809=DIRECTION('',(-1.0,0.0,0.0));
#8810=VECTOR('',#8809,3.0);
#8811=LINE('',#8808,#8810);
#8812=EDGE_CURVE('',#8799,#8807,#8811,.T.);
#8813=ORIENTED_EDGE('',*,*,#8812,.T.);
#8814=CARTESIAN_POINT('',(-1.500000000000000,2.125000000000000,-0.125000000000000));
#8815=DIRECTION('',(0.0,0.0,1.0));
#8816=VECTOR('',#8815,0.250000000000000);
#8817=LINE('',#8814,#8816);
#8818=EDGE_CURVE('',#8807,#8588,#8817,.T.);
#8819=ORIENTED_EDGE('',*,*,#8818,.T.);
#8820=EDGE_LOOP('',(#8789,#8790,#8791,#8792,#8793,#8794,#8795,#8796,#8797,#8805,#8813,#8819));
#8821=FACE_OUTER_BOUND('',#8820,.T.);
#8822=ADVANCED_FACE('',(#8821),#8788,.T.);
#8823=CARTESIAN_POINT('',(1.500000000000000,2.125000000000000,-0.125000000000000));
#8824=DIRECTION('',(1.0,0.0,0.0));
#8825=DIRECTION('',(0.0,0.0,-1.0));
#8826=AXIS2_PLACEMENT_3D('',#8823,#8824,#8825);
#8827=PLANE('',#8826);
#8828=ORIENTED_EDGE('',*,*,#8617,.T.);
#8829=CARTESIAN_POINT('',(1.500000000000000,-1.375000000000000,-0.125000000000000));
#8830=VERTEX_POINT('',#8829);
#8831=CARTESIAN_POINT('',(1.500000000000000,-1.375000000000000,-0.125000000000000));
#8832=DIRECTION('',(0.0,0.0,1.0));
#8833=VECTOR('',#8832,0.250000000000000);
#8834=LINE('',#8831,#8833);
#8835=EDGE_CURVE('',#8830,#8604,#8834,.T.);
#8836=ORIENTED_EDGE('',*,*,#8835,.F.);
#8837=CARTESIAN_POINT('',(1.500000000000000,-1.375000000000000,-0.125000000000000));
#8838=DIRECTION('',(0.0,1.0,0.0));
#8839=VECTOR('',#8838,3.500000000000000);
#8840=LINE('',#8837,#8839);
#8841=EDGE_CURVE('',#8830,#8799,#8840,.T.);
#8842=ORIENTED_EDGE('',*,*,#8841,.T.);
#8843=ORIENTED_EDGE('',*,*,#8804,.T.);
#8844=EDGE_LOOP('',(#8828,#8836,#8842,#8843));
#8845=FACE_OUTER_BOUND('',#8844,.T.);
#8846=ADVANCED_FACE('',(#8845),#8827,.T.);
#8847=CARTESIAN_POINT('',(1.500000000000000,-1.375000000000000,-0.125000000000000));
#8848=DIRECTION('',(0.0,-1.0,0.0));
#8849=DIRECTION('',(0.0,0.0,-1.0));
#8850=AXIS2_PLACEMENT_3D('',#8847,#8848,#8849);
#8851=PLANE('',#8850);
#8852=ORIENTED_EDGE('',*,*,#8609,.T.);
#8853=CARTESIAN_POINT('',(-1.500000000000000,-1.375000000000000,-0.125000000000000));
#8854=VERTEX_POINT('',#8853);
#8855=CARTESIAN_POINT('',(-1.500000000000000,-1.375000000000000,-0.125000000000000));
#8856=DIRECTION('',(0.0,0.0,1.0));
#8857=VECTOR('',#8856,0.250000000000000);
#8858=LINE('',#8855,#8857);
#8859=EDGE_CURVE('',#8854,#8596,#8858,.T.);
#8860=ORIENTED_EDGE('',*,*,#8859,.F.);
#8861=CARTESIAN_POINT('',(-1.500000000000000,-1.375000000000000,-0.125000000000000));
#8862=DIRECTION('',(1.0,0.0,0.0));
#8863=VECTOR('',#8862,3.000000000000000);
#8864=LINE('',#8861,#8863);
#8865=EDGE_CURVE('',#8854,#8830,#8864,.T.);
#8866=ORIENTED_EDGE('',*,*,#8865,.T.);
#8867=ORIENTED_EDGE('',*,*,#8835,.T.);
#8868=EDGE_LOOP('',(#8852,#8860,#8866,#8867));
#8869=FACE_OUTER_BOUND('',#8868,.T.);
#8870=ADVANCED_FACE('',(#8869),#8851,.T.);
#8871=CARTESIAN_POINT('',(-1.500000000000000,-1.375000000000000,-0.125000000000000));
#8872=DIRECTION('',(-1.0,0.0,0.0));
#8873=DIRECTION('',(0.0,0.0,1.0));
#8874=AXIS2_PLACEMENT_3D('',#8871,#8872,#8873);
#8875=PLANE('',#8874);
#8876=ORIENTED_EDGE('',*,*,#8601,.T.);
#8877=ORIENTED_EDGE('',*,*,#8818,.F.);
#8878=CARTESIAN_POINT('',(-1.500000000000000,2.125000000000000,-0.125000000000000));
#8879=DIRECTION('',(0.0,-1.0,0.0));
#8880=VECTOR('',#8879,3.500000000000000);
#8881=LINE('',#8878,#8880);
#8882=EDGE_CURVE('',#8807,#8854,#8881,.T.);
#8883=ORIENTED_EDGE('',*,*,#8882,.T.);
#8884=ORIENTED_EDGE('',*,*,#8859,.T.);
#8885=EDGE_LOOP('',(#8876,#8877,#8883,#8884));
#8886=FACE_OUTER_BOUND('',#8885,.T.);
#8887=ADVANCED_FACE('',(#8886),#8875,.T.);
#8888=CARTESIAN_POINT('',(-9.277738E-017,0.375000000000000,-0.125000000000000));
#8889=DIRECTION('',(0.0,0.0,1.0));
#8890=DIRECTION('',(1.0,0.0,0.0));
#8891=AXIS2_PLACEMENT_3D('',#8888,#8889,#8890);
#8892=PLANE('',#8891);
#8893=ORIENTED_EDGE('',*,*,#8882,.F.);
#8894=ORIENTED_EDGE('',*,*,#8812,.F.);
#8895=ORIENTED_EDGE('',*,*,#8841,.F.);
#8896=ORIENTED_EDGE('',*,*,#8865,.F.);
#8897=EDGE_LOOP('',(#8893,#8894,#8895,#8896));
#8898=FACE_OUTER_BOUND('',#8897,.T.);
#8899=ORIENTED_EDGE('',*,*,#8222,.T.);
#8900=ORIENTED_EDGE('',*,*,#8261,.T.);
#8901=EDGE_LOOP('',(#8899,#8900));
#8902=FACE_BOUND('',#8901,.T.);
#8903=ADVANCED_FACE('',(#8898,#8902),#8892,.F.);
#8904=CLOSED_SHELL('',(#8073,#8115,#8157,#8199,#8241,#8265,#8305,#8345,#8376,#8398,#8416,#8456,#8487,#8527,#8549,#8567,#8651,#8669,#8689,#8707,#8727,#8745,#8755,#8773,#8783,#8822,#8846,#8870,#8887,#8903));
#8905=MANIFOLD_SOLID_BREP('17C64',#8904);
#8906=ADVANCED_BREP_SHAPE_REPRESENTATION('ABSR2',(#8905),#8025);
#8907=SHAPE_REPRESENTATION_RELATIONSHIP('SRRPL2',' ',#8906,#8029);
#8908=CARTESIAN_POINT('NONE',(-0.750000000000000,0.662283398950129,0.062500000000000));
#8909=DIRECTION('NONE',(0.0,0.0,1.0));
#8910=DIRECTION('NONE',(1.0,0.0,0.0));
#8911=AXIS2_PLACEMENT_3D('NONE',#8908,#8909,#8910);
#8912=ITEM_DEFINED_TRANSFORMATION('IDT4',' ',#126,#8911);
#8916=(REPRESENTATION_RELATIONSHIP(' ',' ',#8029,#127)REPRESENTATION_RELATIONSHIP_WITH_TRANSFORMATION(#8912)SHAPE_REPRESENTATION_RELATIONSHIP());
#8917=NEXT_ASSEMBLY_USAGE_OCCURRENCE('NAUO4','LOWER PLATE_1','LOWER PLATE_1',#98,#8028,$);
#8918=PRODUCT_DEFINITION_SHAPE('PDS_NAUO4',' ',#8917);
#8919=CONTEXT_DEPENDENT_SHAPE_REPRESENTATION(#8916,#8918);
#8924=(GEOMETRIC_REPRESENTATION_CONTEXT(3)GLOBAL_UNCERTAINTY_ASSIGNED_CONTEXT((#28))GLOBAL_UNIT_ASSIGNED_CONTEXT((#14,#18,#27))REPRESENTATION_CONTEXT('Component','Component'));
#8925=PRODUCT('BOTTOM PLATE','BOTTOM PLATE',' ',(#36));
#8926=PRODUCT_DEFINITION_FORMATION_WITH_SPECIFIED_SOURCE('None','None',#8925,.NOT_KNOWN.);
#8927=PRODUCT_DEFINITION('None','None',#8926,#97);
#8928=SHAPE_REPRESENTATION('SR4',(#126),#8924);
#8929=PRODUCT_DEFINITION_SHAPE('PDS4','Test Part',#8927);
#8930=SHAPE_DEFINITION_REPRESENTATION(#8929,#8928);
#8931=CARTESIAN_POINT('',(0.375000000000000,-0.375000000000000,-0.090000000000000));
#8932=DIRECTION('',(0.0,0.0,1.0));
#8933=DIRECTION('',(1.0,0.0,0.0));
#8934=AXIS2_PLACEMENT_3D('',#8931,#8932,#8933);
#8935=CYLINDRICAL_SURFACE('',#8934,0.227500000000000);
#8936=CARTESIAN_POINT('',(0.602500000000000,-0.375000000000000,0.190000000000000));
#8937=VERTEX_POINT('',#8936);
#8938=CARTESIAN_POINT('',(0.602500000000000,-0.375000000000000,0.910000000000000));
#8939=VERTEX_POINT('',#8938);
#8940=CARTESIAN_POINT('',(0.602500000000000,-0.375000000000000,0.190000000000000));
#8941=DIRECTION('',(0.0,0.0,1.0));
#8942=VECTOR('',#8941,0.720000000000000);
#8943=LINE('',#8940,#8942);
#8944=EDGE_CURVE('',#8937,#8939,#8943,.T.);
#8945=ORIENTED_EDGE('',*,*,#8944,.F.);
#8946=CARTESIAN_POINT('',(0.147500000000000,-0.375000000000000,0.190000000000000));
#8947=VERTEX_POINT('',#8946);
#8948=CARTESIAN_POINT('',(0.375000000000000,-0.375000000000000,0.190000000000000));
#8949=DIRECTION('',(0.0,0.0,1.0));
#8950=DIRECTION('',(1.0,0.0,0.0));
#8951=AXIS2_PLACEMENT_3D('',#8948,#8949,#8950);
#8952=CIRCLE('',#8951,0.227500000000000);
#8953=EDGE_CURVE('',#8937,#8947,#8952,.T.);
#8954=ORIENTED_EDGE('',*,*,#8953,.T.);
#8955=CARTESIAN_POINT('',(0.147500000000000,-0.375000000000000,0.910000000000000));
#8956=VERTEX_POINT('',#8955);
#8957=CARTESIAN_POINT('',(0.147500000000000,-0.375000000000000,0.910000000000000));
#8958=DIRECTION('',(0.0,0.0,-1.0));
#8959=VECTOR('',#8958,0.720000000000000);
#8960=LINE('',#8957,#8959);
#8961=EDGE_CURVE('',#8956,#8947,#8960,.T.);
#8962=ORIENTED_EDGE('',*,*,#8961,.F.);
#8963=CARTESIAN_POINT('',(0.375000000000000,-0.375000000000000,0.910000000000000));
#8964=DIRECTION('',(0.0,0.0,-1.0));
#8965=DIRECTION('',(1.0,0.0,0.0));
#8966=AXIS2_PLACEMENT_3D('',#8963,#8964,#8965);
#8967=CIRCLE('',#8966,0.227500000000000);
#8968=EDGE_CURVE('',#8956,#8939,#8967,.T.);
#8969=ORIENTED_EDGE('',*,*,#8968,.T.);
#8970=EDGE_LOOP('',(#8945,#8954,#8962,#8969));
#8971=FACE_OUTER_BOUND('',#8970,.T.);
#8972=ADVANCED_FACE('',(#8971),#8935,.T.);
#8973=CARTESIAN_POINT('',(0.437500000000002,0.832437174633681,0.910000000000000));
#8974=DIRECTION('',(0.0,0.0,-1.0));
#8975=DIRECTION('',(1.0,0.0,0.0));
#8976=AXIS2_PLACEMENT_3D('',#8973,#8974,#8975);
#8977=CYLINDRICAL_SURFACE('',#8976,0.391250000000000);
#8978=CARTESIAN_POINT('',(0.828750000000002,0.832437174633681,-0.090000000000000));
#8979=VERTEX_POINT('',#8978);
#8980=CARTESIAN_POINT('',(0.828750000000002,0.832437174633681,0.160000000000000));
#8981=VERTEX_POINT('',#8980);
#8982=CARTESIAN_POINT('',(0.828750000000002,0.832437174633681,-0.090000000000000));
#8983=DIRECTION('',(0.0,0.0,1.0));
#8984=VECTOR('',#8983,0.250000000000000);
#8985=LINE('',#8982,#8984);
#8986=EDGE_CURVE('',#8979,#8981,#8985,.T.);
#8987=ORIENTED_EDGE('',*,*,#8986,.F.);
#8988=CARTESIAN_POINT('',(0.437500000000001,0.441187174633681,-0.090000000000000));
#8989=VERTEX_POINT('',#8988);
#8990=CARTESIAN_POINT('',(0.437500000000002,0.832437174633681,-0.090000000000000));
#8991=DIRECTION('',(0.0,0.0,1.0));
#8992=DIRECTION('',(1.0,0.0,0.0));
#8993=AXIS2_PLACEMENT_3D('',#8990,#8991,#8992);
#8994=CIRCLE('',#8993,0.391250000000000);
#8995=EDGE_CURVE('',#8989,#8979,#8994,.T.);
#8996=ORIENTED_EDGE('',*,*,#8995,.F.);
#8997=CARTESIAN_POINT('',(0.437500000000001,0.441187174633681,0.160000000000000));
#8998=VERTEX_POINT('',#8997);
#8999=CARTESIAN_POINT('',(0.437500000000001,0.441187174633681,-0.090000000000000));
#9000=DIRECTION('',(0.0,0.0,1.0));
#9001=VECTOR('',#9000,0.250000000000000);
#9002=LINE('',#8999,#9001);
#9003=EDGE_CURVE('',#8989,#8998,#9002,.T.);
#9004=ORIENTED_EDGE('',*,*,#9003,.T.);
#9005=CARTESIAN_POINT('',(0.437500000000002,0.832437174633681,0.160000000000000));
#9006=DIRECTION('',(0.0,0.0,-1.0));
#9007=DIRECTION('',(1.0,0.0,0.0));
#9008=AXIS2_PLACEMENT_3D('',#9005,#9006,#9007);
#9009=CIRCLE('',#9008,0.391250000000000);
#9010=EDGE_CURVE('',#8981,#8998,#9009,.T.);
#9011=ORIENTED_EDGE('',*,*,#9010,.F.);
#9012=EDGE_LOOP('',(#8987,#8996,#9004,#9011));
#9013=FACE_OUTER_BOUND('',#9012,.T.);
#9014=ADVANCED_FACE('',(#9013),#8977,.F.);
#9015=CARTESIAN_POINT('',(0.312500000000000,0.832437174633681,0.910000000000000));
#9016=DIRECTION('',(0.0,0.0,-1.0));
#9017=DIRECTION('',(1.0,0.0,0.0));
#9018=AXIS2_PLACEMENT_3D('',#9015,#9016,#9017);
#9019=CYLINDRICAL_SURFACE('',#9018,0.391250000000000);
#9020=CARTESIAN_POINT('',(-0.078750000000000,0.832437174633681,0.160000000000000));
#9021=VERTEX_POINT('',#9020);
#9022=CARTESIAN_POINT('',(-0.078750000000000,0.832437174633681,-0.090000000000000));
#9023=VERTEX_POINT('',#9022);
#9024=CARTESIAN_POINT('',(-0.078750000000000,0.832437174633681,0.160000000000000));
#9025=DIRECTION('',(0.0,0.0,-1.0));
#9026=VECTOR('',#9025,0.250000000000000);
#9027=LINE('',#9024,#9026);
#9028=EDGE_CURVE('',#9021,#9023,#9027,.T.);
#9029=ORIENTED_EDGE('',*,*,#9028,.F.);
#9030=CARTESIAN_POINT('',(0.312500000000000,0.441187174633681,0.160000000000000));
#9031=VERTEX_POINT('',#9030);
#9032=CARTESIAN_POINT('',(0.312500000000000,0.832437174633681,0.160000000000000));
#9033=DIRECTION('',(0.0,0.0,-1.0));
#9034=DIRECTION('',(1.0,0.0,0.0));
#9035=AXIS2_PLACEMENT_3D('',#9032,#9033,#9034);
#9036=CIRCLE('',#9035,0.391250000000000);
#9037=EDGE_CURVE('',#9031,#9021,#9036,.T.);
#9038=ORIENTED_EDGE('',*,*,#9037,.F.);
#9039=CARTESIAN_POINT('',(0.312500000000000,0.441187174633681,-0.090000000000000));
#9040=VERTEX_POINT('',#9039);
#9041=CARTESIAN_POINT('',(0.312500000000000,0.441187174633681,0.160000000000000));
#9042=DIRECTION('',(0.0,0.0,-1.0));
#9043=VECTOR('',#9042,0.250000000000000);
#9044=LINE('',#9041,#9043);
#9045=EDGE_CURVE('',#9031,#9040,#9044,.T.);
#9046=ORIENTED_EDGE('',*,*,#9045,.T.);
#9047=CARTESIAN_POINT('',(0.312500000000000,0.832437174633681,-0.090000000000000));
#9048=DIRECTION('',(0.0,0.0,1.0));
#9049=DIRECTION('',(1.0,0.0,0.0));
#9050=AXIS2_PLACEMENT_3D('',#9047,#9048,#9049);
#9051=CIRCLE('',#9050,0.391250000000000);
#9052=EDGE_CURVE('',#9023,#9040,#9051,.T.);
#9053=ORIENTED_EDGE('',*,*,#9052,.F.);
#9054=EDGE_LOOP('',(#9029,#9038,#9046,#9053));
#9055=FACE_OUTER_BOUND('',#9054,.T.);
#9056=ADVANCED_FACE('',(#9055),#9019,.F.);
#9057=CARTESIAN_POINT('',(0.375000000000000,-0.375000000000000,0.160000000000000));
#9058=DIRECTION('',(0.0,0.0,1.0));
#9059=DIRECTION('',(1.0,0.0,0.0));
#9060=AXIS2_PLACEMENT_3D('',#9057,#9058,#9059);
#9061=CYLINDRICAL_SURFACE('',#9060,0.375000000000000);
#9062=CARTESIAN_POINT('',(0.750000000000000,-0.375000000000000,0.160000000000000));
#9063=VERTEX_POINT('',#9062);
#9064=CARTESIAN_POINT('',(0.750000000000000,-0.375000000000000,0.190000000000000));
#9065=VERTEX_POINT('',#9064);
#9066=CARTESIAN_POINT('',(0.750000000000000,-0.375000000000000,0.160000000000000));
#9067=DIRECTION('',(0.0,0.0,1.0));
#9068=VECTOR('',#9067,0.030000000000000);
#9069=LINE('',#9066,#9068);
#9070=EDGE_CURVE('',#9063,#9065,#9069,.T.);
#9071=ORIENTED_EDGE('',*,*,#9070,.F.);
#9072=CARTESIAN_POINT('',(1.110223E-016,-0.375000000000000,0.160000000000000));
#9073=VERTEX_POINT('',#9072);
#9074=CARTESIAN_POINT('',(0.375000000000000,-0.375000000000000,0.160000000000000));
#9075=DIRECTION('',(0.0,0.0,-1.0));
#9076=DIRECTION('',(1.0,0.0,0.0));
#9077=AXIS2_PLACEMENT_3D('',#9074,#9075,#9076);
#9078=CIRCLE('',#9077,0.375000000000000);
#9079=EDGE_CURVE('',#9073,#9063,#9078,.T.);
#9080=ORIENTED_EDGE('',*,*,#9079,.F.);
#9081=CARTESIAN_POINT('',(1.110223E-016,-0.375000000000000,0.190000000000000));
#9082=VERTEX_POINT('',#9081);
#9083=CARTESIAN_POINT('',(1.110223E-016,-0.375000000000000,0.190000000000000));
#9084=DIRECTION('',(0.0,0.0,-1.0));
#9085=VECTOR('',#9084,0.030000000000000);
#9086=LINE('',#9083,#9085);
#9087=EDGE_CURVE('',#9082,#9073,#9086,.T.);
#9088=ORIENTED_EDGE('',*,*,#9087,.F.);
#9089=CARTESIAN_POINT('',(0.375000000000000,-0.375000000000000,0.190000000000000));
#9090=DIRECTION('',(0.0,0.0,-1.0));
#9091=DIRECTION('',(1.0,0.0,0.0));
#9092=AXIS2_PLACEMENT_3D('',#9089,#9090,#9091);
#9093=CIRCLE('',#9092,0.375000000000000);
#9094=EDGE_CURVE('',#9082,#9065,#9093,.T.);
#9095=ORIENTED_EDGE('',*,*,#9094,.T.);
#9096=EDGE_LOOP('',(#9071,#9080,#9088,#9095));
#9097=FACE_OUTER_BOUND('',#9096,.T.);
#9098=ADVANCED_FACE('',(#9097),#9061,.T.);
#9099=CARTESIAN_POINT('',(0.375000000000000,-0.375000000000000,0.190000000000000));
#9100=DIRECTION('',(0.0,0.0,1.0));
#9101=DIRECTION('',(1.0,0.0,0.0));
#9102=AXIS2_PLACEMENT_3D('',#9099,#9100,#9101);
#9103=PLANE('',#9102);
#9104=CARTESIAN_POINT('',(0.375000000000000,-0.375000000000000,0.190000000000000));
#9105=DIRECTION('',(0.0,0.0,-1.0));
#9106=DIRECTION('',(1.0,0.0,0.0));
#9107=AXIS2_PLACEMENT_3D('',#9104,#9105,#9106);
#9108=CIRCLE('',#9107,0.375000000000000);
#9109=EDGE_CURVE('',#9065,#9082,#9108,.T.);
#9110=ORIENTED_EDGE('',*,*,#9109,.F.);
#9111=ORIENTED_EDGE('',*,*,#9094,.F.);
#9112=EDGE_LOOP('',(#9110,#9111));
#9113=FACE_OUTER_BOUND('',#9112,.T.);
#9114=CARTESIAN_POINT('',(0.375000000000000,-0.375000000000000,0.190000000000000));
#9115=DIRECTION('',(0.0,0.0,1.0));
#9116=DIRECTION('',(1.0,0.0,0.0));
#9117=AXIS2_PLACEMENT_3D('',#9114,#9115,#9116);
#9118=CIRCLE('',#9117,0.227500000000000);
#9119=EDGE_CURVE('',#8947,#8937,#9118,.T.);
#9120=ORIENTED_EDGE('',*,*,#9119,.F.);
#9121=ORIENTED_EDGE('',*,*,#8953,.F.);
#9122=EDGE_LOOP('',(#9120,#9121));
#9123=FACE_BOUND('',#9122,.T.);
#9124=ADVANCED_FACE('',(#9113,#9123),#9103,.T.);
#9125=CARTESIAN_POINT('',(0.375000000000000,-0.375000000000000,0.160000000000000));
#9126=DIRECTION('',(0.0,0.0,1.0));
#9127=DIRECTION('',(1.0,0.0,0.0));
#9128=AXIS2_PLACEMENT_3D('',#9125,#9126,#9127);
#9129=CYLINDRICAL_SURFACE('',#9128,0.375000000000000);
#9130=ORIENTED_EDGE('',*,*,#9070,.T.);
#9131=ORIENTED_EDGE('',*,*,#9109,.T.);
#9132=ORIENTED_EDGE('',*,*,#9087,.T.);
#9133=CARTESIAN_POINT('',(0.375000000000000,-0.750000000000000,0.160000000000000));
#9134=VERTEX_POINT('',#9133);
#9135=CARTESIAN_POINT('',(0.375000000000000,-0.375000000000000,0.160000000000000));
#9136=DIRECTION('',(0.0,0.0,-1.0));
#9137=DIRECTION('',(1.0,0.0,0.0));
#9138=AXIS2_PLACEMENT_3D('',#9135,#9136,#9137);
#9139=CIRCLE('',#9138,0.375000000000000);
#9140=EDGE_CURVE('',#9134,#9073,#9139,.T.);
#9141=ORIENTED_EDGE('',*,*,#9140,.F.);
#9142=CARTESIAN_POINT('',(0.375000000000000,-0.375000000000000,0.160000000000000));
#9143=DIRECTION('',(0.0,0.0,-1.0));
#9144=DIRECTION('',(1.0,0.0,0.0));
#9145=AXIS2_PLACEMENT_3D('',#9142,#9143,#9144);
#9146=CIRCLE('',#9145,0.375000000000000);
#9147=EDGE_CURVE('',#9063,#9134,#9146,.T.);
#9148=ORIENTED_EDGE('',*,*,#9147,.F.);
#9149=EDGE_LOOP('',(#9130,#9131,#9132,#9141,#9148));
#9150=FACE_OUTER_BOUND('',#9149,.T.);
#9151=ADVANCED_FACE('',(#9150),#9129,.T.);
#9152=CARTESIAN_POINT('',(0.375000000000000,0.335315568560567,0.160000000000000));
#9153=DIRECTION('',(0.0,0.0,1.0));
#9154=DIRECTION('',(1.0,0.0,0.0));
#9155=AXIS2_PLACEMENT_3D('',#9152,#9153,#9154);
#9156=PLANE('',#9155);
#9157=CARTESIAN_POINT('',(1.125000000000000,1.375000000000000,0.160000000000000));
#9158=VERTEX_POINT('',#9157);
#9159=CARTESIAN_POINT('',(1.125000000000000,-0.625000000000000,0.160000000000000));
#9160=VERTEX_POINT('',#9159);
#9161=CARTESIAN_POINT('',(1.125000000000000,1.375000000000000,0.160000000000000));
#9162=DIRECTION('',(0.0,-1.0,0.0));
#9163=VECTOR('',#9162,2.000000000000000);
#9164=LINE('',#9161,#9163);
#9165=EDGE_CURVE('',#9158,#9160,#9164,.T.);
#9166=ORIENTED_EDGE('',*,*,#9165,.F.);
#9167=CARTESIAN_POINT('',(-0.375000000000000,1.375000000000000,0.160000000000000));
#9168=VERTEX_POINT('',#9167);
#9169=CARTESIAN_POINT('',(-0.375000000000000,1.375000000000000,0.160000000000000));
#9170=DIRECTION('',(1.0,0.0,0.0));
#9171=VECTOR('',#9170,1.500000000000000);
#9172=LINE('',#9169,#9171);
#9173=EDGE_CURVE('',#9168,#9158,#9172,.T.);
#9174=ORIENTED_EDGE('',*,*,#9173,.F.);
#9175=CARTESIAN_POINT('',(-0.375000000000000,-0.625000000000000,0.160000000000000));
#9176=VERTEX_POINT('',#9175);
#9177=CARTESIAN_POINT('',(-0.375000000000000,-0.625000000000000,0.160000000000000));
#9178=DIRECTION('',(0.0,1.0,0.0));
#9179=VECTOR('',#9178,2.000000000000000);
#9180=LINE('',#9177,#9179);
#9181=EDGE_CURVE('',#9176,#9168,#9180,.T.);
#9182=ORIENTED_EDGE('',*,*,#9181,.F.);
#9183=CARTESIAN_POINT('',(-0.250000000000000,-0.750000000000000,0.160000000000000));
#9184=VERTEX_POINT('',#9183);
#9185=CARTESIAN_POINT('',(-0.250000000000000,-0.750000000000000,0.160000000000000));
#9186=DIRECTION('',(-0.707106781186547,0.707106781186547,0.0));
#9187=VECTOR('',#9186,0.176776695296637);
#9188=LINE('',#9185,#9187);
#9189=EDGE_CURVE('',#9184,#9176,#9188,.T.);
#9190=ORIENTED_EDGE('',*,*,#9189,.F.);
#9191=CARTESIAN_POINT('',(0.375000000000000,-0.750000000000000,0.160000000000000));
#9192=DIRECTION('',(-1.0,0.0,0.0));
#9193=VECTOR('',#9192,0.625000000000000);
#9194=LINE('',#9191,#9193);
#9195=EDGE_CURVE('',#9134,#9184,#9194,.T.);
#9196=ORIENTED_EDGE('',*,*,#9195,.F.);
#9197=ORIENTED_EDGE('',*,*,#9140,.T.);
#9198=ORIENTED_EDGE('',*,*,#9079,.T.);
#9199=ORIENTED_EDGE('',*,*,#9147,.T.);
#9200=CARTESIAN_POINT('',(1.000000000000000,-0.750000000000000,0.160000000000000));
#9201=VERTEX_POINT('',#9200);
#9202=CARTESIAN_POINT('',(1.000000000000000,-0.750000000000000,0.160000000000000));
#9203=DIRECTION('',(-1.0,0.0,0.0));
#9204=VECTOR('',#9203,0.625000000000000);
#9205=LINE('',#9202,#9204);
#9206=EDGE_CURVE('',#9201,#9134,#9205,.T.);
#9207=ORIENTED_EDGE('',*,*,#9206,.F.);
#9208=CARTESIAN_POINT('',(1.125000000000000,-0.625000000000000,0.160000000000000));
#9209=DIRECTION('',(-0.707106781186548,-0.707106781186547,0.0));
#9210=VECTOR('',#9209,0.176776695296637);
#9211=LINE('',#9208,#9210);
#9212=EDGE_CURVE('',#9160,#9201,#9211,.T.);
#9213=ORIENTED_EDGE('',*,*,#9212,.F.);
#9214=EDGE_LOOP('',(#9166,#9174,#9182,#9190,#9196,#9197,#9198,#9199,#9207,#9213));
#9215=FACE_OUTER_BOUND('',#9214,.T.);
#9216=CARTESIAN_POINT('',(0.437500000000002,1.223687174633680,0.160000000000000));
#9217=VERTEX_POINT('',#9216);
#9218=CARTESIAN_POINT('',(0.437500000000002,0.832437174633681,0.160000000000000));
#9219=DIRECTION('',(0.0,0.0,-1.0));
#9220=DIRECTION('',(1.0,0.0,0.0));
#9221=AXIS2_PLACEMENT_3D('',#9218,#9219,#9220);
#9222=CIRCLE('',#9221,0.391250000000000);
#9223=EDGE_CURVE('',#9217,#8981,#9222,.T.);
#9224=ORIENTED_EDGE('',*,*,#9223,.T.);
#9225=ORIENTED_EDGE('',*,*,#9010,.T.);
#9226=CARTESIAN_POINT('',(0.437500000000001,0.441187174633681,0.160000000000000));
#9227=DIRECTION('',(-1.0,0.0,0.0));
#9228=VECTOR('',#9227,0.125000000000001);
#9229=LINE('',#9226,#9228);
#9230=EDGE_CURVE('',#8998,#9031,#9229,.T.);
#9231=ORIENTED_EDGE('',*,*,#9230,.T.);
#9232=ORIENTED_EDGE('',*,*,#9037,.T.);
#9233=CARTESIAN_POINT('',(0.312500000000001,1.223687174633681,0.160000000000000));
#9234=VERTEX_POINT('',#9233);
#9235=CARTESIAN_POINT('',(0.312500000000000,0.832437174633681,0.160000000000000));
#9236=DIRECTION('',(0.0,0.0,-1.0));
#9237=DIRECTION('',(1.0,0.0,0.0));
#9238=AXIS2_PLACEMENT_3D('',#9235,#9236,#9237);
#9239=CIRCLE('',#9238,0.391250000000000);
#9240=EDGE_CURVE('',#9021,#9234,#9239,.T.);
#9241=ORIENTED_EDGE('',*,*,#9240,.T.);
#9242=CARTESIAN_POINT('',(0.312500000000001,1.223687174633681,0.160000000000000));
#9243=DIRECTION('',(1.0,0.0,0.0));
#9244=VECTOR('',#9243,0.125000000000001);
#9245=LINE('',#9242,#9244);
#9246=EDGE_CURVE('',#9234,#9217,#9245,.T.);
#9247=ORIENTED_EDGE('',*,*,#9246,.T.);
#9248=EDGE_LOOP('',(#9224,#9225,#9231,#9232,#9241,#9247));
#9249=FACE_BOUND('',#9248,.T.);
#9250=ADVANCED_FACE('',(#9215,#9249),#9156,.T.);
#9251=CARTESIAN_POINT('',(0.312500000000000,0.832437174633681,0.910000000000000));
#9252=DIRECTION('',(0.0,0.0,-1.0));
#9253=DIRECTION('',(1.0,0.0,0.0));
#9254=AXIS2_PLACEMENT_3D('',#9251,#9252,#9253);
#9255=CYLINDRICAL_SURFACE('',#9254,0.391250000000000);
#9256=ORIENTED_EDGE('',*,*,#9028,.T.);
#9257=CARTESIAN_POINT('',(0.312500000000001,1.223687174633681,-0.090000000000000));
#9258=VERTEX_POINT('',#9257);
#9259=CARTESIAN_POINT('',(0.312500000000000,0.832437174633681,-0.090000000000000));
#9260=DIRECTION('',(0.0,0.0,1.0));
#9261=DIRECTION('',(1.0,0.0,0.0));
#9262=AXIS2_PLACEMENT_3D('',#9259,#9260,#9261);
#9263=CIRCLE('',#9262,0.391250000000000);
#9264=EDGE_CURVE('',#9258,#9023,#9263,.T.);
#9265=ORIENTED_EDGE('',*,*,#9264,.F.);
#9266=CARTESIAN_POINT('',(0.312500000000001,1.223687174633681,0.160000000000000));
#9267=DIRECTION('',(0.0,0.0,-1.0));
#9268=VECTOR('',#9267,0.250000000000000);
#9269=LINE('',#9266,#9268);
#9270=EDGE_CURVE('',#9234,#9258,#9269,.T.);
#9271=ORIENTED_EDGE('',*,*,#9270,.F.);
#9272=ORIENTED_EDGE('',*,*,#9240,.F.);
#9273=EDGE_LOOP('',(#9256,#9265,#9271,#9272));
#9274=FACE_OUTER_BOUND('',#9273,.T.);
#9275=ADVANCED_FACE('',(#9274),#9255,.F.);
#9276=CARTESIAN_POINT('',(0.437500000000002,1.223687174633680,0.910000000000000));
#9277=DIRECTION('',(0.0,1.0,0.0));
#9278=DIRECTION('',(0.0,0.0,1.0));
#9279=AXIS2_PLACEMENT_3D('',#9276,#9277,#9278);
#9280=PLANE('',#9279);
#9281=ORIENTED_EDGE('',*,*,#9246,.F.);
#9282=ORIENTED_EDGE('',*,*,#9270,.T.);
#9283=CARTESIAN_POINT('',(0.437500000000002,1.223687174633680,-0.090000000000000));
#9284=VERTEX_POINT('',#9283);
#9285=CARTESIAN_POINT('',(0.437500000000002,1.223687174633680,-0.090000000000000));
#9286=DIRECTION('',(-1.0,0.0,0.0));
#9287=VECTOR('',#9286,0.125000000000001);
#9288=LINE('',#9285,#9287);
#9289=EDGE_CURVE('',#9284,#9258,#9288,.T.);
#9290=ORIENTED_EDGE('',*,*,#9289,.F.);
#9291=CARTESIAN_POINT('',(0.437500000000002,1.223687174633680,0.160000000000000));
#9292=DIRECTION('',(0.0,0.0,-1.0));
#9293=VECTOR('',#9292,0.250000000000000);
#9294=LINE('',#9291,#9293);
#9295=EDGE_CURVE('',#9217,#9284,#9294,.T.);
#9296=ORIENTED_EDGE('',*,*,#9295,.F.);
#9297=EDGE_LOOP('',(#9281,#9282,#9290,#9296));
#9298=FACE_OUTER_BOUND('',#9297,.T.);
#9299=ADVANCED_FACE('',(#9298),#9280,.F.);
#9300=CARTESIAN_POINT('',(0.437500000000002,0.832437174633681,0.910000000000000));
#9301=DIRECTION('',(0.0,0.0,-1.0));
#9302=DIRECTION('',(1.0,0.0,0.0));
#9303=AXIS2_PLACEMENT_3D('',#9300,#9301,#9302);
#9304=CYLINDRICAL_SURFACE('',#9303,0.391250000000000);
#9305=ORIENTED_EDGE('',*,*,#8986,.T.);
#9306=ORIENTED_EDGE('',*,*,#9223,.F.);
#9307=ORIENTED_EDGE('',*,*,#9295,.T.);
#9308=CARTESIAN_POINT('',(0.437500000000002,0.832437174633681,-0.090000000000000));
#9309=DIRECTION('',(0.0,0.0,1.0));
#9310=DIRECTION('',(1.0,0.0,0.0));
#9311=AXIS2_PLACEMENT_3D('',#9308,#9309,#9310);
#9312=CIRCLE('',#9311,0.391250000000000);
#9313=EDGE_CURVE('',#8979,#9284,#9312,.T.);
#9314=ORIENTED_EDGE('',*,*,#9313,.F.);
#9315=EDGE_LOOP('',(#9305,#9306,#9307,#9314));
#9316=FACE_OUTER_BOUND('',#9315,.T.);
#9317=ADVANCED_FACE('',(#9316),#9304,.F.);
#9318=CARTESIAN_POINT('',(0.312500000000000,0.441187174633681,0.910000000000000));
#9319=DIRECTION('',(0.0,-1.0,0.0));
#9320=DIRECTION('',(0.0,0.0,-1.0));
#9321=AXIS2_PLACEMENT_3D('',#9318,#9319,#9320);
#9322=PLANE('',#9321);
#9323=ORIENTED_EDGE('',*,*,#9230,.F.);
#9324=ORIENTED_EDGE('',*,*,#9003,.F.);
#9325=CARTESIAN_POINT('',(0.312500000000000,0.441187174633681,-0.090000000000000));
#9326=DIRECTION('',(1.0,0.0,0.0));
#9327=VECTOR('',#9326,0.125000000000001);
#9328=LINE('',#9325,#9327);
#9329=EDGE_CURVE('',#9040,#8989,#9328,.T.);
#9330=ORIENTED_EDGE('',*,*,#9329,.F.);
#9331=ORIENTED_EDGE('',*,*,#9045,.F.);
#9332=EDGE_LOOP('',(#9323,#9324,#9330,#9331));
#9333=FACE_OUTER_BOUND('',#9332,.T.);
#9334=ADVANCED_FACE('',(#9333),#9322,.F.);
#9335=CARTESIAN_POINT('',(0.375000000000000,-0.375000000000000,-0.090000000000000));
#9336=DIRECTION('',(0.0,0.0,1.0));
#9337=DIRECTION('',(1.0,0.0,0.0));
#9338=AXIS2_PLACEMENT_3D('',#9335,#9336,#9337);
#9339=CYLINDRICAL_SURFACE('',#9338,0.227500000000000);
#9340=ORIENTED_EDGE('',*,*,#8944,.T.);
#9341=CARTESIAN_POINT('',(0.375000000000000,-0.375000000000000,0.910000000000000));
#9342=DIRECTION('',(0.0,0.0,-1.0));
#9343=DIRECTION('',(1.0,0.0,0.0));
#9344=AXIS2_PLACEMENT_3D('',#9341,#9342,#9343);
#9345=CIRCLE('',#9344,0.227500000000000);
#9346=EDGE_CURVE('',#8939,#8956,#9345,.T.);
#9347=ORIENTED_EDGE('',*,*,#9346,.T.);
#9348=ORIENTED_EDGE('',*,*,#8961,.T.);
#9349=ORIENTED_EDGE('',*,*,#9119,.T.);
#9350=EDGE_LOOP('',(#9340,#9347,#9348,#9349));
#9351=FACE_OUTER_BOUND('',#9350,.T.);
#9352=ADVANCED_FACE('',(#9351),#9339,.T.);
#9353=CARTESIAN_POINT('',(0.375000000000000,-0.375000000000000,0.910000000000000));
#9354=DIRECTION('',(0.0,0.0,1.0));
#9355=DIRECTION('',(1.0,0.0,0.0));
#9356=AXIS2_PLACEMENT_3D('',#9353,#9354,#9355);
#9357=PLANE('',#9356);
#9358=ORIENTED_EDGE('',*,*,#9346,.F.);
#9359=ORIENTED_EDGE('',*,*,#8968,.F.);
#9360=EDGE_LOOP('',(#9358,#9359));
#9361=FACE_OUTER_BOUND('',#9360,.T.);
#9362=ADVANCED_FACE('',(#9361),#9357,.T.);
#9363=CARTESIAN_POINT('',(1.125000000000000,1.375000000000000,-0.090000000000000));
#9364=DIRECTION('',(1.0,0.0,0.0));
#9365=DIRECTION('',(0.0,0.0,-1.0));
#9366=AXIS2_PLACEMENT_3D('',#9363,#9364,#9365);
#9367=PLANE('',#9366);
#9368=ORIENTED_EDGE('',*,*,#9165,.T.);
#9369=CARTESIAN_POINT('',(1.125000000000000,-0.625000000000000,-0.090000000000000));
#9370=VERTEX_POINT('',#9369);
#9371=CARTESIAN_POINT('',(1.125000000000000,-0.625000000000000,-0.090000000000000));
#9372=DIRECTION('',(0.0,0.0,1.0));
#9373=VECTOR('',#9372,0.250000000000000);
#9374=LINE('',#9371,#9373);
#9375=EDGE_CURVE('',#9370,#9160,#9374,.T.);
#9376=ORIENTED_EDGE('',*,*,#9375,.F.);
#9377=CARTESIAN_POINT('',(1.125000000000000,1.375000000000000,-0.090000000000000));
#9378=VERTEX_POINT('',#9377);
#9379=CARTESIAN_POINT('',(1.125000000000000,1.375000000000000,-0.090000000000000));
#9380=DIRECTION('',(0.0,-1.0,0.0));
#9381=VECTOR('',#9380,2.000000000000000);
#9382=LINE('',#9379,#9381);
#9383=EDGE_CURVE('',#9378,#9370,#9382,.T.);
#9384=ORIENTED_EDGE('',*,*,#9383,.F.);
#9385=CARTESIAN_POINT('',(1.125000000000000,1.375000000000000,-0.090000000000000));
#9386=DIRECTION('',(0.0,0.0,1.0));
#9387=VECTOR('',#9386,0.250000000000000);
#9388=LINE('',#9385,#9387);
#9389=EDGE_CURVE('',#9378,#9158,#9388,.T.);
#9390=ORIENTED_EDGE('',*,*,#9389,.T.);
#9391=EDGE_LOOP('',(#9368,#9376,#9384,#9390));
#9392=FACE_OUTER_BOUND('',#9391,.T.);
#9393=ADVANCED_FACE('',(#9392),#9367,.T.);
#9394=CARTESIAN_POINT('',(1.125000000000000,-0.625000000000000,-0.090000000000000));
#9395=DIRECTION('',(0.707106781186548,-0.707106781186548,0.0));
#9396=DIRECTION('',(0.0,0.0,-1.0));
#9397=AXIS2_PLACEMENT_3D('',#9394,#9395,#9396);
#9398=PLANE('',#9397);
#9399=ORIENTED_EDGE('',*,*,#9212,.T.);
#9400=CARTESIAN_POINT('',(1.000000000000000,-0.750000000000000,-0.090000000000000));
#9401=VERTEX_POINT('',#9400);
#9402=CARTESIAN_POINT('',(1.000000000000000,-0.750000000000000,-0.090000000000000));
#9403=DIRECTION('',(0.0,0.0,1.0));
#9404=VECTOR('',#9403,0.250000000000000);
#9405=LINE('',#9402,#9404);
#9406=EDGE_CURVE('',#9401,#9201,#9405,.T.);
#9407=ORIENTED_EDGE('',*,*,#9406,.F.);
#9408=CARTESIAN_POINT('',(1.125000000000000,-0.625000000000000,-0.090000000000000));
#9409=DIRECTION('',(-0.707106781186548,-0.707106781186547,0.0));
#9410=VECTOR('',#9409,0.176776695296637);
#9411=LINE('',#9408,#9410);
#9412=EDGE_CURVE('',#9370,#9401,#9411,.T.);
#9413=ORIENTED_EDGE('',*,*,#9412,.F.);
#9414=ORIENTED_EDGE('',*,*,#9375,.T.);
#9415=EDGE_LOOP('',(#9399,#9407,#9413,#9414));
#9416=FACE_OUTER_BOUND('',#9415,.T.);
#9417=ADVANCED_FACE('',(#9416),#9398,.T.);
#9418=CARTESIAN_POINT('',(1.000000000000000,-0.750000000000000,-0.090000000000000));
#9419=DIRECTION('',(0.0,-1.0,0.0));
#9420=DIRECTION('',(0.0,0.0,-1.0));
#9421=AXIS2_PLACEMENT_3D('',#9418,#9419,#9420);
#9422=PLANE('',#9421);
#9423=ORIENTED_EDGE('',*,*,#9206,.T.);
#9424=ORIENTED_EDGE('',*,*,#9195,.T.);
#9425=CARTESIAN_POINT('',(-0.250000000000000,-0.750000000000000,-0.090000000000000));
#9426=VERTEX_POINT('',#9425);
#9427=CARTESIAN_POINT('',(-0.250000000000000,-0.750000000000000,-0.090000000000000));
#9428=DIRECTION('',(0.0,0.0,1.0));
#9429=VECTOR('',#9428,0.250000000000000);
#9430=LINE('',#9427,#9429);
#9431=EDGE_CURVE('',#9426,#9184,#9430,.T.);
#9432=ORIENTED_EDGE('',*,*,#9431,.F.);
#9433=CARTESIAN_POINT('',(1.000000000000000,-0.750000000000000,-0.090000000000000));
#9434=DIRECTION('',(-1.0,0.0,0.0));
#9435=VECTOR('',#9434,1.250000000000000);
#9436=LINE('',#9433,#9435);
#9437=EDGE_CURVE('',#9401,#9426,#9436,.T.);
#9438=ORIENTED_EDGE('',*,*,#9437,.F.);
#9439=ORIENTED_EDGE('',*,*,#9406,.T.);
#9440=EDGE_LOOP('',(#9423,#9424,#9432,#9438,#9439));
#9441=FACE_OUTER_BOUND('',#9440,.T.);
#9442=ADVANCED_FACE('',(#9441),#9422,.T.);
#9443=CARTESIAN_POINT('',(-0.250000000000000,-0.750000000000000,-0.090000000000000));
#9444=DIRECTION('',(-0.707106781186548,-0.707106781186548,0.0));
#9445=DIRECTION('',(0.0,0.0,1.0));
#9446=AXIS2_PLACEMENT_3D('',#9443,#9444,#9445);
#9447=PLANE('',#9446);
#9448=ORIENTED_EDGE('',*,*,#9189,.T.);
#9449=CARTESIAN_POINT('',(-0.375000000000000,-0.625000000000000,-0.090000000000000));
#9450=VERTEX_POINT('',#9449);
#9451=CARTESIAN_POINT('',(-0.375000000000000,-0.625000000000000,-0.090000000000000));
#9452=DIRECTION('',(0.0,0.0,1.0));
#9453=VECTOR('',#9452,0.250000000000000);
#9454=LINE('',#9451,#9453);
#9455=EDGE_CURVE('',#9450,#9176,#9454,.T.);
#9456=ORIENTED_EDGE('',*,*,#9455,.F.);
#9457=CARTESIAN_POINT('',(-0.250000000000000,-0.750000000000000,-0.090000000000000));
#9458=DIRECTION('',(-0.707106781186547,0.707106781186547,0.0));
#9459=VECTOR('',#9458,0.176776695296637);
#9460=LINE('',#9457,#9459);
#9461=EDGE_CURVE('',#9426,#9450,#9460,.T.);
#9462=ORIENTED_EDGE('',*,*,#9461,.F.);
#9463=ORIENTED_EDGE('',*,*,#9431,.T.);
#9464=EDGE_LOOP('',(#9448,#9456,#9462,#9463));
#9465=FACE_OUTER_BOUND('',#9464,.T.);
#9466=ADVANCED_FACE('',(#9465),#9447,.T.);
#9467=CARTESIAN_POINT('',(-0.375000000000000,-0.625000000000000,-0.090000000000000));
#9468=DIRECTION('',(-1.0,0.0,0.0));
#9469=DIRECTION('',(0.0,0.0,1.0));
#9470=AXIS2_PLACEMENT_3D('',#9467,#9468,#9469);
#9471=PLANE('',#9470);
#9472=ORIENTED_EDGE('',*,*,#9181,.T.);
#9473=CARTESIAN_POINT('',(-0.375000000000000,1.375000000000000,-0.090000000000000));
#9474=VERTEX_POINT('',#9473);
#9475=CARTESIAN_POINT('',(-0.375000000000000,1.375000000000000,-0.090000000000000));
#9476=DIRECTION('',(0.0,0.0,1.0));
#9477=VECTOR('',#9476,0.250000000000000);
#9478=LINE('',#9475,#9477);
#9479=EDGE_CURVE('',#9474,#9168,#9478,.T.);
#9480=ORIENTED_EDGE('',*,*,#9479,.F.);
#9481=CARTESIAN_POINT('',(-0.375000000000000,-0.625000000000000,-0.090000000000000));
#9482=DIRECTION('',(0.0,1.0,0.0));
#9483=VECTOR('',#9482,2.000000000000000);
#9484=LINE('',#9481,#9483);
#9485=EDGE_CURVE('',#9450,#9474,#9484,.T.);
#9486=ORIENTED_EDGE('',*,*,#9485,.F.);
#9487=ORIENTED_EDGE('',*,*,#9455,.T.);
#9488=EDGE_LOOP('',(#9472,#9480,#9486,#9487));
#9489=FACE_OUTER_BOUND('',#9488,.T.);
#9490=ADVANCED_FACE('',(#9489),#9471,.T.);
#9491=CARTESIAN_POINT('',(-0.375000000000000,1.375000000000000,-0.090000000000000));
#9492=DIRECTION('',(0.0,1.0,0.0));
#9493=DIRECTION('',(0.0,0.0,1.0));
#9494=AXIS2_PLACEMENT_3D('',#9491,#9492,#9493);
#9495=PLANE('',#9494);
#9496=ORIENTED_EDGE('',*,*,#9173,.T.);
#9497=ORIENTED_EDGE('',*,*,#9389,.F.);
#9498=CARTESIAN_POINT('',(-0.375000000000000,1.375000000000000,-0.090000000000000));
#9499=DIRECTION('',(1.0,0.0,0.0));
#9500=VECTOR('',#9499,1.500000000000000);
#9501=LINE('',#9498,#9500);
#9502=EDGE_CURVE('',#9474,#9378,#9501,.T.);
#9503=ORIENTED_EDGE('',*,*,#9502,.F.);
#9504=ORIENTED_EDGE('',*,*,#9479,.T.);
#9505=EDGE_LOOP('',(#9496,#9497,#9503,#9504));
#9506=FACE_OUTER_BOUND('',#9505,.T.);
#9507=ADVANCED_FACE('',(#9506),#9495,.T.);
#9508=CARTESIAN_POINT('',(0.375000000000000,0.335315568560567,-0.090000000000000));
#9509=DIRECTION('',(0.0,0.0,1.0));
#9510=DIRECTION('',(1.0,0.0,0.0));
#9511=AXIS2_PLACEMENT_3D('',#9508,#9509,#9510);
#9512=PLANE('',#9511);
#9513=ORIENTED_EDGE('',*,*,#9502,.T.);
#9514=ORIENTED_EDGE('',*,*,#9383,.T.);
#9515=ORIENTED_EDGE('',*,*,#9412,.T.);
#9516=ORIENTED_EDGE('',*,*,#9437,.T.);
#9517=ORIENTED_EDGE('',*,*,#9461,.T.);
#9518=ORIENTED_EDGE('',*,*,#9485,.T.);
#9519=EDGE_LOOP('',(#9513,#9514,#9515,#9516,#9517,#9518));
#9520=FACE_OUTER_BOUND('',#9519,.T.);
#9521=ORIENTED_EDGE('',*,*,#8995,.T.);
#9522=ORIENTED_EDGE('',*,*,#9313,.T.);
#9523=ORIENTED_EDGE('',*,*,#9289,.T.);
#9524=ORIENTED_EDGE('',*,*,#9264,.T.);
#9525=ORIENTED_EDGE('',*,*,#9052,.T.);
#9526=ORIENTED_EDGE('',*,*,#9329,.T.);
#9527=EDGE_LOOP('',(#9521,#9522,#9523,#9524,#9525,#9526));
#9528=FACE_BOUND('',#9527,.T.);
#9529=ADVANCED_FACE('',(#9520,#9528),#9512,.F.);
#9530=CLOSED_SHELL('',(#8972,#9014,#9056,#9098,#9124,#9151,#9250,#9275,#9299,#9317,#9334,#9352,#9362,#9393,#9417,#9442,#9466,#9490,#9507,#9529));
#9531=MANIFOLD_SOLID_BREP('180D1',#9530);
#9532=ADVANCED_BREP_SHAPE_REPRESENTATION('ABSR3',(#9531),#8924);
#9533=SHAPE_REPRESENTATION_RELATIONSHIP('SRRPL3',' ',#9532,#8928);
#9534=CARTESIAN_POINT('NONE',(-1.125000000000000,1.287283398950129,0.277500000000000));
#9535=DIRECTION('NONE',(0.0,0.0,1.0));
#9536=DIRECTION('NONE',(1.0,0.0,0.0));
#9537=AXIS2_PLACEMENT_3D('NONE',#9534,#9535,#9536);
#9538=ITEM_DEFINED_TRANSFORMATION('IDT5',' ',#126,#9537);
#9542=(REPRESENTATION_RELATIONSHIP(' ',' ',#8928,#127)REPRESENTATION_RELATIONSHIP_WITH_TRANSFORMATION(#9538)SHAPE_REPRESENTATION_RELATIONSHIP());
#9543=NEXT_ASSEMBLY_USAGE_OCCURRENCE('NAUO5','BOTTOM PLATE_1','BOTTOM PLATE_1',#98,#8927,$);
#9544=PRODUCT_DEFINITION_SHAPE('PDS_NAUO5',' ',#9543);
#9545=CONTEXT_DEPENDENT_SHAPE_REPRESENTATION(#9542,#9544);
#9550=(GEOMETRIC_REPRESENTATION_CONTEXT(3)GLOBAL_UNCERTAINTY_ASSIGNED_CONTEXT((#28))GLOBAL_UNIT_ASSIGNED_CONTEXT((#14,#18,#27))REPRESENTATION_CONTEXT('Component','Component'));
#9551=PRODUCT('CAM','CAM',' ',(#36));
#9552=PRODUCT_DEFINITION_FORMATION_WITH_SPECIFIED_SOURCE('None','None',#9551,.NOT_KNOWN.);
#9553=PRODUCT_DEFINITION('None','None',#9552,#97);
#9554=SHAPE_REPRESENTATION('SR5',(#126),#9550);
#9555=PRODUCT_DEFINITION_SHAPE('PDS5','Test Part',#9553);
#9556=SHAPE_DEFINITION_REPRESENTATION(#9555,#9554);
#9557=CARTESIAN_POINT('',(-0.375000000000000,-4.592274E-017,-0.125000000000000));
#9558=CARTESIAN_POINT('',(-0.375000000000000,-4.592274E-017,-0.375000000000000));
#9559=CARTESIAN_POINT('',(-0.375000000000000,-0.375000000000000,-0.125000000000000));
#9560=CARTESIAN_POINT('',(-0.375000000000000,-0.375000000000000,-0.375000000000000));
#9561=CARTESIAN_POINT('',(1.569450E-016,-0.375000000000000,-0.125000000000000));
#9562=CARTESIAN_POINT('',(1.569450E-016,-0.375000000000000,-0.375000000000000));
#9563=CARTESIAN_POINT('',(0.375000000000000,-0.375000000000000,-0.125000000000000));
#9564=CARTESIAN_POINT('',(0.375000000000000,-0.375000000000000,-0.375000000000000));
#9565=CARTESIAN_POINT('',(0.375000000000000,4.592274E-017,-0.125000000000000));
#9566=CARTESIAN_POINT('',(0.375000000000000,4.592274E-017,-0.375000000000000));
#9567=CARTESIAN_POINT('',(0.375000000000000,0.375000000000000,-0.125000000000000));
#9568=CARTESIAN_POINT('',(0.375000000000000,0.375000000000000,-0.375000000000000));
#9569=CARTESIAN_POINT('',(6.509956E-017,0.375000000000000,-0.125000000000000));
#9570=CARTESIAN_POINT('',(6.509956E-017,0.375000000000000,-0.375000000000000));
#9571=CARTESIAN_POINT('',(-0.375000000000000,0.375000000000000,-0.125000000000000));
#9572=CARTESIAN_POINT('',(-0.375000000000000,0.375000000000000,-0.375000000000000));
#9573=CARTESIAN_POINT('',(-0.375000000000000,-4.592274E-017,-0.125000000000000));
#9574=CARTESIAN_POINT('',(-0.375000000000000,-4.592274E-017,-0.375000000000000));
#9582=(BOUNDED_SURFACE()B_SPLINE_SURFACE(1,2,((#9557,#9559,#9561,#9563,#9565,#9567,#9569,#9571,#9573),(#9558,#9560,#9562,#9564,#9566,#9568,#9570,#9572,#9574)),.UNSPECIFIED.,.F.,.T.,.U.)B_SPLINE_SURFACE_WITH_KNOTS((2,2),(3,2,2,2,3),(0.0,0.666666666666667),(0.0,0.589048622548086,1.178097245096172,1.767145867644259,2.356194490192345),.UNSPECIFIED.)GEOMETRIC_REPRESENTATION_ITEM()RATIONAL_B_SPLINE_SURFACE(((1.0,0.707106781186548,1.0,0.707106781186548,1.0,0.707106781186548,1.0,0.707106781186548,1.0),(1.0,0.707106781186548,1.0,0.707106781186548,1.0,0.707106781186548,1.0,0.707106781186548,1.0)))REPRESENTATION_ITEM('')SURFACE());
#9583=CARTESIAN_POINT('',(0.375000000000000,0.0,-0.125000000000000));
#9584=VERTEX_POINT('',#9583);
#9585=CARTESIAN_POINT('',(0.375000000000000,-4.592274E-017,-0.375000000000000));
#9586=VERTEX_POINT('',#9585);
#9587=CARTESIAN_POINT('',(0.375000000000000,0.0,-0.125000000000000));
#9588=DIRECTION('',(0.0,0.0,-1.0));
#9589=VECTOR('',#9588,0.250000000000000);
#9590=LINE('',#9587,#9589);
#9591=EDGE_CURVE('',#9584,#9586,#9590,.T.);
#9592=ORIENTED_EDGE('',*,*,#9591,.F.);
#9593=CARTESIAN_POINT('',(-0.375000000000000,4.592274E-017,-0.125000000000000));
#9594=VERTEX_POINT('',#9593);
#9595=CARTESIAN_POINT('',(1.110223E-016,0.0,-0.125000000000000));
#9596=DIRECTION('',(0.0,0.0,1.0));
#9597=DIRECTION('',(1.0,0.0,0.0));
#9598=AXIS2_PLACEMENT_3D('',#9595,#9596,#9597);
#9599=CIRCLE('',#9598,0.375000000000000);
#9600=EDGE_CURVE('',#9594,#9584,#9599,.T.);
#9601=ORIENTED_EDGE('',*,*,#9600,.F.);
#9602=CARTESIAN_POINT('',(-0.375000000000000,4.592274E-017,-0.375000000000000));
#9603=VERTEX_POINT('',#9602);
#9604=CARTESIAN_POINT('',(-0.375000000000000,4.592274E-017,-0.375000000000000));
#9605=DIRECTION('',(0.0,0.0,1.0));
#9606=VECTOR('',#9605,0.250000000000000);
#9607=LINE('',#9604,#9606);
#9608=EDGE_CURVE('',#9603,#9594,#9607,.T.);
#9609=ORIENTED_EDGE('',*,*,#9608,.F.);
#9610=CARTESIAN_POINT('',(1.110223E-016,0.0,-0.375000000000000));
#9611=DIRECTION('',(0.0,0.0,-1.0));
#9612=DIRECTION('',(1.0,0.0,0.0));
#9613=AXIS2_PLACEMENT_3D('',#9610,#9611,#9612);
#9614=CIRCLE('',#9613,0.375000000000000);
#9615=EDGE_CURVE('',#9586,#9603,#9614,.T.);
#9616=ORIENTED_EDGE('',*,*,#9615,.F.);
#9617=EDGE_LOOP('',(#9592,#9601,#9609,#9616));
#9618=FACE_OUTER_BOUND('',#9617,.T.);
#9619=ADVANCED_FACE('',(#9618),#9582,.T.);
#9620=CARTESIAN_POINT('',(-0.250000000000001,0.125000000000000,-0.375000000000000));
#9621=CARTESIAN_POINT('',(-0.250000000000001,0.125000000000000,-1.125000000000000));
#9622=CARTESIAN_POINT('',(-0.250000000000000,-0.125000000000000,-0.375000000000000));
#9623=CARTESIAN_POINT('',(-0.250000000000000,-0.125000000000000,-1.125000000000000));
#9624=CARTESIAN_POINT('',(-5.273559E-016,-0.125000000000000,-0.375000000000000));
#9625=CARTESIAN_POINT('',(-5.273559E-016,-0.125000000000000,-1.125000000000000));
#9626=CARTESIAN_POINT('',(0.249999999999999,-0.125000000000000,-0.375000000000000));
#9627=CARTESIAN_POINT('',(0.249999999999999,-0.125000000000000,-1.125000000000000));
#9628=CARTESIAN_POINT('',(0.249999999999999,0.125000000000000,-0.375000000000000));
#9629=CARTESIAN_POINT('',(0.249999999999999,0.125000000000000,-1.125000000000000));
#9630=CARTESIAN_POINT('',(0.249999999999999,0.374999999999999,-0.375000000000000));
#9631=CARTESIAN_POINT('',(0.249999999999999,0.374999999999999,-1.125000000000000));
#9632=CARTESIAN_POINT('',(-5.828671E-016,0.375000000000000,-0.375000000000000));
#9633=CARTESIAN_POINT('',(-5.828671E-016,0.375000000000000,-1.125000000000000));
#9634=CARTESIAN_POINT('',(-0.250000000000001,0.374999999999999,-0.375000000000000));
#9635=CARTESIAN_POINT('',(-0.250000000000001,0.374999999999999,-1.125000000000000));
#9636=CARTESIAN_POINT('',(-0.250000000000001,0.125000000000000,-0.375000000000000));
#9637=CARTESIAN_POINT('',(-0.250000000000001,0.125000000000000,-1.125000000000000));
#9645=(BOUNDED_SURFACE()B_SPLINE_SURFACE(1,2,((#9620,#9622,#9624,#9626,#9628,#9630,#9632,#9634,#9636),(#9621,#9623,#9625,#9627,#9629,#9631,#9633,#9635,#9637)),.UNSPECIFIED.,.F.,.T.,.U.)B_SPLINE_SURFACE_WITH_KNOTS((2,2),(3,2,2,2,3),(1.0,4.0),(0.0,0.392699081698724,0.785398163397448,1.178097245096172,1.570796326794897),.UNSPECIFIED.)GEOMETRIC_REPRESENTATION_ITEM()RATIONAL_B_SPLINE_SURFACE(((1.0,0.707106781186548,1.0,0.707106781186548,1.0,0.707106781186548,1.0,0.707106781186548,1.0),(1.0,0.707106781186548,1.0,0.707106781186548,1.0,0.707106781186548,1.0,0.707106781186548,1.0)))REPRESENTATION_ITEM('')SURFACE());
#9646=CARTESIAN_POINT('',(0.249999999999999,0.125000000000000,-0.375000000000000));
#9647=VERTEX_POINT('',#9646);
#9648=CARTESIAN_POINT('',(0.249999999999999,0.125000000000000,-1.125000000000000));
#9649=VERTEX_POINT('',#9648);
#9650=CARTESIAN_POINT('',(0.249999999999999,0.125000000000000,-0.375000000000000));
#9651=DIRECTION('',(0.0,0.0,-1.0));
#9652=VECTOR('',#9651,0.750000000000000);
#9653=LINE('',#9650,#9652);
#9654=EDGE_CURVE('',#9647,#9649,#9653,.T.);
#9655=ORIENTED_EDGE('',*,*,#9654,.F.);
#9656=CARTESIAN_POINT('',(-0.250000000000001,0.125000000000000,-0.375000000000000));
#9657=VERTEX_POINT('',#9656);
#9658=CARTESIAN_POINT('',(-5.551115E-016,0.125000000000000,-0.375000000000000));
#9659=DIRECTION('',(0.0,0.0,-1.0));
#9660=DIRECTION('',(1.0,0.0,0.0));
#9661=AXIS2_PLACEMENT_3D('',#9658,#9659,#9660);
#9662=CIRCLE('',#9661,0.250000000000000);
#9663=EDGE_CURVE('',#9647,#9657,#9662,.T.);
#9664=ORIENTED_EDGE('',*,*,#9663,.T.);
#9665=CARTESIAN_POINT('',(-0.250000000000001,0.125000000000000,-1.125000000000000));
#9666=VERTEX_POINT('',#9665);
#9667=CARTESIAN_POINT('',(-0.250000000000001,0.125000000000000,-1.125000000000000));
#9668=DIRECTION('',(0.0,0.0,1.0));
#9669=VECTOR('',#9668,0.750000000000000);
#9670=LINE('',#9667,#9669);
#9671=EDGE_CURVE('',#9666,#9657,#9670,.T.);
#9672=ORIENTED_EDGE('',*,*,#9671,.F.);
#9673=CARTESIAN_POINT('',(-5.551115E-016,0.125000000000000,-1.125000000000000));
#9674=DIRECTION('',(0.0,0.0,-1.0));
#9675=DIRECTION('',(1.0,0.0,0.0));
#9676=AXIS2_PLACEMENT_3D('',#9673,#9674,#9675);
#9677=CIRCLE('',#9676,0.250000000000000);
#9678=EDGE_CURVE('',#9649,#9666,#9677,.T.);
#9679=ORIENTED_EDGE('',*,*,#9678,.F.);
#9680=EDGE_LOOP('',(#9655,#9664,#9672,#9679));
#9681=FACE_OUTER_BOUND('',#9680,.T.);
#9682=ADVANCED_FACE('',(#9681),#9645,.T.);
#9683=CARTESIAN_POINT('',(-0.250000000000001,0.125000000000000,-0.375000000000000));
#9684=CARTESIAN_POINT('',(-0.250000000000001,0.125000000000000,-1.125000000000000));
#9685=CARTESIAN_POINT('',(-0.250000000000000,-0.125000000000000,-0.375000000000000));
#9686=CARTESIAN_POINT('',(-0.250000000000000,-0.125000000000000,-1.125000000000000));
#9687=CARTESIAN_POINT('',(-5.273559E-016,-0.125000000000000,-0.375000000000000));
#9688=CARTESIAN_POINT('',(-5.273559E-016,-0.125000000000000,-1.125000000000000));
#9689=CARTESIAN_POINT('',(0.249999999999999,-0.125000000000000,-0.375000000000000));
#9690=CARTESIAN_POINT('',(0.249999999999999,-0.125000000000000,-1.125000000000000));
#9691=CARTESIAN_POINT('',(0.249999999999999,0.125000000000000,-0.375000000000000));
#9692=CARTESIAN_POINT('',(0.249999999999999,0.125000000000000,-1.125000000000000));
#9693=CARTESIAN_POINT('',(0.249999999999999,0.374999999999999,-0.375000000000000));
#9694=CARTESIAN_POINT('',(0.249999999999999,0.374999999999999,-1.125000000000000));
#9695=CARTESIAN_POINT('',(-5.828671E-016,0.375000000000000,-0.375000000000000));
#9696=CARTESIAN_POINT('',(-5.828671E-016,0.375000000000000,-1.125000000000000));
#9697=CARTESIAN_POINT('',(-0.250000000000001,0.374999999999999,-0.375000000000000));
#9698=CARTESIAN_POINT('',(-0.250000000000001,0.374999999999999,-1.125000000000000));
#9699=CARTESIAN_POINT('',(-0.250000000000001,0.125000000000000,-0.375000000000000));
#9700=CARTESIAN_POINT('',(-0.250000000000001,0.125000000000000,-1.125000000000000));
#9708=(BOUNDED_SURFACE()B_SPLINE_SURFACE(1,2,((#9683,#9685,#9687,#9689,#9691,#9693,#9695,#9697,#9699),(#9684,#9686,#9688,#9690,#9692,#9694,#9696,#9698,#9700)),.UNSPECIFIED.,.F.,.T.,.U.)B_SPLINE_SURFACE_WITH_KNOTS((2,2),(3,2,2,2,3),(1.0,4.0),(0.0,0.392699081698724,0.785398163397448,1.178097245096172,1.570796326794897),.UNSPECIFIED.)GEOMETRIC_REPRESENTATION_ITEM()RATIONAL_B_SPLINE_SURFACE(((1.0,0.707106781186548,1.0,0.707106781186548,1.0,0.707106781186548,1.0,0.707106781186548,1.0),(1.0,0.707106781186548,1.0,0.707106781186548,1.0,0.707106781186548,1.0,0.707106781186548,1.0)))REPRESENTATION_ITEM('')SURFACE());
#9709=ORIENTED_EDGE('',*,*,#9654,.T.);
#9710=CARTESIAN_POINT('',(-5.551115E-016,0.125000000000000,-1.125000000000000));
#9711=DIRECTION('',(0.0,0.0,-1.0));
#9712=DIRECTION('',(1.0,0.0,0.0));
#9713=AXIS2_PLACEMENT_3D('',#9710,#9711,#9712);
#9714=CIRCLE('',#9713,0.250000000000000);
#9715=EDGE_CURVE('',#9666,#9649,#9714,.T.);
#9716=ORIENTED_EDGE('',*,*,#9715,.F.);
#9717=ORIENTED_EDGE('',*,*,#9671,.T.);
#9718=CARTESIAN_POINT('',(-1.887379E-015,0.374999999999999,-0.375000000000000));
#9719=VERTEX_POINT('',#9718);
#9720=CARTESIAN_POINT('',(-5.551115E-016,0.125000000000000,-0.375000000000000));
#9721=DIRECTION('',(0.0,0.0,-1.0));
#9722=DIRECTION('',(1.0,0.0,0.0));
#9723=AXIS2_PLACEMENT_3D('',#9720,#9721,#9722);
#9724=CIRCLE('',#9723,0.250000000000000);
#9725=EDGE_CURVE('',#9657,#9719,#9724,.T.);
#9726=ORIENTED_EDGE('',*,*,#9725,.T.);
#9727=CARTESIAN_POINT('',(-5.551115E-016,0.125000000000000,-0.375000000000000));
#9728=DIRECTION('',(0.0,0.0,-1.0));
#9729=DIRECTION('',(1.0,0.0,0.0));
#9730=AXIS2_PLACEMENT_3D('',#9727,#9728,#9729);
#9731=CIRCLE('',#9730,0.250000000000000);
#9732=EDGE_CURVE('',#9719,#9647,#9731,.T.);
#9733=ORIENTED_EDGE('',*,*,#9732,.T.);
#9734=EDGE_LOOP('',(#9709,#9716,#9717,#9726,#9733));
#9735=FACE_OUTER_BOUND('',#9734,.T.);
#9736=ADVANCED_FACE('',(#9735),#9708,.T.);
#9737=CARTESIAN_POINT('',(-0.250000000000001,0.375000000000000,-1.125000000000000));
#9738=CARTESIAN_POINT('',(0.249999999999999,0.375000000000000,-1.125000000000000));
#9739=CARTESIAN_POINT('',(-0.250000000000001,-0.125000000000000,-1.125000000000000));
#9740=CARTESIAN_POINT('',(0.249999999999999,-0.125000000000000,-1.125000000000000));
#9741=B_SPLINE_SURFACE_WITH_KNOTS('',1,1,((#9737,#9739),(#9738,#9740)),.UNSPECIFIED.,.F.,.F.,.U.,(2,2),(2,2),(0.0,0.500000000000000),(0.0,0.500000000000000),.UNSPECIFIED.);
#9742=ORIENTED_EDGE('',*,*,#9678,.T.);
#9743=ORIENTED_EDGE('',*,*,#9715,.T.);
#9744=EDGE_LOOP('',(#9742,#9743));
#9745=FACE_OUTER_BOUND('',#9744,.T.);
#9746=ADVANCED_FACE('',(#9745),#9741,.T.);
#9747=CARTESIAN_POINT('',(-0.375000000000000,0.375000000000000,-0.375000000000000));
#9748=CARTESIAN_POINT('',(0.375000000000000,0.375000000000000,-0.375000000000000));
#9749=CARTESIAN_POINT('',(-0.375000000000000,-0.375000000000000,-0.375000000000000));
#9750=CARTESIAN_POINT('',(0.375000000000000,-0.375000000000000,-0.375000000000000));
#9751=B_SPLINE_SURFACE_WITH_KNOTS('',1,1,((#9747,#9749),(#9748,#9750)),.UNSPECIFIED.,.F.,.F.,.U.,(2,2),(2,2),(0.0,0.750000000000000),(0.0,0.750000000000000),.UNSPECIFIED.);
#9752=CARTESIAN_POINT('',(1.110223E-016,0.0,-0.375000000000000));
#9753=DIRECTION('',(0.0,0.0,-1.0));
#9754=DIRECTION('',(1.0,0.0,0.0));
#9755=AXIS2_PLACEMENT_3D('',#9752,#9753,#9754);
#9756=CIRCLE('',#9755,0.375000000000000);
#9757=EDGE_CURVE('',#9719,#9586,#9756,.T.);
#9758=ORIENTED_EDGE('',*,*,#9757,.T.);
#9759=ORIENTED_EDGE('',*,*,#9615,.T.);
#9760=CARTESIAN_POINT('',(1.110223E-016,0.0,-0.375000000000000));
#9761=DIRECTION('',(0.0,0.0,-1.0));
#9762=DIRECTION('',(1.0,0.0,0.0));
#9763=AXIS2_PLACEMENT_3D('',#9760,#9761,#9762);
#9764=CIRCLE('',#9763,0.375000000000000);
#9765=EDGE_CURVE('',#9603,#9719,#9764,.T.);
#9766=ORIENTED_EDGE('',*,*,#9765,.T.);
#9767=ORIENTED_EDGE('',*,*,#9725,.F.);
#9768=ORIENTED_EDGE('',*,*,#9663,.F.);
#9769=ORIENTED_EDGE('',*,*,#9732,.F.);
#9770=EDGE_LOOP('',(#9758,#9759,#9766,#9767,#9768,#9769));
#9771=FACE_OUTER_BOUND('',#9770,.T.);
#9772=ADVANCED_FACE('',(#9771),#9751,.T.);
#9773=CARTESIAN_POINT('',(-0.375000000000000,0.375000000000000,-0.125000000000000));
#9774=CARTESIAN_POINT('',(0.375000000000000,0.375000000000000,-0.125000000000000));
#9775=CARTESIAN_POINT('',(-0.375000000000000,-0.375000000000000,-0.125000000000000));
#9776=CARTESIAN_POINT('',(0.375000000000000,-0.375000000000000,-0.125000000000000));
#9777=B_SPLINE_SURFACE_WITH_KNOTS('',1,1,((#9773,#9775),(#9774,#9776)),.UNSPECIFIED.,.F.,.F.,.U.,(2,2),(2,2),(0.0,0.750000000000000),(0.0,0.750000000000000),.UNSPECIFIED.);
#9778=CARTESIAN_POINT('',(1.110223E-016,0.0,-0.125000000000000));
#9779=DIRECTION('',(0.0,0.0,1.0));
#9780=DIRECTION('',(1.0,0.0,0.0));
#9781=AXIS2_PLACEMENT_3D('',#9778,#9779,#9780);
#9782=CIRCLE('',#9781,0.375000000000000);
#9783=EDGE_CURVE('',#9584,#9594,#9782,.T.);
#9784=ORIENTED_EDGE('',*,*,#9783,.T.);
#9785=ORIENTED_EDGE('',*,*,#9600,.T.);
#9786=EDGE_LOOP('',(#9784,#9785));
#9787=FACE_OUTER_BOUND('',#9786,.T.);
#9788=ADVANCED_FACE('',(#9787),#9777,.F.);
#9789=CARTESIAN_POINT('',(-0.375000000000000,-4.592274E-017,-0.125000000000000));
#9790=CARTESIAN_POINT('',(-0.375000000000000,-4.592274E-017,-0.375000000000000));
#9791=CARTESIAN_POINT('',(-0.375000000000000,-0.375000000000000,-0.125000000000000));
#9792=CARTESIAN_POINT('',(-0.375000000000000,-0.375000000000000,-0.375000000000000));
#9793=CARTESIAN_POINT('',(1.569450E-016,-0.375000000000000,-0.125000000000000));
#9794=CARTESIAN_POINT('',(1.569450E-016,-0.375000000000000,-0.375000000000000));
#9795=CARTESIAN_POINT('',(0.375000000000000,-0.375000000000000,-0.125000000000000));
#9796=CARTESIAN_POINT('',(0.375000000000000,-0.375000000000000,-0.375000000000000));
#9797=CARTESIAN_POINT('',(0.375000000000000,4.592274E-017,-0.125000000000000));
#9798=CARTESIAN_POINT('',(0.375000000000000,4.592274E-017,-0.375000000000000));
#9799=CARTESIAN_POINT('',(0.375000000000000,0.375000000000000,-0.125000000000000));
#9800=CARTESIAN_POINT('',(0.375000000000000,0.375000000000000,-0.375000000000000));
#9801=CARTESIAN_POINT('',(6.509956E-017,0.375000000000000,-0.125000000000000));
#9802=CARTESIAN_POINT('',(6.509956E-017,0.375000000000000,-0.375000000000000));
#9803=CARTESIAN_POINT('',(-0.375000000000000,0.375000000000000,-0.125000000000000));
#9804=CARTESIAN_POINT('',(-0.375000000000000,0.375000000000000,-0.375000000000000));
#9805=CARTESIAN_POINT('',(-0.375000000000000,-4.592274E-017,-0.125000000000000));
#9806=CARTESIAN_POINT('',(-0.375000000000000,-4.592274E-017,-0.375000000000000));
#9814=(BOUNDED_SURFACE()B_SPLINE_SURFACE(1,2,((#9789,#9791,#9793,#9795,#9797,#9799,#9801,#9803,#9805),(#9790,#9792,#9794,#9796,#9798,#9800,#9802,#9804,#9806)),.UNSPECIFIED.,.F.,.T.,.U.)B_SPLINE_SURFACE_WITH_KNOTS((2,2),(3,2,2,2,3),(0.0,0.666666666666667),(0.0,0.589048622548086,1.178097245096172,1.767145867644259,2.356194490192345),.UNSPECIFIED.)GEOMETRIC_REPRESENTATION_ITEM()RATIONAL_B_SPLINE_SURFACE(((1.0,0.707106781186548,1.0,0.707106781186548,1.0,0.707106781186548,1.0,0.707106781186548,1.0),(1.0,0.707106781186548,1.0,0.707106781186548,1.0,0.707106781186548,1.0,0.707106781186548,1.0)))REPRESENTATION_ITEM('')SURFACE());
#9815=ORIENTED_EDGE('',*,*,#9591,.T.);
#9816=ORIENTED_EDGE('',*,*,#9757,.F.);
#9817=ORIENTED_EDGE('',*,*,#9765,.F.);
#9818=ORIENTED_EDGE('',*,*,#9608,.T.);
#9819=ORIENTED_EDGE('',*,*,#9783,.F.);
#9820=EDGE_LOOP('',(#9815,#9816,#9817,#9818,#9819));
#9821=FACE_OUTER_BOUND('',#9820,.T.);
#9822=ADVANCED_FACE('',(#9821),#9814,.T.);
#9823=CLOSED_SHELL('',(#9619,#9682,#9736,#9746,#9772,#9788,#9822));
#9824=MANIFOLD_SOLID_BREP('188E3',#9823);
#9825=ADVANCED_BREP_SHAPE_REPRESENTATION('ABSR4',(#9824),#9550);
#9826=SHAPE_REPRESENTATION_RELATIONSHIP('SRRPL4',' ',#9825,#9554);
#9827=CARTESIAN_POINT('NONE',(-0.687499999999999,2.119720573583810,0.562500000000000));
#9828=DIRECTION('NONE',(0.0,0.0,1.0));
#9829=DIRECTION('NONE',(1.0,0.0,0.0));
#9830=AXIS2_PLACEMENT_3D('NONE',#9827,#9828,#9829);
#9831=ITEM_DEFINED_TRANSFORMATION('IDT6',' ',#126,#9830);
#9835=(REPRESENTATION_RELATIONSHIP(' ',' ',#9554,#127)REPRESENTATION_RELATIONSHIP_WITH_TRANSFORMATION(#9831)SHAPE_REPRESENTATION_RELATIONSHIP());
#9836=NEXT_ASSEMBLY_USAGE_OCCURRENCE('NAUO6','CAM_1','CAM_1',#98,#9553,$);
#9837=PRODUCT_DEFINITION_SHAPE('PDS_NAUO6',' ',#9836);
#9838=CONTEXT_DEPENDENT_SHAPE_REPRESENTATION(#9835,#9837);
ENDSEC;
END-ISO-10303-21;
